structure,n,C,beta,alpha,draw_seed,method,tv_mean,tv_max,tv_mean_informative,tv_mean_uninformative,converged,iters,final_residual,ess_min,rhat_max,gibbs_kept,exact_method,wall_seconds
chain,20,3,0.0,0.5,200,exact,0.0,0.0,,,1,,,,,,ve,0.01
chain,20,3,0.0,0.5,200,mf,4.574899487019835e-16,1.0443035325380379e-15,4.887872514143983e-16,3.6359804056473876e-16,1,1,,,,,ve,0.0015
chain,20,3,0.0,0.5,200,lbp,4.648625234748849e-16,1.0495077029659683e-15,4.958417935500373e-16,3.7192471324942745e-16,1,3,0.0,,,,ve,0.0018
chain,20,3,0.0,0.5,200,gibbs,6.491248510931413e-15,1.5931700403370996e-14,6.4257626997132885e-15,6.6877059445857864e-15,1,2000,,7603.7,1.0002,2000,ve,9.3335
chain,20,3,0.1,0.5,200,exact,0.0,0.0,,,1,,,,,,ve,0.0276
chain,20,3,0.1,0.5,200,mf,0.00035569452370426457,0.000653762819268211,0.00035341030876315965,0.00036254716852757927,1,4,,,,,ve,0.0025
chain,20,3,0.1,0.5,200,lbp,9.056546749746514e-08,2.071870556681621e-07,8.597816663115839e-08,1.0432737009638537e-07,1,17,1.634067237632486e-07,,,,ve,0.0074
chain,20,3,0.1,0.5,200,gibbs,0.00021836669502601296,0.0005163026062621565,0.00020744801614942375,0.00025112273165578056,1,2000,,7585.5,1.00053,2000,ve,8.3828
chain,20,3,0.25,0.5,200,exact,0.0,0.0,,,1,,,,,,ve,0.0323
chain,20,3,0.25,0.5,200,mf,0.0022589671405594284,0.0044452259743692005,0.0022618811510710037,0.002250225109024703,1,5,,,,,ve,0.0067
chain,20,3,0.25,0.5,200,lbp,1.0261495704409935e-07,3.047643580764148e-07,9.23869081601141e-08,1.3329910369605513e-07,1,19,2.0083229884670928e-07,,,,ve,0.0256
chain,20,3,0.25,0.5,200,gibbs,0.0005719291445129979,0.0013700371486781542,0.0005387181785652506,0.0006715620423562399,1,2000,,7332.2,1.00006,2000,ve,8.0841
chain,20,3,0.5,0.5,200,exact,0.0,0.0,,,1,,,,,,ve,0.0122
chain,20,3,0.5,0.5,200,mf,0.009270054294368245,0.01943708297315342,0.009319741948916656,0.009120991330723012,1,7,,,,,ve,0.0043
chain,20,3,0.5,0.5,200,lbp,1.1638854094241525e-07,2.383881591849768e-07,1.070736111267144e-07,1.443333303895178e-07,1,22,2.521085139539636e-07,,,,ve,0.0118
chain,20,3,0.5,0.5,200,gibbs,0.0011580188980346213,0.0026241813241946743,0.0011086193297472563,0.001306217602896715,1,2000,,6868.2,1.00008,2000,ve,8.5046
chain,20,3,0.75,0.5,200,exact,0.0,0.0,,,1,,,,,,ve,0.0124
chain,20,3,0.75,0.5,200,mf,0.023174551248271114,0.044652105242517226,0.022453411065462694,0.025337971796696373,1,10,,,,,ve,0.0053
chain,20,3,0.75,0.5,200,lbp,1.0013460186809789e-07,2.263980078964778e-07,9.514975111166978e-08,1.1508915413738219e-07,1,25,2.8323437772925786e-07,,,,ve,0.0113
chain,20,3,0.75,0.5,200,gibbs,0.0015401486636351027,0.004150111455116254,0.0016059625712707226,0.001342706940728243,1,2000,,6257.3,0.99989,2000,ve,7.6435
chain,20,3,1.0,0.5,200,exact,0.0,0.0,,,1,,,,,,ve,0.0114
chain,20,3,1.0,0.5,200,mf,0.04597060144065602,0.078566418174437,0.04212821805020364,0.057497751612013134,1,14,,,,,ve,0.007
chain,20,3,1.0,0.5,200,lbp,1.2548138965701605e-07,2.472501833845203e-07,1.055558809653738e-07,1.8525791573194283e-07,1,28,2.9166608916941783e-07,,,,ve,0.0131
chain,20,3,1.0,0.5,200,gibbs,0.002275316129132967,0.00589430651658172,0.0024738444461266493,0.0016797311781519188,1,2000,,5348.9,1.00018,2000,ve,8.7957
chain,20,3,1.3,0.5,200,exact,0.0,0.0,,,1,,,,,,ve,0.0111
chain,20,3,1.3,0.5,200,mf,0.08149419009888403,0.17032822752566973,0.07031618259337359,0.11502821261541538,1,21,,,,,ve,0.0099
chain,20,3,1.3,0.5,200,lbp,1.9573647535146322e-07,5.569820727326785e-07,1.545396901530526e-07,3.1932683094669514e-07,1,32,3.898436074512013e-07,,,,ve,0.0145
chain,20,3,1.3,0.5,200,gibbs,0.003236889574882937,0.009056463618357338,0.0031450509611483973,0.003512405416086556,1,2000,,4791.6,1.00001,2000,ve,7.8431
chain,20,3,1.75,0.5,200,exact,0.0,0.0,,,1,,,,,,ve,0.0126
chain,20,3,1.75,0.5,200,mf,0.16086482579888298,0.35081907494669906,0.15074195464295817,0.1912334392666574,1,24,,,,,ve,0.0125
chain,20,3,1.75,0.5,200,lbp,2.2210843566856497e-07,6.708690393278371e-07,2.2365942208086322e-07,2.1745547643167024e-07,1,39,4.744437166470661e-07,,,,ve,0.0195
chain,20,3,1.75,0.5,200,gibbs,0.006631680475122058,0.01910323823219512,0.006178365169234131,0.007991626392785839,1,2000,,3129.2,1.00043,2000,ve,9.7126
chain,20,3,2.5,0.5,200,exact,0.0,0.0,,,1,,,,,,ve,0.0141
chain,20,3,2.5,0.5,200,mf,0.19783624327901006,0.6366178432673256,0.1913279569353635,0.21736110230994976,1,29,,,,,ve,0.0179
chain,20,3,2.5,0.5,200,lbp,1.6955180899847757e-07,6.820693551293916e-07,1.847282539809824e-07,1.2402247405096308e-07,1,48,4.4213128547188063e-07,,,,ve,0.0287
chain,20,3,2.5,0.5,200,gibbs,0.012995423716523652,0.029507755441817822,0.012886236039892363,0.013322986746417529,1,2000,,1467.8,1.0013,2000,ve,9.8083
chain,20,3,4.0,0.5,200,exact,0.0,0.0,,,1,,,,,,ve,0.0221
chain,20,3,4.0,0.5,200,mf,0.39016431851413985,0.9071119998028152,0.39267168270608477,0.382642225938305,1,45,,,,,ve,0.0377
chain,20,3,4.0,0.5,200,lbp,5.706081416798666e-08,5.118741473915389e-07,6.89050428423307e-08,2.1528128144954542e-08,1,63,4.809431000118991e-07,,,,ve,0.1051
chain,20,3,4.0,0.5,200,gibbs,0.020520857192839515,0.035888590958078566,0.020818259024396085,0.019628651698169793,0,2000,,304.9,1.01302,2000,ve,9.6937
chain,20,3,0.0,1.5,200,exact,0.0,0.0,,,1,,,,,,ve,0.0134
chain,20,3,0.0,1.5,200,mf,5.49451976972204e-16,1.519617764955683e-15,4.772513402991526e-16,7.660538869913581e-16,1,1,,,,,ve,0.0011
chain,20,3,0.0,1.5,200,lbp,5.525419531637876e-16,1.6028844918025698e-15,4.739698217237632e-16,7.882583474838611e-16,1,3,0.0,,,,ve,0.0021
chain,20,3,0.0,1.5,200,gibbs,6.854792341387528e-15,1.3662682096793333e-14,6.7273010079249575e-15,7.237266341775239e-15,1,2000,,7847.6,0.99988,2000,ve,10.1322
chain,20,3,0.1,1.5,200,exact,0.0,0.0,,,1,,,,,,ve,0.0154
chain,20,3,0.1,1.5,200,mf,0.0002673142615418869,0.0006328106845982766,0.00023429446519977707,0.00036637365056821635,1,4,,,,,ve,0.0025
chain,20,3,0.1,1.5,200,lbp,7.654897114516306e-08,1.6854487062262224e-07,7.546940936051643e-08,7.978765649910291e-08,1,17,1.8031835780085714e-07,,,,ve,0.0098
chain,20,3,0.1,1.5,200,gibbs,0.0001975887238404355,0.0006712807839308228,0.00021489253806736795,0.00014567728115963825,1,2000,,7748.1,0.99985,2000,ve,8.8002
chain,20,3,0.25,1.5,200,exact,0.0,0.0,,,1,,,,,,ve,0.0116
chain,20,3,0.25,1.5,200,mf,0.0017505912177404246,0.00403714280646055,0.0015370088839917423,0.002391338218986472,1,5,,,,,ve,0.003
chain,20,3,0.25,1.5,200,lbp,9.573479108553962e-08,2.893650724034025e-07,8.991801397346781e-08,1.1318512242175505e-07,1,19,1.8578422411597018e-07,,,,ve,0.01
chain,20,3,0.25,1.5,200,gibbs,0.0005004491984358589,0.0017743501269682658,0.0005542137434722161,0.0003391555633267873,1,2000,,7331.4,0.99992,2000,ve,8.5502
chain,20,3,0.5,1.5,200,exact,0.0,0.0,,,1,,,,,,ve,0.0153
chain,20,3,0.5,1.5,200,mf,0.007652998355645238,0.01849417666242529,0.006867503277299636,0.01000948359068204,1,7,,,,,ve,0.004
chain,20,3,0.5,1.5,200,lbp,9.315595490059473e-08,2.835406773538107e-07,8.91448300865512e-08,1.0518932934272529e-07,1,22,2.601246441025218e-07,,,,ve,0.0098
chain,20,3,0.5,1.5,200,gibbs,0.0010622114953985633,0.004041262030744227,0.0011096885889389672,0.0009197802147773507,1,2000,,7437.9,1.00028,2000,ve,8.0264
chain,20,3,0.75,1.5,200,exact,0.0,0.0,,,1,,,,,,ve,0.0138
chain,20,3,0.75,1.5,200,mf,0.01907251655118191,0.05005341875794727,0.017997698910416898,0.022296969473476962,1,9,,,,,ve,0.0065
chain,20,3,0.75,1.5,200,lbp,8.67632274811599e-08,2.3145932401269498e-07,8.348764752299717e-08,9.658996735564807e-08,1,25,2.5214430093845053e-07,,,,ve,0.0141
chain,20,3,0.75,1.5,200,gibbs,0.0017981479336988619,0.006638547010637916,0.001801475916897756,0.0017881639841021806,1,2000,,6763.7,1.00028,2000,ve,8.5954
chain,20,3,1.0,1.5,200,exact,0.0,0.0,,,1,,,,,,ve,0.0124
chain,20,3,1.0,1.5,200,mf,0.03787085935826342,0.10106873854639489,0.03613887702350918,0.04306680636252615,1,14,,,,,ve,0.007
chain,20,3,1.0,1.5,200,lbp,1.5682078548747195e-07,4.608536403050145e-07,1.4687984876617532e-07,1.866435956513618e-07,1,27,2.6315816287203475e-07,,,,ve,0.013
chain,20,3,1.0,1.5,200,gibbs,0.0023999847196659783,0.00913154361868308,0.002200958560829028,0.00299706319617683,1,2000,,6024.9,1.00027,2000,ve,8.5769
chain,20,3,1.3,1.5,200,exact,0.0,0.0,,,1,,,,,,ve,0.0186
chain,20,3,1.3,1.5,200,mf,0.07975240853847936,0.17145250688790786,0.07164164049853516,0.10408471265831196,1,22,,,,,ve,0.019
chain,20,3,1.3,1.5,200,lbp,1.9323212972481465e-07,5.033346006100281e-07,1.6363188286308416e-07,2.8203287031000614e-07,1,31,4.179036202089925e-07,,,,ve,0.0188
chain,20,3,1.3,1.5,200,gibbs,0.004378530763992661,0.010098416257721926,0.0038720181096389694,0.005898068727053736,1,2000,,4620.9,1.00033,2000,ve,8.0391
chain,20,3,1.75,1.5,200,exact,0.0,0.0,,,1,,,,,,ve,0.0154
chain,20,3,1.75,1.5,200,mf,0.19577537507764278,0.3732665655240437,0.17838629253678423,0.24794262270021855,1,20,,,,,ve,0.0108
chain,20,3,1.75,1.5,200,lbp,2.441587107996116e-07,1.1629396088688737e-06,2.424281667621304e-07,2.493503429120553e-07,1,38,4.449999523314929e-07,,,,ve,0.018
chain,20,3,1.75,1.5,200,gibbs,0.00618207989979142,0.014947645324639738,0.005375497596726609,0.008601826808985854,1,2000,,2961.1,1.00206,2000,ve,8.2909
chain,20,3,2.5,1.5,200,exact,0.0,0.0,,,1,,,,,,ve,0.0134
chain,20,3,2.5,1.5,200,mf,0.21463171106911277,0.5194828990168756,0.2015473539018047,0.2538847825710369,1,11,,,,,ve,0.0065
chain,20,3,2.5,1.5,200,lbp,5.801827590774821e-08,2.9061434195232216e-07,6.599809192820028e-08,3.407882784639202e-08,1,49,2.6865548530263794e-07,,,,ve,0.0243
chain,20,3,2.5,1.5,200,gibbs,0.011580657724506078,0.0317835052856566,0.010832207488111515,0.013826008433689774,1,2000,,1310.7,1.00261,2000,ve,7.9822
chain,20,3,4.0,1.5,200,exact,0.0,0.0,,,1,,,,,,ve,0.0124
chain,20,3,4.0,1.5,200,mf,0.29267607096932047,0.8276924957214855,0.31075262698488715,0.23844640292262062,1,9,,,,,ve,0.0049
chain,20,3,4.0,1.5,200,lbp,9.42159467800976e-08,1.0464060108301976e-06,1.1176297963430299e-07,4.1574848217481444e-08,1,60,4.943855712591372e-07,,,,ve,0.0284
chain,20,3,4.0,1.5,200,gibbs,0.02978010648000341,0.06731702171477985,0.02681212240025089,0.038684058719260964,1,2000,,483.6,1.00424,2000,ve,8.961
chain,20,3,0.0,0.5,201,exact,0.0,0.0,,,1,,,,,,ve,0.013
chain,20,3,0.0,0.5,201,mf,3.8701680749042565e-16,7.771561172376096e-16,4.1263289081901653e-16,3.1016855750465313e-16,1,1,,,,,ve,0.0009
chain,20,3,0.0,0.5,201,lbp,3.8961889270439086e-16,7.771561172376096e-16,4.260480856999038e-16,2.80331313717852e-16,1,3,0.0,,,,ve,0.0018
chain,20,3,0.0,0.5,201,gibbs,9.704216596961857e-15,1.777744618181032e-14,8.886641422733988e-15,1.2156942119645464e-14,1,2000,,8089.5,0.99964,2000,ve,8.0063
chain,20,3,0.1,0.5,201,exact,0.0,0.0,,,1,,,,,,ve,0.0137
chain,20,3,0.1,0.5,201,mf,0.00037561094245359625,0.0007032491876590649,0.0003538520608138473,0.00044088758737284296,1,4,,,,,ve,0.0023
chain,20,3,0.1,0.5,201,lbp,7.588322543574527e-08,1.6828799580259624e-07,7.7025611372461e-08,7.245606762559809e-08,1,17,1.368695206060977e-07,,,,ve,0.0073
chain,20,3,0.1,0.5,201,gibbs,0.0002115548871267324,0.0006105788255048317,0.000224079367448952,0.0001739814461600736,1,2000,,8050.8,0.99963,2000,ve,8.7752
chain,20,3,0.25,0.5,201,exact,0.0,0.0,,,1,,,,,,ve,0.0118
chain,20,3,0.25,0.5,201,mf,0.0024021430210617056,0.004699348261764061,0.0021923995741715534,0.003031373361732161,1,5,,,,,ve,0.0029
chain,20,3,0.25,0.5,201,lbp,7.613987312955415e-08,1.791713392651495e-07,7.518410908638473e-08,7.900716525906237e-08,1,19,1.5765304900439148e-07,,,,ve,0.0094
chain,20,3,0.25,0.5,201,gibbs,0.0004915873412217078,0.001376131014871232,0.0005414487723962127,0.0003420030476981934,1,2000,,7864.7,0.9997,2000,ve,8.3731
chain,20,3,0.5,0.5,201,exact,0.0,0.0,,,1,,,,,,ve,0.0198
chain,20,3,0.5,0.5,201,mf,0.010887327399355584,0.021308412523702608,0.00976881400258921,0.014242867589654706,1,8,,,,,ve,0.0063
chain,20,3,0.5,0.5,201,lbp,7.899211895050565e-08,1.740956658141668e-07,7.609828314344055e-08,8.767362637170095e-08,1,22,1.8555737940628703e-07,,,,ve,0.016
chain,20,3,0.5,0.5,201,gibbs,0.001295646176716501,0.003074090499626307,0.0013036013279063936,0.0012717807231468232,1,2000,,7076.5,0.99998,2000,ve,8.1657
chain,20,3,0.75,0.5,201,exact,0.0,0.0,,,1,,,,,,ve,0.013
chain,20,3,0.75,0.5,201,mf,0.029176141515304864,0.05537393950828968,0.026479274899667022,0.037266741362218386,1,11,,,,,ve,0.0056
chain,20,3,0.75,0.5,201,lbp,1.4393285217425764e-07,2.7000564281620676e-07,1.4326255949303108e-07,1.4594373021793726e-07,1,25,2.438155825568167e-07,,,,ve,0.0128
chain,20,3,0.75,0.5,201,gibbs,0.0022160360740254535,0.005985297930982084,0.0021948943053505215,0.002279461380050249,1,2000,,6191.2,1.00022,2000,ve,22.998
chain,20,3,1.0,0.5,201,exact,0.0,0.0,,,1,,,,,,ve,0.0107
chain,20,3,1.0,0.5,201,mf,0.060544814102807654,0.1209396436434643,0.05646429793219178,0.07278636261465528,1,16,,,,,ve,0.0167
chain,20,3,1.0,0.5,201,lbp,2.3063286274539048e-07,5.60126567225594e-07,2.424633675404686e-07,1.9514134836015606e-07,1,28,3.150415870400991e-07,,,,ve,0.0266
chain,20,3,1.0,0.5,201,gibbs,0.0029363461824403842,0.007101887198335086,0.0027322000884404266,0.0035487844644402577,1,2000,,5363.9,1.00086,2000,ve,8.2202
chain,20,3,1.3,0.5,201,exact,0.0,0.0,,,1,,,,,,ve,0.0144
chain,20,3,1.3,0.5,201,mf,0.10669480773360562,0.1979869678983912,0.10157677838756175,0.12204889577173736,1,45,,,,,ve,0.0235
chain,20,3,1.3,0.5,201,lbp,3.296495560366902e-07,7.318053792532142e-07,3.484506504345767e-07,2.7324627284303073e-07,1,32,3.793866541479396e-07,,,,ve,0.0146
chain,20,3,1.3,0.5,201,gibbs,0.004170261155670122,0.01145209752642154,0.0037950499604060143,0.005295894741462445,1,2000,,4068.3,1.00149,2000,ve,8.3774
chain,20,3,1.75,0.5,201,exact,0.0,0.0,,,1,,,,,,ve,0.0124
chain,20,3,1.75,0.5,201,mf,0.24527050792613272,0.43557180940374735,0.247053360957593,0.23992194883175183,1,34,,,,,ve,0.0146
chain,20,3,1.75,0.5,201,lbp,1.6018836734997717e-07,4.075534340008957e-07,1.7131828313985779e-07,1.267986199803353e-07,1,42,4.281870050193426e-07,,,,ve,0.0147
chain,20,3,1.75,0.5,201,gibbs,0.006774897878364293,0.013854602967473643,0.005959908940217431,0.00921986469280488,1,2000,,3316.0,1.00173,2000,ve,7.6602
chain,20,3,2.5,0.5,201,exact,0.0,0.0,,,1,,,,,,ve,0.0144
chain,20,3,2.5,0.5,201,mf,0.31872486291993624,0.5745046845115448,0.32073772598758105,0.3126862737170019,1,30,,,,,ve,0.0165
chain,20,3,2.5,0.5,201,lbp,2.68042963710597e-07,1.5046989400996358e-06,2.3195627206068493e-07,3.7630303866033334e-07,1,54,6.002701811724798e-07,,,,ve,0.0256
chain,20,3,2.5,0.5,201,gibbs,0.010601988398767644,0.023113650612609768,0.011665428200039362,0.007411668994952487,1,2000,,1961.6,1.00233,2000,ve,8.4907
chain,20,3,4.0,0.5,201,exact,0.0,0.0,,,1,,,,,,ve,0.0103
chain,20,3,4.0,0.5,201,mf,0.4630351611974531,0.7878245867451216,0.4699756163205239,0.4422137958282407,1,40,,,,,ve,0.0186
chain,20,3,4.0,0.5,201,lbp,1.0126893267726339e-07,9.154504674868669e-07,1.0475462324845604e-07,9.081186096368543e-08,1,70,3.900908249754309e-07,,,,ve,0.0304
chain,20,3,4.0,0.5,201,gibbs,0.03326953087294049,0.06029410737497278,0.030511459844860027,0.04154374395718186,0,2000,,64.7,1.05242,2000,ve,7.6982
chain,20,3,0.0,1.5,201,exact,0.0,0.0,,,1,,,,,,ve,0.0257
chain,20,3,0.0,1.5,201,mf,6.83481049534862e-16,2.345346139520643e-15,7.11699218077418e-16,5.988265439071938e-16,1,1,,,,,ve,0.0009
chain,20,3,0.0,1.5,201,lbp,6.898995263959762e-16,2.3175905639050143e-15,7.172503332005438e-16,6.078471059822732e-16,1,3,0.0,,,,ve,0.0023
chain,20,3,0.0,1.5,201,gibbs,8.851946953214452e-15,1.597333376679444e-14,7.844650854830585e-15,1.187383524836605e-14,1,2000,,7818.7,1.00028,2000,ve,7.6632
chain,20,3,0.1,1.5,201,exact,0.0,0.0,,,1,,,,,,ve,0.0113
chain,20,3,0.1,1.5,201,mf,0.00038279274219730233,0.0006666772618811878,0.00038080618875363964,0.0003887524025282904,1,4,,,,,ve,0.0019
chain,20,3,0.1,1.5,201,lbp,1.0111261371115871e-07,2.8130235479179033e-07,1.0118914121291326e-07,1.0088303120589503e-07,1,17,1.5454723983898688e-07,,,,ve,0.0066
chain,20,3,0.1,1.5,201,gibbs,0.0002266860710061069,0.0005116600128170015,0.00023273178327440323,0.00020854893420121784,1,2000,,7758.7,1.0003,2000,ve,7.1013
chain,20,3,0.25,1.5,201,exact,0.0,0.0,,,1,,,,,,ve,0.0202
chain,20,3,0.25,1.5,201,mf,0.0025739770349836612,0.004625311312629419,0.002582785615927128,0.00254755129215326,1,5,,,,,ve,0.0041
chain,20,3,0.25,1.5,201,lbp,1.1554216365642842e-07,3.854244356726877e-07,1.1822767560405734e-07,1.0748562781354165e-07,1,19,1.8468037199514953e-07,,,,ve,0.0115
chain,20,3,0.25,1.5,201,gibbs,0.0005602122794470379,0.0013934670762542484,0.0005480671607098227,0.0005966476356586838,1,2000,,7687.4,1.00031,2000,ve,6.8447
chain,20,3,0.5,1.5,201,exact,0.0,0.0,,,1,,,,,,ve,0.0127
chain,20,3,0.5,1.5,201,mf,0.011700217720257571,0.02087155528264502,0.011998882317995584,0.010804223927043536,1,7,,,,,ve,0.0029
chain,20,3,0.5,1.5,201,lbp,1.2026638133424625e-07,2.9350792162680106e-07,1.1271328416266602e-07,1.4292567284898694e-07,1,22,2.982235011717016e-07,,,,ve,0.0079
chain,20,3,0.5,1.5,201,gibbs,0.0014677738611343478,0.003949256842648102,0.0013722744821280891,0.0017542719981531248,1,2000,,7043.0,1.00053,2000,ve,7.0838
chain,20,3,0.75,1.5,201,exact,0.0,0.0,,,1,,,,,,ve,0.0134
chain,20,3,0.75,1.5,201,mf,0.02874886788759577,0.053220139723892695,0.03001706450801563,0.0249442780263362,1,9,,,,,ve,0.005
chain,20,3,0.75,1.5,201,lbp,1.2918610214985096e-07,3.622402879738251e-07,1.1922373104692834e-07,1.5907321545861887e-07,1,25,3.525866982267978e-07,,,,ve,0.0111
chain,20,3,0.75,1.5,201,gibbs,0.002228097506317898,0.005609130032509152,0.002118923635232161,0.002555619119575108,1,2000,,6308.2,1.00111,2000,ve,6.6265
chain,20,3,1.0,1.5,201,exact,0.0,0.0,,,1,,,,,,ve,0.0122
chain,20,3,1.0,1.5,201,mf,0.05041871306614702,0.08880966027894135,0.05304148737797967,0.04255039013064903,1,12,,,,,ve,0.0066
chain,20,3,1.0,1.5,201,lbp,8.234265443554482e-08,2.4080891228295265e-07,7.852228214137725e-08,9.380377131804757e-08,1,29,2.426204742667082e-07,,,,ve,0.012
chain,20,3,1.0,1.5,201,gibbs,0.0032947892283141066,0.00810866799030592,0.003308256331178884,0.0032543879197197726,1,2000,,5427.7,1.00118,2000,ve,6.792
chain,20,3,1.3,1.5,201,exact,0.0,0.0,,,1,,,,,,ve,0.0115
chain,20,3,1.3,1.5,201,mf,0.07460766350610747,0.13271914202972618,0.07726534572262032,0.06663461685656887,1,19,,,,,ve,0.0088
chain,20,3,1.3,1.5,201,lbp,1.9197919191604218e-07,5.720002961544929e-07,2.0553862390774076e-07,1.5130089594094648e-07,1,31,3.9847272614856877e-07,,,,ve,0.0122
chain,20,3,1.3,1.5,201,gibbs,0.004450552137657213,0.009100860054122,0.003824582350474135,0.006328461499206445,1,2000,,4761.6,1.00115,2000,ve,6.5594
chain,20,3,1.75,1.5,201,exact,0.0,0.0,,,1,,,,,,ve,0.0112
chain,20,3,1.75,1.5,201,mf,0.12736406862165114,0.22962413098194276,0.115753385153032,0.1621961190275087,1,138,,,,,ve,0.0552
chain,20,3,1.75,1.5,201,lbp,1.456572594143047e-07,5.352335842589984e-07,1.6942092702406052e-07,7.436625658503726e-08,1,38,4.5860409692011217e-07,,,,ve,0.0143
chain,20,3,1.75,1.5,201,gibbs,0.006860176414920757,0.01578829761862676,0.005927202874894285,0.009659097035000178,1,2000,,3889.7,1.00024,2000,ve,7.5032
chain,20,3,2.5,1.5,201,exact,0.0,0.0,,,1,,,,,,ve,0.0148
chain,20,3,2.5,1.5,201,mf,0.2531019242629652,0.5008780665439482,0.23401893820609582,0.31035088243357345,1,20,,,,,ve,0.0098
chain,20,3,2.5,1.5,201,lbp,1.8041361520764822e-07,7.294175504990452e-07,1.5548228593945921e-07,2.552076030122152e-07,1,49,3.231985916674063e-07,,,,ve,0.0177
chain,20,3,2.5,1.5,201,gibbs,0.005567012713473295,0.01141951148317058,0.005663370345107985,0.005277939818569225,1,2000,,2379.3,1.00181,2000,ve,6.511
chain,20,3,4.0,1.5,201,exact,0.0,0.0,,,1,,,,,,ve,0.0113
chain,20,3,4.0,1.5,201,mf,0.4574080446867216,0.7600107861943496,0.43645559503571374,0.520265393639745,1,20,,,,,ve,0.0081
chain,20,3,4.0,1.5,201,lbp,1.9666794339073575e-07,1.401974093415137e-06,2.054525565486345e-07,1.7031410391703943e-07,1,63,5.122788881983809e-07,,,,ve,0.0222
chain,20,3,4.0,1.5,201,gibbs,0.01716305188624066,0.05214936350078428,0.019649060600837147,0.009705025742451186,0,2000,,140.0,1.02471,2000,ve,7.1332
chain,20,3,0.0,0.5,202,exact,0.0,0.0,,,1,,,,,,ve,0.0201
chain,20,3,0.0,0.5,202,mf,2.707903345999796e-16,1.27675647831893e-15,2.095545958979983e-16,4.544975507059235e-16,1,1,,,,,ve,0.0011
chain,20,3,0.0,0.5,202,lbp,2.751271432899216e-16,1.1934897514720433e-15,2.2435756955966707e-16,4.274358644806853e-16,1,3,0.0,,,,ve,0.0019
chain,20,3,0.0,0.5,202,gibbs,6.7007163706556124e-15,1.434269369937624e-14,6.656480922018204e-15,6.833422716567838e-15,1,2000,,7679.7,1.00091,2000,ve,6.664
chain,20,3,0.1,0.5,202,exact,0.0,0.0,,,1,,,,,,ve,0.0101
chain,20,3,0.1,0.5,202,mf,0.0003533563937507163,0.0006932004321799495,0.00033852038514846166,0.0003978644195574803,1,4,,,,,ve,0.002
chain,20,3,0.1,0.5,202,lbp,9.001746553681523e-08,2.2586410689667824e-07,7.471562885585e-08,1.359229755797109e-07,1,17,1.7265685503531358e-07,,,,ve,0.0064
chain,20,3,0.1,0.5,202,gibbs,0.00020896323853752553,0.0007543745455945716,0.00018704063892647065,0.00027473103737069016,1,2000,,7557.5,1.0009,2000,ve,6.5332
chain,20,3,0.25,0.5,202,exact,0.0,0.0,,,1,,,,,,ve,0.0158
chain,20,3,0.25,0.5,202,mf,0.0022941637135443496,0.004544390837254997,0.0021648659864752246,0.0026820568947517253,1,5,,,,,ve,0.0033
chain,20,3,0.25,0.5,202,lbp,1.0474803092399773e-07,2.6599871610910597e-07,8.576181033126869e-08,1.6170669270218486e-07,1,19,2.130492715579635e-07,,,,ve,0.0073
chain,20,3,0.25,0.5,202,gibbs,0.000547424596058935,0.001837584404559861,0.0004948255671720149,0.000705221682719695,1,2000,,7456.5,1.00064,2000,ve,7.1208
chain,20,3,0.5,0.5,202,exact,0.0,0.0,,,1,,,,,,ve,0.0102
chain,20,3,0.5,0.5,202,mf,0.009720775563264252,0.019397977543413172,0.008933483557713418,0.01208265157991675,1,7,,,,,ve,0.0029
chain,20,3,0.5,0.5,202,lbp,1.1004029573467161e-07,4.220938340793179e-07,1.2020215472511678e-07,7.955471876333608e-08,1,22,3.119692645880967e-07,,,,ve,0.0079
chain,20,3,0.5,0.5,202,gibbs,0.001394431392222391,0.004946294041885652,0.00117168696665469,0.0020626646689254936,1,2000,,6763.1,1.00002,2000,ve,6.6722
chain,20,3,0.75,0.5,202,exact,0.0,0.0,,,1,,,,,,ve,0.0112
chain,20,3,0.75,0.5,202,mf,0.02333718574194801,0.04570216953416101,0.020808614083775656,0.03092290071646505,1,10,,,,,ve,0.0039
chain,20,3,0.75,0.5,202,lbp,6.768747719465215e-08,2.7753383689821387e-07,8.492262520316817e-08,1.598203316910407e-08,1,26,2.7689560988530815e-07,,,,ve,0.0093
chain,20,3,0.75,0.5,202,gibbs,0.001715609049455652,0.003792700674023944,0.0014182561786309125,0.002607667661929871,1,2000,,6133.2,1.00054,2000,ve,7.353
chain,20,3,1.0,0.5,202,exact,0.0,0.0,,,1,,,,,,ve,0.0104
chain,20,3,1.0,0.5,202,mf,0.04420192971258565,0.08485616491613801,0.03914288014533567,0.05937907841433561,1,14,,,,,ve,0.0059
chain,20,3,1.0,0.5,202,lbp,6.678519684742701e-08,2.2152468022451632e-07,8.294665414070035e-08,1.830082496760699e-08,1,29,3.2675664685122285e-07,,,,ve,0.011
chain,20,3,1.0,0.5,202,gibbs,0.002077411762240417,0.004275714840128966,0.0019477000187281203,0.0024665469927773057,1,2000,,5523.7,1.00036,2000,ve,6.5024
chain,20,3,1.3,0.5,202,exact,0.0,0.0,,,1,,,,,,ve,0.0109
chain,20,3,1.3,0.5,202,mf,0.08462087010624036,0.17324433651803967,0.08215832825772325,0.09200849565179174,1,24,,,,,ve,0.0102
chain,20,3,1.3,0.5,202,lbp,8.07461216395175e-08,3.059462195878493e-07,9.970386381242166e-08,2.3872895120805038e-08,1,32,3.1613919776463106e-07,,,,ve,0.0116
chain,20,3,1.3,0.5,202,gibbs,0.0023757136499875835,0.006017490378303139,0.002344817091228288,0.0024684033262654696,1,2000,,4876.4,1.00049,2000,ve,7.6191
chain,20,3,1.75,0.5,202,exact,0.0,0.0,,,1,,,,,,ve,0.0108
chain,20,3,1.75,0.5,202,mf,0.1732686516635567,0.29949306973411194,0.17720439817096392,0.16146141214133497,1,27,,,,,ve,0.0112
chain,20,3,1.75,0.5,202,lbp,1.8417324455042433e-07,7.50434579310788e-07,2.2603855745704133e-07,5.85773058305733e-08,1,36,4.110917050104135e-07,,,,ve,0.0124
chain,20,3,1.75,0.5,202,gibbs,0.0028890912398833357,0.007455362596191353,0.003058338174239314,0.0023813504368154,1,2000,,3871.9,0.99988,2000,ve,6.6059
chain,20,3,2.5,0.5,202,exact,0.0,0.0,,,1,,,,,,ve,0.0119
chain,20,3,2.5,0.5,202,mf,0.2422691504861283,0.5078560766486047,0.27571162346865224,0.1419417315385565,1,50,,,,,ve,0.0193
chain,20,3,2.5,0.5,202,lbp,1.784871744663118e-07,5.86160420756876e-07,2.170475223232995e-07,6.28061308953487e-08,1,45,3.7433522459551227e-07,,,,ve,0.0172
chain,20,3,2.5,0.5,202,gibbs,0.009950997496982777,0.021502485364856265,0.01087668588450624,0.007173932334412397,1,2000,,1729.7,1.00108,2000,ve,7.4552
chain,20,3,4.0,0.5,202,exact,0.0,0.0,,,1,,,,,,ve,0.011
chain,20,3,4.0,0.5,202,mf,0.2335795487081794,0.8821058342465056,0.28868832552350737,0.0682532182621955,1,29,,,,,ve,0.0117
chain,20,3,4.0,0.5,202,lbp,8.391734500230448e-08,8.95337730254242e-07,1.1123053981176913e-07,1.9777605739105045e-09,1,58,4.208714075026876e-07,,,,ve,0.0213
chain,20,3,4.0,0.5,202,gibbs,0.0237150306783596,0.05782265274188984,0.026365510275035798,0.015763591888331006,0,2000,,205.5,1.0258,2000,ve,6.7945
chain,20,3,0.0,1.5,202,exact,0.0,0.0,,,1,,,,,,ve,0.0136
chain,20,3,0.0,1.5,202,mf,7.01435437511222e-16,1.4172690798730514e-15,7.037194900879248e-16,6.945832797811135e-16,1,1,,,,,ve,0.0011
chain,20,3,0.0,1.5,202,lbp,7.001343949042394e-16,1.4172690798730514e-15,7.110053286870273e-16,6.675215935558754e-16,1,3,0.0,,,,ve,0.0018
chain,20,3,0.0,1.5,202,gibbs,6.680463474073584e-15,1.522393322517246e-14,6.612361121612528e-15,6.884770531456752e-15,1,2000,,7554.1,1.00028,2000,ve,7.3176
chain,20,3,0.1,1.5,202,exact,0.0,0.0,,,1,,,,,,ve,0.0133
chain,20,3,0.1,1.5,202,mf,0.00032893807145326694,0.0006575404197199583,0.0003076681744555927,0.0003927477624462897,1,4,,,,,ve,0.0024
chain,20,3,0.1,1.5,202,lbp,1.0597808248196012e-07,2.1623466512493694e-07,9.167697974660447e-08,1.4888139068802708e-07,1,17,1.661017844378776e-07,,,,ve,0.0075
chain,20,3,0.1,1.5,202,gibbs,0.00019443621390252542,0.0005375963286124441,0.0001704740284188969,0.000266322770353411,1,2000,,7230.7,1.00025,2000,ve,6.4682
chain,20,3,0.25,1.5,202,exact,0.0,0.0,,,1,,,,,,ve,0.0106
chain,20,3,0.25,1.5,202,mf,0.0021301578103394953,0.004125413207665941,0.0019839450519494035,0.002568796085509771,1,5,,,,,ve,0.0024
chain,20,3,0.25,1.5,202,lbp,1.3199544563347737e-07,2.9891907740720036e-07,1.0285648689480527e-07,2.1941232184949366e-07,1,19,2.102339283216459e-07,,,,ve,0.0071
chain,20,3,0.25,1.5,202,gibbs,0.0004639985968929821,0.001580543969430137,0.00040648194451118615,0.00063654855403837,1,2000,,7024.2,1.00006,2000,ve,6.954
chain,20,3,0.5,1.5,202,exact,0.0,0.0,,,1,,,,,,ve,0.0227
chain,20,3,0.5,1.5,202,mf,0.008980157692490113,0.016560837296252517,0.008331385688659354,0.010926473703982396,1,7,,,,,ve,0.0038
chain,20,3,0.5,1.5,202,lbp,1.4917773526689458e-07,3.9993404238325425e-07,1.4093185882069898e-07,1.7391536460548141e-07,1,22,2.6185940027456667e-07,,,,ve,0.0078
chain,20,3,0.5,1.5,202,gibbs,0.0012458300117386648,0.003418077871518821,0.0010994893962968507,0.0016848518580641076,1,2000,,7305.7,1.00013,2000,ve,7.2711
chain,20,3,0.75,1.5,202,exact,0.0,0.0,,,1,,,,,,ve,0.0105
chain,20,3,0.75,1.5,202,mf,0.021039120813840594,0.03771842163431013,0.019397468031943414,0.02596407915953215,1,9,,,,,ve,0.0041
chain,20,3,0.75,1.5,202,lbp,9.661299198242788e-08,2.664078401631853e-07,1.0398765230469852e-07,7.4489011015616e-08,1,26,2.3469952042942666e-07,,,,ve,0.0103
chain,20,3,0.75,1.5,202,gibbs,0.0015971560872393964,0.00432620386134458,0.0015941857246155474,0.0016060671751109423,1,2000,,6277.1,1.00011,2000,ve,6.5283
chain,20,3,1.0,1.5,202,exact,0.0,0.0,,,1,,,,,,ve,0.0168
chain,20,3,1.0,1.5,202,mf,0.040144367240328625,0.07099309887040468,0.03678801962890173,0.05021341007460932,1,13,,,,,ve,0.0038
chain,20,3,1.0,1.5,202,lbp,1.0434373419639098e-07,3.6079236369682133e-07,1.1691525881307266e-07,6.662916034634591e-08,1,29,2.461981369328292e-07,,,,ve,0.0096
chain,20,3,1.0,1.5,202,gibbs,0.0022792545777979662,0.007560251840468102,0.002209480081374976,0.0024885780670669383,1,2000,,5581.1,1.0004,2000,ve,7.4534
chain,20,3,1.3,1.5,202,exact,0.0,0.0,,,1,,,,,,ve,0.0102
chain,20,3,1.3,1.5,202,mf,0.073403873694695,0.15515607752857635,0.06757173260034835,0.09090029697773501,1,18,,,,,ve,0.0071
chain,20,3,1.3,1.5,202,lbp,1.323209099169092e-07,6.559173098587279e-07,1.5053613043099907e-07,7.767524837463957e-08,1,32,3.7282584774978034e-07,,,,ve,0.0115
chain,20,3,1.3,1.5,202,gibbs,0.003247415714885473,0.010379103421935917,0.0028822771268950287,0.004342831478856807,1,2000,,4366.9,1.00071,2000,ve,6.8588
chain,20,3,1.75,1.5,202,exact,0.0,0.0,,,1,,,,,,ve,0.0114
chain,20,3,1.75,1.5,202,mf,0.12672926326804973,0.2538208974236315,0.12646856247836685,0.1275113656370984,1,29,,,,,ve,0.0116
chain,20,3,1.75,1.5,202,lbp,1.0456063076909848e-07,6.449357311255621e-07,1.2403061832224476e-07,4.615066810965962e-08,1,37,3.265858156686896e-07,,,,ve,0.0127
chain,20,3,1.75,1.5,202,gibbs,0.0032616789046602144,0.00887169228793257,0.003596146572186474,0.002258275902081436,1,2000,,3075.9,1.00028,2000,ve,6.4011
chain,20,3,2.5,1.5,202,exact,0.0,0.0,,,1,,,,,,ve,0.0084
chain,20,3,2.5,1.5,202,mf,0.13043559820955977,0.3541335280515976,0.14438914699273567,0.08857495186003211,1,17,,,,,ve,0.0061
chain,20,3,2.5,1.5,202,lbp,6.497344327290695e-08,2.1719522468738317e-07,7.524756090855217e-08,3.4151090365971273e-08,1,43,3.2420078754924475e-07,,,,ve,0.013
chain,20,3,2.5,1.5,202,gibbs,0.006050753019488575,0.013202857140265298,0.00635345992582403,0.005142632300482212,1,2000,,1115.4,1.00447,2000,ve,5.4425
chain,20,3,4.0,1.5,202,exact,0.0,0.0,,,1,,,,,,ve,0.0097
chain,20,3,4.0,1.5,202,mf,0.17695692617450773,0.9478788283139685,0.22333183855061386,0.03783218904618925,1,15,,,,,ve,0.0052
chain,20,3,4.0,1.5,202,lbp,4.034785876797702e-08,2.3237238287558692e-07,5.2095188180829475e-08,5.10587052941964e-09,1,55,4.4181946035060093e-07,,,,ve,0.0166
chain,20,3,4.0,1.5,202,gibbs,0.006253216932594899,0.016351872336688483,0.007353676128103403,0.002951839346069383,0,2000,,393.9,1.00749,2000,ve,5.4721
chain,20,3,0.0,0.5,203,exact,0.0,0.0,,,1,,,,,,ve,0.0089
chain,20,3,0.0,0.5,203,mf,4.3966566498632174e-16,8.396061623727746e-16,4.2315687990660915e-16,4.891920202254596e-16,1,1,,,,,ve,0.0006
chain,20,3,0.0,0.5,203,lbp,4.463443503688325e-16,8.396061623727746e-16,4.2836105033453957e-16,5.002942504717111e-16,1,3,0.0,,,,ve,0.0013
chain,20,3,0.0,0.5,203,gibbs,6.6596034242749624e-15,1.484923295436147e-14,6.2082283758257975e-15,8.013728569622459e-15,1,2000,,7947.4,0.99992,2000,ve,5.4541
chain,20,3,0.1,0.5,203,exact,0.0,0.0,,,1,,,,,,ve,0.0091
chain,20,3,0.1,0.5,203,mf,0.0003335987411956136,0.0007147726055257327,0.000334279742805646,0.0003315557363655165,1,4,,,,,ve,0.0017
chain,20,3,0.1,0.5,203,lbp,8.278629424519901e-08,1.5235123984602694e-07,7.959273520610766e-08,9.236697136247307e-08,1,17,1.469756606420347e-07,,,,ve,0.0055
chain,20,3,0.1,0.5,203,gibbs,0.00027504382535773776,0.0006202319514553439,0.00027918771209701034,0.00026261216513992003,1,2000,,7917.7,0.99992,2000,ve,5.5936
chain,20,3,0.25,0.5,203,exact,0.0,0.0,,,1,,,,,,ve,0.008
chain,20,3,0.25,0.5,203,mf,0.002120056349606576,0.004555657405982207,0.002122002159838902,0.002114218918909596,1,5,,,,,ve,0.0021
chain,20,3,0.25,0.5,203,lbp,1.6430636765180085e-07,3.334089535497742e-07,1.4730833691791363e-07,2.1530045985346246e-07,1,18,2.774460347576557e-07,,,,ve,0.0057
chain,20,3,0.25,0.5,203,gibbs,0.0006882132459096179,0.00186429357941012,0.0006734433985227633,0.0007325227880701814,1,2000,,7621.4,1.00031,2000,ve,5.489
chain,20,3,0.5,0.5,203,exact,0.0,0.0,,,1,,,,,,ve,0.0084
chain,20,3,0.5,0.5,203,mf,0.009586428489346193,0.01936425649268331,0.009642140650954709,0.009419292004520649,1,8,,,,,ve,0.0033
chain,20,3,0.5,0.5,203,lbp,1.1847478904557229e-07,3.281337444122068e-07,1.263298006803452e-07,9.490975414125357e-08,1,22,2.4394659081661274e-07,,,,ve,0.0072
chain,20,3,0.5,0.5,203,gibbs,0.0014309907164766615,0.003466370718724028,0.001374938303585906,0.0015991479551489274,1,2000,,6939.9,1.00001,2000,ve,5.6551
chain,20,3,0.75,0.5,203,exact,0.0,0.0,,,1,,,,,,ve,0.0085
chain,20,3,0.75,0.5,203,mf,0.028027584442591125,0.048759399376668774,0.027673447461480084,0.029089995385924265,1,12,,,,,ve,0.0041
chain,20,3,0.75,0.5,203,lbp,1.5620512315009036e-07,4.6922793776882354e-07,1.657752453288151e-07,1.2749475661391617e-07,1,26,2.8313042760297336e-07,,,,ve,0.0082
chain,20,3,0.75,0.5,203,gibbs,0.002680421605365057,0.006393200461474596,0.002734078500412282,0.002519450920223382,1,2000,,6336.8,1.00061,2000,ve,5.4857
chain,20,3,1.0,0.5,203,exact,0.0,0.0,,,1,,,,,,ve,0.008
chain,20,3,1.0,0.5,203,mf,0.06944177604118525,0.1299415192913242,0.06717343488861119,0.07624679949890743,1,20,,,,,ve,0.007
chain,20,3,1.0,0.5,203,lbp,1.1354813676655445e-07,3.636247889807209e-07,1.2951790157404256e-07,6.563884234409012e-08,1,30,3.610949096399807e-07,,,,ve,0.0093
chain,20,3,1.0,0.5,203,gibbs,0.0029894649056544007,0.00746653588679469,0.002899285759712724,0.0032600023434794312,1,2000,,5519.1,1.0001,2000,ve,5.7261
chain,20,3,1.3,0.5,203,exact,0.0,0.0,,,1,,,,,,ve,0.0082
chain,20,3,1.3,0.5,203,mf,0.14122581916161567,0.24223489798632608,0.12828646678281982,0.18004387629800328,1,85,,,,,ve,0.0296
chain,20,3,1.3,0.5,203,lbp,1.251720465305327e-07,3.5181854738178253e-07,1.4898041147670219e-07,5.374695169202415e-08,1,34,3.7537293112732684e-07,,,,ve,0.0109
chain,20,3,1.3,0.5,203,gibbs,0.004767345621143822,0.011125285440951801,0.00463115514259951,0.005175917056776761,1,2000,,4552.8,1.00053,2000,ve,5.5403
chain,20,3,1.75,0.5,203,exact,0.0,0.0,,,1,,,,,,ve,0.0082
chain,20,3,1.75,0.5,203,mf,0.24868750906960718,0.42210916734459425,0.22822649262670744,0.31007055839830644,1,59,,,,,ve,0.0188
chain,20,3,1.75,0.5,203,lbp,2.1527227441909407e-07,1.2526809520102544e-06,2.4516887590803987e-07,1.2558246995225675e-07,1,40,4.6606800718773655e-07,,,,ve,0.0123
chain,20,3,1.75,0.5,203,gibbs,0.006209783324673364,0.010245587484614033,0.005850993555370441,0.007286152632582135,1,2000,,3154.7,1.00173,2000,ve,5.6733
chain,20,3,2.5,0.5,203,exact,0.0,0.0,,,1,,,,,,ve,0.008
chain,20,3,2.5,0.5,203,mf,0.3386655496070253,0.5101713319806918,0.3373300272336269,0.3426721167272205,1,57,,,,,ve,0.0205
chain,20,3,2.5,0.5,203,lbp,1.4418614254644094e-07,1.145494063145569e-06,1.5488830393134885e-07,1.1207965839171719e-07,1,56,4.28922372952556e-07,,,,ve,0.0158
chain,20,3,2.5,0.5,203,gibbs,0.01377718688109097,0.023874542450204275,0.01433823751255763,0.012094034986690991,1,2000,,1615.0,1.00247,2000,ve,5.4728
chain,20,3,4.0,0.5,203,exact,0.0,0.0,,,1,,,,,,ve,0.0086
chain,20,3,4.0,0.5,203,mf,0.41376941077065066,0.5735732592196554,0.4344605806290914,0.35169590119532856,1,21,,,,,ve,0.0075
chain,20,3,4.0,0.5,203,lbp,8.074376637809974e-08,8.689229043720714e-07,9.279476209642958e-08,4.459077922311025e-08,1,64,3.9863492307112836e-07,,,,ve,0.0201
chain,20,3,4.0,0.5,203,gibbs,0.051599195727938564,0.07113103711512213,0.05479666069798255,0.04200680081780658,0,2000,,315.7,1.01605,2000,ve,5.7141
chain,20,3,0.0,1.5,203,exact,0.0,0.0,,,1,,,,,,ve,0.008
chain,20,3,0.0,1.5,203,mf,6.382047668118673e-16,1.2871648191747909e-15,7.001343949042394e-16,4.524158825347513e-16,1,1,,,,,ve,0.0006
chain,20,3,0.0,1.5,203,lbp,6.471819608000473e-16,1.2871648191747909e-15,7.084032434730621e-16,4.635181127810028e-16,1,3,0.0,,,,ve,0.0012
chain,20,3,0.0,1.5,203,gibbs,6.9488251958071954e-15,1.484923295436147e-14,6.5376523639137926e-15,8.182343691487404e-15,1,2000,,7942.1,0.9998,2000,ve,5.4261
chain,20,3,0.1,1.5,203,exact,0.0,0.0,,,1,,,,,,ve,0.0093
chain,20,3,0.1,1.5,203,mf,0.00037989164752706586,0.0007105336047693797,0.00040790110253141024,0.00029586328251403267,1,4,,,,,ve,0.0017
chain,20,3,0.1,1.5,203,lbp,1.8238861626612355e-07,3.8260211963903057e-07,1.5870441599843502e-07,2.534412170691891e-07,1,16,2.38777221717168e-07,,,,ve,0.0055
chain,20,3,0.1,1.5,203,gibbs,0.00019051554597198373,0.0004594866190493069,0.00019780536418202062,0.00016864609134187303,1,2000,,7865.7,0.99985,2000,ve,5.5998
chain,20,3,0.25,1.5,203,exact,0.0,0.0,,,1,,,,,,ve,0.008
chain,20,3,0.25,1.5,203,mf,0.0024844842151425205,0.004759419508756264,0.002618378265329836,0.002082802064580574,1,5,,,,,ve,0.0018
chain,20,3,0.25,1.5,203,lbp,2.0044571312953853e-07,4.579909177945818e-07,1.744442312877579e-07,2.7845015865488045e-07,1,18,2.8039016841674425e-07,,,,ve,0.0062
chain,20,3,0.25,1.5,203,gibbs,0.0004939444409623815,0.0012749779722304802,0.0004887655818994759,0.0005094810181510978,1,2000,,7753.0,0.99987,2000,ve,5.5436
chain,20,3,0.5,1.5,203,exact,0.0,0.0,,,1,,,,,,ve,0.008
chain,20,3,0.5,1.5,203,mf,0.011723780766165297,0.022211407884891704,0.011859716453577362,0.011315973703929106,1,7,,,,,ve,0.0027
chain,20,3,0.5,1.5,203,lbp,1.4115514894784236e-07,3.3869139451359054e-07,1.528494062180118e-07,1.0607237713733397e-07,1,22,2.499314674109243e-07,,,,ve,0.0072
chain,20,3,0.5,1.5,203,gibbs,0.0010141277935490647,0.0020727429780164133,0.0010329123345430484,0.0009577741705671134,1,2000,,6972.4,0.99986,2000,ve,5.5564
chain,20,3,0.75,1.5,203,exact,0.0,0.0,,,1,,,,,,ve,0.0085
chain,20,3,0.75,1.5,203,mf,0.03234599613976657,0.058329102256953445,0.031067882139022594,0.036180338141998516,1,11,,,,,ve,0.0041
chain,20,3,0.75,1.5,203,lbp,2.0637545592528185e-07,5.585735302210404e-07,2.204149925222563e-07,1.6425684613435855e-07,1,25,3.389507509110601e-07,,,,ve,0.0077
chain,20,3,0.75,1.5,203,gibbs,0.0015062178815565825,0.005024256521706887,0.0014209401636135284,0.0017620510353857448,1,2000,,5747.2,0.99979,2000,ve,5.6394
chain,20,3,1.0,1.5,203,exact,0.0,0.0,,,1,,,,,,ve,0.0081
chain,20,3,1.0,1.5,203,mf,0.06986956027546683,0.11812991067870601,0.06527688188195997,0.08364759545598734,1,15,,,,,ve,0.0049
chain,20,3,1.0,1.5,203,lbp,1.4817330267337218e-07,3.448192898089508e-07,1.4631650840617415e-07,1.537436854749663e-07,1,29,2.7577583899818237e-07,,,,ve,0.0089
chain,20,3,1.0,1.5,203,gibbs,0.0023572410637411447,0.007834823040697301,0.0020281797241068836,0.003344425082643928,1,2000,,5272.2,0.99989,2000,ve,5.5449
chain,20,3,1.3,1.5,203,exact,0.0,0.0,,,1,,,,,,ve,0.0081
chain,20,3,1.3,1.5,203,mf,0.12724879629313685,0.20003521902982763,0.1218006184401522,0.1435933298520908,1,25,,,,,ve,0.0076
chain,20,3,1.3,1.5,203,lbp,1.833978848894864e-07,5.163694590665235e-07,1.7387646444889012e-07,2.119621462112753e-07,1,33,3.534271552640966e-07,,,,ve,0.0107
chain,20,3,1.3,1.5,203,gibbs,0.004172853042428549,0.008485585498918397,0.004047900888045648,0.004547709505577252,1,2000,,4205.7,1.00005,2000,ve,5.5077
chain,20,3,1.75,1.5,203,exact,0.0,0.0,,,1,,,,,,ve,0.008
chain,20,3,1.75,1.5,203,mf,0.208165842761026,0.3446701322749157,0.212653755472034,0.19470210462800203,1,32,,,,,ve,0.0103
chain,20,3,1.75,1.5,203,lbp,1.3784722634390885e-07,6.294748373016773e-07,1.4050542675494068e-07,1.2987262511081343e-07,1,40,3.4146998550976804e-07,,,,ve,0.0125
chain,20,3,1.75,1.5,203,gibbs,0.008828629258380554,0.01701608752276389,0.010100743487687695,0.005012286570459124,1,2000,,2940.4,1.0005,2000,ve,5.5969
chain,20,3,2.5,1.5,203,exact,0.0,0.0,,,1,,,,,,ve,0.008
chain,20,3,2.5,1.5,203,mf,0.25598334834287606,0.5593380899458261,0.259715617833115,0.24478653987215915,1,25,,,,,ve,0.0088
chain,20,3,2.5,1.5,203,lbp,8.16824843611545e-08,5.802873549870524e-07,8.624978420454221e-08,6.798058483099139e-08,1,51,3.673955447647259e-07,,,,ve,0.0166
chain,20,3,2.5,1.5,203,gibbs,0.011933761278960979,0.03941051592940175,0.011467070614249978,0.013333833273093986,1,2000,,1172.6,1.00531,2000,ve,5.64
chain,20,3,4.0,1.5,203,exact,0.0,0.0,,,1,,,,,,ve,0.0081
chain,20,3,4.0,1.5,203,mf,0.14065677925418443,0.39459808253248385,0.14762449548012097,0.11975363057637475,1,16,,,,,ve,0.0048
chain,20,3,4.0,1.5,203,lbp,4.699896307456359e-08,5.483609178819071e-07,5.6111432952333023e-08,1.966155344125531e-08,1,62,3.574982929688275e-07,,,,ve,0.0181
chain,20,3,4.0,1.5,203,gibbs,0.016261740423694847,0.024061908944547804,0.016775455784684742,0.014720594340725156,0,2000,,243.7,1.01755,2000,ve,5.541
chain,20,3,0.0,0.5,204,exact,0.0,0.0,,,1,,,,,,ve,0.0085
chain,20,3,0.0,0.5,204,mf,6.876877539641058e-16,1.9567680809018384e-15,7.629602967925327e-16,4.618701254788249e-16,1,1,,,,,ve,0.0006
chain,20,3,0.0,0.5,204,lbp,6.776697258903397e-16,1.942890293094024e-15,7.498342224909749e-16,4.611762360884342e-16,1,3,0.0,,,,ve,0.0012
chain,20,3,0.0,0.5,204,gibbs,9.26146095578395e-15,1.725009024511337e-14,8.83014726153301e-15,1.0555402038536776e-14,1,2000,,8160.4,1.00103,2000,ve,5.5038
chain,20,3,0.1,0.5,204,exact,0.0,0.0,,,1,,,,,,ve,0.0081
chain,20,3,0.1,0.5,204,mf,0.00036618752007989486,0.0006232116703347237,0.0003565035894033478,0.0003952393121095362,1,4,,,,,ve,0.0017
chain,20,3,0.1,0.5,204,lbp,1.0840773949706865e-07,2.3180169710090848e-07,1.1820930885450091e-07,7.900303142477187e-08,1,17,1.4607173354219682e-07,,,,ve,0.0058
chain,20,3,0.1,0.5,204,gibbs,0.00015202051371916573,0.0003729820131521677,0.00015993411871932555,0.00012827969871868629,1,2000,,8049.5,1.0006,2000,ve,5.6091
chain,20,3,0.25,0.5,204,exact,0.0,0.0,,,1,,,,,,ve,0.008
chain,20,3,0.25,0.5,204,mf,0.00246921961737228,0.00406923103020394,0.0024339118546753778,0.002575142905462986,1,5,,,,,ve,0.002
chain,20,3,0.25,0.5,204,lbp,1.278119592438339e-07,2.8286672462685125e-07,1.4351847649636079e-07,8.069240748625333e-08,1,19,1.8863891493303697e-07,,,,ve,0.0061
chain,20,3,0.25,0.5,204,gibbs,0.0004585426336465032,0.0013510405889019528,0.0004933000441885944,0.0003542704020202296,1,2000,,7577.6,1.00001,2000,ve,5.7647
chain,20,3,0.5,0.5,204,exact,0.0,0.0,,,1,,,,,,ve,0.008
chain,20,3,0.5,0.5,204,mf,0.01140096115607353,0.019254643768962715,0.011480783142392158,0.011161495197117647,1,7,,,,,ve,0.0027
chain,20,3,0.5,0.5,204,lbp,1.4504346820430267e-07,3.865204441233505e-07,1.6456308677793736e-07,8.648461248339858e-08,1,22,3.084875234704576e-07,,,,ve,0.0075
chain,20,3,0.5,0.5,204,gibbs,0.000851161048804059,0.002124294502831761,0.0009112587831399567,0.0006708678457963654,1,2000,,6859.1,1.00003,2000,ve,5.6903
chain,20,3,0.75,0.5,204,exact,0.0,0.0,,,1,,,,,,ve,0.008
chain,20,3,0.75,0.5,204,mf,0.03002531994704973,0.05131012640937812,0.030293935240148652,0.029219474067752937,1,10,,,,,ve,0.0031
chain,20,3,0.75,0.5,204,lbp,1.5741323916521748e-07,3.3305251066761965e-07,1.5437019751018618e-07,1.665423641303114e-07,1,25,3.2863860094378694e-07,,,,ve,0.0079
chain,20,3,0.75,0.5,204,gibbs,0.0014955076863082668,0.004000526613647484,0.0017071975540084152,0.0008604380832078213,1,2000,,6083.6,1.0003,2000,ve,5.5356
chain,20,3,1.0,0.5,204,exact,0.0,0.0,,,1,,,,,,ve,0.009
chain,20,3,1.0,0.5,204,mf,0.05928876971043155,0.1061649176477567,0.059247974008141385,0.059411156817302045,1,13,,,,,ve,0.0041
chain,20,3,1.0,0.5,204,lbp,2.020325096138524e-07,4.6502527180358744e-07,1.843740528550732e-07,2.5500787989019e-07,1,28,2.489808972327978e-07,,,,ve,0.0084
chain,20,3,1.0,0.5,204,gibbs,0.002921279124420327,0.005881759181781257,0.0031803715598195587,0.0021440018182226307,1,2000,,5170.5,1.00015,2000,ve,5.5618
chain,20,3,1.3,0.5,204,exact,0.0,0.0,,,1,,,,,,ve,0.0084
chain,20,3,1.3,0.5,204,mf,0.09923073453263256,0.19188495390221397,0.09954260385681558,0.09829512656008345,1,16,,,,,ve,0.0053
chain,20,3,1.3,0.5,204,lbp,2.2411907390673842e-07,6.307909750646878e-07,2.0883677737884808e-07,2.6996596349040947e-07,1,33,3.4180181757159644e-07,,,,ve,0.0106
chain,20,3,1.3,0.5,204,gibbs,0.004101871795265581,0.00965808932543187,0.00423508555544547,0.0037022305147259085,1,2000,,4021.1,1.00112,2000,ve,5.6532
chain,20,3,1.75,0.5,204,exact,0.0,0.0,,,1,,,,,,ve,0.009
chain,20,3,1.75,0.5,204,mf,0.13220557605571986,0.241115177425476,0.1320667950716718,0.13262191900786408,1,28,,,,,ve,0.0086
chain,20,3,1.75,0.5,204,lbp,2.0011163488980283e-07,7.540165986308356e-07,1.8143409516717101e-07,2.561442540576983e-07,1,40,4.182147530507052e-07,,,,ve,0.0114
chain,20,3,1.75,0.5,204,gibbs,0.0037226391392570666,0.011206967854688638,0.003753058443242882,0.003631381227299621,1,2000,,3118.3,1.00039,2000,ve,5.5865
chain,20,3,2.5,0.5,204,exact,0.0,0.0,,,1,,,,,,ve,0.0079
chain,20,3,2.5,0.5,204,mf,0.17949018786171164,0.46638902364001134,0.16534198143930787,0.22193480712892297,1,23,,,,,ve,0.008
chain,20,3,2.5,0.5,204,lbp,1.480334232027464e-07,1.063078522864358e-06,1.1507866218909979e-07,2.468977062436862e-07,1,49,5.081951137686502e-07,,,,ve,0.0157
chain,20,3,2.5,0.5,204,gibbs,0.005494289607514973,0.009632422276491366,0.005381896356143221,0.005831469361630227,1,2000,,2131.7,1.00071,2000,ve,5.6204
chain,20,3,4.0,0.5,204,exact,0.0,0.0,,,1,,,,,,ve,0.0104
chain,20,3,4.0,0.5,204,mf,0.3099772239521641,0.9090800815153022,0.32064218098032965,0.2779823528676674,1,28,,,,,ve,0.0093
chain,20,3,4.0,0.5,204,lbp,7.953008028575115e-08,5.81462058640847e-07,6.581478272056695e-08,1.206759729813038e-07,1,62,3.4632252648991724e-07,,,,ve,0.0194
chain,20,3,4.0,0.5,204,gibbs,0.03294899680158168,0.05813671965929709,0.02865126098535397,0.04584220425026479,1,2000,,638.3,1.00673,2000,ve,5.5108
chain,20,3,0.0,1.5,204,exact,0.0,0.0,,,1,,,,,,ve,0.0083
chain,20,3,0.0,1.5,204,mf,4.953286045217276e-16,1.7486012637846216e-15,4.825133348429489e-16,5.337744135580635e-16,1,1,,,,,ve,0.0005
chain,20,3,0.0,1.5,204,lbp,4.889968638344122e-16,1.7208456881689926e-15,4.793908325861907e-16,5.178149575790769e-16,1,3,0.0,,,,ve,0.0013
chain,20,3,0.0,1.5,204,gibbs,6.786812865172687e-15,1.5640266859406893e-14,5.541053726965117e-15,1.0524090279795396e-14,1,2000,,8199.4,1.00019,2000,ve,5.5444
chain,20,3,0.1,1.5,204,exact,0.0,0.0,,,1,,,,,,ve,0.0081
chain,20,3,0.1,1.5,204,mf,0.0003536497237049157,0.0007132744643352229,0.00035238586625017514,0.0003574412960691372,1,4,,,,,ve,0.0012
chain,20,3,0.1,1.5,204,lbp,1.1216871152499837e-07,2.8085619763196235e-07,1.1477684760843702e-07,1.0434430327468242e-07,1,17,1.737459183193124e-07,,,,ve,0.0051
chain,20,3,0.1,1.5,204,gibbs,9.949345991362634e-05,0.00023878459284545905,9.647912104896565e-05,0.00010853647650760837,1,2000,,8049.8,1.00041,2000,ve,5.5342
chain,20,3,0.25,1.5,204,exact,0.0,0.0,,,1,,,,,,ve,0.008
chain,20,3,0.25,1.5,204,mf,0.0022979724655090776,0.004666324428294913,0.002258688517174174,0.0024158243105137874,1,5,,,,,ve,0.002
chain,20,3,0.25,1.5,204,lbp,1.1201998882552156e-07,2.8044339481225755e-07,1.230447235925445e-07,7.894578452445275e-08,1,19,2.2374591424068058e-07,,,,ve,0.0059
chain,20,3,0.25,1.5,204,gibbs,0.0003063498418173076,0.0008036178369535407,0.000268188112895763,0.00042083502858194155,1,2000,,7701.4,0.99984,2000,ve,5.6846
chain,20,3,0.5,1.5,204,exact,0.0,0.0,,,1,,,,,,ve,0.0083
chain,20,3,0.5,1.5,204,mf,0.010047561021288445,0.021012024052546797,0.009767282400470458,0.010888396883742407,1,6,,,,,ve,0.0024
chain,20,3,0.5,1.5,204,lbp,8.346707066097299e-08,2.3947352901371177e-07,9.098616195460028e-08,6.090979678009117e-08,1,22,2.3849635494288535e-07,,,,ve,0.0069
chain,20,3,0.5,1.5,204,gibbs,0.0006719253226827043,0.0017905343660269413,0.0005492946303641661,0.0010398173996383191,1,2000,,7149.0,0.99987,2000,ve,5.5568
chain,20,3,0.75,1.5,204,exact,0.0,0.0,,,1,,,,,,ve,0.0081
chain,20,3,0.75,1.5,204,mf,0.024045862260895397,0.051356268310052,0.022938382696768348,0.027368300953276525,1,8,,,,,ve,0.003
chain,20,3,0.75,1.5,204,lbp,9.038991487910278e-08,2.129015956794933e-07,8.275467884352508e-08,1.132956229858359e-07,1,25,2.6657494106574475e-07,,,,ve,0.0077
chain,20,3,0.75,1.5,204,gibbs,0.0009195883459699346,0.002285638388387308,0.000929197011988823,0.0008907623479132692,1,2000,,6167.6,1.00011,2000,ve,5.5976
chain,20,3,1.0,1.5,204,exact,0.0,0.0,,,1,,,,,,ve,0.0097
chain,20,3,1.0,1.5,204,mf,0.04202053370358772,0.08504105614391731,0.039220752502261653,0.0504198773075659,1,9,,,,,ve,0.003
chain,20,3,1.0,1.5,204,lbp,9.73798967923321e-08,3.064453640913567e-07,8.799018920223623e-08,1.2554901956261972e-07,1,28,2.466865642314353e-07,,,,ve,0.0073
chain,20,3,1.0,1.5,204,gibbs,0.0018612660822143827,0.004967549930914639,0.0018016109358571844,0.002040231521285978,1,2000,,5543.8,1.00002,2000,ve,5.3778
chain,20,3,1.3,1.5,204,exact,0.0,0.0,,,1,,,,,,ve,0.008
chain,20,3,1.3,1.5,204,mf,0.06465443406142066,0.11805994864696559,0.06056103063656706,0.07693464433598146,1,11,,,,,ve,0.004
chain,20,3,1.3,1.5,204,lbp,8.661784951369939e-08,3.571904492443573e-07,7.522705480173525e-08,1.2079023364959183e-07,1,32,3.5718804552997696e-07,,,,ve,0.0105
chain,20,3,1.3,1.5,204,gibbs,0.0021715720179271416,0.004546354480591222,0.0020416802946992526,0.0025612471876108093,1,2000,,4718.1,1.00032,2000,ve,5.6164
chain,20,3,1.75,1.5,204,exact,0.0,0.0,,,1,,,,,,ve,0.0082
chain,20,3,1.75,1.5,204,mf,0.08907142808765392,0.15256170945407202,0.08415649612095795,0.10381622398774185,1,17,,,,,ve,0.0054
chain,20,3,1.75,1.5,204,lbp,8.064273329011127e-08,4.2880558960567416e-07,6.19584654893895e-08,1.366955366922766e-07,1,37,3.863535199544188e-07,,,,ve,0.0108
chain,20,3,1.75,1.5,204,gibbs,0.002753154091687071,0.005280930792136113,0.0028678289380401497,0.002409129552627836,1,2000,,3642.9,1.00114,2000,ve,5.6932
chain,20,3,2.5,1.5,204,exact,0.0,0.0,,,1,,,,,,ve,0.008
chain,20,3,2.5,1.5,204,mf,0.128365085781558,0.358616253949708,0.12415125543134738,0.14100657683218992,1,55,,,,,ve,0.0179
chain,20,3,2.5,1.5,204,lbp,7.376876868195342e-08,6.746032014948167e-07,4.78454870880753e-08,1.5153861346358777e-07,1,43,4.2513346310002476e-07,,,,ve,0.0132
chain,20,3,2.5,1.5,204,gibbs,0.005593988770361364,0.012773150484904329,0.004960742667157858,0.007493727079971887,1,2000,,2559.6,1.00153,2000,ve,5.6752
chain,20,3,4.0,1.5,204,exact,0.0,0.0,,,1,,,,,,ve,0.0091
chain,20,3,4.0,1.5,204,mf,0.27499137112875616,0.924193665193535,0.30425593644873045,0.18719767516883318,1,14,,,,,ve,0.0051
chain,20,3,4.0,1.5,204,lbp,4.4212229159864144e-08,5.586004963101243e-07,2.1277118247416627e-08,1.1301756189720669e-07,1,51,2.9185481520421774e-07,,,,ve,0.0177
chain,20,3,4.0,1.5,204,gibbs,0.022150762727849337,0.049824082278038695,0.0184382955363311,0.03328816430240404,1,2000,,1033.2,1.00271,2000,ve,5.561
chain,20,3,0.0,0.5,205,exact,0.0,0.0,,,1,,,,,,ve,0.0084
chain,20,3,0.0,0.5,205,mf,3.6719759177739066e-16,1.1518563880486e-15,3.667783669373629e-16,3.6845526629747384e-16,1,1,,,,,ve,0.0005
chain,20,3,0.0,0.5,205,lbp,3.559218891835414e-16,1.1518563880486e-15,3.660844775469722e-16,3.25434124093249e-16,1,3,0.0,,,,ve,0.0012
chain,20,3,0.0,0.5,205,gibbs,8.779565616179319e-15,1.8807004564802554e-14,8.974707551197743e-15,8.194139811124047e-15,1,2000,,7921.2,0.99963,2000,ve,5.6833
chain,20,3,0.1,0.5,205,exact,0.0,0.0,,,1,,,,,,ve,0.0085
chain,20,3,0.1,0.5,205,mf,0.0003368873776117309,0.0007078009970038213,0.0003353211775786453,0.0003415859777109877,1,4,,,,,ve,0.0016
chain,20,3,0.1,0.5,205,lbp,1.2541753027050898e-07,2.8856852878067496e-07,1.2725799356140776e-07,1.198961403978127e-07,1,16,2.395335358396089e-07,,,,ve,0.0052
chain,20,3,0.1,0.5,205,gibbs,0.0002324437328288596,0.00047272072218344785,0.00024880216609330833,0.00018336843303551342,1,2000,,8047.8,0.99964,2000,ve,5.6734
chain,20,3,0.25,0.5,205,exact,0.0,0.0,,,1,,,,,,ve,0.008
chain,20,3,0.25,0.5,205,mf,0.002125287705393126,0.004747790018086624,0.002131121361498072,0.002107786737078289,1,5,,,,,ve,0.0021
chain,20,3,0.25,0.5,205,lbp,1.374987824391896e-07,2.6587370914772646e-07,1.2873360125259526e-07,1.637943259989727e-07,1,18,2.751219622121326e-07,,,,ve,0.0058
chain,20,3,0.25,0.5,205,gibbs,0.0006457683666397084,0.0014936441235460646,0.0007286120867304435,0.0003972372063675032,1,2000,,7849.5,0.99987,2000,ve,5.7609
chain,20,3,0.5,0.5,205,exact,0.0,0.0,,,1,,,,,,ve,0.0083
chain,20,3,0.5,0.5,205,mf,0.00921318558814271,0.021682933399261778,0.009187094927244769,0.009291457570836529,1,7,,,,,ve,0.0032
chain,20,3,0.5,0.5,205,lbp,1.9195506247605964e-07,5.774229656918539e-07,1.9118365575087244e-07,1.9426928265162125e-07,1,21,2.7068909058680646e-07,,,,ve,0.0071
chain,20,3,0.5,0.5,205,gibbs,0.0013525749367707856,0.002687693285986621,0.0014983466302842152,0.0009152598562304964,1,2000,,7320.2,1.00028,2000,ve,5.6277
chain,20,3,0.75,0.5,205,exact,0.0,0.0,,,1,,,,,,ve,0.0081
chain,20,3,0.75,0.5,205,mf,0.024407728692909005,0.05637614050364754,0.02468590800316887,0.023573190762129402,1,10,,,,,ve,0.0035
chain,20,3,0.75,0.5,205,lbp,1.4768865851996078e-07,4.3026705515147867e-07,1.4359148561247464e-07,1.599801772424192e-07,1,25,3.131870154327032e-07,,,,ve,0.0077
chain,20,3,0.75,0.5,205,gibbs,0.00234596145136098,0.0044421961516364,0.0025108142288359026,0.0018514031189362124,1,2000,,6824.7,1.00008,2000,ve,5.6943
chain,20,3,1.0,0.5,205,exact,0.0,0.0,,,1,,,,,,ve,0.0079
chain,20,3,1.0,0.5,205,mf,0.05305428692769367,0.1116334521211031,0.05431628297711833,0.04926829877941967,1,14,,,,,ve,0.0056
chain,20,3,1.0,0.5,205,lbp,1.7425425861998174e-07,3.26015322529849e-07,1.7470858312054288e-07,1.7289128511829843e-07,1,29,2.4696717648708955e-07,,,,ve,0.0102
chain,20,3,1.0,0.5,205,gibbs,0.003064539696323078,0.006028503318064111,0.0032702946215080824,0.0024472749207680644,1,2000,,5762.5,0.99993,2000,ve,5.6115
chain,20,3,1.3,0.5,205,exact,0.0,0.0,,,1,,,,,,ve,0.0082
chain,20,3,1.3,0.5,205,mf,0.1200506442540332,0.21745592021502078,0.12413371861562336,0.10780142116926272,1,25,,,,,ve,0.0084
chain,20,3,1.3,0.5,205,lbp,3.485962504991627e-07,8.950880653890714e-07,3.356110685503085e-07,3.8755179634572534e-07,1,33,3.8251611023110144e-07,,,,ve,0.0101
chain,20,3,1.3,0.5,205,gibbs,0.0033396654147540513,0.007971820271698862,0.0036982230635483346,0.0022639924683712015,1,2000,,4916.9,1.00018,2000,ve,5.7629
chain,20,3,1.75,0.5,205,exact,0.0,0.0,,,1,,,,,,ve,0.0095
chain,20,3,1.75,0.5,205,mf,0.26121539665372817,0.4283530500975055,0.26153440596689,0.2602583687142428,1,21,,,,,ve,0.0084
chain,20,3,1.75,0.5,205,lbp,2.5266730772576485e-07,9.840671221506003e-07,2.3576927499763026e-07,3.0336140591016856e-07,1,44,4.6757392913043816e-07,,,,ve,0.0163
chain,20,3,1.75,0.5,205,gibbs,0.004350037109481853,0.008529518748186748,0.0047755762646779455,0.0030734196438935734,1,2000,,3533.5,1.00063,2000,ve,5.8696
chain,20,3,2.5,0.5,205,exact,0.0,0.0,,,1,,,,,,ve,0.0082
chain,20,3,2.5,0.5,205,mf,0.36555821596638216,0.7027536319440741,0.35240783948345134,0.40500934541517475,1,24,,,,,ve,0.0086
chain,20,3,2.5,0.5,205,lbp,7.127509976888845e-08,3.6922902448000006e-07,7.899328894952809e-08,4.8120532226969547e-08,1,60,3.798228757068145e-07,,,,ve,0.0181
chain,20,3,2.5,0.5,205,gibbs,0.009194473376330259,0.018696279141051306,0.009148091585804022,0.00933361874790897,1,2000,,1091.1,1.00339,2000,ve,5.6133
chain,20,3,4.0,0.5,205,exact,0.0,0.0,,,1,,,,,,ve,0.0088
chain,20,3,4.0,0.5,205,mf,0.5055395892441779,0.9597745895696481,0.4802715854900445,0.5813436005065782,1,21,,,,,ve,0.0073
chain,20,3,4.0,0.5,205,lbp,4.815917428394999e-08,4.6524552116400386e-07,5.982456042343796e-08,1.3163015865486071e-08,1,69,3.3855168390939383e-07,,,,ve,0.0227
chain,20,3,4.0,0.5,205,gibbs,0.04208636090649391,0.06208178572056107,0.04262773518724443,0.04046223806424235,0,2000,,57.0,1.06273,2000,ve,7.8583
chain,20,3,0.0,1.5,205,exact,0.0,0.0,,,1,,,,,,ve,0.0094
chain,20,3,0.0,1.5,205,mf,6.208141639651998e-16,2.1094237467877974e-15,5.272981125810834e-16,9.01362318117549e-16,1,1,,,,,ve,0.0005
chain,20,3,0.0,1.5,205,lbp,6.157834658848671e-16,2.040034807748725e-15,5.284545948984013e-16,8.777700788442644e-16,1,3,0.0,,,,ve,0.0013
chain,20,3,0.0,1.5,205,gibbs,6.590604798017985e-15,1.444677710793485e-14,5.888171894508077e-15,8.69790350854771e-15,1,2000,,7881.5,1.00002,2000,ve,6.9696
chain,20,3,0.1,1.5,205,exact,0.0,0.0,,,1,,,,,,ve,0.0103
chain,20,3,0.1,1.5,205,mf,0.00035867676554142457,0.0006113394571017564,0.0003775101370797977,0.0003021766509263051,1,4,,,,,ve,0.0026
chain,20,3,0.1,1.5,205,lbp,7.385798554888391e-08,2.3680276974025194e-07,7.160442741683861e-08,8.061865994501982e-08,1,17,1.5010871895482225e-07,,,,ve,0.0075
chain,20,3,0.1,1.5,205,gibbs,0.00016863054960877588,0.00033749690636916685,0.00017866046678582457,0.00013854079807762987,1,2000,,8073.6,0.99992,2000,ve,7.0312
chain,20,3,0.25,1.5,205,exact,0.0,0.0,,,1,,,,,,ve,0.0086
chain,20,3,0.25,1.5,205,mf,0.0022813895257989616,0.004165189540442994,0.0023725674071711444,0.002007855881682413,1,5,,,,,ve,0.0035
chain,20,3,0.25,1.5,205,lbp,7.534217758850894e-08,1.8592024399188833e-07,7.022407801244209e-08,9.069647631670952e-08,1,19,1.8454523192934502e-07,,,,ve,0.0085
chain,20,3,0.25,1.5,205,gibbs,0.00043516070375458697,0.0010675712725593811,0.0004269889555399403,0.00045967594839852675,1,2000,,8009.6,0.99982,2000,ve,6.8811
chain,20,3,0.5,1.5,205,exact,0.0,0.0,,,1,,,,,,ve,0.0091
chain,20,3,0.5,1.5,205,mf,0.009620781570208181,0.01885994361577342,0.00969589284868317,0.009395447734783211,1,6,,,,,ve,0.0034
chain,20,3,0.5,1.5,205,lbp,8.642278743736104e-08,2.3696051410643237e-07,9.071632196683276e-08,7.354218384894584e-08,1,22,2.1339477868087542e-07,,,,ve,0.01
chain,20,3,0.5,1.5,205,gibbs,0.0009550538565650882,0.00194763266179971,0.0010453812421386132,0.0006840716998445129,1,2000,,7496.6,0.99977,2000,ve,7.0878
chain,20,3,0.75,1.5,205,exact,0.0,0.0,,,1,,,,,,ve,0.0097
chain,20,3,0.75,1.5,205,mf,0.023184589034937798,0.04482949676941761,0.02266073152337828,0.024756161569616342,1,9,,,,,ve,0.0034
chain,20,3,0.75,1.5,205,lbp,1.6024238111171305e-07,6.333274133879518e-07,1.6883468603815416e-07,1.3446546633238965e-07,1,24,3.4334397819302254e-07,,,,ve,0.0078
chain,20,3,0.75,1.5,205,gibbs,0.0015805855104724903,0.004258486646150195,0.0016897047687862712,0.0012532277355311468,1,2000,,6887.7,1.0,2000,ve,6.3855
chain,20,3,1.0,1.5,205,exact,0.0,0.0,,,1,,,,,,ve,0.0082
chain,20,3,1.0,1.5,205,mf,0.04262692648045846,0.07744647643255902,0.0408052484995113,0.04809196042329994,1,14,,,,,ve,0.0059
chain,20,3,1.0,1.5,205,lbp,1.6631981233565346e-07,3.489503222833812e-07,1.667747100826562e-07,1.6495511909464523e-07,1,28,2.967789951013877e-07,,,,ve,0.0109
chain,20,3,1.0,1.5,205,gibbs,0.0021505793830307205,0.0053649576416919115,0.0024160803263962366,0.001354076552934172,1,2000,,6214.6,1.00023,2000,ve,6.4849
chain,20,3,1.3,1.5,205,exact,0.0,0.0,,,1,,,,,,ve,0.0084
chain,20,3,1.3,1.5,205,mf,0.07936407910036858,0.13715913019835216,0.07756063962002,0.08477439754141433,1,48,,,,,ve,0.018
chain,20,3,1.3,1.5,205,lbp,2.3683209988867478e-07,7.9307869410572e-07,2.522337483657512e-07,1.906271544574456e-07,1,32,4.310250871220056e-07,,,,ve,0.0118
chain,20,3,1.3,1.5,205,gibbs,0.0031447158249542674,0.006878797882438115,0.0031692884296495084,0.003070998010868543,1,2000,,5138.1,0.99992,2000,ve,6.5101
chain,20,3,1.75,1.5,205,exact,0.0,0.0,,,1,,,,,,ve,0.0085
chain,20,3,1.75,1.5,205,mf,0.2088666111989394,0.47922375380724,0.2114349954329485,0.201161458496912,1,57,,,,,ve,0.024
chain,20,3,1.75,1.5,205,lbp,3.0737243232924553e-07,7.075679644696908e-07,3.0812685792175796e-07,3.0510915555170826e-07,1,39,3.4535398374391235e-07,,,,ve,0.0159
chain,20,3,1.75,1.5,205,gibbs,0.005558055793887048,0.010893306355045845,0.00546316950927091,0.005842714647735466,1,2000,,3537.2,1.00161,2000,ve,6.7484
chain,20,3,2.5,1.5,205,exact,0.0,0.0,,,1,,,,,,ve,0.0085
chain,20,3,2.5,1.5,205,mf,0.3610472643261034,0.7312034012222512,0.34404087308225034,0.4120664380576623,1,22,,,,,ve,0.0099
chain,20,3,2.5,1.5,205,lbp,1.4536360376244794e-07,6.099813975035673e-07,1.6228572016297252e-07,9.45972545608742e-08,1,55,5.284939723626536e-07,,,,ve,0.0205
chain,20,3,2.5,1.5,205,gibbs,0.01681273100882075,0.032356573217682774,0.01673745368191317,0.01703856298954349,1,2000,,960.7,1.00371,2000,ve,6.6557
chain,20,3,4.0,1.5,205,exact,0.0,0.0,,,1,,,,,,ve,0.0081
chain,20,3,4.0,1.5,205,mf,0.511052468143598,0.9752471150640784,0.4777810990284761,0.6108665754889632,1,19,,,,,ve,0.0056
chain,20,3,4.0,1.5,205,lbp,8.556710121208856e-08,6.728239275617665e-07,1.0553327366180122e-07,2.5668583862950568e-08,1,65,3.7676550734833114e-07,,,,ve,0.0186
chain,20,3,4.0,1.5,205,gibbs,0.037503313408494374,0.08729622255986808,0.03596411196035545,0.04212091775291118,0,2000,,234.8,1.01904,2000,ve,7.1697
chain,20,3,0.0,0.5,206,exact,0.0,0.0,,,1,,,,,,ve,0.0084
chain,20,3,0.0,0.5,206,mf,3.3402100529933423e-16,9.506284648352903e-16,3.5376794086753687e-16,2.7478019859472625e-16,1,1,,,,,ve,0.0008
chain,20,3,0.0,0.5,206,lbp,3.3801086929408085e-16,9.992007221626409e-16,3.570060913560269e-16,2.8102520310824275e-16,1,3,0.0,,,,ve,0.0018
chain,20,3,0.0,0.5,206,gibbs,6.1486406244259936e-15,1.3947176746853529e-14,6.448198456669255e-15,5.249967127696209e-15,1,2000,,7896.5,0.99999,2000,ve,7.1898
chain,20,3,0.1,0.5,206,exact,0.0,0.0,,,1,,,,,,ve,0.0098
chain,20,3,0.1,0.5,206,mf,0.000371438070524208,0.0008302475661166944,0.0003475297305001369,0.0004431630905964212,1,4,,,,,ve,0.0022
chain,20,3,0.1,0.5,206,lbp,1.1581613834602162e-07,2.3262546883229263e-07,1.301586488256535e-07,7.278860690712597e-08,1,17,1.6606243374850393e-07,,,,ve,0.0091
chain,20,3,0.1,0.5,206,gibbs,0.00015111566330305648,0.0003183049542291455,0.00013704756926654458,0.00019331994541259208,1,2000,,7787.5,0.99987,2000,ve,6.9057
chain,20,3,0.25,0.5,206,exact,0.0,0.0,,,1,,,,,,ve,0.0082
chain,20,3,0.25,0.5,206,mf,0.0024445989164802798,0.005388065117559369,0.002344513826210687,0.002744854187289058,1,5,,,,,ve,0.002
chain,20,3,0.25,0.5,206,lbp,1.5859155394811613e-07,2.5607503857660863e-07,1.6996657473747346e-07,1.244664915800442e-07,1,19,2.0713253162663037e-07,,,,ve,0.0066
chain,20,3,0.25,0.5,206,gibbs,0.0004408299378939745,0.001208134534642219,0.0004537121971343155,0.0004021831601729517,1,2000,,7594.8,0.99978,2000,ve,6.8531
chain,20,3,0.5,0.5,206,exact,0.0,0.0,,,1,,,,,,ve,0.009
chain,20,3,0.5,0.5,206,mf,0.011058442294207787,0.023440711346274568,0.011042117191300977,0.011107417602928205,1,7,,,,,ve,0.0039
chain,20,3,0.5,0.5,206,lbp,2.0062319717839388e-07,3.966473216682198e-07,1.984860956983382e-07,2.0703450161856097e-07,1,22,2.5980809664760685e-07,,,,ve,0.0089
chain,20,3,0.5,0.5,206,gibbs,0.0011390111113091905,0.0031703783273654695,0.001152805317129252,0.001097628493849007,1,2000,,6870.2,0.99978,2000,ve,6.8177
chain,20,3,0.75,0.5,206,exact,0.0,0.0,,,1,,,,,,ve,0.01
chain,20,3,0.75,0.5,206,mf,0.027736765394466106,0.0554714375263753,0.02826720440706104,0.026145448356681318,1,11,,,,,ve,0.0043
chain,20,3,0.75,0.5,206,lbp,2.501362763331332e-07,5.633344148589514e-07,2.3301812116151983e-07,3.0149074184797344e-07,1,25,3.281441589564338e-07,,,,ve,0.0101
chain,20,3,0.75,0.5,206,gibbs,0.0018012060975040676,0.0050392610842228125,0.0018645676858165235,0.0016111213325667004,1,2000,,5763.2,0.9998,2000,ve,6.9392
chain,20,3,1.0,0.5,206,exact,0.0,0.0,,,1,,,,,,ve,0.0095
chain,20,3,1.0,0.5,206,mf,0.05236189341200039,0.09322973091942768,0.052419583546217,0.05218882300935055,1,21,,,,,ve,0.0092
chain,20,3,1.0,0.5,206,lbp,3.445569449478814e-07,6.302377065642295e-07,3.4099352774006007e-07,3.5524719657134553e-07,1,28,3.7729424834376246e-07,,,,ve,0.0119
chain,20,3,1.0,0.5,206,gibbs,0.0032909754784522585,0.01062665895118485,0.003658147842031592,0.0021894583877142587,1,2000,,5017.2,1.00036,2000,ve,7.1141
chain,20,3,1.3,0.5,206,exact,0.0,0.0,,,1,,,,,,ve,0.0095
chain,20,3,1.3,0.5,206,mf,0.10922206831567705,0.23443915456864178,0.10310741219581833,0.12756603667525326,1,24,,,,,ve,0.0106
chain,20,3,1.3,0.5,206,lbp,3.0332525817662083e-07,5.166299419795406e-07,3.27785723388344e-07,2.2994386254145127e-07,1,33,4.095334705245257e-07,,,,ve,0.0128
chain,20,3,1.3,0.5,206,gibbs,0.0035115816305632216,0.011725112182463582,0.003890791567517175,0.00237395181970136,1,2000,,3618.2,1.00083,2000,ve,6.8665
chain,20,3,1.75,0.5,206,exact,0.0,0.0,,,1,,,,,,ve,0.0092
chain,20,3,1.75,0.5,206,mf,0.1548552066630693,0.303689003097381,0.15317558425483307,0.15989407388777802,1,28,,,,,ve,0.0127
chain,20,3,1.75,0.5,206,lbp,2.7740456417026407e-07,8.855527375145611e-07,2.9708210758084705e-07,2.1837193393851525e-07,1,40,4.5837134432513693e-07,,,,ve,0.0168
chain,20,3,1.75,0.5,206,gibbs,0.0045039529020527175,0.011712910458493764,0.005217674238186829,0.0023627888936503844,1,2000,,2442.1,1.0033,2000,ve,7.2199
chain,20,3,2.5,0.5,206,exact,0.0,0.0,,,1,,,,,,ve,0.0082
chain,20,3,2.5,0.5,206,mf,0.2383265419885427,0.8280777627498672,0.2022197757775179,0.3466468406216171,1,16,,,,,ve,0.0063
chain,20,3,2.5,0.5,206,lbp,1.276273142975068e-07,6.761523921802737e-07,1.3035261970998786e-07,1.1945139806006365e-07,1,48,4.113405893679811e-07,,,,ve,0.0165
chain,20,3,2.5,0.5,206,gibbs,0.002960696127775705,0.006121903465666566,0.003088175997529255,0.0025782565185150557,1,2000,,1319.0,1.00719,2000,ve,6.9374
chain,20,3,4.0,0.5,206,exact,0.0,0.0,,,1,,,,,,ve,0.0087
chain,20,3,4.0,0.5,206,mf,0.25583846603428845,0.9884443281303525,0.20834985642844367,0.398304294851823,1,12,,,,,ve,0.0057
chain,20,3,4.0,0.5,206,lbp,5.54518266103761e-08,4.781055976434134e-07,6.029142722019828e-08,4.093302478090958e-08,1,50,3.658706548836932e-07,,,,ve,0.0217
chain,20,3,4.0,0.5,206,gibbs,0.002104068440328022,0.00921998238200869,0.002388555201091936,0.001250608158036277,1,2000,,1076.1,1.00066,2000,ve,6.8891
chain,20,3,0.0,1.5,206,exact,0.0,0.0,,,1,,,,,,ve,0.0084
chain,20,3,0.0,1.5,206,mf,5.390653201597928e-16,1.1726730697603216e-15,5.66098094327098e-16,4.579669976578771e-16,1,1,,,,,ve,0.0007
chain,20,3,0.0,1.5,206,lbp,5.394556329418876e-16,1.1726730697603216e-15,5.696253653949176e-16,4.489464355827977e-16,1,3,0.0,,,,ve,0.0018
chain,20,3,0.0,1.5,206,gibbs,6.056787016373022e-15,1.514760539222948e-14,6.255412854372366e-15,5.460909502374989e-15,1,2000,,7861.6,1.00044,2000,ve,7.0826
chain,20,3,0.1,1.5,206,exact,0.0,0.0,,,1,,,,,,ve,0.009
chain,20,3,0.1,1.5,206,mf,0.0004052903165990045,0.0006650417046350464,0.0004193880147831711,0.00036299722204650444,1,4,,,,,ve,0.0022
chain,20,3,0.1,1.5,206,lbp,7.086745631009958e-08,1.4887908355090684e-07,7.360673282425419e-08,6.264962676763575e-08,1,17,1.675811599488597e-07,,,,ve,0.007
chain,20,3,0.1,1.5,206,gibbs,0.00016469144363312518,0.00047821965053568977,0.00017929881767028607,0.00012086932152164248,1,2000,,7984.5,1.00032,2000,ve,7.1104
chain,20,3,0.25,1.5,206,exact,0.0,0.0,,,1,,,,,,ve,0.0093
chain,20,3,0.25,1.5,206,mf,0.002430819547697871,0.004005065755987802,0.00253282155004745,0.002124813540649132,1,5,,,,,ve,0.0031
chain,20,3,0.25,1.5,206,lbp,5.8478582624487544e-08,1.6174092799109419e-07,6.424543629532838e-08,4.117802161196504e-08,1,19,1.764551833538519e-07,,,,ve,0.0089
chain,20,3,0.25,1.5,206,gibbs,0.00040924307609565766,0.0011294509919250462,0.00042058720400584053,0.0003752106923651091,1,2000,,8094.2,1.00016,2000,ve,6.9913
chain,20,3,0.5,1.5,206,exact,0.0,0.0,,,1,,,,,,ve,0.0084
chain,20,3,0.5,1.5,206,mf,0.009148806558708866,0.015821722333701937,0.009461006526682707,0.008212206654787358,1,7,,,,,ve,0.0029
chain,20,3,0.5,1.5,206,lbp,1.14896778386029e-07,2.2571480584598902e-07,1.1759761219566623e-07,1.067942769571173e-07,1,21,2.4883019889010427e-07,,,,ve,0.0088
chain,20,3,0.5,1.5,206,gibbs,0.00087534385349687,0.0022927700215163715,0.0008324437223360714,0.0010040442469792655,1,2000,,7744.5,1.00024,2000,ve,6.8734
chain,20,3,0.75,1.5,206,exact,0.0,0.0,,,1,,,,,,ve,0.0088
chain,20,3,0.75,1.5,206,mf,0.020529135942027363,0.039760619477432396,0.02039514497770992,0.0209311088349797,1,10,,,,,ve,0.004
chain,20,3,0.75,1.5,206,lbp,2.053166889025293e-07,4.778874180544346e-07,1.9850821186423914e-07,2.257421200173998e-07,1,23,3.533888083828707e-07,,,,ve,0.011
chain,20,3,0.75,1.5,206,gibbs,0.0013401427561327596,0.0036525633544562813,0.0012601445311209527,0.0015801374311681805,1,2000,,7089.3,0.99999,2000,ve,6.8658
chain,20,3,1.0,1.5,206,exact,0.0,0.0,,,1,,,,,,ve,0.0091
chain,20,3,1.0,1.5,206,mf,0.041945824319112694,0.08311187282319339,0.04121763292633303,0.04413039849745172,1,15,,,,,ve,0.0076
chain,20,3,1.0,1.5,206,lbp,2.4298569459907033e-07,6.131182802987523e-07,2.488103194369281e-07,2.255118200854972e-07,1,26,3.4641248863875873e-07,,,,ve,0.0115
chain,20,3,1.0,1.5,206,gibbs,0.00212685557683097,0.004790846533817748,0.0022180548797742596,0.0018532576680011029,1,2000,,6118.7,0.99998,2000,ve,7.1031
chain,20,3,1.3,1.5,206,exact,0.0,0.0,,,1,,,,,,ve,0.0091
chain,20,3,1.3,1.5,206,mf,0.10720914828852168,0.209304194572798,0.1070643478243522,0.10764354968103011,1,24,,,,,ve,0.0111
chain,20,3,1.3,1.5,206,lbp,2.2354224774916382e-07,8.902125389759208e-07,2.666405288806259e-07,9.424740435477752e-08,1,31,3.6346786158603095e-07,,,,ve,0.0135
chain,20,3,1.3,1.5,206,gibbs,0.004284626806479973,0.010035817718549112,0.004324823724158196,0.004164036053445307,1,2000,,5328.0,1.00018,2000,ve,7.1085
chain,20,3,1.75,1.5,206,exact,0.0,0.0,,,1,,,,,,ve,0.009
chain,20,3,1.75,1.5,206,mf,0.2264509982139467,0.3855205044467034,0.22401123860223623,0.23377027704907788,1,17,,,,,ve,0.0079
chain,20,3,1.75,1.5,206,lbp,1.1213605624736276e-07,8.112849662761379e-07,1.3749825582512188e-07,3.604945751408545e-08,1,41,3.68025905139735e-07,,,,ve,0.017
chain,20,3,1.75,1.5,206,gibbs,0.0047325987106425875,0.014635469817656954,0.004809679533702208,0.004501356241463726,1,2000,,3873.8,1.00029,2000,ve,6.8849
chain,20,3,2.5,1.5,206,exact,0.0,0.0,,,1,,,,,,ve,0.0093
chain,20,3,2.5,1.5,206,mf,0.3364802223907585,0.6352388315838428,0.3267083408871339,0.36579586690163207,1,18,,,,,ve,0.008
chain,20,3,2.5,1.5,206,lbp,1.2975795370749436e-07,1.1704871249462734e-06,1.6827470780894522e-07,1.4207691403141792e-08,1,53,4.0183088323431093e-07,,,,ve,0.0202
chain,20,3,2.5,1.5,206,gibbs,0.006322576441315793,0.015533098667110778,0.005825799437027333,0.007812907454181176,1,2000,,1116.3,1.00634,2000,ve,7.0141
chain,20,3,4.0,1.5,206,exact,0.0,0.0,,,1,,,,,,ve,0.0088
chain,20,3,4.0,1.5,206,mf,0.285770833960029,0.9593280886797341,0.2457189443563177,0.40592650277116304,1,15,,,,,ve,0.0062
chain,20,3,4.0,1.5,206,lbp,1.2043239877705012e-07,1.328291936213144e-06,1.4941262823422726e-07,3.349171040551878e-08,1,60,4.219369080793456e-07,,,,ve,0.0271
chain,20,3,4.0,1.5,206,gibbs,0.011076092173871888,0.021173922144855625,0.010924724139092552,0.011530196278209897,0,2000,,136.5,1.01584,2000,ve,6.807
chain,20,3,0.0,0.5,207,exact,0.0,0.0,,,1,,,,,,ve,0.0087
chain,20,3,0.0,0.5,207,mf,5.686423554251974e-16,1.2906342661267445e-15,5.780098621954721e-16,5.405398351143731e-16,1,1,,,,,ve,0.0008
chain,20,3,0.0,0.5,207,lbp,5.787037515858629e-16,1.2906342661267445e-15,5.895746853686509e-16,5.460909502374989e-16,1,3,0.0,,,,ve,0.0015
chain,20,3,0.0,0.5,207,gibbs,9.39057859250525e-15,1.8443579996585413e-14,9.866644538429152e-15,7.962380754733545e-15,1,2000,,7839.5,0.99976,2000,ve,7.1983
chain,20,3,0.1,0.5,207,exact,0.0,0.0,,,1,,,,,,ve,0.0079
chain,20,3,0.1,0.5,207,mf,0.0003734023070870804,0.000716584905640319,0.0003374569733188786,0.0004812383083916856,1,4,,,,,ve,0.0019
chain,20,3,0.1,0.5,207,lbp,1.0890401887083887e-07,2.02666514901792e-07,1.1232535387292279e-07,9.864001386458709e-08,1,17,1.568307440580341e-07,,,,ve,0.0067
chain,20,3,0.1,0.5,207,gibbs,0.00015381356703062952,0.0004376079252057241,0.00016803407747813652,0.0001111520356881085,1,2000,,7787.1,0.99986,2000,ve,6.768
chain,20,3,0.25,0.5,207,exact,0.0,0.0,,,1,,,,,,ve,0.0084
chain,20,3,0.25,0.5,207,mf,0.002360167115723225,0.004756955999849578,0.002027701601074381,0.003357563659669758,1,5,,,,,ve,0.002
chain,20,3,0.25,0.5,207,lbp,9.321053151363153e-08,2.108560476082877e-07,1.0728920950102416e-07,5.0974497551453667e-08,1,19,1.854308226967305e-07,,,,ve,0.0071
chain,20,3,0.25,0.5,207,gibbs,0.00044994172498077624,0.0010524974836416956,0.0004673339987165978,0.0003977649037733115,1,2000,,7546.4,0.99977,2000,ve,6.92
chain,20,3,0.5,0.5,207,exact,0.0,0.0,,,1,,,,,,ve,0.0087
chain,20,3,0.5,0.5,207,mf,0.010256638690401842,0.020939911866952217,0.008364797217763793,0.015932163108315987,1,7,,,,,ve,0.0038
chain,20,3,0.5,0.5,207,lbp,1.1252935125279085e-07,2.4754880903476995e-07,1.0593717325452223e-07,1.3230588524759668e-07,1,22,2.351913106490855e-07,,,,ve,0.0111
chain,20,3,0.5,0.5,207,gibbs,0.0009980345740687332,0.002297476248330488,0.0011345160654815472,0.0005885900998302905,1,2000,,6566.8,1.00033,2000,ve,6.6884
chain,20,3,0.75,0.5,207,exact,0.0,0.0,,,1,,,,,,ve,0.0084
chain,20,3,0.75,0.5,207,mf,0.026138281424948017,0.04997049459479325,0.021309298163022437,0.04062523121072477,1,10,,,,,ve,0.0043
chain,20,3,0.75,0.5,207,lbp,1.844446867504783e-07,3.492582445786818e-07,1.8261414989236002e-07,1.899362973248331e-07,1,24,2.6595494656556085e-07,,,,ve,0.0089
chain,20,3,0.75,0.5,207,gibbs,0.0016000350842977611,0.003955227928039776,0.0017576841045963932,0.001127088023401865,1,2000,,6019.4,1.00025,2000,ve,6.9385
chain,20,3,1.0,0.5,207,exact,0.0,0.0,,,1,,,,,,ve,0.0085
chain,20,3,1.0,0.5,207,mf,0.05064658602582345,0.08658705998424683,0.04238417524532164,0.07543381836732888,1,16,,,,,ve,0.006
chain,20,3,1.0,0.5,207,lbp,1.9885660880554143e-07,5.543914788075366e-07,2.3966222325554066e-07,7.643976545554376e-08,1,27,3.352752138141568e-07,,,,ve,0.0089
chain,20,3,1.0,0.5,207,gibbs,0.002880777708609874,0.007704299936355779,0.0032866707048946017,0.0016630987197556908,1,2000,,5111.1,1.00019,2000,ve,6.8001
chain,20,3,1.3,0.5,207,exact,0.0,0.0,,,1,,,,,,ve,0.0085
chain,20,3,1.3,0.5,207,mf,0.08887606867533268,0.13573403367461748,0.07866925600669324,0.11949650668125104,1,33,,,,,ve,0.0155
chain,20,3,1.3,0.5,207,lbp,2.6388967852425396e-07,9.21351866731146e-07,3.134862054541878e-07,1.151000977344524e-07,1,31,4.049034322273215e-07,,,,ve,0.0136
chain,20,3,1.3,0.5,207,gibbs,0.003386456811466787,0.010753154198459984,0.0034243912056802356,0.00327265362882644,1,2000,,4474.0,1.00075,2000,ve,7.1307
chain,20,3,1.75,0.5,207,exact,0.0,0.0,,,1,,,,,,ve,0.0083
chain,20,3,1.75,0.5,207,mf,0.1875937467699576,0.349752499884941,0.1921087890246476,0.17404862000588753,1,42,,,,,ve,0.019
chain,20,3,1.75,0.5,207,lbp,2.5286098457094274e-07,8.228847215852042e-07,2.2619090911790013e-07,3.328712109300705e-07,1,39,4.845441087253377e-07,,,,ve,0.0161
chain,20,3,1.75,0.5,207,gibbs,0.006467898873820798,0.017732476831708262,0.006841251992950158,0.005347839516432723,1,2000,,4079.4,1.00049,2000,ve,6.7812
chain,20,3,2.5,0.5,207,exact,0.0,0.0,,,1,,,,,,ve,0.0086
chain,20,3,2.5,0.5,207,mf,0.2922653399853347,0.5302712631536639,0.308810785373016,0.24262900382229113,1,66,,,,,ve,0.0276
chain,20,3,2.5,0.5,207,lbp,1.2491264963704948e-07,8.17498826133356e-07,1.3751456290900243e-07,8.71069098211906e-08,1,52,3.43125981350223e-07,,,,ve,0.019
chain,20,3,2.5,0.5,207,gibbs,0.008938423919205523,0.021558009074847687,0.00956631959741098,0.007054736884589151,1,2000,,2521.4,1.00051,2000,ve,6.7323
chain,20,3,4.0,0.5,207,exact,0.0,0.0,,,1,,,,,,ve,0.0082
chain,20,3,4.0,0.5,207,mf,0.3817135966148391,0.6083279048398258,0.40663580044443903,0.30694698512603924,1,30,,,,,ve,0.0145
chain,20,3,4.0,0.5,207,lbp,1.3686227338298797e-07,1.401852123678743e-06,1.6455817514596745e-07,5.3774568094049587e-08,1,68,3.9306367571878553e-07,,,,ve,0.0249
chain,20,3,4.0,0.5,207,gibbs,0.06605267009666645,0.07868710487297093,0.06717621923110209,0.06268202269335946,0,2000,,119.4,1.03069,2000,ve,6.9732
chain,20,3,0.0,1.5,207,exact,0.0,0.0,,,1,,,,,,ve,0.0087
chain,20,3,0.0,1.5,207,mf,5.876809455740428e-16,1.7069679003611782e-15,5.145768070905869e-16,8.069933610244106e-16,1,1,,,,,ve,0.0006
chain,20,3,0.0,1.5,207,lbp,5.821731985378165e-16,1.7069679003611782e-15,5.081583302294727e-16,8.042178034628478e-16,1,3,0.0,,,,ve,0.0013
chain,20,3,0.0,1.5,207,gibbs,7.32469640496447e-15,1.607047828144914e-14,7.181523894080518e-15,7.754213937616328e-15,1,2000,,7931.2,1.0,2000,ve,6.7736
chain,20,3,0.1,1.5,207,exact,0.0,0.0,,,1,,,,,,ve,0.0084
chain,20,3,0.1,1.5,207,mf,0.0003649182285717392,0.0005855975724428364,0.0003560857247302585,0.0003914157400961814,1,4,,,,,ve,0.0032
chain,20,3,0.1,1.5,207,lbp,1.1134347877752964e-07,2.51193159279961e-07,9.557618376703168e-08,1.586453638090235e-07,1,17,1.6899226096267483e-07,,,,ve,0.0076
chain,20,3,0.1,1.5,207,gibbs,0.00012769122477515154,0.0004739871114059768,0.00013790896643545435,9.703799979424304e-05,1,2000,,7959.5,1.00003,2000,ve,6.9507
chain,20,3,0.25,1.5,207,exact,0.0,0.0,,,1,,,,,,ve,0.0083
chain,20,3,0.25,1.5,207,mf,0.0024186103270900073,0.0037540906093663506,0.002304732781424101,0.002760242964087727,1,5,,,,,ve,0.0022
chain,20,3,0.25,1.5,207,lbp,1.116348205945205e-07,2.3755987895585085e-07,1.1617817503162033e-07,9.8004757283221e-08,1,19,2.2559445372882792e-07,,,,ve,0.0069
chain,20,3,0.25,1.5,207,gibbs,0.0003837948432250156,0.00139110696156039,0.0003977645940855793,0.0003418855906433246,1,2000,,7892.3,0.99995,2000,ve,6.9024
chain,20,3,0.5,1.5,207,exact,0.0,0.0,,,1,,,,,,ve,0.0085
chain,20,3,0.5,1.5,207,mf,0.010187046448865112,0.016063357816635385,0.009382197087767519,0.01260159453215789,1,6,,,,,ve,0.0032
chain,20,3,0.5,1.5,207,lbp,7.347065694544852e-08,1.9484865435709375e-07,8.097879088467264e-08,5.0946255127776174e-08,1,22,2.620072302450538e-07,,,,ve,0.0082
chain,20,3,0.5,1.5,207,gibbs,0.0006416153008901598,0.0022205039301025353,0.0006900897369207734,0.0004961919927983192,1,2000,,7368.9,1.00021,2000,ve,6.7494
chain,20,3,0.75,1.5,207,exact,0.0,0.0,,,1,,,,,,ve,0.0085
chain,20,3,0.75,1.5,207,mf,0.02254274657262833,0.038482736301301314,0.020378415795966234,0.029035738902614593,1,8,,,,,ve,0.0044
chain,20,3,0.75,1.5,207,lbp,9.34730556083254e-08,2.0995310073823603e-07,9.411005364069978e-08,9.156206151120227e-08,1,24,2.719351170910045e-07,,,,ve,0.0117
chain,20,3,0.75,1.5,207,gibbs,0.0010110881692848314,0.0036633357493747326,0.0010882981259250231,0.0007794582993642558,1,2000,,6531.3,1.00008,2000,ve,6.7111
chain,20,3,1.0,1.5,207,exact,0.0,0.0,,,1,,,,,,ve,0.0086
chain,20,3,1.0,1.5,207,mf,0.0374517432410198,0.06926221229701857,0.03424612452319664,0.04706859939448925,1,10,,,,,ve,0.0052
chain,20,3,1.0,1.5,207,lbp,1.0083434846587264e-07,2.6697938992903403e-07,1.0257760828920904e-07,9.560456899586345e-08,1,26,3.0468632949975927e-07,,,,ve,0.0122
chain,20,3,1.0,1.5,207,gibbs,0.001583405193226872,0.004654394223460673,0.0017244430814954235,0.001160291528421218,1,2000,,5755.4,0.99972,2000,ve,6.9671
chain,20,3,1.3,1.5,207,exact,0.0,0.0,,,1,,,,,,ve,0.0085
chain,20,3,1.3,1.5,207,mf,0.056651356669387386,0.10859203592039135,0.05493174119405144,0.06181020309539524,1,14,,,,,ve,0.0061
chain,20,3,1.3,1.5,207,lbp,1.0761147515947564e-07,3.637161680447587e-07,1.1771511195075973e-07,7.730056478562342e-08,1,29,2.2534105825755546e-07,,,,ve,0.0123
chain,20,3,1.3,1.5,207,gibbs,0.0018629921404776783,0.006385152316859252,0.0019195011741758657,0.0016934650393831154,1,2000,,4809.0,1.00008,2000,ve,6.8009
chain,20,3,1.75,1.5,207,exact,0.0,0.0,,,1,,,,,,ve,0.0089
chain,20,3,1.75,1.5,207,mf,0.08744642724871117,0.17547587085223176,0.09175505979926511,0.07452052959704933,1,22,,,,,ve,0.0093
chain,20,3,1.75,1.5,207,lbp,6.841327525598491e-08,2.027788555819532e-07,6.957287398396603e-08,6.493447907204159e-08,1,35,3.6742382902854587e-07,,,,ve,0.0142
chain,20,3,1.75,1.5,207,gibbs,0.0031880549169050697,0.009796263021179807,0.003345303660860132,0.002716308685039883,1,2000,,3945.6,1.00026,2000,ve,6.6083
chain,20,3,2.5,1.5,207,exact,0.0,0.0,,,1,,,,,,ve,0.0081
chain,20,3,2.5,1.5,207,mf,0.14343875080876828,0.4166731461860918,0.14183855336018994,0.1482393431545033,1,34,,,,,ve,0.0135
chain,20,3,2.5,1.5,207,lbp,1.0269187296337653e-07,2.939238229610064e-07,1.0489095244997897e-07,9.609463450356917e-08,1,46,4.3610797600956985e-07,,,,ve,0.0164
chain,20,3,2.5,1.5,207,gibbs,0.007801642708920084,0.020879805473838622,0.00732430102473504,0.009233667761475219,1,2000,,2049.2,1.00093,2000,ve,6.4169
chain,20,3,4.0,1.5,207,exact,0.0,0.0,,,1,,,,,,ve,0.0083
chain,20,3,4.0,1.5,207,mf,0.25147336034799184,0.5860179882925204,0.25908050012408407,0.22865194101971525,1,22,,,,,ve,0.01
chain,20,3,4.0,1.5,207,lbp,6.853049681418021e-08,7.577501072719706e-07,8.587528671118534e-08,1.649612712316482e-08,1,66,3.0867694211789143e-07,,,,ve,0.0316
chain,20,3,4.0,1.5,207,gibbs,0.07119020800771585,0.11663619948242293,0.07812683770972993,0.050380318901673604,0,2000,,301.0,1.02571,2000,ve,6.7851
chain,20,3,0.0,0.5,208,exact,0.0,0.0,,,1,,,,,,ve,0.0084
chain,20,3,0.0,0.5,208,mf,3.590010233534002e-16,6.938893903907228e-16,3.668361910532288e-16,3.354955202539145e-16,1,1,,,,,ve,0.0007
chain,20,3,0.0,0.5,208,lbp,3.56398938139435e-16,6.938893903907228e-16,3.6475452288205666e-16,3.3133218391157016e-16,1,3,0.0,,,,ve,0.0015
chain,20,3,0.0,0.5,208,gibbs,6.5340961807880406e-15,1.9637069748057456e-14,6.7524689543555875e-15,5.878977860085399e-15,1,2000,,8166.9,0.99995,2000,ve,6.5795
chain,20,3,0.1,0.5,208,exact,0.0,0.0,,,1,,,,,,ve,0.0081
chain,20,3,0.1,0.5,208,mf,0.0004139833006117499,0.0006708402273779453,0.000405016989063695,0.0004408822352559145,1,4,,,,,ve,0.0016
chain,20,3,0.1,0.5,208,lbp,7.494692746187054e-08,2.2479169937972276e-07,7.494084908604704e-08,7.496516258934106e-08,1,17,1.6473176289721891e-07,,,,ve,0.0058
chain,20,3,0.1,0.5,208,gibbs,0.0001408321621853689,0.00048612117446530934,0.00011552868482500798,0.00021674259426645166,1,2000,,7996.3,0.99998,2000,ve,6.5096
chain,20,3,0.25,0.5,208,exact,0.0,0.0,,,1,,,,,,ve,0.0083
chain,20,3,0.25,0.5,208,mf,0.002642127917167559,0.004298090464495873,0.002512399977062543,0.0030313117374826067,1,5,,,,,ve,0.0021
chain,20,3,0.25,0.5,208,lbp,6.79084295625125e-08,1.473733079876416e-07,6.739741819801007e-08,6.944146365601977e-08,1,19,1.9976862247750304e-07,,,,ve,0.0069
chain,20,3,0.25,0.5,208,gibbs,0.0003249163514960294,0.0012265129304209338,0.0002806195287091989,0.00045780681985652105,1,2000,,7349.7,1.00054,2000,ve,6.7544
chain,20,3,0.5,0.5,208,exact,0.0,0.0,,,1,,,,,,ve,0.0088
chain,20,3,0.5,0.5,208,mf,0.010939565422972117,0.018046105744128935,0.00999303588117954,0.013779154048349845,1,7,,,,,ve,0.0039
chain,20,3,0.5,0.5,208,lbp,1.4969563990234815e-07,3.7785941538193146e-07,1.3197837655220164e-07,2.028474299527877e-07,1,21,2.975660429171967e-07,,,,ve,0.0103
chain,20,3,0.5,0.5,208,gibbs,0.0007426799296607476,0.002549217731144582,0.000744685252494005,0.0007366639611609754,1,2000,,6740.9,1.00018,2000,ve,6.6869
chain,20,3,0.75,0.5,208,exact,0.0,0.0,,,1,,,,,,ve,0.0087
chain,20,3,0.75,0.5,208,mf,0.026197793025312388,0.044118367071787824,0.02364042830855789,0.033869887175575875,1,10,,,,,ve,0.0042
chain,20,3,0.75,0.5,208,lbp,8.355585559725528e-08,1.6646434368439156e-07,7.583659075878028e-08,1.067136501126803e-07,1,25,1.9071996354425025e-07,,,,ve,0.0101
chain,20,3,0.75,0.5,208,gibbs,0.0016589000855354243,0.004777909000304753,0.0017382391973386026,0.0014208827501258885,1,2000,,5899.4,1.00049,2000,ve,6.5211
chain,20,3,1.0,0.5,208,exact,0.0,0.0,,,1,,,,,,ve,0.0083
chain,20,3,1.0,0.5,208,mf,0.04880985071538235,0.08593106932248767,0.044307007126725514,0.062318381481352894,1,15,,,,,ve,0.0064
chain,20,3,1.0,0.5,208,lbp,1.2981269101831546e-07,3.0515333886149687e-07,1.4303473275997328e-07,9.014656579334202e-08,1,27,2.2805844385187513e-07,,,,ve,0.0112
chain,20,3,1.0,0.5,208,gibbs,0.0032672345318688276,0.00794584782128685,0.0034325112459354244,0.002771404389669038,1,2000,,5381.8,1.00052,2000,ve,6.4185
chain,20,3,1.3,0.5,208,exact,0.0,0.0,,,1,,,,,,ve,0.0084
chain,20,3,1.3,0.5,208,mf,0.09251757209499104,0.17570361728604494,0.08941231094010497,0.10183335555964923,1,23,,,,,ve,0.0136
chain,20,3,1.3,0.5,208,lbp,2.55074699639056e-07,6.572141795710418e-07,2.8294010579211586e-07,1.714784811798764e-07,1,30,4.980214497463109e-07,,,,ve,0.0139
chain,20,3,1.3,0.5,208,gibbs,0.0036247270983184752,0.008800187781188878,0.0034591523312832947,0.004121451399424017,1,2000,,4863.4,1.00048,2000,ve,6.0499
chain,20,3,1.75,0.5,208,exact,0.0,0.0,,,1,,,,,,ve,0.0084
chain,20,3,1.75,0.5,208,mf,0.18599595863909285,0.3429622347519832,0.19251555419156333,0.16643717198168154,1,53,,,,,ve,0.0183
chain,20,3,1.75,0.5,208,lbp,1.546355045393532e-07,4.235081568146337e-07,1.607224678817909e-07,1.3637461451204008e-07,1,38,4.236969391446799e-07,,,,ve,0.0121
chain,20,3,1.75,0.5,208,gibbs,0.006452076197446352,0.01588829492152401,0.006787589595879765,0.0054455360021461105,1,2000,,4022.5,1.00052,2000,ve,5.4739
chain,20,3,2.5,0.5,208,exact,0.0,0.0,,,1,,,,,,ve,0.0084
chain,20,3,2.5,0.5,208,mf,0.3900312170264836,0.6341040969736145,0.4025049140533511,0.3526101259458808,1,21,,,,,ve,0.0073
chain,20,3,2.5,0.5,208,lbp,3.555132584556536e-07,1.3867588047195012e-06,3.713126421400643e-07,3.0811510740242146e-07,1,47,4.845418556664871e-07,,,,ve,0.0145
chain,20,3,2.5,0.5,208,gibbs,0.008142904555463615,0.016647452222427056,0.007875827269890947,0.008944136412181624,1,2000,,2062.4,1.0011,2000,ve,5.4909
chain,20,3,4.0,0.5,208,exact,0.0,0.0,,,1,,,,,,ve,0.2659
chain,20,3,4.0,0.5,208,mf,0.653023146126602,0.8593190789397323,0.6741466498369252,0.5896526349956331,1,22,,,,,ve,0.0061
chain,20,3,4.0,0.5,208,lbp,1.6253499434285088e-07,1.1857060937120467e-06,1.7726370157650795e-07,1.1834887264187966e-07,1,69,4.3423905310424615e-07,,,,ve,0.0168
chain,20,3,4.0,0.5,208,gibbs,0.028109881874672605,0.04892213752602856,0.029843934981588556,0.02290772255392476,0,2000,,187.4,1.02213,2000,ve,5.3723
chain,20,3,0.0,1.5,208,exact,0.0,0.0,,,1,,,,,,ve,0.0082
chain,20,3,0.0,1.5,208,mf,5.667341596016229e-16,1.5300261058115439e-15,5.116277771814263e-16,7.320533068622126e-16,1,1,,,,,ve,0.0006
chain,20,3,0.0,1.5,208,lbp,5.616167253474913e-16,1.5300261058115439e-15,5.034167527284694e-16,7.362166432045569e-16,1,3,0.0,,,,ve,0.0012
chain,20,3,0.0,1.5,208,gibbs,5.702036065535765e-15,1.8943180357666733e-14,5.476637661890512e-15,6.378231276471525e-15,1,2000,,7873.3,1.00008,2000,ve,5.3525
chain,20,3,0.1,1.5,208,exact,0.0,0.0,,,1,,,,,,ve,0.0116
chain,20,3,0.1,1.5,208,mf,0.000312621029326134,0.0005897223555070136,0.0003046965428954343,0.00033639448861823296,1,4,,,,,ve,0.0018
chain,20,3,0.1,1.5,208,lbp,9.093262370541908e-08,2.3104971084812742e-07,7.662059920467608e-08,1.3386869720764804e-07,1,17,1.7446643252316818e-07,,,,ve,0.0058
chain,20,3,0.1,1.5,208,gibbs,0.00010475522984895501,0.0004071552088715097,8.865226917635603e-05,0.00015306411186675196,1,2000,,7869.7,1.00032,2000,ve,5.0715
chain,20,3,0.25,1.5,208,exact,0.0,0.0,,,1,,,,,,ve,0.0082
chain,20,3,0.25,1.5,208,mf,0.002008570050246285,0.0037017551212374725,0.0018975533839927256,0.002341620049006962,1,5,,,,,ve,0.0017
chain,20,3,0.25,1.5,208,lbp,7.571387155270135e-08,2.1203154758342446e-07,6.577035266078917e-08,1.055444282284379e-07,1,19,2.1566470920220127e-07,,,,ve,0.0055
chain,20,3,0.25,1.5,208,gibbs,0.0002969425471241215,0.0012235317786834787,0.0002659881428217419,0.0003898057600312605,1,2000,,7713.7,1.00015,2000,ve,5.0478
chain,20,3,0.5,1.5,208,exact,0.0,0.0,,,1,,,,,,ve,0.0087
chain,20,3,0.5,1.5,208,mf,0.008250037189058855,0.01538531703770507,0.00750867709747145,0.010474117463821068,1,6,,,,,ve,0.0022
chain,20,3,0.5,1.5,208,lbp,5.703036904422358e-08,1.373588642966661e-07,5.5453209746603636e-08,6.176184693708342e-08,1,22,1.9481175661528738e-07,,,,ve,0.0062
chain,20,3,0.5,1.5,208,gibbs,0.0007755104927374512,0.002366300733565141,0.0006176460671763385,0.0012491037694207893,1,2000,,7541.0,1.00092,2000,ve,5.0362
chain,20,3,0.75,1.5,208,exact,0.0,0.0,,,1,,,,,,ve,0.0084
chain,20,3,0.75,1.5,208,mf,0.018655492784424948,0.035464712668413,0.01669326534785675,0.024542175094129558,1,8,,,,,ve,0.0029
chain,20,3,0.75,1.5,208,lbp,7.406340811291247e-08,2.5662603274356766e-07,7.344393934914188e-08,7.592181440422424e-08,1,24,2.7914657990679714e-07,,,,ve,0.0067
chain,20,3,0.75,1.5,208,gibbs,0.0009580051038965115,0.0029134772595476727,0.0009011208529501408,0.0011286578567356238,1,2000,,6886.7,1.00008,2000,ve,5.1112
chain,20,3,1.0,1.5,208,exact,0.0,0.0,,,1,,,,,,ve,0.0083
chain,20,3,1.0,1.5,208,mf,0.03278312070159649,0.07408963054080289,0.029249483123607867,0.04338403343556233,1,11,,,,,ve,0.0038
chain,20,3,1.0,1.5,208,lbp,4.40718372015942e-08,1.5084824775413175e-07,4.420046613041323e-08,4.368595041513712e-08,1,27,3.028335711086072e-07,,,,ve,0.0078
chain,20,3,1.0,1.5,208,gibbs,0.0016942202194874165,0.0047161333294042235,0.0018254794806149817,0.0013004424361047215,1,2000,,5847.6,1.00019,2000,ve,5.1278
chain,20,3,1.3,1.5,208,exact,0.0,0.0,,,1,,,,,,ve,0.0081
chain,20,3,1.3,1.5,208,mf,0.05417833116680323,0.14382994784765246,0.048113604032490216,0.07237251256974227,1,17,,,,,ve,0.0061
chain,20,3,1.3,1.5,208,lbp,3.528129379195763e-08,1.841382878398079e-07,4.0874986314733365e-08,1.8500216223630432e-08,1,30,2.1261540089634323e-07,,,,ve,0.0088
chain,20,3,1.3,1.5,208,gibbs,0.0027986611328475273,0.006233963817820931,0.0026794820894620636,0.0031561982630039175,1,2000,,5235.8,1.00027,2000,ve,5.0536
chain,20,3,1.75,1.5,208,exact,0.0,0.0,,,1,,,,,,ve,0.0083
chain,20,3,1.75,1.5,208,mf,0.10471486559616335,0.2858719484646356,0.09266517504811071,0.14086393724032117,1,27,,,,,ve,0.0082
chain,20,3,1.75,1.5,208,lbp,4.840334014238022e-08,1.705616802516463e-07,5.2842642895978055e-08,3.508543188158672e-08,1,34,3.706695155258899e-07,,,,ve,0.0097
chain,20,3,1.75,1.5,208,gibbs,0.005472886164361381,0.015055337076396974,0.005273791385780163,0.0060701705001050335,1,2000,,4342.6,1.00089,2000,ve,5.0732
chain,20,3,2.5,1.5,208,exact,0.0,0.0,,,1,,,,,,ve,0.0108
chain,20,3,2.5,1.5,208,mf,0.1941966027850271,0.5467418267908888,0.17436469986850653,0.2536923115345887,1,25,,,,,ve,0.0087
chain,20,3,2.5,1.5,208,lbp,6.545729650592929e-08,1.7464508361361708e-07,6.910525737167938e-08,5.451341390867899e-08,1,42,3.1274898740218937e-07,,,,ve,0.012
chain,20,3,2.5,1.5,208,gibbs,0.009927085403809262,0.023838996477215074,0.010514760332778837,0.008164060616900545,1,2000,,2124.5,1.00136,2000,ve,4.9715
chain,20,3,4.0,1.5,208,exact,0.0,0.0,,,1,,,,,,ve,0.0081
chain,20,3,4.0,1.5,208,mf,0.4252245183633292,0.9115153276342686,0.43234321398189873,0.4038684315076201,1,16,,,,,ve,0.0051
chain,20,3,4.0,1.5,208,lbp,1.658947528037914e-07,1.8297047858634174e-06,1.4156353179107827e-07,2.388884158419308e-07,1,62,4.882920616178232e-07,,,,ve,0.0186
chain,20,3,4.0,1.5,208,gibbs,0.010937397135279515,0.024330244760244903,0.010699403271557724,0.011651378726444877,0,2000,,394.3,1.01856,2000,ve,5.0496
chain,20,3,0.0,0.5,209,exact,0.0,0.0,,,1,,,,,,ve,0.0089
chain,20,3,0.0,0.5,209,mf,5.152996085389106e-16,1.1379786002407855e-15,4.687222832089333e-16,6.550315845288424e-16,1,1,,,,,ve,0.0005
chain,20,3,0.0,0.5,209,lbp,5.191160001860595e-16,1.124100812432971e-15,4.668719115012247e-16,6.758482662405641e-16,1,3,0.0,,,,ve,0.0011
chain,20,3,0.0,0.5,209,gibbs,5.254911089602743e-15,1.0456913113188193e-14,4.789340220708501e-15,6.651623696285469e-15,1,2000,,7854.0,1.00011,2000,ve,5.0957
chain,20,3,0.1,0.5,209,exact,0.0,0.0,,,1,,,,,,ve,0.0084
chain,20,3,0.1,0.5,209,mf,0.00039094215807558477,0.0005854276432402175,0.00041672349745274114,0.00031359813994411565,1,4,,,,,ve,0.0014
chain,20,3,0.1,0.5,209,lbp,7.068453324998031e-08,1.4242307984357883e-07,7.262964669708475e-08,6.484919290866698e-08,1,17,1.6624016024868737e-07,,,,ve,0.005
chain,20,3,0.1,0.5,209,gibbs,0.0001422413334018431,0.0003513235050729216,0.00011537757348145603,0.0002228326131630043,1,2000,,7862.4,1.00019,2000,ve,4.9681
chain,20,3,0.25,0.5,209,exact,0.0,0.0,,,1,,,,,,ve,0.0086
chain,20,3,0.25,0.5,209,mf,0.002426410857337379,0.0037598289728167818,0.0026019312520438958,0.001899849673217828,1,5,,,,,ve,0.0018
chain,20,3,0.25,0.5,209,lbp,7.016135457685313e-08,1.7136988175736612e-07,5.7248231989196854e-08,1.0890072233982196e-07,1,19,2.043830370501709e-07,,,,ve,0.0051
chain,20,3,0.25,0.5,209,gibbs,0.0003517613107839672,0.0007793202745747935,0.00029886527674616325,0.0005104494128973791,1,2000,,7746.6,1.00016,2000,ve,5.1074
chain,20,3,0.5,0.5,209,exact,0.0,0.0,,,1,,,,,,ve,0.0085
chain,20,3,0.5,0.5,209,mf,0.009448992700523401,0.016180612024620594,0.010227066435642971,0.007114771495164684,1,7,,,,,ve,0.0023
chain,20,3,0.5,0.5,209,lbp,4.928296340554056e-08,9.664428975153516e-08,4.293508463875291e-08,6.83265997059035e-08,1,22,1.9165240427998498e-07,,,,ve,0.006
chain,20,3,0.5,0.5,209,gibbs,0.000862797918213136,0.0017615659985627669,0.0007518213700804609,0.001195727562611161,1,2000,,7378.1,1.00025,2000,ve,5.0428
chain,20,3,0.75,0.5,209,exact,0.0,0.0,,,1,,,,,,ve,0.0083
chain,20,3,0.75,0.5,209,mf,0.02080016162062411,0.039503618724557,0.02269761937271022,0.01510778836436577,1,10,,,,,ve,0.0033
chain,20,3,0.75,0.5,209,lbp,6.910888307367496e-08,2.0392797027424248e-07,6.314980787897976e-08,8.698610865776058e-08,1,24,1.9175281967820368e-07,,,,ve,0.0072
chain,20,3,0.75,0.5,209,gibbs,0.001686605072105045,0.0035125140212626943,0.0013606538305314447,0.0026644587968258455,1,2000,,6648.0,1.0001,2000,ve,5.0861
chain,20,3,1.0,0.5,209,exact,0.0,0.0,,,1,,,,,,ve,0.0084
chain,20,3,1.0,0.5,209,mf,0.04134565736928162,0.07828225477571536,0.046176993716353185,0.02685164832806693,1,17,,,,,ve,0.0053
chain,20,3,1.0,0.5,209,lbp,1.766562859102476e-07,7.498758014395923e-07,1.1713015330485725e-07,3.5523468372641866e-07,1,26,4.371326042806878e-07,,,,ve,0.0075
chain,20,3,1.0,0.5,209,gibbs,0.0020340736736639727,0.006280620128387149,0.0015983797718085713,0.003341155379230176,1,2000,,6127.5,1.00018,2000,ve,5.0048
chain,20,3,1.3,0.5,209,exact,0.0,0.0,,,1,,,,,,ve,0.0084
chain,20,3,1.3,0.5,209,mf,0.10014148210875376,0.21187194080065014,0.1100935767141861,0.07028519829245668,1,28,,,,,ve,0.0088
chain,20,3,1.3,0.5,209,lbp,7.954094676443021e-08,3.0073154969056937e-07,5.823190610809252e-08,1.4346806873344332e-07,1,32,3.6911656753346733e-07,,,,ve,0.0087
chain,20,3,1.3,0.5,209,gibbs,0.0047667992683419185,0.01262919158020595,0.004130883377960205,0.006674546939487063,1,2000,,5149.0,1.0,2000,ve,5.0608
chain,20,3,1.75,0.5,209,exact,0.0,0.0,,,1,,,,,,ve,0.0083
chain,20,3,1.75,0.5,209,mf,0.19699758573421405,0.40917509943631725,0.20238703740198788,0.18082923073089252,1,18,,,,,ve,0.0053
chain,20,3,1.75,0.5,209,lbp,2.0083575800735818e-07,7.101272681414583e-07,1.554984639536248e-07,3.368476401685583e-07,1,38,3.1832938884868156e-07,,,,ve,0.0102
chain,20,3,1.75,0.5,209,gibbs,0.007990983742453956,0.017537779693000147,0.00794322425695633,0.008134262198946828,1,2000,,3633.2,1.00037,2000,ve,5.0926
chain,20,3,2.5,0.5,209,exact,0.0,0.0,,,1,,,,,,ve,0.0081
chain,20,3,2.5,0.5,209,mf,0.28694889954434016,0.48851283246801114,0.2726950098056106,0.32971056876052873,1,15,,,,,ve,0.005
chain,20,3,2.5,0.5,209,lbp,1.618737447462576e-07,6.970279239071342e-07,1.4393223539595675e-07,2.1569827279716013e-07,1,53,4.697855245372473e-07,,,,ve,0.0153
chain,20,3,2.5,0.5,209,gibbs,0.010316555138212483,0.016359009390764137,0.0108401525115755,0.008745763018123433,1,2000,,1509.8,1.00681,2000,ve,5.0405
chain,20,3,4.0,0.5,209,exact,0.0,0.0,,,1,,,,,,ve,0.008
chain,20,3,4.0,0.5,209,mf,0.45181076234485823,0.6555820209620904,0.4843578558708678,0.35416948176682916,1,25,,,,,ve,0.0074
chain,20,3,4.0,0.5,209,lbp,1.910636116912983e-07,1.4028331563470386e-06,1.5872035862418468e-07,2.880933708926392e-07,1,67,3.839650947745632e-07,,,,ve,0.018
chain,20,3,4.0,0.5,209,gibbs,0.05825328913868377,0.09332026162311247,0.060507981278889095,0.05148921271806781,0,2000,,284.8,1.01683,2000,ve,5.0434
chain,20,3,0.0,1.5,209,exact,0.0,0.0,,,1,,,,,,ve,0.008
chain,20,3,0.0,1.5,209,mf,5.423179266772493e-16,1.2559397966072083e-15,4.626507510430144e-16,7.813194535799539e-16,1,1,,,,,ve,0.0004
chain,20,3,0.0,1.5,209,lbp,5.478690418003751e-16,1.2559397966072083e-15,4.686644590930674e-16,7.854827899222983e-16,1,3,0.0,,,,ve,0.0011
chain,20,3,0.0,1.5,209,gibbs,5.5515271199513275e-15,1.3638395968129657e-14,5.2944627848550144e-15,6.322720125240267e-15,1,2000,,8319.2,1.00036,2000,ve,5.1151
chain,20,3,0.1,1.5,209,exact,0.0,0.0,,,1,,,,,,ve,0.0083
chain,20,3,0.1,1.5,209,mf,0.0003087627820505627,0.000755218462464867,0.000317025504237725,0.0002839746154890757,1,4,,,,,ve,0.0015
chain,20,3,0.1,1.5,209,lbp,7.973574935493839e-08,1.8533620360638992e-07,7.052209265220183e-08,1.0737671946314808e-07,1,17,1.762418135875521e-07,,,,ve,0.0053
chain,20,3,0.1,1.5,209,gibbs,0.00012337284756515102,0.0002919381132781701,9.526645605580492e-05,0.00020769202209318938,1,2000,,8224.9,1.00041,2000,ve,5.0732
chain,20,3,0.25,1.5,209,exact,0.0,0.0,,,1,,,,,,ve,0.0082
chain,20,3,0.25,1.5,209,mf,0.0020128084304552795,0.004772546372160617,0.0021069443252760786,0.0017304007459928827,1,5,,,,,ve,0.0019
chain,20,3,0.25,1.5,209,lbp,7.516701719463733e-08,2.3281130348551393e-07,4.636127867076872e-08,1.6158423276624312e-07,1,19,2.1017166962344902e-07,,,,ve,0.0059
chain,20,3,0.25,1.5,209,gibbs,0.0003387109270349269,0.0007642173617492948,0.000255619509080009,0.0005879851808996805,1,2000,,7739.4,1.00034,2000,ve,5.0481
chain,20,3,0.5,1.5,209,exact,0.0,0.0,,,1,,,,,,ve,0.0082
chain,20,3,0.5,1.5,209,mf,0.008635306648461327,0.019370313027734377,0.009132932906525938,0.0071424278742675,1,6,,,,,ve,0.0021
chain,20,3,0.5,1.5,209,lbp,9.047492381367324e-08,2.8559038299513784e-07,6.079729872373458e-08,1.7950779908348924e-07,1,21,2.835654804855814e-07,,,,ve,0.0058
chain,20,3,0.5,1.5,209,gibbs,0.0006406910002412518,0.0016076397629193467,0.0004683008218778595,0.0011578615353314288,1,2000,,7318.3,1.00034,2000,ve,5.2421
chain,20,3,0.75,1.5,209,exact,0.0,0.0,,,1,,,,,,ve,0.0085
chain,20,3,0.75,1.5,209,mf,0.020400935571736528,0.04297504140627153,0.021558414777777164,0.016928497953614625,1,8,,,,,ve,0.0026
chain,20,3,0.75,1.5,209,lbp,6.254812911850489e-08,1.352668181561767e-07,5.634561862696147e-08,8.115566059313517e-08,1,23,3.090661068738676e-07,,,,ve,0.0066
chain,20,3,0.75,1.5,209,gibbs,0.0012386713614924681,0.003916517095314813,0.0008727132231284197,0.0023365457765846137,1,2000,,6924.5,1.00026,2000,ve,5.1937
chain,20,3,1.0,1.5,209,exact,0.0,0.0,,,1,,,,,,ve,0.0081
chain,20,3,1.0,1.5,209,mf,0.03689396351421698,0.07821276262676788,0.03857896111709062,0.031838970705596076,1,10,,,,,ve,0.0031
chain,20,3,1.0,1.5,209,lbp,1.0382241809165325e-07,4.0576048133955656e-07,8.120359692020731e-08,1.716788816059911e-07,1,25,2.691886618055861e-07,,,,ve,0.0068
chain,20,3,1.0,1.5,209,gibbs,0.0017758291099033922,0.005984306882824197,0.0013277397928100753,0.0031200970611833427,1,2000,,6298.5,1.00022,2000,ve,5.2122
chain,20,3,1.3,1.5,209,exact,0.0,0.0,,,1,,,,,,ve,0.0082
chain,20,3,1.3,1.5,209,mf,0.060133548711853904,0.13717785478352174,0.061436171672120635,0.05622567983105374,1,16,,,,,ve,0.0048
chain,20,3,1.3,1.5,209,lbp,1.0764381976400942e-07,5.213818332627795e-07,7.548224098674386e-08,2.0412855609580617e-07,1,29,4.613077642101615e-07,,,,ve,0.0084
chain,20,3,1.3,1.5,209,gibbs,0.0029570141017996846,0.007950178252519289,0.0024943191322792132,0.004345099010361097,1,2000,,5674.6,1.00062,2000,ve,5.0835
chain,20,3,1.75,1.5,209,exact,0.0,0.0,,,1,,,,,,ve,0.0083
chain,20,3,1.75,1.5,209,mf,0.13223976406186141,0.30108167797164653,0.1447437883196013,0.09472769128864185,1,22,,,,,ve,0.0072
chain,20,3,1.75,1.5,209,lbp,6.248840356565948e-08,2.3241601133927592e-07,5.152780285441749e-08,9.537020569938548e-08,1,37,3.291814280048655e-07,,,,ve,0.0103
chain,20,3,1.75,1.5,209,gibbs,0.004620303255877457,0.017450730410209767,0.00472261741251807,0.0043133607859556205,1,2000,,4507.7,1.00008,2000,ve,5.1528
chain,20,3,2.5,1.5,209,exact,0.0,0.0,,,1,,,,,,ve,0.0096
chain,20,3,2.5,1.5,209,mf,0.19882265981474273,0.5492662713902501,0.21693652441834324,0.14448106600394112,1,13,,,,,ve,0.0042
chain,20,3,2.5,1.5,209,lbp,1.2263266809726426e-07,5.419382171079068e-07,8.275862569111919e-08,2.4225479531569947e-07,1,48,5.549558863005011e-07,,,,ve,0.0138
chain,20,3,2.5,1.5,209,gibbs,0.009156113291346782,0.016622919040015893,0.009130844972384089,0.009231918248234857,1,2000,,1977.2,1.00195,2000,ve,5.2269
chain,20,3,4.0,1.5,209,exact,0.0,0.0,,,1,,,,,,ve,0.0086
chain,20,3,4.0,1.5,209,mf,0.3358942445796243,0.915927046837005,0.3396032122795748,0.32476734147977293,1,16,,,,,ve,0.0048
chain,20,3,4.0,1.5,209,lbp,1.1932678543911467e-07,1.215235169466089e-06,7.029397050546497e-08,2.664252302400638e-07,1,65,4.5318885583123247e-07,,,,ve,0.0135
chain,20,3,4.0,1.5,209,gibbs,0.02379025210129974,0.03840198353844273,0.026624227636977072,0.015288325494267762,0,2000,,145.3,1.03506,2000,ve,5.208
chain,20,3,0.0,0.5,210,exact,0.0,0.0,,,1,,,,,,ve,0.0081
chain,20,3,0.0,0.5,210,mf,5.648693318649478e-16,1.3461454173580023e-15,5.142298623953915e-16,7.167877402736167e-16,1,1,,,,,ve,0.0004
chain,20,3,0.0,0.5,210,lbp,5.620504062164855e-16,1.366962099069724e-15,5.148659276699164e-16,7.03603841856193e-16,1,3,0.0,,,,ve,0.0012
chain,20,3,0.0,0.5,210,gibbs,5.669683472708797e-15,1.5529244556944377e-14,5.2588720415395565e-15,6.90211776621652e-15,1,2000,,7293.2,1.00009,2000,ve,5.1178
chain,20,3,0.1,0.5,210,exact,0.0,0.0,,,1,,,,,,ve,0.0083
chain,20,3,0.1,0.5,210,mf,0.0003691586979389167,0.0007666153251374638,0.0003530371909105004,0.00041752321902416566,1,4,,,,,ve,0.0016
chain,20,3,0.1,0.5,210,lbp,8.539648415697986e-08,1.956003704180198e-07,7.713209305935479e-08,1.1018965744985509e-07,1,17,1.548986997002011e-07,,,,ve,0.0052
chain,20,3,0.1,0.5,210,gibbs,0.00019719692448271533,0.0006528709879508807,0.0001835453539031181,0.00023815163622150707,1,2000,,7319.5,0.99994,2000,ve,5.0936
chain,20,3,0.25,0.5,210,exact,0.0,0.0,,,1,,,,,,ve,0.0084
chain,20,3,0.25,0.5,210,mf,0.0024170070697506285,0.004962940166117265,0.0022817621697060206,0.0028227417698844506,1,5,,,,,ve,0.0018
chain,20,3,0.25,0.5,210,lbp,7.879641004790612e-08,1.8800551138120625e-07,7.564342487601193e-08,8.82553655635887e-08,1,19,2.054870301693157e-07,,,,ve,0.0058
chain,20,3,0.25,0.5,210,gibbs,0.0004511605590547264,0.0016288270297155141,0.0004674683984463043,0.00040223704087999286,1,2000,,7358.5,0.99987,2000,ve,5.1224
chain,20,3,0.5,0.5,210,exact,0.0,0.0,,,1,,,,,,ve,0.0085
chain,20,3,0.5,0.5,210,mf,0.010747111058596168,0.02086232207191482,0.01013941516969973,0.01257019872528548,1,6,,,,,ve,0.0021
chain,20,3,0.5,0.5,210,lbp,6.646738986309554e-08,1.9170752416086678e-07,6.298589881355056e-08,7.691186301173048e-08,1,22,2.7517181100389365e-07,,,,ve,0.0067
chain,20,3,0.5,0.5,210,gibbs,0.0010079558217657861,0.003911909326139142,0.0010356808371773053,0.0009247807755312282,1,2000,,6716.5,1.00001,2000,ve,5.1845
chain,20,3,0.75,0.5,210,exact,0.0,0.0,,,1,,,,,,ve,0.0084
chain,20,3,0.75,0.5,210,mf,0.026416019070197454,0.04795185268006116,0.02520975306025206,0.030034817100033657,1,8,,,,,ve,0.0028
chain,20,3,0.75,0.5,210,lbp,5.590128533987035e-08,1.6074915915043064e-07,5.1122264103341716e-08,7.023834904945625e-08,1,25,1.7014890751898548e-07,,,,ve,0.0078
chain,20,3,0.75,0.5,210,gibbs,0.0014981808532630366,0.006226738892508243,0.001714428032303934,0.0008494393161403442,1,2000,,6121.5,0.99991,2000,ve,5.0678
chain,20,3,1.0,0.5,210,exact,0.0,0.0,,,1,,,,,,ve,0.008
chain,20,3,1.0,0.5,210,mf,0.04893829580180445,0.08437031221730829,0.04702970884744925,0.05466405666487003,1,10,,,,,ve,0.0036
chain,20,3,1.0,0.5,210,lbp,8.635322709246371e-08,2.36790292609812e-07,8.210745922158924e-08,9.909053070508711e-08,1,27,3.0154962660233764e-07,,,,ve,0.0089
chain,20,3,1.0,0.5,210,gibbs,0.0026114104248543247,0.008538371841887556,0.002702124572316273,0.0023392679824684793,1,2000,,5264.5,1.00002,2000,ve,5.1509
chain,20,3,1.3,0.5,210,exact,0.0,0.0,,,1,,,,,,ve,0.008
chain,20,3,1.3,0.5,210,mf,0.07978070923109268,0.12978819419671286,0.07757715626884547,0.08639136811783434,1,16,,,,,ve,0.0054
chain,20,3,1.3,0.5,210,lbp,8.966854942076344e-08,2.3840684522380418e-07,9.055811651658789e-08,8.699984813329009e-08,1,30,2.3435494139745217e-07,,,,ve,0.0093
chain,20,3,1.3,0.5,210,gibbs,0.003206375149541689,0.007804340742083676,0.0033092596368289135,0.002897721687680014,1,2000,,4917.1,1.00025,2000,ve,5.1603
chain,20,3,1.75,0.5,210,exact,0.0,0.0,,,1,,,,,,ve,0.0082
chain,20,3,1.75,0.5,210,mf,0.1889981545865656,0.45142114944015943,0.18707845128682887,0.19475726448577588,1,123,,,,,ve,0.0363
chain,20,3,1.75,0.5,210,lbp,1.5312810367389475e-07,6.876410459655258e-07,1.4099336030510186e-07,1.8953233378027346e-07,1,35,3.5535562126209896e-07,,,,ve,0.0097
chain,20,3,1.75,0.5,210,gibbs,0.004183513265665814,0.010733582259355001,0.004230055425835708,0.004043886785156132,1,2000,,3530.1,1.00024,2000,ve,5.1458
chain,20,3,2.5,0.5,210,exact,0.0,0.0,,,1,,,,,,ve,0.0092
chain,20,3,2.5,0.5,210,mf,0.29800779281874323,0.5874139254926174,0.3071456428837639,0.2705942426236813,1,49,,,,,ve,0.0153
chain,20,3,2.5,0.5,210,lbp,4.252530947292804e-07,1.686484434409996e-06,4.167047675932012e-07,4.508980761375181e-07,1,46,5.139108700813466e-07,,,,ve,0.0128
chain,20,3,2.5,0.5,210,gibbs,0.010300269910782488,0.031264231084770944,0.010255948329529134,0.010433234654542562,1,2000,,2627.2,1.00086,2000,ve,5.1084
chain,20,3,4.0,0.5,210,exact,0.0,0.0,,,1,,,,,,ve,0.0082
chain,20,3,4.0,0.5,210,mf,0.40530033170518537,0.6802596489712576,0.4206627424764859,0.35921309939128376,1,28,,,,,ve,0.0089
chain,20,3,4.0,0.5,210,lbp,1.1882299479799851e-07,1.292321487184056e-06,1.263864674809952e-07,9.613257674900843e-08,1,68,4.413452309448562e-07,,,,ve,0.0192
chain,20,3,4.0,0.5,210,gibbs,0.059407277539934945,0.11914888525833284,0.05724441815823923,0.0658958556850221,0,2000,,323.6,1.00884,2000,ve,5.1279
chain,20,3,0.0,1.5,210,exact,0.0,0.0,,,1,,,,,,ve,0.0081
chain,20,3,0.0,1.5,210,mf,8.132383655379272e-16,2.8727020762175925e-15,7.042977312465837e-16,1.1400602684119577e-15,1,1,,,,,ve,0.0005
chain,20,3,0.0,1.5,210,lbp,8.145285661231849e-16,2.8171909249863347e-15,7.127255961340377e-16,1.1199374760906267e-15,1,3,0.0,,,,ve,0.0012
chain,20,3,0.0,1.5,210,gibbs,6.417967286093118e-15,1.6542323066914832e-14,6.194596340510413e-15,7.088080122841234e-15,1,2000,,8007.7,1.0001,2000,ve,5.1594
chain,20,3,0.1,1.5,210,exact,0.0,0.0,,,1,,,,,,ve,0.008
chain,20,3,0.1,1.5,210,mf,0.00033973890132915315,0.0006037350363680069,0.00033553302911449174,0.0003523565179731375,1,4,,,,,ve,0.0012
chain,20,3,0.1,1.5,210,lbp,8.557179525331632e-08,2.2806369606720445e-07,7.050473020057783e-08,1.307729904115318e-07,1,17,1.6291418347691433e-07,,,,ve,0.0039
chain,20,3,0.1,1.5,210,gibbs,0.00017417927306793597,0.000433241390068043,0.00017996792588499306,0.00015681331461676467,1,2000,,7723.4,1.00013,2000,ve,5.0848
chain,20,3,0.25,1.5,210,exact,0.0,0.0,,,1,,,,,,ve,0.0085
chain,20,3,0.25,1.5,210,mf,0.002206277440664382,0.004009184073492385,0.002150526875103097,0.002373529137348236,1,5,,,,,ve,0.0019
chain,20,3,0.25,1.5,210,lbp,8.084651949461863e-08,2.2279219524801164e-07,7.640267236046968e-08,9.417806089706548e-08,1,19,2.09887138336029e-07,,,,ve,0.0056
chain,20,3,0.25,1.5,210,gibbs,0.0004236117984484786,0.001214827416680473,0.0004293206897803057,0.0004064851244529974,1,2000,,7373.1,1.00041,2000,ve,5.1263
chain,20,3,0.5,1.5,210,exact,0.0,0.0,,,1,,,,,,ve,0.0084
chain,20,3,0.5,1.5,210,mf,0.009456452127409155,0.017336040063852205,0.009100789400103854,0.010523440309325064,1,6,,,,,ve,0.0022
chain,20,3,0.5,1.5,210,lbp,5.6330270079463406e-08,1.988855432288883e-07,5.2812216169619704e-08,6.68844318089945e-08,1,22,2.885409823294438e-07,,,,ve,0.0065
chain,20,3,0.5,1.5,210,gibbs,0.0009332400054802053,0.002780446336759914,0.0008585059881651911,0.001157442057425248,1,2000,,7087.4,0.99997,2000,ve,5.2942
chain,20,3,0.75,1.5,210,exact,0.0,0.0,,,1,,,,,,ve,0.0081
chain,20,3,0.75,1.5,210,mf,0.022677096622376373,0.041675810889043305,0.021575843506411545,0.025980855970270854,1,9,,,,,ve,0.0029
chain,20,3,0.75,1.5,210,lbp,4.07280312004956e-08,8.087237475529196e-08,3.433668304518809e-08,5.990207566641814e-08,1,25,1.75849546091289e-07,,,,ve,0.0073
chain,20,3,0.75,1.5,210,gibbs,0.0013910797650164902,0.00443385607273496,0.0013598412616875706,0.0014847952750032492,1,2000,,6092.1,1.00001,2000,ve,5.1838
chain,20,3,1.0,1.5,210,exact,0.0,0.0,,,1,,,,,,ve,0.0082
chain,20,3,1.0,1.5,210,mf,0.04221886618623256,0.07529271800442228,0.03954736491542318,0.05023336999866068,1,13,,,,,ve,0.0041
chain,20,3,1.0,1.5,210,lbp,1.076039983699973e-07,2.752801845640196e-07,1.0175800631637375e-07,1.2514197453086796e-07,1,26,2.949795938622657e-07,,,,ve,0.0072
chain,20,3,1.0,1.5,210,gibbs,0.0027363601742533944,0.008323195129240547,0.002677427589498782,0.0029131579285172327,1,2000,,5612.3,1.00062,2000,ve,5.0363
chain,20,3,1.3,1.5,210,exact,0.0,0.0,,,1,,,,,,ve,0.008
chain,20,3,1.3,1.5,210,mf,0.07200686657019055,0.12881332598305276,0.06647780543357278,0.08859404998004392,1,24,,,,,ve,0.0071
chain,20,3,1.3,1.5,210,lbp,1.008480077811097e-07,3.3475158478513123e-07,1.0270394423250729e-07,9.528019842691693e-08,1,29,2.839488302264215e-07,,,,ve,0.0085
chain,20,3,1.3,1.5,210,gibbs,0.0035812971075418845,0.008188599642616888,0.003630181410968595,0.0034346441972617527,1,2000,,4362.3,1.00052,2000,ve,5.1806
chain,20,3,1.75,1.5,210,exact,0.0,0.0,,,1,,,,,,ve,0.0083
chain,20,3,1.75,1.5,210,mf,0.14113826268090257,0.3400210875032822,0.13201180482306907,0.16851763625440314,1,41,,,,,ve,0.0129
chain,20,3,1.75,1.5,210,lbp,1.1794517292395418e-07,2.270265855169873e-07,1.1846809898144462e-07,1.1637639475148288e-07,1,33,2.8181022798667854e-07,,,,ve,0.0094
chain,20,3,1.75,1.5,210,gibbs,0.006460712714071613,0.017580178168787843,0.007029227832459537,0.00475516735890784,1,2000,,3711.5,1.00067,2000,ve,5.1972
chain,20,3,2.5,1.5,210,exact,0.0,0.0,,,1,,,,,,ve,0.0082
chain,20,3,2.5,1.5,210,mf,0.25914195894020214,0.5913210251727465,0.2581374082577149,0.26215561098766405,1,14,,,,,ve,0.0044
chain,20,3,2.5,1.5,210,lbp,3.569450197793249e-07,9.852314418190566e-07,3.7721458751224327e-07,2.961363165805697e-07,1,42,4.192978398931402e-07,,,,ve,0.0119
chain,20,3,2.5,1.5,210,gibbs,0.009513367143934168,0.019006561736412422,0.009250840507102604,0.010300947054428859,1,2000,,2205.1,1.00084,2000,ve,5.1819
chain,20,3,4.0,1.5,210,exact,0.0,0.0,,,1,,,,,,ve,0.0081
chain,20,3,4.0,1.5,210,mf,0.39835687437550904,0.7091977525105299,0.3937853487568989,0.41207145123133965,1,13,,,,,ve,0.0042
chain,20,3,4.0,1.5,210,lbp,1.714792027415757e-07,1.4428304601216135e-06,1.8779839751995968e-07,1.2252161840642373e-07,1,67,4.6682959409238833e-07,,,,ve,0.0192
chain,20,3,4.0,1.5,210,gibbs,0.03084344203093149,0.04708401538377921,0.03181034079281367,0.027942745745284936,0,2000,,309.3,1.01943,2000,ve,5.1554
chain,20,3,0.0,0.5,211,exact,0.0,0.0,,,1,,,,,,ve,0.01
chain,20,3,0.0,0.5,211,mf,3.703634621210483e-16,7.216449660063518e-16,3.9713602776695704e-16,2.9004576518332213e-16,1,1,,,,,ve,0.0007
chain,20,3,0.0,0.5,211,lbp,3.779095092415474e-16,7.077671781985373e-16,4.010680676458378e-16,3.084338340286763e-16,1,3,0.0,,,,ve,0.0008
chain,20,3,0.0,0.5,211,gibbs,6.17587578299883e-15,1.4085954624931674e-14,6.369442010859908e-15,5.595177099415594e-15,1,2000,,7930.1,1.00016,2000,ve,5.1691
chain,20,3,0.1,0.5,211,exact,0.0,0.0,,,1,,,,,,ve,0.0082
chain,20,3,0.1,0.5,211,mf,0.0003997901186381232,0.0006532622429713322,0.0004235091355427922,0.00032863306792411636,1,4,,,,,ve,0.0015
chain,20,3,0.1,0.5,211,lbp,7.811039246527832e-08,1.8313517960444337e-07,8.488726024556229e-08,5.777978912442638e-08,1,17,1.445669423616458e-07,,,,ve,0.0054
chain,20,3,0.1,0.5,211,gibbs,0.000238922070258305,0.0005313346771737872,0.00025915186900904555,0.00017823267400608327,1,2000,,7929.9,1.00025,2000,ve,5.0427
chain,20,3,0.25,0.5,211,exact,0.0,0.0,,,1,,,,,,ve,0.0082
chain,20,3,0.25,0.5,211,mf,0.0024680419445460393,0.0042029016802052205,0.002567483982681944,0.002169715830138326,1,5,,,,,ve,0.0019
chain,20,3,0.25,0.5,211,lbp,1.6393601367618859e-07,4.4942632326794296e-07,1.5810112067258612e-07,1.8144069268699604e-07,1,18,2.4121363517704e-07,,,,ve,0.0057
chain,20,3,0.25,0.5,211,gibbs,0.0005999309167224525,0.0013445836222749676,0.0006481846548589573,0.00045516970231293806,1,2000,,7865.1,1.00046,2000,ve,5.1609
chain,20,3,0.5,0.5,211,exact,0.0,0.0,,,1,,,,,,ve,0.0081
chain,20,3,0.5,0.5,211,mf,0.009748727201514285,0.01830606775307391,0.009898933360587107,0.00929810872429581,1,6,,,,,ve,0.0023
chain,20,3,0.5,0.5,211,lbp,1.7069424282610545e-07,3.302233718346925e-07,1.719951915957659e-07,1.6679139651712416e-07,1,21,2.586887700717355e-07,,,,ve,0.0062
chain,20,3,0.5,0.5,211,gibbs,0.001249295017398233,0.0034666616201444074,0.0013344657033142642,0.0009937829596501392,1,2000,,7115.5,1.00055,2000,ve,5.1984
chain,20,3,0.75,0.5,211,exact,0.0,0.0,,,1,,,,,,ve,0.008
chain,20,3,0.75,0.5,211,mf,0.023650187547417167,0.046717476255193846,0.024047233359857877,0.02245905011009503,1,9,,,,,ve,0.003
chain,20,3,0.75,0.5,211,lbp,1.581912017252149e-07,4.453423056438588e-07,1.7436974109608094e-07,1.0965558361261673e-07,1,25,2.740880697404968e-07,,,,ve,0.0073
chain,20,3,0.75,0.5,211,gibbs,0.001623486434679693,0.004880963504781215,0.0016877980601286695,0.0014305515583327634,1,2000,,6513.6,1.00084,2000,ve,5.3267
chain,20,3,1.0,0.5,211,exact,0.0,0.0,,,1,,,,,,ve,0.0083
chain,20,3,1.0,0.5,211,mf,0.051580597257960124,0.0974031922985065,0.052793987572638125,0.047940426313926116,1,14,,,,,ve,0.0046
chain,20,3,1.0,0.5,211,lbp,1.9940072721320694e-07,5.485592942250372e-07,2.229164428282915e-07,1.288535803679533e-07,1,29,3.07890056006066e-07,,,,ve,0.0076
chain,20,3,1.0,0.5,211,gibbs,0.002447968082817081,0.007809340744634942,0.002618489278990487,0.001936404494296863,1,2000,,5289.3,1.00037,2000,ve,5.1173
chain,20,3,1.3,0.5,211,exact,0.0,0.0,,,1,,,,,,ve,0.0085
chain,20,3,1.3,0.5,211,mf,0.11437628514934599,0.20505279583390912,0.11853430885346983,0.10190221403697441,1,22,,,,,ve,0.0064
chain,20,3,1.3,0.5,211,lbp,3.069267737841955e-07,7.374554978276104e-07,3.1298852757021454e-07,2.887415124261383e-07,1,34,3.779203573972545e-07,,,,ve,0.0095
chain,20,3,1.3,0.5,211,gibbs,0.004653156202518572,0.014633781678587431,0.004899735865804799,0.003913417212659892,1,2000,,4151.1,1.00045,2000,ve,5.1306
chain,20,3,1.75,0.5,211,exact,0.0,0.0,,,1,,,,,,ve,0.0081
chain,20,3,1.75,0.5,211,mf,0.19538183839557471,0.32636877395823766,0.2059351385605011,0.16372193790079553,1,26,,,,,ve,0.0078
chain,20,3,1.75,0.5,211,lbp,3.959699107322157e-07,1.132597794446799e-06,3.4661773415309295e-07,5.440264404695839e-07,1,43,4.790817862421193e-07,,,,ve,0.0124
chain,20,3,1.75,0.5,211,gibbs,0.0065896918499528685,0.011774654716089586,0.006663107048974822,0.006369446252887002,1,2000,,2900.2,1.00173,2000,ve,5.2267
chain,20,3,2.5,0.5,211,exact,0.0,0.0,,,1,,,,,,ve,0.0082
chain,20,3,2.5,0.5,211,mf,0.23099039897448642,0.5161222182121673,0.245983918120253,0.18600984153718655,1,22,,,,,ve,0.0069
chain,20,3,2.5,0.5,211,lbp,1.0338134760535557e-07,7.781521436031613e-07,7.410153143686908e-08,1.9122079611081506e-07,1,58,4.4746369531889485e-07,,,,ve,0.0157
chain,20,3,2.5,0.5,211,gibbs,0.01007187702282251,0.02404941837714781,0.009857081117465524,0.010716264738893462,1,2000,,1006.7,1.00138,2000,ve,5.0659
chain,20,3,4.0,0.5,211,exact,0.0,0.0,,,1,,,,,,ve,0.0081
chain,20,3,4.0,0.5,211,mf,0.052894499032876796,0.12564866804578412,0.05329871046246404,0.05168186474411503,1,8,,,,,ve,0.0028
chain,20,3,4.0,0.5,211,lbp,5.138440020836083e-08,5.985474758780918e-07,2.717089115138761e-08,1.240249273792805e-07,1,65,3.7232560867739295e-07,,,,ve,0.0183
chain,20,3,4.0,0.5,211,gibbs,0.006062238241059417,0.013318793299345507,0.006561996415297427,0.004562963718345385,0,2000,,255.3,1.00965,2000,ve,5.1986
chain,20,3,0.0,1.5,211,exact,0.0,0.0,,,1,,,,,,ve,0.008
chain,20,3,0.0,1.5,211,mf,5.560656102243655e-16,1.2212453270876722e-15,5.597374415818498e-16,5.450501161519128e-16,1,1,,,,,ve,0.0005
chain,20,3,0.0,1.5,211,lbp,5.519022738820211e-16,1.2212453270876722e-15,5.584653110328001e-16,5.322131624296844e-16,1,3,0.0,,,,ve,0.001
chain,20,3,0.0,1.5,211,gibbs,6.972807747862575e-15,1.4186568586538328e-14,7.347710403079096e-15,5.848099782213012e-15,1,2000,,7522.4,0.9999,2000,ve,5.1371
chain,20,3,0.1,1.5,211,exact,0.0,0.0,,,1,,,,,,ve,0.0083
chain,20,3,0.1,1.5,211,mf,0.0003258794161340491,0.0006106292515359532,0.00031762396990247014,0.0003506457548287861,1,4,,,,,ve,0.0013
chain,20,3,0.1,1.5,211,lbp,7.791167483386582e-08,1.5824145591092353e-07,7.502078742440317e-08,8.658433706225377e-08,1,17,1.549881827322963e-07,,,,ve,0.0044
chain,20,3,0.1,1.5,211,gibbs,0.0001785775344412462,0.00035462414110593726,0.00019427760535081553,0.0001314773217125382,1,2000,,7166.2,1.00008,2000,ve,4.799
chain,20,3,0.25,1.5,211,exact,0.0,0.0,,,1,,,,,,ve,0.008
chain,20,3,0.25,1.5,211,mf,0.00204224547103386,0.0036754065116050352,0.001983517130972113,0.0022184304912191014,1,5,,,,,ve,0.0017
chain,20,3,0.25,1.5,211,lbp,8.266700946852474e-08,2.453701695714905e-07,7.486020667616758e-08,1.0608741784559616e-07,1,19,1.703429988175742e-07,,,,ve,0.0055
chain,20,3,0.25,1.5,211,gibbs,0.00046842173568548953,0.0008781114420289698,0.0005148184320123762,0.0003292316467048296,1,2000,,7391.2,1.00021,2000,ve,5.0167
chain,20,3,0.5,1.5,211,exact,0.0,0.0,,,1,,,,,,ve,0.0083
chain,20,3,0.5,1.5,211,mf,0.00811970927774075,0.014061352606720263,0.007866248923426597,0.008880090340683206,1,6,,,,,ve,0.0022
chain,20,3,0.5,1.5,211,lbp,1.3698108513151078e-07,2.696955310882432e-07,1.3513782867573728e-07,1.4251085449883128e-07,1,21,2.5537232428707313e-07,,,,ve,0.006
chain,20,3,0.5,1.5,211,gibbs,0.0010400173585188295,0.0024949599711573713,0.0011452731376787374,0.0007242500210391068,1,2000,,7306.1,1.00006,2000,ve,5.0731
chain,20,3,0.75,1.5,211,exact,0.0,0.0,,,1,,,,,,ve,0.0085
chain,20,3,0.75,1.5,211,mf,0.01807923556438306,0.03208802472789055,0.017248773693065808,0.020570621178334837,1,9,,,,,ve,0.0032
chain,20,3,0.75,1.5,211,lbp,1.7385292822480643e-07,4.720987237388785e-07,1.7589733157819902e-07,1.6771971816462867e-07,1,24,2.996891119155798e-07,,,,ve,0.0069
chain,20,3,0.75,1.5,211,gibbs,0.0014305564817444216,0.004129488495980604,0.0015245281258944004,0.0011486415492944853,1,2000,,6573.4,1.00026,2000,ve,4.9982
chain,20,3,1.0,1.5,211,exact,0.0,0.0,,,1,,,,,,ve,0.008
chain,20,3,1.0,1.5,211,mf,0.033846289818928156,0.07730099439181079,0.03175967734697404,0.040106127234790505,1,15,,,,,ve,0.0046
chain,20,3,1.0,1.5,211,lbp,1.6920017211542216e-07,4.99607483578357e-07,1.7731056433540707e-07,1.4486899545546744e-07,1,28,3.595924005228568e-07,,,,ve,0.0079
chain,20,3,1.0,1.5,211,gibbs,0.00239464958151933,0.005296309631560303,0.002490568913936822,0.0021068915842668537,1,2000,,5855.2,1.00031,2000,ve,4.9582
chain,20,3,1.3,1.5,211,exact,0.0,0.0,,,1,,,,,,ve,0.0081
chain,20,3,1.3,1.5,211,mf,0.08520158153964479,0.1725230472351307,0.08113071157168546,0.0974141914435228,1,32,,,,,ve,0.0096
chain,20,3,1.3,1.5,211,lbp,1.8371736515707461e-07,3.7449949064072285e-07,1.8134774570575015e-07,1.9082622351104804e-07,1,33,3.208794874254295e-07,,,,ve,0.0094
chain,20,3,1.3,1.5,211,gibbs,0.003696750515745445,0.01026461683101574,0.003858485789492911,0.0032115446945030456,1,2000,,4780.8,1.00044,2000,ve,5.0491
chain,20,3,1.75,1.5,211,exact,0.0,0.0,,,1,,,,,,ve,0.0081
chain,20,3,1.75,1.5,211,mf,0.22072305839812825,0.360660229421106,0.22136149313062767,0.2188077542006301,1,33,,,,,ve,0.0101
chain,20,3,1.75,1.5,211,lbp,4.498233008303539e-07,1.2457321291146906e-06,3.766136974671143e-07,6.694521109200726e-07,1,39,5.162881737130753e-07,,,,ve,0.0107
chain,20,3,1.75,1.5,211,gibbs,0.009530907516155504,0.021808079703476813,0.01054014646101132,0.0065031906815880575,1,2000,,3238.3,1.00023,2000,ve,4.929
chain,20,3,2.5,1.5,211,exact,0.0,0.0,,,1,,,,,,ve,0.0081
chain,20,3,2.5,1.5,211,mf,0.25586638326563665,0.578293381193454,0.2600101049708786,0.24343521814991104,1,19,,,,,ve,0.0054
chain,20,3,2.5,1.5,211,lbp,1.6448748519099637e-07,1.1345711248278434e-06,1.1895066384948656e-07,3.010979492155258e-07,1,55,5.100929647561259e-07,,,,ve,0.0148
chain,20,3,2.5,1.5,211,gibbs,0.0072610384694613145,0.014103247772711441,0.005978590034336406,0.011108383774836045,1,2000,,1615.2,1.00331,2000,ve,4.9841
chain,20,3,4.0,1.5,211,exact,0.0,0.0,,,1,,,,,,ve,0.008
chain,20,3,4.0,1.5,211,mf,0.23541167176254013,0.7133038474510518,0.21086029857633584,0.3090657913211529,1,14,,,,,ve,0.0043
chain,20,3,4.0,1.5,211,lbp,3.863003596172568e-08,4.492538035888449e-07,2.012577117115113e-08,9.414283033344932e-08,1,69,3.271995671072503e-07,,,,ve,0.0184
chain,20,3,4.0,1.5,211,gibbs,0.008547995478700703,0.028075891459590892,0.00875352786450141,0.007931398321298586,0,2000,,115.8,1.03249,2000,ve,5.0006
chain,20,3,0.0,0.5,212,exact,0.0,0.0,,,1,,,,,,ve,0.0105
chain,20,3,0.0,0.5,212,mf,4.358492733391728e-16,9.43689570931383e-16,4.3634077832403287e-16,4.343747583845925e-16,1,1,,,,,ve,0.0005
chain,20,3,0.0,0.5,212,lbp,4.3086194334573946e-16,9.26342336171615e-16,4.3501082365911735e-16,4.1841530240560585e-16,1,3,0.0,,,,ve,0.0011
chain,20,3,0.0,0.5,212,gibbs,8.732988290849342e-15,1.9040324872321435e-14,8.229123401222911e-15,1.0244582959728633e-14,1,2000,,7830.9,0.99991,2000,ve,5.0305
chain,20,3,0.1,0.5,212,exact,0.0,0.0,,,1,,,,,,ve,0.0082
chain,20,3,0.1,0.5,212,mf,0.0004014580933520143,0.0006685286776576295,0.00041255370239364733,0.00036817126622711515,1,4,,,,,ve,0.0013
chain,20,3,0.1,0.5,212,lbp,7.509903415699182e-08,1.5689621737577375e-07,8.042310795999818e-08,5.912681274797271e-08,1,17,1.630364393490069e-07,,,,ve,0.0048
chain,20,3,0.1,0.5,212,gibbs,0.00028125888739723235,0.0007609255271183481,0.0002627892495109572,0.0003366678010560578,1,2000,,8074.0,0.9997,2000,ve,4.9508
chain,20,3,0.25,0.5,212,exact,0.0,0.0,,,1,,,,,,ve,0.0084
chain,20,3,0.25,0.5,212,mf,0.0025015787827952626,0.004044209427295976,0.0025731829247212655,0.0022867663570172543,1,5,,,,,ve,0.0019
chain,20,3,0.25,0.5,212,lbp,7.132928532224171e-08,2.2288450510915547e-07,8.181054218150269e-08,3.988551474445878e-08,1,19,1.9775068738070445e-07,,,,ve,0.0057
chain,20,3,0.25,0.5,212,gibbs,0.0006772127759045889,0.001685060240836471,0.0006250333367815924,0.0008337510932735784,1,2000,,7802.9,0.9999,2000,ve,5.0267
chain,20,3,0.5,0.5,212,exact,0.0,0.0,,,1,,,,,,ve,0.0081
chain,20,3,0.5,0.5,212,mf,0.00991383054595966,0.01637099900591764,0.010259887466289834,0.00887565978496913,1,7,,,,,ve,0.0025
chain,20,3,0.5,0.5,212,lbp,9.242893510156072e-08,3.312520297608923e-07,8.422882807601155e-08,1.1702925617820825e-07,1,22,2.1698758545518615e-07,,,,ve,0.0062
chain,20,3,0.5,0.5,212,gibbs,0.0014313474068028647,0.00416121830017745,0.0012986122946533909,0.001829552743251285,1,2000,,7497.6,1.00019,2000,ve,5.1072
chain,20,3,0.75,0.5,212,exact,0.0,0.0,,,1,,,,,,ve,0.0082
chain,20,3,0.75,0.5,212,mf,0.02201395357148389,0.04243906551919079,0.02295411560237055,0.01919346747882391,1,11,,,,,ve,0.0032
chain,20,3,0.75,0.5,212,lbp,1.6344057640247343e-07,6.321226164590632e-07,1.5861864910270835e-07,1.779063583017687e-07,1,25,3.4742735094406285e-07,,,,ve,0.0073
chain,20,3,0.75,0.5,212,gibbs,0.00230713690081305,0.007396771770070584,0.0021664812925548936,0.00272910372558752,1,2000,,6994.0,1.00058,2000,ve,4.8486
chain,20,3,1.0,0.5,212,exact,0.0,0.0,,,1,,,,,,ve,0.0081
chain,20,3,1.0,0.5,212,mf,0.04091136602981989,0.09478560922665537,0.04138073733692207,0.03950325210851337,1,21,,,,,ve,0.0067
chain,20,3,1.0,0.5,212,lbp,8.95971346871749e-08,5.011696596057824e-07,7.681030361310811e-08,1.2795762790937527e-07,1,30,2.72683588431466e-07,,,,ve,0.0081
chain,20,3,1.0,0.5,212,gibbs,0.004293502788388219,0.014729341466467292,0.0041226155262647085,0.004806164574758748,1,2000,,6272.6,0.99995,2000,ve,4.9935
chain,20,3,1.3,0.5,212,exact,0.0,0.0,,,1,,,,,,ve,0.0081
chain,20,3,1.3,0.5,212,mf,0.11402116685484573,0.218991669050427,0.11297067708791013,0.11717263615565252,1,54,,,,,ve,0.0163
chain,20,3,1.3,0.5,212,lbp,6.477129332539862e-08,5.195674794289395e-07,4.3931447176077945e-08,1.2729083177336064e-07,1,34,3.163539445960595e-07,,,,ve,0.0095
chain,20,3,1.3,0.5,212,gibbs,0.004432362060411487,0.01674808040208329,0.004556432295269895,0.004060151355836263,1,2000,,5093.6,1.00004,2000,ve,5.4419
chain,20,3,1.75,0.5,212,exact,0.0,0.0,,,1,,,,,,ve,0.0085
chain,20,3,1.75,0.5,212,mf,0.30144632842407126,0.47940174354173287,0.29635830803331537,0.31671038959633907,1,48,,,,,ve,0.0235
chain,20,3,1.75,0.5,212,lbp,1.805705380250426e-07,5.286379635843774e-07,1.8178445905260115e-07,1.7692877494236702e-07,1,37,1.953201260729287e-07,,,,ve,0.0129
chain,20,3,1.75,0.5,212,gibbs,0.005282638342553899,0.013194993586577866,0.005553192627101868,0.00447097548891,1,2000,,3585.1,1.00036,2000,ve,6.737
chain,20,3,2.5,0.5,212,exact,0.0,0.0,,,1,,,,,,ve,0.0081
chain,20,3,2.5,0.5,212,mf,0.30950768182476296,0.57660566113144,0.29764428628466927,0.34509786844504414,1,30,,,,,ve,0.013
chain,20,3,2.5,0.5,212,lbp,3.029237195703062e-07,1.633312735484227e-06,2.462859598366396e-07,4.7283699877130604e-07,1,49,3.634052643253227e-07,,,,ve,0.0199
chain,20,3,2.5,0.5,212,gibbs,0.008523941190702074,0.017814333653846805,0.008252786848497626,0.009337404217315416,1,2000,,1179.5,1.00365,2000,ve,6.8497
chain,20,3,4.0,0.5,212,exact,0.0,0.0,,,1,,,,,,ve,0.0089
chain,20,3,4.0,0.5,212,mf,0.2912383321311848,0.6937644014434006,0.2839737449821883,0.31303209357817413,1,29,,,,,ve,0.0131
chain,20,3,4.0,0.5,212,lbp,1.2701669264651563e-07,1.070901586488343e-06,1.0475862206613928e-07,1.9379090438764475e-07,1,65,4.8465492319405e-07,,,,ve,0.0277
chain,20,3,4.0,0.5,212,gibbs,0.10542773976463052,0.14886611095480173,0.10599059276190698,0.10373918077280113,0,2000,,202.9,1.01924,2000,ve,7.0375
chain,20,3,0.0,1.5,212,exact,0.0,0.0,,,1,,,,,,ve,0.0083
chain,20,3,0.0,1.5,212,mf,6.984213554717123e-16,1.4155343563970746e-15,6.037126816978618e-16,9.825473767932635e-16,1,1,,,,,ve,0.0009
chain,20,3,0.0,1.5,212,lbp,7.051650929845721e-16,1.4155343563970746e-15,6.087722918361275e-16,9.94343496429906e-16,1,3,0.0,,,,ve,0.0016
chain,20,3,0.0,1.5,212,gibbs,8.176315527408384e-15,1.762479051592436e-14,7.835225523944444e-15,9.199585537800203e-15,1,2000,,8119.1,0.99991,2000,ve,6.8902
chain,20,3,0.1,1.5,212,exact,0.0,0.0,,,1,,,,,,ve,0.0083
chain,20,3,0.1,1.5,212,mf,0.00035064776729568846,0.0007488088820850405,0.00035123828799666024,0.0003488762051927732,1,4,,,,,ve,0.0021
chain,20,3,0.1,1.5,212,lbp,9.275636070221228e-08,1.8345011680576118e-07,9.887900582304423e-08,7.438842533971646e-08,1,17,1.7414669034598873e-07,,,,ve,0.0082
chain,20,3,0.1,1.5,212,gibbs,0.0002727169228606423,0.0007331363426761987,0.00026204816374591225,0.0003047232002048324,1,2000,,8035.9,1.00003,2000,ve,7.179
chain,20,3,0.25,1.5,212,exact,0.0,0.0,,,1,,,,,,ve,0.0085
chain,20,3,0.25,1.5,212,mf,0.0020598201481457565,0.004714444704867961,0.0020287263549194873,0.0021531015278245624,1,5,,,,,ve,0.0028
chain,20,3,0.25,1.5,212,lbp,9.534571057477192e-08,2.1983238270018024e-07,9.60719312102729e-08,9.316704866826896e-08,1,19,2.3307621854762317e-07,,,,ve,0.0091
chain,20,3,0.25,1.5,212,gibbs,0.0006185975104723714,0.0017588615833909159,0.0006070804733017476,0.0006531486219842432,1,2000,,7850.3,1.00008,2000,ve,7.2359
chain,20,3,0.5,1.5,212,exact,0.0,0.0,,,1,,,,,,ve,0.0086
chain,20,3,0.5,1.5,212,mf,0.008178290524066014,0.019526730735134303,0.008036614030739162,0.008603320004046568,1,7,,,,,ve,0.0035
chain,20,3,0.5,1.5,212,lbp,1.2836055529360634e-07,4.046558744336126e-07,1.2715178671083086e-07,1.319868610419328e-07,1,22,2.798239295276339e-07,,,,ve,0.0066
chain,20,3,0.5,1.5,212,gibbs,0.0012783388057046982,0.0032494611100959882,0.001284987011933769,0.001258394187017485,1,2000,,6435.8,1.00024,2000,ve,7.3402
chain,20,3,0.75,1.5,212,exact,0.0,0.0,,,1,,,,,,ve,0.01
chain,20,3,0.75,1.5,212,mf,0.020613524205825025,0.05025035712950034,0.020630676924171153,0.020562066050786632,1,10,,,,,ve,0.0053
chain,20,3,0.75,1.5,212,lbp,1.4270516808263106e-07,3.74663849847523e-07,1.3835888033955633e-07,1.5574403131185522e-07,1,26,2.8308575050761675e-07,,,,ve,0.0115
chain,20,3,0.75,1.5,212,gibbs,0.0015566390773527586,0.003237084378180346,0.0016620063203642297,0.0012405373483183445,1,2000,,6194.2,1.0004,2000,ve,7.2541
chain,20,3,1.0,1.5,212,exact,0.0,0.0,,,1,,,,,,ve,0.0085
chain,20,3,1.0,1.5,212,mf,0.05016202273839039,0.10359627530057977,0.04885616367009054,0.054079599943289904,1,19,,,,,ve,0.0077
chain,20,3,1.0,1.5,212,lbp,1.1746394541515757e-07,5.077884816240275e-07,9.939581478007424e-08,1.7166833732040753e-07,1,30,2.842295677152329e-07,,,,ve,0.0117
chain,20,3,1.0,1.5,212,gibbs,0.0018887867898863795,0.006345751530214994,0.0019702053112882283,0.0016445312256808322,1,2000,,5079.2,1.00051,2000,ve,7.1094
chain,20,3,1.3,1.5,212,exact,0.0,0.0,,,1,,,,,,ve,0.0092
chain,20,3,1.3,1.5,212,mf,0.12336187348322727,0.2247174806761158,0.11621429973696555,0.14480459472201232,1,34,,,,,ve,0.0157
chain,20,3,1.3,1.5,212,lbp,7.771103176447587e-08,4.1547589944845864e-07,5.785192769176828e-08,1.3728834398259864e-07,1,34,2.7998114870975144e-07,,,,ve,0.0148
chain,20,3,1.3,1.5,212,gibbs,0.0029617330788486557,0.007145704870201053,0.0029077477179864698,0.003123689161435214,1,2000,,4471.8,1.00052,2000,ve,7.082
chain,20,3,1.75,1.5,212,exact,0.0,0.0,,,1,,,,,,ve,0.0081
chain,20,3,1.75,1.5,212,mf,0.18929643229012943,0.33176241042029114,0.17214216438978464,0.24075923599116375,1,20,,,,,ve,0.0104
chain,20,3,1.75,1.5,212,lbp,1.6796501221829577e-07,4.764448569422042e-07,1.6246911861292924e-07,1.8445269303439538e-07,1,37,2.7247714451394955e-07,,,,ve,0.0157
chain,20,3,1.75,1.5,212,gibbs,0.0051458592858264224,0.01194699311919524,0.004726957370799091,0.006402565030908418,1,2000,,2991.6,1.00101,2000,ve,7.0466
chain,20,3,2.5,1.5,212,exact,0.0,0.0,,,1,,,,,,ve,0.0094
chain,20,3,2.5,1.5,212,mf,0.17561515985136006,0.3599537597838399,0.15676411063823859,0.23216830749072445,1,15,,,,,ve,0.0055
chain,20,3,2.5,1.5,212,lbp,2.120293564703891e-07,1.0343977013271832e-06,1.6011630168946341e-07,3.6776852081316613e-07,1,47,4.56553393313186e-07,,,,ve,0.0172
chain,20,3,2.5,1.5,212,gibbs,0.005786291540104395,0.011958094080829415,0.005343324325722252,0.007115193183250823,1,2000,,1491.8,1.00509,2000,ve,7.0097
chain,20,3,4.0,1.5,212,exact,0.0,0.0,,,1,,,,,,ve,0.0091
chain,20,3,4.0,1.5,212,mf,0.15848078944130867,0.5281248193827575,0.14358946123156074,0.20315477407055244,1,13,,,,,ve,0.0059
chain,20,3,4.0,1.5,212,lbp,1.6730822574116526e-07,1.5611019897228406e-06,1.413794603243866e-07,2.450945219915012e-07,1,59,4.6434053813104725e-07,,,,ve,0.021
chain,20,3,4.0,1.5,212,gibbs,0.005490680038372762,0.010399699587389122,0.0056553962876020976,0.004996531290684753,1,2000,,441.5,1.00653,2000,ve,7.1941
chain,20,3,0.0,0.5,213,exact,0.0,0.0,,,1,,,,,,ve,0.0104
chain,20,3,0.0,0.5,213,mf,2.561319212279756e-16,5.065392549852277e-16,2.286365541337432e-16,3.3861802251067273e-16,1,1,,,,,ve,0.0008
chain,20,3,0.0,0.5,213,lbp,2.502338614096544e-16,5.204170427930421e-16,2.2354803193754455e-16,3.302913498259841e-16,1,3,0.0,,,,ve,0.0013
chain,20,3,0.0,0.5,213,gibbs,7.267493898344135e-15,2.028238688112083e-14,8.621402203257133e-15,3.2057689836051395e-15,1,2000,,7302.7,0.99993,2000,ve,6.8902
chain,20,3,0.1,0.5,213,exact,0.0,0.0,,,1,,,,,,ve,0.0119
chain,20,3,0.1,0.5,213,mf,0.00038576322282214454,0.0007103032537338775,0.00041573518766949846,0.00029584732828008277,1,4,,,,,ve,0.0019
chain,20,3,0.1,0.5,213,lbp,7.851918328912605e-08,1.62473578771416e-07,8.486087393506462e-08,5.949411135131033e-08,1,17,1.4756082061806453e-07,,,,ve,0.006
chain,20,3,0.1,0.5,213,gibbs,0.00018038295257483323,0.000563710248273272,0.0001673695883889731,0.00021942304513241362,1,2000,,7266.3,0.99983,2000,ve,7.0701
chain,20,3,0.25,0.5,213,exact,0.0,0.0,,,1,,,,,,ve,0.0098
chain,20,3,0.25,0.5,213,mf,0.0024330778761933103,0.004528339924168726,0.002633358661703819,0.0018322355196617845,1,5,,,,,ve,0.0025
chain,20,3,0.25,0.5,213,lbp,8.203982151213686e-08,1.5545871458189087e-07,8.189057803745468e-08,8.24875519361834e-08,1,19,1.8571738719108666e-07,,,,ve,0.0062
chain,20,3,0.25,0.5,213,gibbs,0.00045586370409715914,0.0011763741120397742,0.000438887568895462,0.0005067921097022504,1,2000,,7321.6,0.99995,2000,ve,7.0612
chain,20,3,0.5,0.5,213,exact,0.0,0.0,,,1,,,,,,ve,0.0093
chain,20,3,0.5,0.5,213,mf,0.010192635931050301,0.019500187998898785,0.011228952485274233,0.0070836862683785005,1,7,,,,,ve,0.0023
chain,20,3,0.5,0.5,213,lbp,1.0678789632316207e-07,2.1414968353478114e-07,1.0417212259507258e-07,1.1463521750743056e-07,1,22,2.0237897790931214e-07,,,,ve,0.0069
chain,20,3,0.5,0.5,213,gibbs,0.0009149018136009294,0.002148685409492812,0.0008282814942146775,0.0011747627717596854,1,2000,,6713.8,0.99976,2000,ve,7.1898
chain,20,3,0.75,0.5,213,exact,0.0,0.0,,,1,,,,,,ve,0.0082
chain,20,3,0.75,0.5,213,mf,0.02582149288846124,0.05145697457375817,0.029494313115009437,0.014803032208816638,1,9,,,,,ve,0.004
chain,20,3,0.75,0.5,213,lbp,1.70761251471049e-07,3.763942964529754e-07,1.5884937457095323e-07,2.0649688217133644e-07,1,24,2.9509701537921984e-07,,,,ve,0.0097
chain,20,3,0.75,0.5,213,gibbs,0.00157406634579055,0.0034090145312120484,0.0015286274303327612,0.001710383092163917,1,2000,,5964.0,0.99995,2000,ve,7.0679
chain,20,3,1.0,0.5,213,exact,0.0,0.0,,,1,,,,,,ve,0.0097
chain,20,3,1.0,0.5,213,mf,0.051509799771557806,0.10111430281328898,0.06105342007816899,0.022878938851724245,1,14,,,,,ve,0.0063
chain,20,3,1.0,0.5,213,lbp,1.7063427122511292e-07,4.363831262454987e-07,1.3802908476739696e-07,2.6844983059826076e-07,1,27,2.940706232967827e-07,,,,ve,0.0143
chain,20,3,1.0,0.5,213,gibbs,0.002832619718438352,0.005462807225568231,0.0028159158632636554,0.002882731283962442,1,2000,,5506.9,1.00032,2000,ve,7.2744
chain,20,3,1.3,0.5,213,exact,0.0,0.0,,,1,,,,,,ve,0.0092
chain,20,3,1.3,0.5,213,mf,0.10104697665423301,0.16764110630409562,0.11776057101418898,0.050906193574365086,1,25,,,,,ve,0.0097
chain,20,3,1.3,0.5,213,lbp,3.322244474981105e-07,9.398197526044871e-07,2.783176324830152e-07,4.939448925433965e-07,1,31,4.714210050660306e-07,,,,ve,0.0098
chain,20,3,1.3,0.5,213,gibbs,0.003378020333432042,0.005988516109657033,0.0034079877458812347,0.0032881180960844638,1,2000,,4560.1,1.00096,2000,ve,7.2229
chain,20,3,1.75,0.5,213,exact,0.0,0.0,,,1,,,,,,ve,0.0097
chain,20,3,1.75,0.5,213,mf,0.22390149031303647,0.44604484747080214,0.22518538375750582,0.22004980997962864,1,36,,,,,ve,0.0139
chain,20,3,1.75,0.5,213,lbp,1.935745505969675e-07,5.693387087890578e-07,1.6644416600062005e-07,2.7496570438600987e-07,1,40,3.844488574156202e-07,,,,ve,0.0138
chain,20,3,1.75,0.5,213,gibbs,0.004722955540821618,0.008673701821623941,0.004648881020246039,0.004945179102548355,1,2000,,3149.3,1.00084,2000,ve,7.0079
chain,20,3,2.5,0.5,213,exact,0.0,0.0,,,1,,,,,,ve,0.0089
chain,20,3,2.5,0.5,213,mf,0.2843745207645373,0.6535257706895525,0.2541835472380063,0.37494744134413044,1,40,,,,,ve,0.0166
chain,20,3,2.5,0.5,213,lbp,9.682711648965892e-08,7.223298963687785e-07,3.221761638259416e-08,2.9065561681085317e-07,1,54,3.709661500761463e-07,,,,ve,0.0228
chain,20,3,2.5,0.5,213,gibbs,0.0075267730342328445,0.0147866011564119,0.007515394472497467,0.007560908719438984,1,2000,,1104.6,1.00672,2000,ve,7.3796
chain,20,3,4.0,0.5,213,exact,0.0,0.0,,,1,,,,,,ve,0.0088
chain,20,3,4.0,0.5,213,mf,0.5844747966851718,0.9044039044282393,0.5510708137268924,0.6846867455600102,1,29,,,,,ve,0.0109
chain,20,3,4.0,0.5,213,lbp,8.03051548039016e-08,6.524577301006418e-07,3.179244071014701e-08,2.2584329708516536e-07,1,62,2.845253356253963e-07,,,,ve,0.0208
chain,20,3,4.0,0.5,213,gibbs,0.020255351674722498,0.039611164531475736,0.019374635116866924,0.02289750134828922,0,2000,,189.6,1.02389,2000,ve,7.1217
chain,20,3,0.0,1.5,213,exact,0.0,0.0,,,1,,,,,,ve,0.0117
chain,20,3,0.0,1.5,213,mf,2.3904489498960404e-16,6.661338147750939e-16,2.0585385248258112e-16,3.3861802251067273e-16,1,1,,,,,ve,0.0009
chain,20,3,0.0,1.5,213,lbp,2.383510055992133e-16,6.661338147750939e-16,2.077042241902897e-16,3.302913498259841e-16,1,3,0.0,,,,ve,0.0012
chain,20,3,0.0,1.5,213,gibbs,4.491567708042599e-15,9.96425164601078e-15,4.920167282855085e-15,3.2057689836051395e-15,1,2000,,7196.6,1.00023,2000,ve,7.5729
chain,20,3,0.1,1.5,213,exact,0.0,0.0,,,1,,,,,,ve,0.0088
chain,20,3,0.1,1.5,213,mf,0.00035863392749462474,0.000648408182353042,0.00039267636208926613,0.00025650662371070053,1,4,,,,,ve,0.0028
chain,20,3,0.1,1.5,213,lbp,7.244229247216263e-08,1.6398023691688302e-07,6.760686707474201e-08,8.694856866442446e-08,1,17,1.686989465898847e-07,,,,ve,0.0108
chain,20,3,0.1,1.5,213,gibbs,0.00021197380681881872,0.0008762791346475993,0.00022021853796001892,0.0001872396133952181,1,2000,,7210.5,1.00017,2000,ve,7.6275
chain,20,3,0.25,1.5,213,exact,0.0,0.0,,,1,,,,,,ve,0.0098
chain,20,3,0.25,1.5,213,mf,0.002176180491479757,0.004025599828965418,0.0024076257691758984,0.0014818446583913319,1,5,,,,,ve,0.0021
chain,20,3,0.25,1.5,213,lbp,6.416961845876357e-08,1.8951830323132857e-07,5.761658500155406e-08,8.382871883039211e-08,1,19,2.0255633020882513e-07,,,,ve,0.0085
chain,20,3,0.25,1.5,213,gibbs,0.0005512329250903029,0.002084970556562288,0.0005526491380881013,0.0005469842860969076,1,2000,,7226.0,1.00046,2000,ve,7.842
chain,20,3,0.5,1.5,213,exact,0.0,0.0,,,1,,,,,,ve,0.011
chain,20,3,0.5,1.5,213,mf,0.008547809274267393,0.0158084667939878,0.009704474444648089,0.005077813763125316,1,7,,,,,ve,0.0042
chain,20,3,0.5,1.5,213,lbp,7.132069848587823e-08,1.229552883744156e-07,6.708353284528891e-08,8.403219540764617e-08,1,22,1.9610647095102962e-07,,,,ve,0.0101
chain,20,3,0.5,1.5,213,gibbs,0.0014371557330875907,0.005909851523963054,0.0013923473489077193,0.0015715808856272052,1,2000,,6843.6,1.00053,2000,ve,7.9779
chain,20,3,0.75,1.5,213,exact,0.0,0.0,,,1,,,,,,ve,0.0088
chain,20,3,0.75,1.5,213,mf,0.018531259990123432,0.03404512283171398,0.021532934759058108,0.009526235683319404,1,10,,,,,ve,0.0042
chain,20,3,0.75,1.5,213,lbp,1.2609707483231953e-07,4.239734259364747e-07,1.1839733334920166e-07,1.491962992816731e-07,1,24,1.9584892563262457e-07,,,,ve,0.0079
chain,20,3,0.75,1.5,213,gibbs,0.0023880397200183243,0.00907942136616996,0.0024477225282604573,0.002208991295291926,1,2000,,6345.8,1.00046,2000,ve,7.4559
chain,20,3,1.0,1.5,213,exact,0.0,0.0,,,1,,,,,,ve,0.0087
chain,20,3,1.0,1.5,213,mf,0.03278158189504082,0.06108808276448921,0.038729120780526184,0.014938965238584723,1,16,,,,,ve,0.0074
chain,20,3,1.0,1.5,213,lbp,1.3318363546802047e-07,4.3238798974609693e-07,1.3897859732029763e-07,1.1579874991118899e-07,1,27,3.145669389970074e-07,,,,ve,0.0126
chain,20,3,1.0,1.5,213,gibbs,0.0033634367647231156,0.00861229700038331,0.0032762953049693053,0.0036248611439845453,1,2000,,5838.4,1.00025,2000,ve,7.5649
chain,20,3,1.3,1.5,213,exact,0.0,0.0,,,1,,,,,,ve,0.0096
chain,20,3,1.3,1.5,213,mf,0.087236394049575,0.20373312018052792,0.10437722931860977,0.03581388824247082,1,51,,,,,ve,0.0253
chain,20,3,1.3,1.5,213,lbp,1.9253726874731736e-07,6.004349327771996e-07,1.9245249055528427e-07,1.9279160332341673e-07,1,31,2.6723799956274163e-07,,,,ve,0.0149
chain,20,3,1.3,1.5,213,gibbs,0.005524276426038964,0.014157145142729123,0.006053516449308218,0.003936556356231202,1,2000,,4828.5,1.00043,2000,ve,8.1507
chain,20,3,1.75,1.5,213,exact,0.0,0.0,,,1,,,,,,ve,0.0089
chain,20,3,1.75,1.5,213,mf,0.21593458168369484,0.40888787846002184,0.2290228330129679,0.1766698276958754,1,54,,,,,ve,0.0223
chain,20,3,1.75,1.5,213,lbp,8.669865961445992e-08,5.466556035893522e-07,6.063939819872984e-08,1.6487644386165013e-07,1,39,3.458688516699837e-07,,,,ve,0.0154
chain,20,3,1.75,1.5,213,gibbs,0.009336043330325752,0.01955549451542967,0.009926121004913595,0.007565810306562222,1,2000,,3463.8,1.00048,2000,ve,7.2778
chain,20,3,2.5,1.5,213,exact,0.0,0.0,,,1,,,,,,ve,0.0089
chain,20,3,2.5,1.5,213,mf,0.2598894391491796,0.656892768752918,0.2478847290717723,0.29590356938140144,1,16,,,,,ve,0.0078
chain,20,3,2.5,1.5,213,lbp,2.971544878633582e-07,1.4248144993567191e-06,1.5408122811221002e-07,7.263742671168028e-07,1,48,5.610470250605459e-07,,,,ve,0.0164
chain,20,3,2.5,1.5,213,gibbs,0.015973211674854635,0.03216973181140278,0.015867823064888396,0.016289377504753337,1,2000,,1150.7,1.00048,2000,ve,7.4059
chain,20,3,4.0,1.5,213,exact,0.0,0.0,,,1,,,,,,ve,0.0097
chain,20,3,4.0,1.5,213,mf,0.4332940110943335,0.8901248505260649,0.41610234253868217,0.4848690167612878,1,15,,,,,ve,0.0058
chain,20,3,4.0,1.5,213,lbp,6.0091738721753e-08,7.082691551030251e-07,9.434880987330835e-09,2.120623119250195e-07,1,64,3.40658932951321e-07,,,,ve,0.024
chain,20,3,4.0,1.5,213,gibbs,0.030907925228588318,0.05244815930484962,0.03285969372349878,0.02505261974385694,0,2000,,176.1,1.01078,2000,ve,7.1869
chain,20,3,0.0,0.5,214,exact,0.0,0.0,,,1,,,,,,ve,0.0131
chain,20,3,0.0,0.5,214,mf,7.304920557338335e-16,2.005340338229189e-15,7.880270510203975e-16,5.578870698741412e-16,1,1,,,,,ve,0.0009
chain,20,3,0.0,0.5,214,lbp,7.2476746826311e-16,2.005340338229189e-15,7.89414829801179e-16,5.30825383648903e-16,1,3,0.0,,,,ve,0.0013
chain,20,3,0.0,0.5,214,gibbs,6.9371591804312516e-15,1.5949047638130764e-14,7.187075009203643e-15,6.187411694114076e-15,1,2000,,8013.8,1.00011,2000,ve,7.4812
chain,20,3,0.1,0.5,214,exact,0.0,0.0,,,1,,,,,,ve,0.0134
chain,20,3,0.1,0.5,214,mf,0.00036289238065677847,0.0006724710413233623,0.0003450551019291686,0.00041640421683960817,1,4,,,,,ve,0.0028
chain,20,3,0.1,0.5,214,lbp,8.611480774634896e-08,2.0630158024947942e-07,8.10358952682208e-08,1.0135154518073342e-07,1,17,1.659306420043194e-07,,,,ve,0.009
chain,20,3,0.1,0.5,214,gibbs,0.00018826188109964198,0.00048755342822690007,0.0001932713646116942,0.00017323343056348527,1,2000,,7956.8,1.00002,2000,ve,7.5445
chain,20,3,0.25,0.5,214,exact,0.0,0.0,,,1,,,,,,ve,0.0089
chain,20,3,0.25,0.5,214,mf,0.002346527074551564,0.004235377451419713,0.0022463619994979958,0.0026470222997122686,1,5,,,,,ve,0.0032
chain,20,3,0.25,0.5,214,lbp,9.75343647646211e-08,2.833777780486546e-07,1.0305908573401505e-07,8.096020185643927e-08,1,19,1.9400825096438368e-07,,,,ve,0.0081
chain,20,3,0.25,0.5,214,gibbs,0.00046548085675719996,0.0013190422810728797,0.00048413684451075834,0.00040951289349652477,1,2000,,7624.7,1.00025,2000,ve,7.08
chain,20,3,0.5,0.5,214,exact,0.0,0.0,,,1,,,,,,ve,0.012
chain,20,3,0.5,0.5,214,mf,0.009721636123741486,0.018346824082000918,0.00945822227307086,0.010511877675753359,1,7,,,,,ve,0.0047
chain,20,3,0.5,0.5,214,lbp,1.0446645398419496e-07,2.5908560009890724e-07,9.983165901589208e-08,1.1837083888910361e-07,1,22,2.52940618339359e-07,,,,ve,0.0107
chain,20,3,0.5,0.5,214,gibbs,0.0012425568715874636,0.0037464135084422853,0.0012304357712197244,0.0012789201726906812,1,2000,,6888.1,0.99994,2000,ve,7.2546
chain,20,3,0.75,0.5,214,exact,0.0,0.0,,,1,,,,,,ve,0.008
chain,20,3,0.75,0.5,214,mf,0.022317611585652236,0.045449129571275004,0.022069413422571835,0.023062206074893447,1,9,,,,,ve,0.0058
chain,20,3,0.75,0.5,214,lbp,1.6180117917621167e-07,4.490535924911443e-07,1.548946873222712e-07,1.8252065473803313e-07,1,24,3.1333896166607644e-07,,,,ve,0.0132
chain,20,3,0.75,0.5,214,gibbs,0.0020185522006749826,0.005208603313137369,0.002093079366052348,0.0017949707045428857,1,2000,,6316.3,1.00024,2000,ve,7.3466
chain,20,3,1.0,0.5,214,exact,0.0,0.0,,,1,,,,,,ve,0.0107
chain,20,3,1.0,0.5,214,mf,0.041217273737594,0.08356149183845092,0.041576903844760794,0.04013838341609358,1,14,,,,,ve,0.0109
chain,20,3,1.0,0.5,214,lbp,1.2632107281264003e-07,4.549156681910027e-07,1.1691261498647983e-07,1.5454644629112058e-07,1,27,2.8968571230691964e-07,,,,ve,0.0192
chain,20,3,1.0,0.5,214,gibbs,0.001995790056305917,0.004843630788773992,0.002012045207537414,0.0019470246026114246,1,2000,,5609.5,1.00035,2000,ve,7.3938
chain,20,3,1.3,0.5,214,exact,0.0,0.0,,,1,,,,,,ve,0.0091
chain,20,3,1.3,0.5,214,mf,0.08351594476684936,0.15305928958651546,0.08155571943459096,0.08939662076362453,1,23,,,,,ve,0.0087
chain,20,3,1.3,0.5,214,lbp,1.0922099244279476e-07,3.578912998666861e-07,1.151106214386984e-07,9.155210545508385e-08,1,30,3.4360924294762896e-07,,,,ve,0.0107
chain,20,3,1.3,0.5,214,gibbs,0.004416567169537762,0.015134899128269874,0.004590535254225324,0.003894662915475078,1,2000,,4253.5,1.00073,2000,ve,7.441
chain,20,3,1.75,0.5,214,exact,0.0,0.0,,,1,,,,,,ve,0.0092
chain,20,3,1.75,0.5,214,mf,0.15411968548946442,0.3312041896275394,0.15239887414694883,0.15928211951701124,1,18,,,,,ve,0.0078
chain,20,3,1.75,0.5,214,lbp,2.1409782821283503e-07,7.440894498160489e-07,2.02836329979648e-07,2.4788232291239607e-07,1,36,3.931886617958291e-07,,,,ve,0.0126
chain,20,3,1.75,0.5,214,gibbs,0.008558356373445203,0.02469481575353236,0.008991305911351216,0.007259507759727163,1,2000,,3456.4,1.00111,2000,ve,8.407
chain,20,3,2.5,0.5,214,exact,0.0,0.0,,,1,,,,,,ve,0.0108
chain,20,3,2.5,0.5,214,mf,0.2099161323904677,0.47352028562272314,0.2183513332576877,0.1846105297888077,1,12,,,,,ve,0.0087
chain,20,3,2.5,0.5,214,lbp,2.1025428370983253e-07,1.0721776960709306e-06,1.9017808470360905e-07,2.70482880728503e-07,1,52,5.189355045120969e-07,,,,ve,0.0224
chain,20,3,2.5,0.5,214,gibbs,0.01907899894775092,0.06378848494914524,0.021029830128452963,0.013226505405644785,1,2000,,1616.0,1.00164,2000,ve,10.822
chain,20,3,4.0,0.5,214,exact,0.0,0.0,,,1,,,,,,ve,0.0101
chain,20,3,4.0,0.5,214,mf,0.4822888574941799,0.9319085784346308,0.44384070958423305,0.5976333012240204,1,17,,,,,ve,0.0122
chain,20,3,4.0,0.5,214,lbp,4.275595507648817e-08,4.4478822375714974e-07,4.275643877887115e-08,4.2754503969339236e-08,1,70,3.0875569928534574e-07,,,,ve,0.0349
chain,20,3,4.0,0.5,214,gibbs,0.04198178184520131,0.0582405739497058,0.042695554086136664,0.0398404651223952,0,2000,,150.1,1.02209,2000,ve,11.1341
chain,20,3,0.0,1.5,214,exact,0.0,0.0,,,1,,,,,,ve,0.0102
chain,20,3,0.0,1.5,214,mf,4.458673014129388e-16,1.2281842209915794e-15,4.0112589176170367e-16,5.800915303666443e-16,1,1,,,,,ve,0.0015
chain,20,3,0.0,1.5,214,lbp,4.4304837576447654e-16,1.2281842209915794e-15,4.026871428900828e-16,5.641320743876576e-16,1,3,0.0,,,,ve,0.0017
chain,20,3,0.0,1.5,214,gibbs,6.2839490555521845e-15,1.6922227508153753e-14,6.32167929115468e-15,6.170758348744698e-15,1,2000,,8102.9,0.99982,2000,ve,11.6252
chain,20,3,0.1,1.5,214,exact,0.0,0.0,,,1,,,,,,ve,0.0105
chain,20,3,0.1,1.5,214,mf,0.0003231874872193794,0.0005764050571733931,0.00031091316038499734,0.0003600104677225255,1,4,,,,,ve,0.007
chain,20,3,0.1,1.5,214,lbp,9.037682726640347e-08,2.396427555353964e-07,8.771005851867034e-08,9.837713350960287e-08,1,17,1.635574847780319e-07,,,,ve,0.0266
chain,20,3,0.1,1.5,214,gibbs,0.00015510397978763017,0.00043055786642239025,0.00014499950420045687,0.00018541740654915012,1,2000,,7875.2,0.99985,2000,ve,11.4651
chain,20,3,0.25,1.5,214,exact,0.0,0.0,,,1,,,,,,ve,0.0085
chain,20,3,0.25,1.5,214,mf,0.0020543817259053724,0.0035791270721710067,0.001979486068609938,0.0022790686977916764,1,5,,,,,ve,0.0024
chain,20,3,0.25,1.5,214,lbp,1.0655783161477548e-07,2.6006166373160333e-07,1.0692132260374752e-07,1.0546735864785939e-07,1,19,2.1436318042855618e-07,,,,ve,0.0079
chain,20,3,0.25,1.5,214,gibbs,0.00037814942913673346,0.0008559966324174634,0.0003391372234384113,0.0004951860462317,1,2000,,7718.4,1.00004,2000,ve,11.429
chain,20,3,0.5,1.5,214,exact,0.0,0.0,,,1,,,,,,ve,0.0087
chain,20,3,0.5,1.5,214,mf,0.008637501583596285,0.015213637172469832,0.008593089025763634,0.008770739257094245,1,7,,,,,ve,0.0034
chain,20,3,0.5,1.5,214,lbp,9.887984823734806e-08,2.9887051718885393e-07,8.950729773321102e-08,1.2699749974975915e-07,1,22,2.504175131701203e-07,,,,ve,0.0202
chain,20,3,0.5,1.5,214,gibbs,0.0008360423511356262,0.0022523927560535867,0.0007906920163822442,0.0009720933553957715,1,2000,,7219.0,1.00062,2000,ve,10.9587
chain,20,3,0.75,1.5,214,exact,0.0,0.0,,,1,,,,,,ve,0.0091
chain,20,3,0.75,1.5,214,mf,0.02072428608462875,0.042017463468845516,0.02187079245821805,0.01728476696386086,1,10,,,,,ve,0.006
chain,20,3,0.75,1.5,214,lbp,8.18488056011056e-08,2.1163733414375496e-07,7.224349926881572e-08,1.1066472459797527e-07,1,25,1.9138749635105867e-07,,,,ve,0.0257
chain,20,3,0.75,1.5,214,gibbs,0.0013894668161772196,0.0025517355611547124,0.001385992674000954,0.0013998892427060164,1,2000,,6615.9,0.99992,2000,ve,11.2498
chain,20,3,1.0,1.5,214,exact,0.0,0.0,,,1,,,,,,ve,0.0097
chain,20,3,1.0,1.5,214,mf,0.04006814353875403,0.09764190747926553,0.04213137929033208,0.033878436284019875,1,12,,,,,ve,0.0232
chain,20,3,1.0,1.5,214,lbp,1.050613936929342e-07,3.3287143297831834e-07,9.63404207667574e-08,1.312243124714646e-07,1,27,3.3587717085392654e-07,,,,ve,0.0456
chain,20,3,1.0,1.5,214,gibbs,0.00182087850214093,0.004529805594898878,0.0017207858124745534,0.0021211565711400596,1,2000,,5665.6,1.0001,2000,ve,11.5507
chain,20,3,1.3,1.5,214,exact,0.0,0.0,,,1,,,,,,ve,0.0092
chain,20,3,1.3,1.5,214,mf,0.06578432480814156,0.1662623785244558,0.06547571578699336,0.0667101518715861,1,11,,,,,ve,0.0055
chain,20,3,1.3,1.5,214,lbp,9.181925119672308e-08,3.3225478459492086e-07,9.126370562548743e-08,9.348588791043e-08,1,30,2.9361801728855497e-07,,,,ve,0.0124
chain,20,3,1.3,1.5,214,gibbs,0.0020432159325174093,0.004823042094938803,0.0019217357168331809,0.0024076565795700952,1,2000,,4335.4,1.00038,2000,ve,10.8759
chain,20,3,1.75,1.5,214,exact,0.0,0.0,,,1,,,,,,ve,0.0099
chain,20,3,1.75,1.5,214,mf,0.08942305253882796,0.16362204461717664,0.08341943022017048,0.10743391949480037,1,15,,,,,ve,0.0073
chain,20,3,1.75,1.5,214,lbp,1.1913204396338077e-07,5.419337129539126e-07,1.2370472648459697e-07,1.054139963997322e-07,1,34,3.5202963433178525e-07,,,,ve,0.0153
chain,20,3,1.75,1.5,214,gibbs,0.002744857855515399,0.0066586902398867165,0.0023010096048131515,0.004076402607622142,1,2000,,3419.0,1.00088,2000,ve,11.62
chain,20,3,2.5,1.5,214,exact,0.0,0.0,,,1,,,,,,ve,0.0112
chain,20,3,2.5,1.5,214,mf,0.11988092399024448,0.2695323735390916,0.1138915392927442,0.13784907808274532,1,10,,,,,ve,0.0043
chain,20,3,2.5,1.5,214,lbp,1.142509338639716e-07,2.3636187346243176e-07,1.1412572498547408e-07,1.1462656049946416e-07,1,43,3.6253958762832994e-07,,,,ve,0.0186
chain,20,3,2.5,1.5,214,gibbs,0.0031666965665573575,0.006746958607017031,0.0030523867207245103,0.0035096261040558976,1,2000,,2401.3,1.00071,2000,ve,10.8968
chain,20,3,4.0,1.5,214,exact,0.0,0.0,,,1,,,,,,ve,0.0091
chain,20,3,4.0,1.5,214,mf,0.22350340327558924,0.6461858760639054,0.2293328478424768,0.20601506957492668,1,20,,,,,ve,0.0072
chain,20,3,4.0,1.5,214,lbp,1.704242273298939e-08,1.5526396887404967e-07,1.658800536398396e-08,1.8405674840005692e-08,1,68,4.29840486843025e-07,,,,ve,0.0211
chain,20,3,4.0,1.5,214,gibbs,0.013751460419327515,0.039827249950762894,0.014606142913154525,0.011187412937846487,0,2000,,338.9,1.00789,2000,ve,10.9636
chain,20,3,0.0,0.5,215,exact,0.0,0.0,,,1,,,,,,ve,0.0093
chain,20,3,0.0,0.5,215,mf,6.4549060541097e-16,1.3010426069826053e-15,6.423102790383457e-16,6.550315845288424e-16,1,1,,,,,ve,0.001
chain,20,3,0.0,0.5,215,lbp,6.505213034913027e-16,1.3183898417423734e-15,6.457797259902994e-16,6.647460359943125e-16,1,3,0.0,,,,ve,0.0014
chain,20,3,0.0,0.5,215,gibbs,7.583690619927807e-15,1.4259426972529354e-14,8.389816619214229e-15,5.165312622068541e-15,1,2000,,7958.8,1.00015,2000,ve,10.9338
chain,20,3,0.1,0.5,215,exact,0.0,0.0,,,1,,,,,,ve,0.0101
chain,20,3,0.1,0.5,215,mf,0.0003530261004021049,0.0007098008524542392,0.00034175552560486135,0.0003868378247938356,1,4,,,,,ve,0.0019
chain,20,3,0.1,0.5,215,lbp,1.0887820991890146e-07,1.74722845552866e-07,9.758491985104035e-08,1.4275808012248481e-07,1,17,1.5305934192300086e-07,,,,ve,0.0055
chain,20,3,0.1,0.5,215,gibbs,0.0002200702068672119,0.00047025822172593046,0.00022352140663483983,0.0002097166075643281,1,2000,,7813.9,1.0003,2000,ve,10.704
chain,20,3,0.25,0.5,215,exact,0.0,0.0,,,1,,,,,,ve,0.0087
chain,20,3,0.25,0.5,215,mf,0.0023180692526337593,0.004500540199430298,0.0022422480039027814,0.0025455329988266933,1,5,,,,,ve,0.003
chain,20,3,0.25,0.5,215,lbp,1.5193699901393937e-07,3.455345470027016e-07,1.4322846685875987e-07,1.7806259547947789e-07,1,19,1.9501568576663075e-07,,,,ve,0.0072
chain,20,3,0.25,0.5,215,gibbs,0.000578207394570217,0.0010552491916267608,0.0005912502877067655,0.0005390787151605715,1,2000,,7517.0,1.0005,2000,ve,10.6922
chain,20,3,0.5,0.5,215,exact,0.0,0.0,,,1,,,,,,ve,0.0087
chain,20,3,0.5,0.5,215,mf,0.010361480527366723,0.02034436095427157,0.010057694960338455,0.011272837228451522,1,8,,,,,ve,0.0067
chain,20,3,0.5,0.5,215,lbp,2.621628804624215e-07,6.455060738708163e-07,2.5095649263465193e-07,2.9578204394573036e-07,1,22,3.0121098221203013e-07,,,,ve,0.0157
chain,20,3,0.5,0.5,215,gibbs,0.0010323021155468552,0.002436813998621966,0.001099998344686118,0.0008292134281290664,1,2000,,6791.0,1.00047,2000,ve,9.7982
chain,20,3,0.75,0.5,215,exact,0.0,0.0,,,1,,,,,,ve,0.012
chain,20,3,0.75,0.5,215,mf,0.028102070477514028,0.05095134530519556,0.026732613061226984,0.032210442726375146,1,12,,,,,ve,0.0087
chain,20,3,0.75,0.5,215,lbp,2.762760642181089e-07,4.792541123260774e-07,2.699963472514259e-07,2.95115215118158e-07,1,26,3.114093662937023e-07,,,,ve,0.0137
chain,20,3,0.75,0.5,215,gibbs,0.0010051627994674417,0.0017929194932819678,0.001047372726718671,0.0008785330177137528,1,2000,,5478.1,1.0006,2000,ve,10.1412
chain,20,3,1.0,0.5,215,exact,0.0,0.0,,,1,,,,,,ve,0.009
chain,20,3,1.0,0.5,215,mf,0.06692792653118759,0.10822201461094856,0.06404735403606847,0.07556964401654495,1,18,,,,,ve,0.0159
chain,20,3,1.0,0.5,215,lbp,3.391726567109586e-07,9.994528739620812e-07,3.66375320562153e-07,2.575646651573754e-07,1,30,4.26360109218038e-07,,,,ve,0.022
chain,20,3,1.0,0.5,215,gibbs,0.0027608232310915256,0.006483000577944251,0.0030561472961928623,0.0018748510357875156,1,2000,,4971.3,1.00046,2000,ve,9.3791
chain,20,3,1.3,0.5,215,exact,0.0,0.0,,,1,,,,,,ve,0.0117
chain,20,3,1.3,0.5,215,mf,0.13032001428084813,0.23148394006581471,0.1283933564883278,0.1360999876584091,1,37,,,,,ve,0.0219
chain,20,3,1.3,0.5,215,lbp,1.4941476195080848e-07,6.993808997352025e-07,1.743059840822921e-07,7.474109555635766e-08,1,37,3.9028495901760607e-07,,,,ve,0.0139
chain,20,3,1.3,0.5,215,gibbs,0.004951825299259212,0.012353013381646339,0.0049615303562002035,0.004922710128436238,1,2000,,3858.6,1.00085,2000,ve,9.7816
chain,20,3,1.75,0.5,215,exact,0.0,0.0,,,1,,,,,,ve,0.009
chain,20,3,1.75,0.5,215,mf,0.19397842668968085,0.3565467289592027,0.21020474963522892,0.1452994578530367,1,27,,,,,ve,0.0123
chain,20,3,1.75,0.5,215,lbp,1.385999614352462e-07,2.655418725322489e-07,1.4051627995224565e-07,1.3285100588424776e-07,1,43,3.0100132547561387e-07,,,,ve,0.0168
chain,20,3,1.75,0.5,215,gibbs,0.007965001519139947,0.02086339873507786,0.008066223972955,0.007661334157694787,1,2000,,2109.7,1.00141,2000,ve,9.6616
chain,20,3,2.5,0.5,215,exact,0.0,0.0,,,1,,,,,,ve,0.0106
chain,20,3,2.5,0.5,215,mf,0.18761583865490997,0.53030179205132,0.22349753308028283,0.07997075537879123,1,34,,,,,ve,0.0163
chain,20,3,2.5,0.5,215,lbp,4.7537146995794935e-07,2.1740514698082025e-06,5.94167558352161e-07,1.1898320477531435e-07,1,50,5.978175241505568e-07,,,,ve,0.0214
chain,20,3,2.5,0.5,215,gibbs,0.00991892815669505,0.024856317674002412,0.01181004116067066,0.004245589144768228,1,2000,,1395.4,1.00474,2000,ve,9.9131
chain,20,3,4.0,0.5,215,exact,0.0,0.0,,,1,,,,,,ve,0.0101
chain,20,3,4.0,0.5,215,mf,0.2560189641294296,0.8427191662944278,0.3296177003473178,0.035222755475765054,1,18,,,,,ve,0.0062
chain,20,3,4.0,0.5,215,lbp,9.954336468162637e-08,8.43806146774706e-07,1.3164056694174862e-07,3.2517579012596684e-09,1,62,3.775089283397648e-07,,,,ve,0.0179
chain,20,3,4.0,0.5,215,gibbs,0.041081730092751546,0.12954239848205956,0.050849009774141564,0.011779891048581494,0,2000,,376.4,1.01565,2000,ve,10.3784
chain,20,3,0.0,1.5,215,exact,0.0,0.0,,,1,,,,,,ve,0.0103
chain,20,3,0.0,1.5,215,mf,6.9692515647368225e-16,1.3600232051658168e-15,6.632426089817992e-16,7.979727989493313e-16,1,1,,,,,ve,0.0113
chain,20,3,0.0,1.5,215,lbp,6.962312670832916e-16,1.3530843112619095e-15,6.627800160548721e-16,7.965850201685498e-16,1,3,0.0,,,,ve,0.0306
chain,20,3,0.0,1.5,215,gibbs,8.285646474481823e-15,1.3489209749195652e-14,9.100475003206062e-15,5.8411608883091045e-15,1,2000,,8006.8,1.00015,2000,ve,10.1173
chain,20,3,0.1,1.5,215,exact,0.0,0.0,,,1,,,,,,ve,0.0098
chain,20,3,0.1,1.5,215,mf,0.00039565443805315744,0.0007011501216911825,0.0004234969294261625,0.0003121269639341423,1,4,,,,,ve,0.0023
chain,20,3,0.1,1.5,215,lbp,1.1858248978248616e-07,2.0397697619856103e-07,1.0309478502424039e-07,1.6504560405722346e-07,1,17,1.6540514524709948e-07,,,,ve,0.0065
chain,20,3,0.1,1.5,215,gibbs,0.00020407109741649095,0.0004264298473430628,0.00019558966373543115,0.00022951539845967038,1,2000,,7969.0,1.00017,2000,ve,10.0884
chain,20,3,0.25,1.5,215,exact,0.0,0.0,,,1,,,,,,ve,0.0092
chain,20,3,0.25,1.5,215,mf,0.0025422914513776756,0.004700645331933498,0.002699108677120819,0.0020718397741482436,1,5,,,,,ve,0.0048
chain,20,3,0.25,1.5,215,lbp,1.6520900156615816e-07,4.69166625449019e-07,1.45759510282277e-07,2.2355747541780157e-07,1,19,2.1990426968265808e-07,,,,ve,0.0143
chain,20,3,0.25,1.5,215,gibbs,0.00044082981610216036,0.0008845891619244095,0.00045162949209828616,0.00040843078811378316,1,2000,,7704.9,1.00011,2000,ve,10.873
chain,20,3,0.5,1.5,215,exact,0.0,0.0,,,1,,,,,,ve,0.009
chain,20,3,0.5,1.5,215,mf,0.011084895967131983,0.020754612580172936,0.011470764045084273,0.009927291733275117,1,7,,,,,ve,0.0028
chain,20,3,0.5,1.5,215,lbp,2.65114888828126e-07,6.819807045893578e-07,2.262964846860375e-07,3.815701012543915e-07,1,22,3.199977264278786e-07,,,,ve,0.0075
chain,20,3,0.5,1.5,215,gibbs,0.0009709070150807988,0.002387958023264053,0.0010600713203762432,0.0007034140991944652,1,2000,,6398.9,1.0004,2000,ve,10.6035
chain,20,3,0.75,1.5,215,exact,0.0,0.0,,,1,,,,,,ve,0.0098
chain,20,3,0.75,1.5,215,mf,0.02802534365827806,0.04762685929226025,0.02783477584562807,0.02859704709622802,1,11,,,,,ve,0.0088
chain,20,3,0.75,1.5,215,lbp,2.0987911799499708e-07,3.5092644086465175e-07,1.8268481575192442e-07,2.91462024724215e-07,1,26,3.3088127115998844e-07,,,,ve,0.0146
chain,20,3,0.75,1.5,215,gibbs,0.001482835604146797,0.002928864253099633,0.0016636208808125475,0.0009404797741495461,1,2000,,5677.2,1.00076,2000,ve,10.9972
chain,20,3,1.0,1.5,215,exact,0.0,0.0,,,1,,,,,,ve,0.0094
chain,20,3,1.0,1.5,215,mf,0.060033027638066526,0.09906036029964747,0.059513106599937235,0.061592790752454385,1,15,,,,,ve,0.0077
chain,20,3,1.0,1.5,215,lbp,1.6245929026358247e-07,4.061814743994141e-07,1.621207830547593e-07,1.6347481189005198e-07,1,30,2.8328706391800296e-07,,,,ve,0.0145
chain,20,3,1.0,1.5,215,gibbs,0.0018968743619222287,0.006351397190893143,0.0020634167018623185,0.0013972473421019593,1,2000,,4799.5,1.00079,2000,ve,10.7961
chain,20,3,1.3,1.5,215,exact,0.0,0.0,,,1,,,,,,ve,0.0109
chain,20,3,1.3,1.5,215,mf,0.10500137676548657,0.17532060372426753,0.10955898692960066,0.09132854627314431,1,16,,,,,ve,0.0056
chain,20,3,1.3,1.5,215,lbp,1.7742605251626006e-07,5.568573081104339e-07,1.9555071543118456e-07,1.2305206377148658e-07,1,34,3.774398379952082e-07,,,,ve,0.0115
chain,20,3,1.3,1.5,215,gibbs,0.002436359118924735,0.004930285511432986,0.0028030041406510602,0.0013364240537457606,1,2000,,3645.5,1.00138,2000,ve,10.9888
chain,20,3,1.75,1.5,215,exact,0.0,0.0,,,1,,,,,,ve,0.0097
chain,20,3,1.75,1.5,215,mf,0.1434465748630694,0.33577356871959035,0.1617983981025341,0.08839110514467514,1,18,,,,,ve,0.0218
chain,20,3,1.75,1.5,215,lbp,9.159586622909224e-08,3.877065806179303e-07,1.0386251467783189e-07,5.479592088287327e-08,1,40,3.36433616965337e-07,,,,ve,0.045
chain,20,3,1.75,1.5,215,gibbs,0.006095606520580192,0.01552473340465449,0.006834583865845881,0.0038786744847831276,1,2000,,3022.8,1.00055,2000,ve,10.5156
chain,20,3,2.5,1.5,215,exact,0.0,0.0,,,1,,,,,,ve,0.0088
chain,20,3,2.5,1.5,215,mf,0.18522022170735508,0.47838724871166105,0.22584890941277463,0.06333415859109633,1,17,,,,,ve,0.0081
chain,20,3,2.5,1.5,215,lbp,2.921713131055721e-07,9.232220890345588e-07,3.3171211240369117e-07,1.7354891521121492e-07,1,45,3.713124134829826e-07,,,,ve,0.0174
chain,20,3,2.5,1.5,215,gibbs,0.013439754670782683,0.039534450524137954,0.016111879575259273,0.005423379957352927,1,2000,,2236.8,1.00394,2000,ve,11.5601
chain,20,3,4.0,1.5,215,exact,0.0,0.0,,,1,,,,,,ve,0.0101
chain,20,3,4.0,1.5,215,mf,0.2871849537120747,0.7190868977927689,0.364462328081933,0.05535283060249953,1,15,,,,,ve,0.0153
chain,20,3,4.0,1.5,215,lbp,2.3118002440299876e-07,1.4598763024079031e-06,3.0086375833851384e-07,2.2128822596453574e-08,1,59,4.345694953333812e-07,,,,ve,0.0648
chain,20,3,4.0,1.5,215,gibbs,0.023289522514679067,0.07003019095343846,0.028817073147654124,0.006706870615753896,1,2000,,591.5,1.00538,2000,ve,11.2251
chain,20,3,0.0,0.5,216,exact,0.0,0.0,,,1,,,,,,ve,0.0097
chain,20,3,0.0,0.5,216,mf,2.3349377986647823e-16,7.216449660063518e-16,2.5303833102915027e-16,1.7486012637846215e-16,1,1,,,,,ve,0.001
chain,20,3,0.0,0.5,216,lbp,2.321060010856968e-16,7.632783294297951e-16,2.5488870273685886e-16,1.637578961322106e-16,1,3,0.0,,,,ve,0.0015
chain,20,3,0.0,0.5,216,gibbs,7.163627330220024e-15,2.053218706166149e-14,6.525682771929553e-15,9.077461005091436e-15,1,2000,,7574.6,1.00021,2000,ve,11.0199
chain,20,3,0.1,0.5,216,exact,0.0,0.0,,,1,,,,,,ve,0.0099
chain,20,3,0.1,0.5,216,mf,0.0003774582926238477,0.0006223891889806724,0.0003730760831901705,0.00039060492092487934,1,4,,,,,ve,0.0052
chain,20,3,0.1,0.5,216,lbp,8.982086225533051e-08,2.1901820033282116e-07,8.739760928635579e-08,9.709062116225465e-08,1,17,1.741941862420937e-07,,,,ve,0.0159
chain,20,3,0.1,0.5,216,gibbs,0.00013369402941967485,0.0003259526694194548,0.00012395918822990284,0.0001628985529889909,1,2000,,7509.4,1.00019,2000,ve,12.874
chain,20,3,0.25,0.5,216,exact,0.0,0.0,,,1,,,,,,ve,0.0103
chain,20,3,0.25,0.5,216,mf,0.0024146588626418725,0.003681876680423201,0.002371979544597719,0.0025426968167743327,1,5,,,,,ve,0.0059
chain,20,3,0.25,0.5,216,lbp,1.0272124905058924e-07,3.1167826455846814e-07,9.262080989634603e-08,1.330225665133189e-07,1,19,2.2466326993209051e-07,,,,ve,0.0232
chain,20,3,0.25,0.5,216,gibbs,0.00037314561174444787,0.0008187926017254633,0.000391139065750704,0.0003191652497256794,1,2000,,7293.1,1.00031,2000,ve,12.232
chain,20,3,0.5,0.5,216,exact,0.0,0.0,,,1,,,,,,ve,0.0099
chain,20,3,0.5,0.5,216,mf,0.00995005889399338,0.018091231899950627,0.00978279233373781,0.010451858574760086,1,7,,,,,ve,0.0038
chain,20,3,0.5,0.5,216,lbp,9.170576561554761e-08,3.057153434710136e-07,8.158728805537919e-08,1.220611982960529e-07,1,22,2.9571325887989275e-07,,,,ve,0.0108
chain,20,3,0.5,0.5,216,gibbs,0.0009167998210617201,0.0023525860142907043,0.0008417623015522226,0.0011419123795902125,1,2000,,6056.2,1.00078,2000,ve,11.4228
chain,20,3,0.75,0.5,216,exact,0.0,0.0,,,1,,,,,,ve,0.0096
chain,20,3,0.75,0.5,216,mf,0.02365876536151367,0.050590406936066465,0.023243915622876428,0.02490331457742542,1,10,,,,,ve,0.0053
chain,20,3,0.75,0.5,216,lbp,7.257219573433316e-08,1.7583209801358413e-07,6.582956904362807e-08,9.280007580644844e-08,1,25,2.072650528983644e-07,,,,ve,0.0102
chain,20,3,0.75,0.5,216,gibbs,0.0012152154554839348,0.003191424627125905,0.0011813856591516027,0.0013167048444809309,1,2000,,5854.6,1.00005,2000,ve,10.6678
chain,20,3,1.0,0.5,216,exact,0.0,0.0,,,1,,,,,,ve,0.0091
chain,20,3,1.0,0.5,216,mf,0.046613153356841984,0.10487725557897193,0.045075484392619755,0.05122616024950868,1,15,,,,,ve,0.0105
chain,20,3,1.0,0.5,216,lbp,8.197044758938462e-08,2.131956170423055e-07,7.049630621023863e-08,1.1639287172682256e-07,1,28,2.415015240564422e-07,,,,ve,0.0205
chain,20,3,1.0,0.5,216,gibbs,0.0021932709386661494,0.004451092791962964,0.002028338184023116,0.0026880692025952496,1,2000,,5650.7,1.00012,2000,ve,10.8102
chain,20,3,1.3,0.5,216,exact,0.0,0.0,,,1,,,,,,ve,0.0085
chain,20,3,1.3,0.5,216,mf,0.08934521394398,0.2116900945875385,0.0842789967169957,0.10454386562493286,1,17,,,,,ve,0.0213
chain,20,3,1.3,0.5,216,lbp,1.6066503781839505e-07,4.936008878297926e-07,1.560436054173081e-07,1.7452933502165592e-07,1,31,3.43728621232664e-07,,,,ve,0.0389
chain,20,3,1.3,0.5,216,gibbs,0.0031122169608812558,0.008886430210517632,0.00303662248023705,0.0033390004028138716,1,2000,,4625.7,1.00109,2000,ve,9.4255
chain,20,3,1.75,0.5,216,exact,0.0,0.0,,,1,,,,,,ve,0.0094
chain,20,3,1.75,0.5,216,mf,0.15034243198141378,0.34775776996553853,0.13604575923927212,0.19323245020783872,1,20,,,,,ve,0.0244
chain,20,3,1.75,0.5,216,lbp,2.0034410923477475e-07,7.041607050090049e-07,1.8392007495353474e-07,2.4961621207849476e-07,1,37,4.4885142214123874e-07,,,,ve,0.0379
chain,20,3,1.75,0.5,216,gibbs,0.005866268450425587,0.012673356351977978,0.005599170136043015,0.006667563393573298,1,2000,,3778.9,1.00078,2000,ve,9.7447
chain,20,3,2.5,0.5,216,exact,0.0,0.0,,,1,,,,,,ve,0.0082
chain,20,3,2.5,0.5,216,mf,0.19345981499895543,0.4099997413665113,0.18196829453131685,0.22793437640187117,1,17,,,,,ve,0.0099
chain,20,3,2.5,0.5,216,lbp,1.0317822820294351e-07,9.80780238579726e-07,1.167363266492604e-07,6.250393286399286e-08,1,51,4.407009029927522e-07,,,,ve,0.0314
chain,20,3,2.5,0.5,216,gibbs,0.007622745583251369,0.01872664414911531,0.0074606479775958705,0.008109038400217866,1,2000,,2598.8,1.00029,2000,ve,9.8574
chain,20,3,4.0,0.5,216,exact,0.0,0.0,,,1,,,,,,ve,0.0149
chain,20,3,4.0,0.5,216,mf,0.2505128053650835,0.601818252649915,0.2572220971712888,0.23038492994646775,1,12,,,,,ve,0.0075
chain,20,3,4.0,0.5,216,lbp,5.345587544705709e-08,7.109586940695634e-07,6.608150316956588e-08,1.557899227953071e-08,1,63,3.133914029396223e-07,,,,ve,0.0203
chain,20,3,4.0,0.5,216,gibbs,0.032782227112650955,0.07464654267067777,0.030198135399846844,0.040534502251063295,0,2000,,160.4,1.0234,2000,ve,9.8897
chain,20,3,0.0,1.5,216,exact,0.0,0.0,,,1,,,,,,ve,0.0092
chain,20,3,0.0,1.5,216,mf,5.854691731421724e-16,1.4710455076283324e-15,5.793976409762536e-16,6.036837696399289e-16,1,1,,,,,ve,0.001
chain,20,3,0.0,1.5,216,lbp,5.918876500032866e-16,1.4710455076283324e-15,5.768533798781543e-16,6.369904603786835e-16,1,3,0.0,,,,ve,0.0016
chain,20,3,0.0,1.5,216,gibbs,8.38374508704831e-15,1.965094753586527e-14,8.129839394281173e-15,9.145462165349727e-15,1,2000,,6936.9,1.00012,2000,ve,9.7437
chain,20,3,0.1,1.5,216,exact,0.0,0.0,,,1,,,,,,ve,0.0108
chain,20,3,0.1,1.5,216,mf,0.00033382971882936393,0.0007601403432078054,0.0002981523753969615,0.00044086174912657123,1,4,,,,,ve,0.0053
chain,20,3,0.1,1.5,216,lbp,8.487674376012229e-08,1.9145816444743335e-07,8.024702348319543e-08,9.876590459090284e-08,1,17,1.781470962414211e-07,,,,ve,0.0145
chain,20,3,0.1,1.5,216,gibbs,0.00013924666243264228,0.0002908918725627596,0.00010986650149954162,0.00022738714523194427,1,2000,,7049.4,0.99995,2000,ve,9.9784
chain,20,3,0.25,1.5,216,exact,0.0,0.0,,,1,,,,,,ve,0.0097
chain,20,3,0.25,1.5,216,mf,0.0020832328497304405,0.00485034738938845,0.0018217147524813954,0.0028677871414775737,1,5,,,,,ve,0.0045
chain,20,3,0.25,1.5,216,lbp,9.725971890288224e-08,2.781744191659996e-07,8.334613570872238e-08,1.3900046848536186e-07,1,19,2.204064801780703e-07,,,,ve,0.0166
chain,20,3,0.25,1.5,216,gibbs,0.00037983394131802195,0.0009871695265979419,0.000353626169043993,0.0004584572581401089,1,2000,,6903.9,0.99979,2000,ve,10.1433
chain,20,3,0.5,1.5,216,exact,0.0,0.0,,,1,,,,,,ve,0.0139
chain,20,3,0.5,1.5,216,mf,0.008259012934231485,0.020204786051444386,0.007057605276506081,0.0118632359074077,1,7,,,,,ve,0.011
chain,20,3,0.5,1.5,216,lbp,8.714122781811572e-08,2.3009250651323532e-07,8.362930766567013e-08,9.767698827545246e-08,1,22,2.45872724846663e-07,,,,ve,0.0198
chain,20,3,0.5,1.5,216,gibbs,0.0007110152612925833,0.001995606508945133,0.0006837428336255318,0.0007928325442937382,1,2000,,7306.4,0.99986,2000,ve,9.7564
chain,20,3,0.75,1.5,216,exact,0.0,0.0,,,1,,,,,,ve,0.0102
chain,20,3,0.75,1.5,216,mf,0.01824446571598471,0.04804145744598168,0.015640825427569872,0.026055386581229228,1,9,,,,,ve,0.0058
chain,20,3,0.75,1.5,216,lbp,9.800117713549758e-08,2.4136239286376426e-07,8.957918848397083e-08,1.232671430900778e-07,1,25,1.8831163484112068e-07,,,,ve,0.0099
chain,20,3,0.75,1.5,216,gibbs,0.0015796502427615953,0.005448082919721493,0.0015401865199169945,0.0016980414112953979,1,2000,,6590.8,1.00012,2000,ve,9.7109
chain,20,3,1.0,1.5,216,exact,0.0,0.0,,,1,,,,,,ve,0.009
chain,20,3,1.0,1.5,216,mf,0.032469541590484804,0.09303717243093367,0.029676859982893232,0.04084758641325952,1,15,,,,,ve,0.0066
chain,20,3,1.0,1.5,216,lbp,2.1873837708862291e-07,6.333030971444886e-07,1.9716969084287415e-07,2.834444358258692e-07,1,27,3.295570928374403e-07,,,,ve,0.0114
chain,20,3,1.0,1.5,216,gibbs,0.0020207585172430935,0.006497214007447901,0.002040871843760821,0.001960418537689912,1,2000,,6412.3,1.00036,2000,ve,9.9227
chain,20,3,1.3,1.5,216,exact,0.0,0.0,,,1,,,,,,ve,0.0105
chain,20,3,1.3,1.5,216,mf,0.06841979621722719,0.18202566814471394,0.06680293139539492,0.07327039068272394,1,32,,,,,ve,0.0244
chain,20,3,1.3,1.5,216,lbp,1.1234913985618249e-07,6.936989057487741e-07,1.1399960241778931e-07,1.0739775217136205e-07,1,32,3.8269454533113034e-07,,,,ve,0.0143
chain,20,3,1.3,1.5,216,gibbs,0.002472558049405863,0.0074205048759717965,0.002539690494174736,0.002271160715099244,1,2000,,5019.9,1.00097,2000,ve,9.7506
chain,20,3,1.75,1.5,216,exact,0.0,0.0,,,1,,,,,,ve,0.009
chain,20,3,1.75,1.5,216,mf,0.1919318296869317,0.4089450515367791,0.1744325269247028,0.24442973797361844,1,17,,,,,ve,0.0128
chain,20,3,1.75,1.5,216,lbp,7.784775388918374e-08,3.0082202563674887e-07,7.262260131889332e-08,9.352321160005506e-08,1,38,3.1102687680917285e-07,,,,ve,0.0261
chain,20,3,1.75,1.5,216,gibbs,0.002286671727753992,0.006490523470906477,0.002371731670877967,0.002031491898382069,1,2000,,4319.5,1.00079,2000,ve,9.8394
chain,20,3,2.5,1.5,216,exact,0.0,0.0,,,1,,,,,,ve,0.0091
chain,20,3,2.5,1.5,216,mf,0.23070624091888975,0.41117725602941024,0.2008680850258656,0.3202207085979624,1,10,,,,,ve,0.0046
chain,20,3,2.5,1.5,216,lbp,1.2473878266276206e-07,1.0794618530568512e-06,1.3464121535082774e-07,9.503148459856502e-08,1,49,4.969601937743207e-07,,,,ve,0.0193
chain,20,3,2.5,1.5,216,gibbs,0.010274345160452484,0.03333741240697673,0.010174514545150363,0.01057383700635885,1,2000,,2129.2,1.00238,2000,ve,10.2092
chain,20,3,4.0,1.5,216,exact,0.0,0.0,,,1,,,,,,ve,0.0086
chain,20,3,4.0,1.5,216,mf,0.21695484559415462,0.41869617627483174,0.18817059976533954,0.3033075830805999,1,9,,,,,ve,0.0074
chain,20,3,4.0,1.5,216,lbp,4.4062353296809925e-08,5.554004372451682e-07,5.31827486148065e-08,1.67011673428202e-08,1,61,3.757416253136192e-07,,,,ve,0.043
chain,20,3,4.0,1.5,216,gibbs,0.05734838834865276,0.13683931961475732,0.05480360771875004,0.0649827302383609,1,2000,,507.4,1.00936,2000,ve,10.1565
chain,20,3,0.0,0.5,217,exact,0.0,0.0,,,1,,,,,,ve,0.0085
chain,20,3,0.0,0.5,217,mf,3.814656923672999e-16,6.938893903907228e-16,3.7909490361679824e-16,3.885780586188048e-16,1,1,,,,,ve,0.0011
chain,20,3,0.0,0.5,217,lbp,3.752206878537834e-16,7.077671781985373e-16,3.716934167859639e-16,3.858025010572419e-16,1,3,0.0,,,,ve,0.0035
chain,20,3,0.0,0.5,217,gibbs,8.308458088190918e-15,1.8110513089197866e-14,7.79445952225899e-15,9.8504537859867e-15,1,2000,,7895.4,1.00015,2000,ve,9.0554
chain,20,3,0.1,0.5,217,exact,0.0,0.0,,,1,,,,,,ve,0.0095
chain,20,3,0.1,0.5,217,mf,0.00037037829076955273,0.0007065987227790095,0.0003868104288055713,0.000321081876661497,1,4,,,,,ve,0.0053
chain,20,3,0.1,0.5,217,lbp,6.938112606345858e-08,1.3427785962305538e-07,6.64081435355901e-08,7.830007364706404e-08,1,17,1.386163894778747e-07,,,,ve,0.0171
chain,20,3,0.1,0.5,217,gibbs,0.0001809657862427613,0.0004431768869357644,0.00017588289561971463,0.0001962144581119013,1,2000,,7795.0,1.00046,2000,ve,8.805
chain,20,3,0.25,0.5,217,exact,0.0,0.0,,,1,,,,,,ve,0.0089
chain,20,3,0.25,0.5,217,mf,0.002349736673254537,0.004520043015632611,0.0024494807894440873,0.0020505043246858866,1,5,,,,,ve,0.0023
chain,20,3,0.25,0.5,217,lbp,1.6307419752562695e-07,3.429250223785374e-07,1.5809108064798739e-07,1.780235481585457e-07,1,18,2.6690003435136944e-07,,,,ve,0.0069
chain,20,3,0.25,0.5,217,gibbs,0.0005064239528486019,0.001082172578316748,0.00048356417723981773,0.0005750032796749543,1,2000,,7184.8,1.00023,2000,ve,8.397
chain,20,3,0.5,0.5,217,exact,0.0,0.0,,,1,,,,,,ve,0.0089
chain,20,3,0.5,0.5,217,mf,0.009863727335558197,0.018871226575819983,0.010217094701777544,0.008803625236900156,1,7,,,,,ve,0.0038
chain,20,3,0.5,0.5,217,lbp,1.6315187541179889e-07,2.524138280335375e-07,1.541536820267216e-07,1.901464555670307e-07,1,21,2.6976630518316114e-07,,,,ve,0.011
chain,20,3,0.5,0.5,217,gibbs,0.0012215308983025135,0.0027587203601767696,0.0011989965599954438,0.0012891339132237224,1,2000,,6716.0,1.00053,2000,ve,7.5997
chain,20,3,0.75,0.5,217,exact,0.0,0.0,,,1,,,,,,ve,0.0085
chain,20,3,0.75,0.5,217,mf,0.02448991255876127,0.049763599199977436,0.024684272005045558,0.023906834219908427,1,11,,,,,ve,0.0053
chain,20,3,0.75,0.5,217,lbp,2.510682907776174e-07,4.390406671550551e-07,2.5596105798312657e-07,2.363899891610899e-07,1,24,3.154446381881115e-07,,,,ve,0.0125
chain,20,3,0.75,0.5,217,gibbs,0.0023648306204531898,0.004877318074945708,0.0022872167040232515,0.0025976723697430037,1,2000,,5941.8,1.00038,2000,ve,7.7763
chain,20,3,1.0,0.5,217,exact,0.0,0.0,,,1,,,,,,ve,0.0092
chain,20,3,1.0,0.5,217,mf,0.05096362932166097,0.113248860194995,0.04999689513830793,0.05386383187172015,1,19,,,,,ve,0.0093
chain,20,3,1.0,0.5,217,lbp,3.7673397392315455e-07,6.315089303432497e-07,4.054278205767314e-07,2.906524339624239e-07,1,28,3.898764876497651e-07,,,,ve,0.0135
chain,20,3,1.0,0.5,217,gibbs,0.0025142868271935312,0.00645866260317389,0.0025691997898321718,0.00234954793927761,1,2000,,5484.2,1.00036,2000,ve,7.6769
chain,20,3,1.3,0.5,217,exact,0.0,0.0,,,1,,,,,,ve,0.0087
chain,20,3,1.3,0.5,217,mf,0.13333517175158108,0.23967114828964803,0.1382788866863381,0.11850402694730992,1,28,,,,,ve,0.0132
chain,20,3,1.3,0.5,217,lbp,4.7531055306256067e-07,8.068326495941358e-07,4.6362826119592896e-07,5.103574286624557e-07,1,33,4.249655339849667e-07,,,,ve,0.0155
chain,20,3,1.3,0.5,217,gibbs,0.0037285730915922145,0.007399768417632208,0.0034531276219921174,0.004554909500392506,1,2000,,4572.5,1.00049,2000,ve,7.6436
chain,20,3,1.75,0.5,217,exact,0.0,0.0,,,1,,,,,,ve,0.0083
chain,20,3,1.75,0.5,217,mf,0.27858077038805507,0.40940492164932074,0.29496744331025554,0.22942075162145356,1,98,,,,,ve,0.0736
chain,20,3,1.75,0.5,217,lbp,4.4827834853270604e-07,1.1331560359068016e-06,5.08842688739843e-07,2.6658532791129506e-07,1,43,5.217326707329661e-07,,,,ve,0.0306
chain,20,3,1.75,0.5,217,gibbs,0.011990618630200478,0.024006691076075365,0.011196944019713355,0.014371642461661852,1,2000,,3091.4,1.00201,2000,ve,7.048
chain,20,3,2.5,0.5,217,exact,0.0,0.0,,,1,,,,,,ve,0.0085
chain,20,3,2.5,0.5,217,mf,0.38155596748150095,0.5517169496197547,0.37434485884468044,0.4031892933919625,1,45,,,,,ve,0.0206
chain,20,3,2.5,0.5,217,lbp,1.7666461728247166e-07,1.0379033802965232e-06,1.8503032937338775e-07,1.515674810097234e-07,1,58,4.454638928841348e-07,,,,ve,0.0228
chain,20,3,2.5,0.5,217,gibbs,0.01763725057197745,0.029526685741622413,0.016075838321164035,0.022321487324417705,1,2000,,1527.2,1.00112,2000,ve,6.9771
chain,20,3,4.0,0.5,217,exact,0.0,0.0,,,1,,,,,,ve,0.0085
chain,20,3,4.0,0.5,217,mf,0.5499422152267586,0.7888909606179098,0.5385483988202399,0.5841236644463148,1,87,,,,,ve,0.0346
chain,20,3,4.0,0.5,217,lbp,1.2018821035802204e-07,8.990755548526908e-07,1.1205830189300071e-07,1.4457793575308602e-07,1,69,3.6992256161050285e-07,,,,ve,0.0277
chain,20,3,4.0,0.5,217,gibbs,0.06060406774430623,0.08443742730418058,0.06063586436702606,0.06050867787614678,0,2000,,219.9,1.01035,2000,ve,6.9078
chain,20,3,0.0,1.5,217,exact,0.0,0.0,,,1,,,,,,ve,0.0092
chain,20,3,0.0,1.5,217,mf,6.459242862799642e-16,1.6028844918025698e-15,5.50369934811575e-16,9.325873406851315e-16,1,1,,,,,ve,0.0014
chain,20,3,0.0,1.5,217,lbp,6.510417205340957e-16,1.6167622796103842e-15,5.581183663376048e-16,9.298117831235686e-16,1,3,0.0,,,,ve,0.0012
chain,20,3,0.0,1.5,217,gibbs,5.92902463236733e-15,1.8859913630819847e-14,4.590425262129827e-15,9.94482274307984e-15,1,2000,,7839.2,1.0001,2000,ve,6.9202
chain,20,3,0.1,1.5,217,exact,0.0,0.0,,,1,,,,,,ve,0.0082
chain,20,3,0.1,1.5,217,mf,0.0004087494741442985,0.0007395050072837098,0.0004568353030361559,0.00026449198746872625,1,3,,,,,ve,0.0019
chain,20,3,0.1,1.5,217,lbp,7.739680952974226e-08,1.508509864522889e-07,7.067924995228051e-08,9.75494882621275e-08,1,17,1.6080341830315703e-07,,,,ve,0.0079
chain,20,3,0.1,1.5,217,gibbs,0.0001976080416260857,0.00048131654912287464,0.00017721993619141673,0.0002587723579300927,1,2000,,7795.6,0.99998,2000,ve,7.1209
chain,20,3,0.25,1.5,217,exact,0.0,0.0,,,1,,,,,,ve,0.0083
chain,20,3,0.25,1.5,217,mf,0.002542235851068024,0.004727480962806042,0.002844038054052734,0.0016368292421138936,1,4,,,,,ve,0.0018
chain,20,3,0.25,1.5,217,lbp,1.4855674260304957e-07,2.53471537176031e-07,1.426576930564638e-07,1.6625389124280687e-07,1,18,2.735371562589961e-07,,,,ve,0.0052
chain,20,3,0.25,1.5,217,gibbs,0.0005665165339245725,0.0016554706143731904,0.0005479194475570821,0.0006223077930270438,1,2000,,7750.8,1.00015,2000,ve,6.9422
chain,20,3,0.5,1.5,217,exact,0.0,0.0,,,1,,,,,,ve,0.0086
chain,20,3,0.5,1.5,217,mf,0.010111705094379135,0.01952496990849196,0.01124065642736473,0.006724851095422352,1,6,,,,,ve,0.0031
chain,20,3,0.5,1.5,217,lbp,1.1411451548461182e-07,2.2325250070842628e-07,1.0659148485664404e-07,1.3668360736851514e-07,1,21,1.9363680625605895e-07,,,,ve,0.009
chain,20,3,0.5,1.5,217,gibbs,0.0010993499185672766,0.003008476812680072,0.001073856676640684,0.001175829644347054,1,2000,,7497.3,0.99994,2000,ve,6.94
chain,20,3,0.75,1.5,217,exact,0.0,0.0,,,1,,,,,,ve,0.0081
chain,20,3,0.75,1.5,217,mf,0.02309193176659654,0.045289017984416174,0.025194320168830348,0.01678476655989509,1,9,,,,,ve,0.0043
chain,20,3,0.75,1.5,217,lbp,1.1079077019094872e-07,2.434531780060034e-07,1.0787132812863087e-07,1.1954909637790223e-07,1,24,2.1563521046541467e-07,,,,ve,0.0088
chain,20,3,0.75,1.5,217,gibbs,0.0018867350387754569,0.004998984460791889,0.001877860089228182,0.001913359887417282,1,2000,,7115.4,0.99981,2000,ve,7.0746
chain,20,3,1.0,1.5,217,exact,0.0,0.0,,,1,,,,,,ve,0.0089
chain,20,3,1.0,1.5,217,mf,0.04272308736408391,0.08391222619705704,0.04556418409571184,0.03419979716920011,1,16,,,,,ve,0.0076
chain,20,3,1.0,1.5,217,lbp,1.9343905627109552e-07,5.408609441495682e-07,1.856913567838588e-07,2.1668215473280572e-07,1,26,3.5124196029467925e-07,,,,ve,0.0117
chain,20,3,1.0,1.5,217,gibbs,0.0025654777960111086,0.008119702839598925,0.0026375569788644046,0.0023492402474512204,1,2000,,6186.9,0.99974,2000,ve,6.9351
chain,20,3,1.3,1.5,217,exact,0.0,0.0,,,1,,,,,,ve,0.0099
chain,20,3,1.3,1.5,217,mf,0.09449504804517184,0.2130901619685793,0.1030884637990639,0.06871480078349561,1,23,,,,,ve,0.0103
chain,20,3,1.3,1.5,217,lbp,2.964174602155048e-07,7.319352332835205e-07,3.334759332981422e-07,1.8524204096759255e-07,1,31,4.2073357264804656e-07,,,,ve,0.0126
chain,20,3,1.3,1.5,217,gibbs,0.004897866766185058,0.014358715038083468,0.0051222614961772455,0.004224682576208491,1,2000,,5407.2,1.00005,2000,ve,6.6955
chain,20,3,1.75,1.5,217,exact,0.0,0.0,,,1,,,,,,ve,0.0102
chain,20,3,1.75,1.5,217,mf,0.24285556844770065,0.4305152363552427,0.23043359634910157,0.2801214847434978,1,28,,,,,ve,0.0168
chain,20,3,1.75,1.5,217,lbp,2.6611046441884364e-07,8.546571572398687e-07,2.516572763717103e-07,3.0947002856024366e-07,1,40,4.1541091899688354e-07,,,,ve,0.0241
chain,20,3,1.75,1.5,217,gibbs,0.007119833978700385,0.019266285775988316,0.007496995903464853,0.005988348204406979,1,2000,,3385.0,1.00118,2000,ve,6.6551
chain,20,3,2.5,1.5,217,exact,0.0,0.0,,,1,,,,,,ve,0.0083
chain,20,3,2.5,1.5,217,mf,0.35934548704405367,0.4917261010865116,0.3570672367445392,0.36618023794259696,1,23,,,,,ve,0.0119
chain,20,3,2.5,1.5,217,lbp,1.9982063860185355e-07,9.4081534089685e-07,1.9911834468032638e-07,2.0192752036643502e-07,1,56,5.423372342328037e-07,,,,ve,0.0261
chain,20,3,2.5,1.5,217,gibbs,0.02874027065337762,0.05926899894521233,0.030118389945074008,0.024605912778288462,1,2000,,1246.5,1.00192,2000,ve,6.8445
chain,20,3,4.0,1.5,217,exact,0.0,0.0,,,1,,,,,,ve,0.0083
chain,20,3,4.0,1.5,217,mf,0.2678704605542324,0.6549430212756203,0.2627938070360087,0.28310042110890365,1,18,,,,,ve,0.0083
chain,20,3,4.0,1.5,217,lbp,9.155192790031392e-08,8.27213340978683e-07,6.683753113970875e-08,1.6569511818212943e-07,1,69,3.626025820158141e-07,,,,ve,0.0271
chain,20,3,4.0,1.5,217,gibbs,0.03262843890063417,0.0681094464115648,0.0322967580893791,0.03362348133439936,0,2000,,78.5,1.05661,2000,ve,6.3178
chain,20,3,0.0,0.5,218,exact,0.0,0.0,,,1,,,,,,ve,0.0081
chain,20,3,0.0,0.5,218,mf,3.6134290004596894e-16,1.0547118733938987e-15,3.9852380654773846e-16,2.498001805406602e-16,1,1,,,,,ve,0.0006
chain,20,3,0.0,0.5,218,lbp,3.5995512126518747e-16,1.0547118733938987e-15,4.008367711823742e-16,2.3731017151362723e-16,1,3,0.0,,,,ve,0.0012
chain,20,3,0.0,0.5,218,gibbs,6.4788452380781795e-15,1.1712852909795402e-14,6.486940614299404e-15,6.454559109414504e-15,1,2000,,7563.3,1.00006,2000,ve,6.2607
chain,20,3,0.1,0.5,218,exact,0.0,0.0,,,1,,,,,,ve,0.0089
chain,20,3,0.1,0.5,218,mf,0.00039636360685460796,0.0006662127765026324,0.00042291560037191825,0.0003167076263026772,1,4,,,,,ve,0.0019
chain,20,3,0.1,0.5,218,lbp,1.0200889611865215e-07,2.0217070502079326e-07,9.93241806764485e-08,1.1006304244526311e-07,1,17,1.5000590786184986e-07,,,,ve,0.0057
chain,20,3,0.1,0.5,218,gibbs,0.00021172184243230772,0.0006199884883966444,0.00019336128872032566,0.00026680350356825396,1,2000,,7675.4,1.00011,2000,ve,6.2263
chain,20,3,0.25,0.5,218,exact,0.0,0.0,,,1,,,,,,ve,0.0083
chain,20,3,0.25,0.5,218,mf,0.002517863890830208,0.004225771664980858,0.002662770245083606,0.002083144828070016,1,5,,,,,ve,0.0021
chain,20,3,0.25,0.5,218,lbp,1.3460669966488397e-07,2.670863291642789e-07,1.2295019616142174e-07,1.6957621017527068e-07,1,19,1.9013011448576478e-07,,,,ve,0.0066
chain,20,3,0.25,0.5,218,gibbs,0.0005269541610506178,0.0015328936070852332,0.0004961942183643692,0.0006192339891093635,1,2000,,7449.6,0.99991,2000,ve,6.1583
chain,20,3,0.5,0.5,218,exact,0.0,0.0,,,1,,,,,,ve,0.008
chain,20,3,0.5,0.5,218,mf,0.01048270078255841,0.017737543463524963,0.010820557197686828,0.009469131537173154,1,7,,,,,ve,0.0029
chain,20,3,0.5,0.5,218,lbp,1.5214802833625473e-07,2.437538001373585e-07,1.4424871540389777e-07,1.7584596713332567e-07,1,22,2.278915763875844e-07,,,,ve,0.0084
chain,20,3,0.5,0.5,218,gibbs,0.0011894140811665964,0.0030828493123572116,0.0010856917328886356,0.001500581126000479,1,2000,,6738.2,1.00001,2000,ve,6.2604
chain,20,3,0.75,0.5,218,exact,0.0,0.0,,,1,,,,,,ve,0.0085
chain,20,3,0.75,0.5,218,mf,0.027795314407691275,0.04871193788269723,0.027271217780944643,0.02936760428793116,1,11,,,,,ve,0.0157
chain,20,3,0.75,0.5,218,lbp,1.2625704519523066e-07,3.8828784315603215e-07,1.3054525778074625e-07,1.1339240743868384e-07,1,26,2.5619530713560934e-07,,,,ve,0.0299
chain,20,3,0.75,0.5,218,gibbs,0.0021944257845098393,0.0043888079320868675,0.0019714732271958663,0.0028632834564517582,1,2000,,5662.1,1.00001,2000,ve,6.4032
chain,20,3,1.0,0.5,218,exact,0.0,0.0,,,1,,,,,,ve,0.0101
chain,20,3,1.0,0.5,218,mf,0.06327177501123868,0.11544951581038346,0.06028452157809641,0.07223353531066548,1,14,,,,,ve,0.0062
chain,20,3,1.0,0.5,218,lbp,1.3367672353032864e-07,3.42901547933927e-07,1.483214538091036e-07,8.974253269400379e-08,1,30,3.130445472843135e-07,,,,ve,0.0094
chain,20,3,1.0,0.5,218,gibbs,0.0027282427666746765,0.004483132409523999,0.002629712420885342,0.003023833804042679,1,2000,,4633.9,1.00011,2000,ve,6.2629
chain,20,3,1.3,0.5,218,exact,0.0,0.0,,,1,,,,,,ve,0.0088
chain,20,3,1.3,0.5,218,mf,0.11795855113503842,0.19280981402984865,0.11262750179041602,0.13395169916890567,1,21,,,,,ve,0.009
chain,20,3,1.3,0.5,218,lbp,1.638945734626883e-07,2.768534366690001e-07,1.5508970327484753e-07,1.9030918402621055e-07,1,34,3.309014809937949e-07,,,,ve,0.013
chain,20,3,1.3,0.5,218,gibbs,0.0048595284251638955,0.01135186075002359,0.004970896233396699,0.004525425000465482,1,2000,,3695.8,1.00025,2000,ve,6.1142
chain,20,3,1.75,0.5,218,exact,0.0,0.0,,,1,,,,,,ve,0.0093
chain,20,3,1.75,0.5,218,mf,0.16457376348447675,0.24140954820947882,0.162483451092018,0.17084470066185295,1,53,,,,,ve,0.0206
chain,20,3,1.75,0.5,218,lbp,3.610692453230417e-07,1.0277086926469003e-06,3.6356011513400305e-07,3.535966358901577e-07,1,39,4.3833043827934404e-07,,,,ve,0.0132
chain,20,3,1.75,0.5,218,gibbs,0.0037132977585427026,0.007455569710354104,0.003924255732028878,0.0030804238380841738,1,2000,,2684.4,1.00033,2000,ve,6.3424
chain,20,3,2.5,0.5,218,exact,0.0,0.0,,,1,,,,,,ve,0.0088
chain,20,3,2.5,0.5,218,mf,0.18220470005764136,0.4321799119958396,0.1938739129653366,0.14719706133455557,1,32,,,,,ve,0.0134
chain,20,3,2.5,0.5,218,lbp,1.957478861529336e-07,7.63834466947777e-07,2.0024606530704563e-07,1.822533486905975e-07,1,51,4.824475419717977e-07,,,,ve,0.0201
chain,20,3,2.5,0.5,218,gibbs,0.010718496266156011,0.026877665793760143,0.010417241419008409,0.01162226080759882,1,2000,,1591.0,1.00078,2000,ve,6.1658
chain,20,3,4.0,0.5,218,exact,0.0,0.0,,,1,,,,,,ve,0.0081
chain,20,3,4.0,0.5,218,mf,0.23696797800597907,0.5878212488633471,0.2647161185359163,0.15372355641616745,1,15,,,,,ve,0.0068
chain,20,3,4.0,0.5,218,lbp,6.314600753875785e-08,4.679109067221021e-07,5.2561167397079576e-08,9.490052796379267e-08,1,67,3.894630558609613e-07,,,,ve,0.0278
chain,20,3,4.0,0.5,218,gibbs,0.03624314487321101,0.06482038425406574,0.036515707441987975,0.035425457166880114,0,2000,,428.8,1.01504,2000,ve,6.3095
chain,20,3,0.0,1.5,218,exact,0.0,0.0,,,1,,,,,,ve,0.0084
chain,20,3,0.0,1.5,218,mf,5.655198531684391e-16,1.1657341758564144e-15,5.412337245047638e-16,6.38378239159465e-16,1,1,,,,,ve,0.0008
chain,20,3,0.0,1.5,218,lbp,5.603156827405087e-16,1.1657341758564144e-15,5.347574235277837e-16,6.369904603786835e-16,1,3,0.0,,,,ve,0.0016
chain,20,3,0.0,1.5,218,gibbs,6.068756608357262e-15,1.27675647831893e-14,6.02527287322611e-15,6.199207813750718e-15,1,2000,,7477.7,0.99995,2000,ve,6.3145
chain,20,3,0.1,1.5,218,exact,0.0,0.0,,,1,,,,,,ve,0.0081
chain,20,3,0.1,1.5,218,mf,0.0003389271566148572,0.0006860040521300334,0.00036213710888053084,0.00026929729981783613,1,4,,,,,ve,0.0019
chain,20,3,0.1,1.5,218,lbp,1.1221322256905684e-07,2.3442585856715825e-07,1.1131553989673452e-07,1.1490627058602376e-07,1,17,1.6645507550094862e-07,,,,ve,0.0055
chain,20,3,0.1,1.5,218,gibbs,0.00012955639141245206,0.0005553906533245778,0.00011884631521477834,0.00016168662000547312,1,2000,,7753.2,1.00031,2000,ve,6.1603
chain,20,3,0.25,1.5,218,exact,0.0,0.0,,,1,,,,,,ve,0.0082
chain,20,3,0.25,1.5,218,mf,0.0022764604744415834,0.004411995906595481,0.002441916805369214,0.001780091481658691,1,5,,,,,ve,0.0024
chain,20,3,0.25,1.5,218,lbp,1.4086897611471222e-07,3.63798258358472e-07,1.2701152436109252e-07,1.8244133137557128e-07,1,19,2.0069594647287303e-07,,,,ve,0.0072
chain,20,3,0.25,1.5,218,gibbs,0.0003455120180741268,0.001278466528886385,0.0003085947519940758,0.0004562638163142799,1,2000,,7482.1,1.00022,2000,ve,6.2873
chain,20,3,0.5,1.5,218,exact,0.0,0.0,,,1,,,,,,ve,0.0086
chain,20,3,0.5,1.5,218,mf,0.010640226861193263,0.020373540186994776,0.011484436621265994,0.008107597580975078,1,7,,,,,ve,0.0029
chain,20,3,0.5,1.5,218,lbp,1.8834675125168134e-07,5.087305236031736e-07,1.7112010634647938e-07,2.400266859672873e-07,1,22,2.7076124953229197e-07,,,,ve,0.0085
chain,20,3,0.5,1.5,218,gibbs,0.0008519535813949122,0.002942361500046564,0.0007328875559720931,0.0012091516576633696,1,2000,,6767.1,1.00006,2000,ve,6.2679
chain,20,3,0.75,1.5,218,exact,0.0,0.0,,,1,,,,,,ve,0.0083
chain,20,3,0.75,1.5,218,mf,0.0298933499273053,0.05482780922502374,0.031541420680134734,0.024949137668817012,1,11,,,,,ve,0.0045
chain,20,3,0.75,1.5,218,lbp,1.4624422546866827e-07,4.282533416777312e-07,1.6009597953332382e-07,1.0468896327470167e-07,1,26,3.052622674637462e-07,,,,ve,0.0091
chain,20,3,0.75,1.5,218,gibbs,0.0014614446788554828,0.004649598754459312,0.0013404971605730405,0.0018242872337028092,1,2000,,6030.0,0.99976,2000,ve,6.2447
chain,20,3,1.0,1.5,218,exact,0.0,0.0,,,1,,,,,,ve,0.0082
chain,20,3,1.0,1.5,218,mf,0.06419342089570028,0.11539233937963268,0.06400912204791964,0.06474631743904218,1,14,,,,,ve,0.0063
chain,20,3,1.0,1.5,218,lbp,1.1780604166587716e-07,5.322101989113648e-07,1.3194156259962082e-07,7.539947886464615e-08,1,30,3.1190920485313356e-07,,,,ve,0.0095
chain,20,3,1.0,1.5,218,gibbs,0.00188123381740702,0.003480562458092279,0.0016064773360089462,0.0027055032616012413,1,2000,,4937.0,1.0006,2000,ve,6.2372
chain,20,3,1.3,1.5,218,exact,0.0,0.0,,,1,,,,,,ve,0.0096
chain,20,3,1.3,1.5,218,mf,0.10645586081673823,0.18671632628085824,0.10252828818761275,0.11823857870411472,1,14,,,,,ve,0.0074
chain,20,3,1.3,1.5,218,lbp,1.0436471405161386e-07,4.4192767433004487e-07,1.1976422983738661e-07,5.816616669429564e-08,1,34,4.056280421549374e-07,,,,ve,0.0157
chain,20,3,1.3,1.5,218,gibbs,0.003684495328366959,0.008299037798499307,0.003339470711384861,0.00471956917931325,1,2000,,3566.5,1.00102,2000,ve,6.2624
chain,20,3,1.75,1.5,218,exact,0.0,0.0,,,1,,,,,,ve,0.0081
chain,20,3,1.75,1.5,218,mf,0.1335491725099073,0.21046053814510088,0.12855136109655846,0.14854260674995376,1,30,,,,,ve,0.0126
chain,20,3,1.75,1.5,218,lbp,9.319265129774726e-08,2.7959365551250004e-07,8.626986302655293e-08,1.1396101611133025e-07,1,39,2.937867305541353e-07,,,,ve,0.0149
chain,20,3,1.75,1.5,218,gibbs,0.0056301643510993735,0.010986562647808302,0.005278970938609347,0.0066837445885694555,1,2000,,2505.7,1.00116,2000,ve,6.2155
chain,20,3,2.5,1.5,218,exact,0.0,0.0,,,1,,,,,,ve,0.0083
chain,20,3,2.5,1.5,218,mf,0.1437853203130986,0.34621847567885405,0.14294555967369973,0.1463046022312952,1,13,,,,,ve,0.0062
chain,20,3,2.5,1.5,218,lbp,2.808043976393901e-07,1.0858979150596415e-06,2.645201733216263e-07,3.2965707059268157e-07,1,46,4.896888448624459e-07,,,,ve,0.0175
chain,20,3,2.5,1.5,218,gibbs,0.007875861056308279,0.013359793170708317,0.007783124957165668,0.008154069353736118,1,2000,,1516.9,1.0044,2000,ve,6.1886
chain,20,3,4.0,1.5,218,exact,0.0,0.0,,,1,,,,,,ve,0.0089
chain,20,3,4.0,1.5,218,mf,0.18740820960978272,0.7204900433769099,0.17949697471392959,0.21114191429734214,1,22,,,,,ve,0.0091
chain,20,3,4.0,1.5,218,lbp,5.625994899946052e-08,6.310980426235679e-07,3.2333148683262015e-08,1.2804034994805605e-07,1,66,3.588824429301418e-07,,,,ve,0.0234
chain,20,3,4.0,1.5,218,gibbs,0.032552586551214915,0.07176879021444071,0.031265335606035255,0.03641433938675391,1,2000,,529.7,1.00864,2000,ve,6.1919
chain,20,3,0.0,0.5,219,exact,0.0,0.0,,,1,,,,,,ve,0.0082
chain,20,3,0.0,0.5,219,mf,2.654126918244515e-16,6.453171330633722e-16,2.5488870273685886e-16,2.9698465908722935e-16,1,1,,,,,ve,0.0008
chain,20,3,0.0,0.5,219,lbp,2.674076238218248e-16,6.453171330633722e-16,2.547730545051271e-16,3.0531133177191805e-16,1,3,0.0,,,,ve,0.0012
chain,20,3,0.0,0.5,219,gibbs,5.829711713367658e-15,1.51684220739412e-14,5.846249410505303e-15,5.780098621954721e-15,1,2000,,8005.9,1.00035,2000,ve,6.2393
chain,20,3,0.1,0.5,219,exact,0.0,0.0,,,1,,,,,,ve,0.0084
chain,20,3,0.1,0.5,219,mf,0.00037222903134016507,0.000583325446254751,0.00035271620298728116,0.0004307675163988167,1,4,,,,,ve,0.0018
chain,20,3,0.1,0.5,219,lbp,9.69295331950705e-08,2.475473772634018e-07,9.079074301127551e-08,1.1534590374645549e-07,1,17,1.5776161549352352e-07,,,,ve,0.0049
chain,20,3,0.1,0.5,219,gibbs,0.0001658688083822475,0.0005651727479657406,0.00015985305773346853,0.00018391606032858442,1,2000,,7953.1,1.00021,2000,ve,6.3534
chain,20,3,0.25,0.5,219,exact,0.0,0.0,,,1,,,,,,ve,0.009
chain,20,3,0.25,0.5,219,mf,0.0024358536720213366,0.004107527021068855,0.0023350112082658452,0.0027383810632878106,1,5,,,,,ve,0.0026
chain,20,3,0.25,0.5,219,lbp,1.1148801567079092e-07,3.112287010921533e-07,1.0853324120309779e-07,1.2035233907387033e-07,1,19,1.9959754593568135e-07,,,,ve,0.0069
chain,20,3,0.25,0.5,219,gibbs,0.00047439013442427465,0.0012307760466723355,0.0004437590737944441,0.0005662833163137662,1,2000,,7705.2,1.00009,2000,ve,6.2624
chain,20,3,0.5,0.5,219,exact,0.0,0.0,,,1,,,,,,ve,0.0083
chain,20,3,0.5,0.5,219,mf,0.010579188967650945,0.01865903795522112,0.010478851317570452,0.01088020191789242,1,6,,,,,ve,0.0027
chain,20,3,0.5,0.5,219,lbp,1.1137315763330019e-07,2.653473983090654e-07,1.157034777171199e-07,9.838219738184106e-08,1,22,2.4331098585905764e-07,,,,ve,0.008
chain,20,3,0.5,0.5,219,gibbs,0.0007571565225212068,0.0027036380802508836,0.0006823296619339361,0.000981637104283019,1,2000,,7077.3,0.99997,2000,ve,6.2423
chain,20,3,0.75,0.5,219,exact,0.0,0.0,,,1,,,,,,ve,0.0088
chain,20,3,0.75,0.5,219,mf,0.025318927725929273,0.044855831495978264,0.02592161332943173,0.023510870915421884,1,8,,,,,ve,0.0035
chain,20,3,0.75,0.5,219,lbp,2.1342294035022609e-07,5.121023249343715e-07,2.032118522137897e-07,2.4405620475953516e-07,1,24,3.5947391996415945e-07,,,,ve,0.009
chain,20,3,0.75,0.5,219,gibbs,0.0012132713482127602,0.004216962854913908,0.0012522719602487298,0.0010962695121048513,1,2000,,5899.8,0.99997,2000,ve,6.2201
chain,20,3,1.0,0.5,219,exact,0.0,0.0,,,1,,,,,,ve,0.0084
chain,20,3,1.0,0.5,219,mf,0.0468857503463894,0.08070628028089874,0.04870404328644578,0.04143087152622023,1,11,,,,,ve,0.0055
chain,20,3,1.0,0.5,219,lbp,1.508496892559108e-07,3.720737539320007e-07,1.4926558399575018e-07,1.5560200503639265e-07,1,28,2.658352805107178e-07,,,,ve,0.0243
chain,20,3,1.0,0.5,219,gibbs,0.001846377360657015,0.005000961188346087,0.0016610771796793792,0.0024022779035899238,1,2000,,5329.9,0.99993,2000,ve,6.1842
chain,20,3,1.3,0.5,219,exact,0.0,0.0,,,1,,,,,,ve,0.0083
chain,20,3,1.3,0.5,219,mf,0.08161233103645774,0.1458322064584323,0.0791296866137551,0.08906026430456562,1,17,,,,,ve,0.0064
chain,20,3,1.3,0.5,219,lbp,1.4998312933478182e-07,3.590039418799318e-07,1.5102301523228316e-07,1.4686347164227787e-07,1,32,2.973321641674964e-07,,,,ve,0.0121
chain,20,3,1.3,0.5,219,gibbs,0.0038121968126106757,0.01060349928847007,0.00415243281791086,0.0027914887967101253,1,2000,,4395.6,0.99989,2000,ve,6.2652
chain,20,3,1.75,0.5,219,exact,0.0,0.0,,,1,,,,,,ve,0.0082
chain,20,3,1.75,0.5,219,mf,0.14138195401575682,0.290965767660826,0.13743330954085106,0.153227887440474,1,29,,,,,ve,0.0116
chain,20,3,1.75,0.5,219,lbp,1.4036095566999016e-07,3.2930028839341097e-07,1.3128084047943356e-07,1.6760130124165996e-07,1,38,3.016965287594431e-07,,,,ve,0.0135
chain,20,3,1.75,0.5,219,gibbs,0.005134372007440604,0.00974701367574387,0.0043888753427303575,0.007370862001571341,1,2000,,2937.4,1.00023,2000,ve,6.2492
chain,20,3,2.5,0.5,219,exact,0.0,0.0,,,1,,,,,,ve,0.0087
chain,20,3,2.5,0.5,219,mf,0.15811947958581873,0.4050940900035351,0.14810080394939953,0.18817550649507625,1,20,,,,,ve,0.0083
chain,20,3,2.5,0.5,219,lbp,1.630433626610391e-07,6.870737279882078e-07,1.7302938247583504e-07,1.3308530321665125e-07,1,46,4.227669446743576e-07,,,,ve,0.0153
chain,20,3,2.5,0.5,219,gibbs,0.010760393394487026,0.021890138285588008,0.00967921644390937,0.014003924246219993,1,2000,,1140.1,1.00112,2000,ve,6.3812
chain,20,3,4.0,0.5,219,exact,0.0,0.0,,,1,,,,,,ve,0.0081
chain,20,3,4.0,0.5,219,mf,0.29505855150986554,0.9734354433898658,0.28669289422727123,0.3201555233576484,1,15,,,,,ve,0.0053
chain,20,3,4.0,0.5,219,lbp,6.397172947742824e-08,6.327173946718556e-07,8.188831987858211e-08,1.0221958273966616e-08,1,56,4.137578800689212e-07,,,,ve,0.0158
chain,20,3,4.0,0.5,219,gibbs,0.011448171708210483,0.04132833558054462,0.011222036349463043,0.012126577784452804,0,2000,,390.8,1.01891,2000,ve,6.2874
chain,20,3,0.0,1.5,219,exact,0.0,0.0,,,1,,,,,,ve,0.0082
chain,20,3,0.0,1.5,219,mf,5.722419066378492e-16,1.6375789613221059e-15,5.585231351486659e-16,6.13398221105399e-16,1,1,,,,,ve,0.0008
chain,20,3,0.0,1.5,219,lbp,5.722852747247486e-16,1.6167622796103842e-15,5.595061451183862e-16,6.106226635438361e-16,1,3,0.0,,,,ve,0.0014
chain,20,3,0.0,1.5,219,gibbs,6.78320247193831e-15,1.519617764955683e-14,7.12404672290982e-15,5.760669719023781e-15,1,2000,,7983.9,1.00035,2000,ve,6.3964
chain,20,3,0.1,1.5,219,exact,0.0,0.0,,,1,,,,,,ve,0.0081
chain,20,3,0.1,1.5,219,mf,0.0003343412338189918,0.0006101176651528567,0.00031620007808868915,0.0003887647010098999,1,4,,,,,ve,0.0018
chain,20,3,0.1,1.5,219,lbp,9.42496933878682e-08,2.8451163904680277e-07,8.991832771776745e-08,1.0724379039817045e-07,1,17,1.626515176988974e-07,,,,ve,0.0061
chain,20,3,0.1,1.5,219,gibbs,0.00011770847597547688,0.0004522208187236129,0.00010697490200240478,0.00014990919789469314,1,2000,,8040.5,1.00039,2000,ve,6.2074
chain,20,3,0.25,1.5,219,exact,0.0,0.0,,,1,,,,,,ve,0.0083
chain,20,3,0.25,1.5,219,mf,0.0021448585225744858,0.004179633852562842,0.002034918719446951,0.0024746779319570907,1,5,,,,,ve,0.0022
chain,20,3,0.25,1.5,219,lbp,9.418835199719901e-08,3.115793635183328e-07,8.704260765519713e-08,1.1562558502320464e-07,1,19,1.8398212270342995e-07,,,,ve,0.0083
chain,20,3,0.25,1.5,219,gibbs,0.0002944756986625351,0.0010288688357184342,0.0002660548934845737,0.00037973811419641926,1,2000,,7812.2,0.99995,2000,ve,6.3195
chain,20,3,0.5,1.5,219,exact,0.0,0.0,,,1,,,,,,ve,0.0081
chain,20,3,0.5,1.5,219,mf,0.009190965673518833,0.018796453193510185,0.008930605121674618,0.009972047329051489,1,6,,,,,ve,0.0028
chain,20,3,0.5,1.5,219,lbp,8.62486850447021e-08,2.019875748604516e-07,8.933232690163754e-08,7.699775947389575e-08,1,22,2.1001862765546164e-07,,,,ve,0.0097
chain,20,3,0.5,1.5,219,gibbs,0.0006948523758998225,0.001807924582276861,0.0005947924936145994,0.0009950320227554918,1,2000,,7338.0,1.0002,2000,ve,6.3374
chain,20,3,0.75,1.5,219,exact,0.0,0.0,,,1,,,,,,ve,0.0082
chain,20,3,0.75,1.5,219,mf,0.02200837967405743,0.04673532865693996,0.021850273254170733,0.02248269893371752,1,8,,,,,ve,0.0037
chain,20,3,0.75,1.5,219,lbp,1.3394450196256916e-07,5.512082787463568e-07,1.176179844090732e-07,1.8292405462305704e-07,1,24,3.430650850622108e-07,,,,ve,0.0083
chain,20,3,0.75,1.5,219,gibbs,0.0011262199763720283,0.0023453597324964853,0.0010133924602544954,0.0014647025247246273,1,2000,,6307.8,0.99993,2000,ve,6.1513
chain,20,3,1.0,1.5,219,exact,0.0,0.0,,,1,,,,,,ve,0.0084
chain,20,3,1.0,1.5,219,mf,0.04073319236686901,0.09182083743498581,0.03896046782895001,0.046051365980626,1,11,,,,,ve,0.0043
chain,20,3,1.0,1.5,219,lbp,9.572160284748374e-08,3.9348243216497103e-07,9.009449738738944e-08,1.1260291922776666e-07,1,28,3.2270699162895156e-07,,,,ve,0.0099
chain,20,3,1.0,1.5,219,gibbs,0.0021753163387905165,0.006406445937981772,0.0015278263231195167,0.004117786385803517,1,2000,,5675.2,0.99991,2000,ve,5.9967
chain,20,3,1.3,1.5,219,exact,0.0,0.0,,,1,,,,,,ve,0.0082
chain,20,3,1.3,1.5,219,mf,0.07011696920049011,0.17470348843567196,0.06066416783401855,0.09847537329990477,1,17,,,,,ve,0.0063
chain,20,3,1.3,1.5,219,lbp,1.1239936610917857e-07,3.3648187275706065e-07,1.1192981579811791e-07,1.1380801704236055e-07,1,31,3.850975173191884e-07,,,,ve,0.0116
chain,20,3,1.3,1.5,219,gibbs,0.002873752112410499,0.00813404238818135,0.002728232571376485,0.0033103107355125427,1,2000,,4811.8,0.9999,2000,ve,6.0696
chain,20,3,1.75,1.5,219,exact,0.0,0.0,,,1,,,,,,ve,0.0083
chain,20,3,1.75,1.5,219,mf,0.11953653542877545,0.2557051107375421,0.10805622004739872,0.15397748157290564,1,30,,,,,ve,0.0121
chain,20,3,1.75,1.5,219,lbp,8.30163882939829e-08,3.2726052469345124e-07,8.10560432810796e-08,8.889742333269279e-08,1,36,3.323672850275017e-07,,,,ve,0.0136
chain,20,3,1.75,1.5,219,gibbs,0.0037329256011402676,0.01046119914371875,0.0023339329623962143,0.007929903517372428,1,2000,,4115.9,0.99972,2000,ve,5.8367
chain,20,3,2.5,1.5,219,exact,0.0,0.0,,,1,,,,,,ve,0.0083
chain,20,3,2.5,1.5,219,mf,0.19543039266689882,0.4640436607086007,0.1823553133782511,0.23465563053284208,1,25,,,,,ve,0.0094
chain,20,3,2.5,1.5,219,lbp,1.9682766948099463e-07,5.623155314576911e-07,2.168865247963141e-07,1.3665110353503622e-07,1,41,3.57486782842642e-07,,,,ve,0.0143
chain,20,3,2.5,1.5,219,gibbs,0.00956764005710109,0.022766374645765218,0.0072289932107353905,0.01658358059619819,1,2000,,2695.8,1.00089,2000,ve,5.967
chain,20,3,4.0,1.5,219,exact,0.0,0.0,,,1,,,,,,ve,0.0087
chain,20,3,4.0,1.5,219,mf,0.20827332435514295,0.7433748119558428,0.19242067145941252,0.25583128304233416,1,18,,,,,ve,0.0069
chain,20,3,4.0,1.5,219,lbp,1.3510042804457297e-07,1.092640205507811e-06,1.5968592785104814e-07,6.134392862514743e-08,1,52,3.335561605810611e-07,,,,ve,0.019
chain,20,3,4.0,1.5,219,gibbs,0.01803607424151691,0.036951770360123676,0.01961573030135672,0.01329710606199749,0,2000,,270.3,1.01261,2000,ve,5.8882
