structure,n,C,beta,alpha,draw_seed,method,tv_mean,tv_max,tv_mean_informative,tv_mean_uninformative,converged,iters,final_residual,ess_min,rhat_max,gibbs_kept,exact_method,wall_seconds
tree,15,3,0.0,0.5,200,exact,0.0,0.0,,,1,,,,,,ve,0.0054
tree,15,3,0.0,0.5,200,mf,2.9744725201415653e-16,5.412337245047638e-16,3.17296693969576e-16,2.42861286636753e-16,1,1,,,,,ve,0.0016
tree,15,3,0.0,0.5,200,lbp,3.0253577421035517e-16,5.412337245047638e-16,3.2108154518988903e-16,2.5153490401663703e-16,1,3,0.0,,,,ve,0.0016
tree,15,3,0.0,0.5,200,gibbs,8.900287914078339e-15,1.849909114781667e-14,9.32271936416772e-15,7.738601426332536e-15,1,2000,,7714.8,1.00055,2000,ve,8.9122
tree,15,3,0.1,0.5,200,exact,0.0,0.0,,,1,,,,,,ve,0.0102
tree,15,3,0.1,0.5,200,mf,0.0004142712256095265,0.0010934080636345739,0.0003950250365939339,0.00046719824540240613,1,4,,,,,ve,0.0015
tree,15,3,0.1,0.5,200,lbp,1.0219020580293225e-07,2.1758450269998564e-07,1.0274324530803257e-07,1.0066934716390641e-07,1,17,1.9316375382549822e-07,,,,ve,0.0043
tree,15,3,0.1,0.5,200,gibbs,0.00012492139344417384,0.000291778716219028,0.00010258229042511645,0.0001863539267465816,1,2000,,7711.4,1.00053,2000,ve,7.4912
tree,15,3,0.25,0.5,200,exact,0.0,0.0,,,1,,,,,,ve,0.0089
tree,15,3,0.25,0.5,200,mf,0.002879476175803286,0.006864801992093269,0.0027150402050100117,0.0033316750954847903,1,5,,,,,ve,0.0133
tree,15,3,0.25,0.5,200,lbp,1.208040219170814e-07,2.8283726439398693e-07,9.519822139241287e-08,1.9121997335991986e-07,1,19,2.4531999853749653e-07,,,,ve,0.0155
tree,15,3,0.25,0.5,200,gibbs,0.0003462557174373953,0.0007006874946843163,0.0003031416979033643,0.0004648192711559805,1,2000,,7686.6,1.00033,2000,ve,8.2896
tree,15,3,0.5,0.5,200,exact,0.0,0.0,,,1,,,,,,ve,0.0064
tree,15,3,0.5,0.5,200,mf,0.01298935028711422,0.02932058832999754,0.012114124650035944,0.015396220789079477,1,7,,,,,ve,0.0025
tree,15,3,0.5,0.5,200,lbp,1.458696680040524e-07,3.7972325988427924e-07,1.4359237538118366e-07,1.5213222271694138e-07,1,22,3.1401521338736416e-07,,,,ve,0.0063
tree,15,3,0.5,0.5,200,gibbs,0.0007297385964741714,0.0014542625018153649,0.0006745001641187608,0.0008816442854515509,1,2000,,6924.0,1.00067,2000,ve,8.3968
tree,15,3,0.75,0.5,200,exact,0.0,0.0,,,1,,,,,,ve,0.0101
tree,15,3,0.75,0.5,200,mf,0.030479637809365193,0.06537017683137529,0.028211003100990586,0.03671838325739537,1,8,,,,,ve,0.0059
tree,15,3,0.75,0.5,200,lbp,1.3807717099550976e-07,5.139372128981634e-07,1.3962685956426701e-07,1.3381552743142733e-07,1,25,3.1199743855125917e-07,,,,ve,0.0143
tree,15,3,0.75,0.5,200,gibbs,0.0012706978578263034,0.0021599799304304543,0.0010987037689487208,0.0017436816022396552,1,2000,,6476.0,1.0011,2000,ve,7.6354
tree,15,3,1.0,0.5,200,exact,0.0,0.0,,,1,,,,,,ve,0.0068
tree,15,3,1.0,0.5,200,mf,0.05511376478887712,0.13847957563578378,0.05154060589234257,0.06493995175434711,1,12,,,,,ve,0.0054
tree,15,3,1.0,0.5,200,lbp,8.429005996244202e-08,3.4897967080005365e-07,8.731942739956003e-08,7.595929951036747e-08,1,28,2.2954667650010308e-07,,,,ve,0.0114
tree,15,3,1.0,0.5,200,gibbs,0.002153669378230081,0.006725740091965197,0.0016342913783627506,0.0035819588778652394,1,2000,,5659.7,1.0007,2000,ve,8.3463
tree,15,3,1.3,0.5,200,exact,0.0,0.0,,,1,,,,,,ve,0.0064
tree,15,3,1.3,0.5,200,mf,0.0954796311958924,0.25336944597883415,0.09162241994173197,0.10608696214483358,1,13,,,,,ve,0.0063
tree,15,3,1.3,0.5,200,lbp,1.0574881823564285e-07,3.388745843935226e-07,1.0789768789432684e-07,9.98394266742619e-08,1,30,2.2355393808348722e-07,,,,ve,0.0127
tree,15,3,1.3,0.5,200,gibbs,0.003682154753198293,0.00787976057760043,0.0032082453806189172,0.004985405527791576,1,2000,,5145.2,1.00062,2000,ve,7.7669
tree,15,3,1.75,0.5,200,exact,0.0,0.0,,,1,,,,,,ve,0.0077
tree,15,3,1.75,0.5,200,mf,0.15775773470027285,0.4177518174060323,0.15451050634050933,0.16668761268962243,1,10,,,,,ve,0.0057
tree,15,3,1.75,0.5,200,lbp,1.5484646824793595e-07,3.370682893459598e-07,1.5660150286914742e-07,1.500201230396044e-07,1,32,3.18973135349232e-07,,,,ve,0.0158
tree,15,3,1.75,0.5,200,gibbs,0.006345372285996726,0.012547927403069582,0.005928097934144308,0.007492876753590872,1,2000,,3197.0,1.00134,2000,ve,9.1754
tree,15,3,2.5,0.5,200,exact,0.0,0.0,,,1,,,,,,ve,0.0072
tree,15,3,2.5,0.5,200,mf,0.2706215573340694,0.644847569305373,0.26672096101947135,0.2813481971992141,1,7,,,,,ve,0.0075
tree,15,3,2.5,0.5,200,lbp,7.708335429027948e-08,2.229967923780482e-07,7.831150625535686e-08,7.370593638631666e-08,1,36,3.1921327381390086e-07,,,,ve,0.0244
tree,15,3,2.5,0.5,200,gibbs,0.013259136980561245,0.028948101554426883,0.01255349169456067,0.015199661517062825,1,2000,,1099.9,1.00221,2000,ve,9.3558
tree,15,3,4.0,0.5,200,exact,0.0,0.0,,,1,,,,,,ve,0.0074
tree,15,3,4.0,0.5,200,mf,0.4365682120934614,0.9145922598602065,0.433604575600363,0.4447182124494823,1,5,,,,,ve,0.0039
tree,15,3,4.0,0.5,200,lbp,3.646489784116945e-08,1.2624629084972624e-07,3.792426636171815e-08,3.24516344096605e-08,1,39,2.596062076420935e-07,,,,ve,0.0236
tree,15,3,4.0,0.5,200,gibbs,0.12203209285095576,0.13966335211997327,0.1219012426214564,0.12239193098207905,0,2000,,21.6,1.11702,2000,ve,9.706
tree,15,3,0.0,1.5,200,exact,0.0,0.0,,,1,,,,,,ve,0.0071
tree,15,3,0.0,1.5,200,mf,3.1895782311626894e-16,5.551115123125783e-16,3.109886086023876e-16,3.408731630294426e-16,1,1,,,,,ve,0.001
tree,15,3,0.0,1.5,200,lbp,3.0693040701616308e-16,5.551115123125783e-16,3.065729488453557e-16,3.0791341698588326e-16,1,3,0.0,,,,ve,0.0019
tree,15,3,0.0,1.5,200,gibbs,5.862671459411217e-15,1.1889794704345036e-14,5.224356301105424e-15,7.618038144752148e-15,1,2000,,7677.0,1.0006,2000,ve,9.1201
tree,15,3,0.1,1.5,200,exact,0.0,0.0,,,1,,,,,,ve,0.0106
tree,15,3,0.1,1.5,200,mf,0.00039611783213121325,0.0009448193490174464,0.00041129237330215276,0.0003543878439111296,1,4,,,,,ve,0.0048
tree,15,3,0.1,1.5,200,lbp,1.0249893142276942e-07,2.1548738872098627e-07,9.582999587898967e-08,1.2083850416816366e-07,1,17,1.9533066814014788e-07,,,,ve,0.0172
tree,15,3,0.1,1.5,200,gibbs,0.000116422889071686,0.0003731885900726678,5.618326483562823e-05,0.0002820818557208449,1,2000,,7758.8,1.00048,2000,ve,9.525
tree,15,3,0.25,1.5,200,exact,0.0,0.0,,,1,,,,,,ve,0.0076
tree,15,3,0.25,1.5,200,mf,0.0025367235463660672,0.00558257568386308,0.0025856080989123944,0.002402291026863666,1,5,,,,,ve,0.0029
tree,15,3,0.25,1.5,200,lbp,1.1955531407162324e-07,2.7574987416026375e-07,1.0390309059381896e-07,1.62598928635585e-07,1,19,2.811138505309785e-07,,,,ve,0.0091
tree,15,3,0.25,1.5,200,gibbs,0.0003596309450756976,0.0012187613354679508,0.0002148253003117,0.0007578464681766909,1,2000,,7535.4,1.00048,2000,ve,8.4842
tree,15,3,0.5,1.5,200,exact,0.0,0.0,,,1,,,,,,ve,0.0076
tree,15,3,0.5,1.5,200,mf,0.010102194907160947,0.018697033809063193,0.01016907935920201,0.009918262664048026,1,6,,,,,ve,0.0047
tree,15,3,0.5,1.5,200,lbp,9.711200165534821e-08,2.641829954519448e-07,9.393022867385602e-08,1.0586187735445174e-07,1,22,3.0034276699009155e-07,,,,ve,0.0133
tree,15,3,0.5,1.5,200,gibbs,0.0006943037461654653,0.002096124049786062,0.0004899118086694232,0.0012563815742795813,1,2000,,6680.0,1.00092,2000,ve,7.5786
tree,15,3,0.75,1.5,200,exact,0.0,0.0,,,1,,,,,,ve,0.0064
tree,15,3,0.75,1.5,200,mf,0.021597713815150646,0.043201472052073156,0.021722863887252617,0.021253551116870203,1,8,,,,,ve,0.0043
tree,15,3,0.75,1.5,200,lbp,6.063653434183516e-08,2.084784872131984e-07,6.251499268912876e-08,5.547077388677775e-08,1,25,2.5262486447186205e-07,,,,ve,0.0122
tree,15,3,0.75,1.5,200,gibbs,0.0009628788199853661,0.002737577176068408,0.0006967358853890381,0.001694771890125268,1,2000,,6280.4,1.0014,2000,ve,8.5977
tree,15,3,1.0,1.5,200,exact,0.0,0.0,,,1,,,,,,ve,0.006
tree,15,3,1.0,1.5,200,mf,0.03599181003030288,0.07559139690960151,0.036410995303450516,0.03483905052914689,1,12,,,,,ve,0.0053
tree,15,3,1.0,1.5,200,lbp,6.171631049909503e-08,2.309619927705342e-07,6.217931682000453e-08,6.044304311659393e-08,1,27,3.1560388963347563e-07,,,,ve,0.0106
tree,15,3,1.0,1.5,200,gibbs,0.0013653388784729992,0.004376542864750706,0.0011512231551890338,0.001954157117503905,1,2000,,5842.3,1.00118,2000,ve,7.7749
tree,15,3,1.3,1.5,200,exact,0.0,0.0,,,1,,,,,,ve,0.0064
tree,15,3,1.3,1.5,200,mf,0.05546528958622489,0.11655613931956207,0.05623053333316757,0.05336086928213252,1,19,,,,,ve,0.0115
tree,15,3,1.3,1.5,200,lbp,6.508494106106123e-08,2.1523687104493816e-07,6.428748420238273e-08,6.72779474224271e-08,1,29,2.9819796087959816e-07,,,,ve,0.0127
tree,15,3,1.3,1.5,200,gibbs,0.0016706624706865395,0.004921511978603112,0.0017771757244178824,0.0013777510229253471,1,2000,,5372.8,1.0001,2000,ve,8.3772
tree,15,3,1.75,1.5,200,exact,0.0,0.0,,,1,,,,,,ve,0.0058
tree,15,3,1.75,1.5,200,mf,0.1035618317925928,0.34010252821766146,0.10308475513402718,0.10487379260364829,1,44,,,,,ve,0.0221
tree,15,3,1.75,1.5,200,lbp,7.964738720568574e-08,2.0784499686621327e-07,7.831787742654535e-08,8.330353909832182e-08,1,31,2.662657941909785e-07,,,,ve,0.014
tree,15,3,1.75,1.5,200,gibbs,0.002616196120779804,0.004935746361618608,0.002472790689650786,0.0030105610563846024,1,2000,,4160.8,1.00039,2000,ve,7.8646
tree,15,3,2.5,1.5,200,exact,0.0,0.0,,,1,,,,,,ve,0.007
tree,15,3,2.5,1.5,200,mf,0.1827485179396446,0.6319654562686792,0.16926100831393479,0.21983916941034679,1,31,,,,,ve,0.0156
tree,15,3,2.5,1.5,200,lbp,1.1717016143731236e-07,4.013369056046767e-07,1.1938373088120377e-07,1.1108284546661098e-07,1,33,3.0391355554382216e-07,,,,ve,0.0156
tree,15,3,2.5,1.5,200,gibbs,0.0066586377947362085,0.018271993797619762,0.005787186755252232,0.009055128153317146,1,2000,,1978.3,1.00264,2000,ve,7.9709
tree,15,3,4.0,1.5,200,exact,0.0,0.0,,,1,,,,,,ve,0.0058
tree,15,3,4.0,1.5,200,mf,0.39759795845135365,0.9267630702180254,0.3907880114937096,0.4163253125848749,1,6,,,,,ve,0.0036
tree,15,3,4.0,1.5,200,lbp,5.728299998821991e-08,1.777675865850814e-07,5.981095917139026e-08,5.0331112234501454e-08,1,38,2.0969904638429293e-07,,,,ve,0.0197
tree,15,3,4.0,1.5,200,gibbs,0.05109756820700526,0.06670635411788298,0.04920991975581317,0.056288601447783526,0,2000,,38.3,1.07135,2000,ve,7.9046
tree,15,3,0.0,0.5,201,exact,0.0,0.0,,,1,,,,,,ve,0.011
tree,15,3,0.0,0.5,201,mf,2.6043981785998463e-16,8.396061623727746e-16,2.3907643541643995e-16,3.191891195797325e-16,1,1,,,,,ve,0.0011
tree,15,3,0.0,0.5,201,lbp,2.590520390792032e-16,8.951173136040325e-16,2.4223047810003414e-16,3.0531133177191805e-16,1,3,0.0,,,,ve,0.0019
tree,15,3,0.0,0.5,201,gibbs,7.201415389938385e-15,1.4002687898084787e-14,7.0130139069716916e-15,7.719519468096792e-15,1,2000,,7894.7,0.99984,2000,ve,8.5654
tree,15,3,0.1,0.5,201,exact,0.0,0.0,,,1,,,,,,ve,0.0064
tree,15,3,0.1,0.5,201,mf,0.0003715823862592615,0.0009279832913760347,0.00036053632518473613,0.0004019590542142064,1,4,,,,,ve,0.0026
tree,15,3,0.1,0.5,201,lbp,1.5325116491151276e-07,2.9652614486064266e-07,1.613762577955384e-07,1.309071594804423e-07,1,16,2.3138010907253204e-07,,,,ve,0.0082
tree,15,3,0.1,0.5,201,gibbs,0.00022779119268873568,0.0005997502951065534,0.00020340678645032787,0.0002948483098443571,1,2000,,8056.9,0.99992,2000,ve,8.2646
tree,15,3,0.25,0.5,201,exact,0.0,0.0,,,1,,,,,,ve,0.0093
tree,15,3,0.25,0.5,201,mf,0.0022823258595515605,0.00595335363055597,0.002217127582273967,0.002461621122064942,1,5,,,,,ve,0.0034
tree,15,3,0.25,0.5,201,lbp,1.3251823229494994e-07,3.0643157047927083e-07,1.2981727352433625e-07,1.3994586891413752e-07,1,18,2.4201715659311063e-07,,,,ve,0.0116
tree,15,3,0.25,0.5,201,gibbs,0.00046210146507477657,0.0011143294613291214,0.00046039625550552225,0.00046679079139022583,1,2000,,7884.2,0.99983,2000,ve,7.8333
tree,15,3,0.5,0.5,201,exact,0.0,0.0,,,1,,,,,,ve,0.0071
tree,15,3,0.5,0.5,201,mf,0.008723367626612974,0.024700872544624275,0.008654142940106042,0.00891373551450704,1,8,,,,,ve,0.0043
tree,15,3,0.5,0.5,201,lbp,1.1774174362016999e-07,2.432791662843048e-07,9.956782044936743e-08,1.6772003233987698e-07,1,21,2.833775749611078e-07,,,,ve,0.0118
tree,15,3,0.5,0.5,201,gibbs,0.0010735836577538509,0.00315607295140519,0.0010326263353753842,0.0011862162942946342,1,2000,,7640.0,0.99999,2000,ve,8.5298
tree,15,3,0.75,0.5,201,exact,0.0,0.0,,,1,,,,,,ve,0.0076
tree,15,3,0.75,0.5,201,mf,0.023894892914139584,0.05818333226770726,0.024947307475371248,0.02100075287075251,1,14,,,,,ve,0.0073
tree,15,3,0.75,0.5,201,lbp,2.0790827960267174e-07,5.131540362635079e-07,1.978014574538248e-07,2.3570204051200083e-07,1,24,2.874458864265961e-07,,,,ve,0.01
tree,15,3,0.75,0.5,201,gibbs,0.0019532595222592213,0.004035854853767701,0.002033207309563564,0.0017334031071722794,1,2000,,6683.9,1.00008,2000,ve,7.6695
tree,15,3,1.0,0.5,201,exact,0.0,0.0,,,1,,,,,,ve,0.0068
tree,15,3,1.0,0.5,201,mf,0.08229427058585151,0.1785360736218262,0.08514510699197407,0.07445447046901447,1,23,,,,,ve,0.0106
tree,15,3,1.0,0.5,201,lbp,1.3585423878336353e-07,4.521302891247192e-07,1.4137113479609473e-07,1.206827747483527e-07,1,28,2.886029044080196e-07,,,,ve,0.0125
tree,15,3,1.0,0.5,201,gibbs,0.003730422603120182,0.00690765148460102,0.0038889909836752885,0.0032943595565936394,1,2000,,5524.8,1.00034,2000,ve,22.5963
tree,15,3,1.3,0.5,201,exact,0.0,0.0,,,1,,,,,,ve,0.0086
tree,15,3,1.3,0.5,201,mf,0.17946790170435156,0.36349720646731754,0.18704421186600725,0.1586330487597984,1,18,,,,,ve,0.0111
tree,15,3,1.3,0.5,201,lbp,1.1507949835380208e-07,4.220943626564999e-07,1.240494964375878e-07,9.04120036233913e-08,1,31,2.941921342647369e-07,,,,ve,0.0111
tree,15,3,1.3,0.5,201,gibbs,0.0026055452142203462,0.008131053001318181,0.0022917629066882424,0.0034684465599336325,1,2000,,4401.1,1.00059,2000,ve,7.972
tree,15,3,1.75,0.5,201,exact,0.0,0.0,,,1,,,,,,ve,0.0058
tree,15,3,1.75,0.5,201,mf,0.27469874350908374,0.4446291674028353,0.2819323028738468,0.2548064552559855,1,14,,,,,ve,0.0067
tree,15,3,1.75,0.5,201,lbp,1.0004852507641826e-07,3.7848470131607304e-07,1.0804945860506701e-07,7.804595787263419e-08,1,34,2.988742644483011e-07,,,,ve,0.0138
tree,15,3,1.75,0.5,201,gibbs,0.009647085922977867,0.014285169858539157,0.010060373022938135,0.008510546398087135,1,2000,,3036.8,1.00337,2000,ve,8.0002
tree,15,3,2.5,0.5,201,exact,0.0,0.0,,,1,,,,,,ve,0.0056
tree,15,3,2.5,0.5,201,mf,0.38226857815646775,0.5386423993815772,0.39242622962679585,0.35433503661306565,1,9,,,,,ve,0.0048
tree,15,3,2.5,0.5,201,lbp,1.0338831515887178e-07,3.332280363727014e-07,1.0705466407801012e-07,9.330585563124133e-08,1,37,2.690376412761708e-07,,,,ve,0.016
tree,15,3,2.5,0.5,201,gibbs,0.03594493075008875,0.06125928966624733,0.038043275973336524,0.03017448138615736,1,2000,,2319.8,1.00105,2000,ve,7.4856
tree,15,3,4.0,0.5,201,exact,0.0,0.0,,,1,,,,,,ve,0.0073
tree,15,3,4.0,0.5,201,mf,0.5989715787404545,0.7945346008148496,0.5928011482434479,0.6159402626072221,1,8,,,,,ve,0.0037
tree,15,3,4.0,0.5,201,lbp,1.1084611097981571e-07,2.7258936349805474e-07,1.1205817456021046e-07,1.0751293613373014e-07,1,40,2.1984776477079748e-07,,,,ve,0.0206
tree,15,3,4.0,0.5,201,gibbs,0.23180072324181497,0.27112896651212165,0.23245836051729354,0.22999222073424894,0,2000,,382.8,1.01301,2000,ve,8.3703
tree,15,3,0.0,1.5,201,exact,0.0,0.0,,,1,,,,,,ve,0.0055
tree,15,3,0.0,1.5,201,mf,2.1348663577687905e-16,6.800116025829084e-16,2.4822315919886313e-16,1.1796119636642288e-16,1,1,,,,,ve,0.0006
tree,15,3,0.0,1.5,201,lbp,2.040034807748725e-16,6.696032617270475e-16,2.403380524898776e-16,1.0408340855860843e-16,1,3,0.0,,,,ve,0.0013
tree,15,3,0.0,1.5,201,gibbs,5.6373887039976955e-15,1.3850032232198828e-14,4.866372456517483e-15,7.757683384568281e-15,1,2000,,7955.5,1.00003,2000,ve,7.8821
tree,15,3,0.1,1.5,201,exact,0.0,0.0,,,1,,,,,,ve,0.0115
tree,15,3,0.1,1.5,201,mf,0.0003531202147299148,0.0010295523746070914,0.00034509233978733805,0.00037519687082200083,1,4,,,,,ve,0.003
tree,15,3,0.1,1.5,201,lbp,8.360086130830557e-08,1.4418172263747087e-07,8.323895816259662e-08,8.459609495900522e-08,1,17,1.6459354185149877e-07,,,,ve,0.0122
tree,15,3,0.1,1.5,201,gibbs,0.0001230402044827536,0.00031685915328663605,0.00010073841746882955,0.00018437011877104476,1,2000,,8024.8,1.00001,2000,ve,7.4088
tree,15,3,0.25,1.5,201,exact,0.0,0.0,,,1,,,,,,ve,0.0059
tree,15,3,0.25,1.5,201,mf,0.002279792956075551,0.006604269440266146,0.0022054971773930706,0.002484106347452373,1,5,,,,,ve,0.0021
tree,15,3,0.25,1.5,201,lbp,6.693293277508505e-08,1.3951681091667334e-07,5.8374676528977966e-08,9.046813745187954e-08,1,19,2.3587024516880106e-07,,,,ve,0.0065
tree,15,3,0.25,1.5,201,gibbs,0.0003423502833361235,0.0007360584230520079,0.00030936459938753197,0.00043306091419475015,1,2000,,7815.8,0.99984,2000,ve,6.9752
tree,15,3,0.5,1.5,201,exact,0.0,0.0,,,1,,,,,,ve,0.0117
tree,15,3,0.5,1.5,201,mf,0.01031085381473056,0.02801386402330061,0.009881333390730643,0.011492034980730335,1,7,,,,,ve,0.0039
tree,15,3,0.5,1.5,201,lbp,1.0370472204798697e-07,3.9813644236996737e-07,1.0614600787943083e-07,9.699118601151635e-08,1,21,3.482348414629577e-07,,,,ve,0.0095
tree,15,3,0.5,1.5,201,gibbs,0.000970800658470878,0.0024637255445874237,0.0009382444614653062,0.0010603302002362008,1,2000,,7264.5,1.00011,2000,ve,6.5785
tree,15,3,0.75,1.5,201,exact,0.0,0.0,,,1,,,,,,ve,0.0053
tree,15,3,0.75,1.5,201,mf,0.027074008221127245,0.06924187399830257,0.026385337445204226,0.028967852854915564,1,11,,,,,ve,0.0054
tree,15,3,0.75,1.5,201,lbp,4.570991590790996e-08,1.9385030589069707e-07,4.316839977936113e-08,5.2699085261419254e-08,1,25,2.1911437769750464e-07,,,,ve,0.0097
tree,15,3,0.75,1.5,201,gibbs,0.0018096315390610201,0.004369412733005465,0.0016947549756720288,0.0021255420883807465,1,2000,,6698.7,0.99989,2000,ve,7.1283
tree,15,3,1.0,1.5,201,exact,0.0,0.0,,,1,,,,,,ve,0.0085
tree,15,3,1.0,1.5,201,mf,0.05633110915957093,0.14281698605728357,0.05565353148569794,0.058194447762721625,1,17,,,,,ve,0.0092
tree,15,3,1.0,1.5,201,lbp,5.642759666006173e-08,1.9214379619325594e-07,5.4620599249352336e-08,6.139683953951258e-08,1,27,1.736295227594553e-07,,,,ve,0.0124
tree,15,3,1.0,1.5,201,gibbs,0.0018067870640585848,0.004946033026384224,0.0016513387717947193,0.002234269867784215,1,2000,,6226.3,1.0,2000,ve,6.5092
tree,15,3,1.3,1.5,201,exact,0.0,0.0,,,1,,,,,,ve,0.0058
tree,15,3,1.3,1.5,201,mf,0.1134329716861434,0.27340810892006273,0.11213008537358059,0.11701590904569115,1,19,,,,,ve,0.0079
tree,15,3,1.3,1.5,201,lbp,8.201415819484673e-08,4.293044737757601e-07,8.742576965905323e-08,6.71322266682789e-08,1,29,2.669831083990104e-07,,,,ve,0.0115
tree,15,3,1.3,1.5,201,gibbs,0.006326142265808044,0.011564165142652513,0.006521109093341569,0.005789983490090852,1,2000,,5557.3,1.00057,2000,ve,6.6113
tree,15,3,1.75,1.5,201,exact,0.0,0.0,,,1,,,,,,ve,0.0064
tree,15,3,1.75,1.5,201,mf,0.21163645416928376,0.4529788577086017,0.2077538565785334,0.22231359754384722,1,16,,,,,ve,0.0067
tree,15,3,1.75,1.5,201,lbp,7.031414415888116e-08,3.3388638308318175e-07,7.296298367901793e-08,6.302983547850499e-08,1,33,2.1343951228658398e-07,,,,ve,0.0129
tree,15,3,1.75,1.5,201,gibbs,0.011230698274742585,0.02308774007462319,0.010750404623321195,0.012551505816151408,1,2000,,4296.1,1.00103,2000,ve,6.4605
tree,15,3,2.5,1.5,201,exact,0.0,0.0,,,1,,,,,,ve,0.0056
tree,15,3,2.5,1.5,201,mf,0.340261918355062,0.6013881391490157,0.35929993486542067,0.2879073729515757,1,19,,,,,ve,0.0093
tree,15,3,2.5,1.5,201,lbp,1.0740814533454398e-07,4.580901687041561e-07,1.099440262246469e-07,1.0043447288676094e-07,1,36,2.856269184503546e-07,,,,ve,0.0145
tree,15,3,2.5,1.5,201,gibbs,0.04414598014900032,0.06626670733301085,0.04344204372967356,0.04608180530214893,1,2000,,2702.8,1.00232,2000,ve,7.0254
tree,15,3,4.0,1.5,201,exact,0.0,0.0,,,1,,,,,,ve,0.0098
tree,15,3,4.0,1.5,201,mf,0.5708599225900775,0.8253473275077494,0.5941681588150757,0.5067622729713328,1,6,,,,,ve,0.0035
tree,15,3,4.0,1.5,201,lbp,9.821523277690989e-08,3.422319193122775e-07,9.851207525623694e-08,9.73989159587605e-08,1,40,2.532935985399831e-07,,,,ve,0.019
tree,15,3,4.0,1.5,201,gibbs,0.15150061602194229,0.20118827138862272,0.1455927027492473,0.16774737752185348,0,2000,,169.5,1.02507,2000,ve,6.6032
tree,15,3,0.0,0.5,202,exact,0.0,0.0,,,1,,,,,,ve,0.0054
tree,15,3,0.0,0.5,202,mf,2.9513428737952077e-16,6.245004513516506e-16,2.504309890773791e-16,4.180683577104105e-16,1,1,,,,,ve,0.0006
tree,15,3,0.0,0.5,202,lbp,2.9999151311225585e-16,6.106226635438361e-16,2.608393299332399e-16,4.0766001685454967e-16,1,3,0.0,,,,ve,0.0014
tree,15,3,0.0,0.5,202,gibbs,8.041252848774623e-15,1.3378187446733136e-14,7.887629943132362e-15,8.463715839290842e-15,1,2000,,7267.1,1.00044,2000,ve,6.5785
tree,15,3,0.1,0.5,202,exact,0.0,0.0,,,1,,,,,,ve,0.0096
tree,15,3,0.1,0.5,202,mf,0.0003656871444567199,0.0008607298644992961,0.00039297320147346895,0.00029065048766066005,1,4,,,,,ve,0.0021
tree,15,3,0.1,0.5,202,lbp,9.459022412896627e-08,2.5210942566911143e-07,8.77595849477535e-08,1.1337448187730137e-07,1,17,1.579118392713852e-07,,,,ve,0.0078
tree,15,3,0.1,0.5,202,gibbs,0.00022439197545644958,0.00044519762448345587,0.00021625818458584483,0.0002467599003506127,1,2000,,7287.1,1.00066,2000,ve,6.9906
tree,15,3,0.25,0.5,202,exact,0.0,0.0,,,1,,,,,,ve,0.0054
tree,15,3,0.25,0.5,202,mf,0.0023000466667977186,0.005117990645898532,0.0024962199274802224,0.0017605701999208329,1,5,,,,,ve,0.0019
tree,15,3,0.25,0.5,202,lbp,1.2305450039264607e-07,2.688280979351587e-07,9.975330786204434e-08,1.8713277985180077e-07,1,19,2.616218682804927e-07,,,,ve,0.006
tree,15,3,0.25,0.5,202,gibbs,0.0004236033516120812,0.0011796659274649623,0.00041484330354174645,0.0004476934838055016,1,2000,,7125.0,1.00046,2000,ve,6.398
tree,15,3,0.5,0.5,202,exact,0.0,0.0,,,1,,,,,,ve,0.0058
tree,15,3,0.5,0.5,202,mf,0.00965116387636784,0.025142193407046272,0.010704663435191657,0.006754040089602349,1,8,,,,,ve,0.0037
tree,15,3,0.5,0.5,202,lbp,7.730569158981293e-08,1.162039434260409e-07,7.351019251266123e-08,8.77433140519801e-08,1,23,1.7442448541071798e-07,,,,ve,0.0082
tree,15,3,0.5,0.5,202,gibbs,0.0011027588541463267,0.0024494543330160178,0.0011488339728684986,0.0009760522776603546,1,2000,,6964.7,1.00004,2000,ve,7.2999
tree,15,3,0.75,0.5,202,exact,0.0,0.0,,,1,,,,,,ve,0.006
tree,15,3,0.75,0.5,202,mf,0.026273056871144444,0.08005635270477532,0.028304364673266424,0.020686960415309,1,11,,,,,ve,0.0052
tree,15,3,0.75,0.5,202,lbp,1.9347858283095634e-07,4.1633058002477075e-07,1.8425585293761634e-07,2.188410900376414e-07,1,25,2.4751483457263745e-07,,,,ve,0.0102
tree,15,3,0.75,0.5,202,gibbs,0.0017406455507587447,0.00375614750989052,0.0017104241674126839,0.001823754354960412,1,2000,,5964.2,1.00033,2000,ve,6.3086
tree,15,3,1.0,0.5,202,exact,0.0,0.0,,,1,,,,,,ve,0.0058
tree,15,3,1.0,0.5,202,mf,0.05585507580385225,0.1688265136102274,0.05787118902343385,0.050310764450002855,1,27,,,,,ve,0.0099
tree,15,3,1.0,0.5,202,lbp,2.3224898597513459e-07,5.522745865765843e-07,2.1632172786232257e-07,2.7604894578536765e-07,1,28,3.5395627617784697e-07,,,,ve,0.0102
tree,15,3,1.0,0.5,202,gibbs,0.002637214333823379,0.006237788483336781,0.0025105731798399657,0.002985477507277765,1,2000,,5079.1,1.00041,2000,ve,7.2734
tree,15,3,1.3,0.5,202,exact,0.0,0.0,,,1,,,,,,ve,0.0054
tree,15,3,1.3,0.5,202,mf,0.17683517641348487,0.36260684164358714,0.163792006876228,0.21270389264094114,1,22,,,,,ve,0.0081
tree,15,3,1.3,0.5,202,lbp,2.0826805259335317e-07,5.110554231260722e-07,1.953926480785328e-07,2.4367541500910916e-07,1,31,3.379883856680088e-07,,,,ve,0.0111
tree,15,3,1.3,0.5,202,gibbs,0.007020961687740497,0.016726325300074993,0.00679304652334329,0.0076477283898328165,1,2000,,4554.0,1.00135,2000,ve,6.2273
tree,15,3,1.75,0.5,202,exact,0.0,0.0,,,1,,,,,,ve,0.0058
tree,15,3,1.75,0.5,202,mf,0.23605433862861075,0.48745265933159887,0.216986110117968,0.28849196703287827,1,10,,,,,ve,0.0039
tree,15,3,1.75,0.5,202,lbp,1.7143355255591862e-07,4.2779614182336667e-07,1.6307069705339797e-07,1.944314051878504e-07,1,34,3.1292568125618203e-07,,,,ve,0.0128
tree,15,3,1.75,0.5,202,gibbs,0.010332454265122202,0.024082914870920735,0.009854879834989484,0.011645783947987175,1,2000,,3025.4,1.00132,2000,ve,7.1231
tree,15,3,2.5,0.5,202,exact,0.0,0.0,,,1,,,,,,ve,0.007
tree,15,3,2.5,0.5,202,mf,0.22517401155006242,0.4046477663265401,0.2138013032503541,0.25644895937426054,1,7,,,,,ve,0.0038
tree,15,3,2.5,0.5,202,lbp,1.248567406529448e-07,3.1964903472736506e-07,1.223823185372778e-07,1.316614014710291e-07,1,37,3.0637446191139617e-07,,,,ve,0.0162
tree,15,3,2.5,0.5,202,gibbs,0.006065480405384086,0.014726878535794498,0.005192550173906797,0.008466038541946637,1,2000,,1297.6,1.00123,2000,ve,6.4532
tree,15,3,4.0,0.5,202,exact,0.0,0.0,,,1,,,,,,ve,0.0059
tree,15,3,4.0,0.5,202,mf,0.13686132191583278,0.20756118626132905,0.13487782690619818,0.14231593319232796,1,5,,,,,ve,0.0023
tree,15,3,4.0,0.5,202,lbp,7.810283605663462e-08,2.136313208504076e-07,7.943248899951339e-08,7.4446290463718e-08,1,40,2.398183617247085e-07,,,,ve,0.0139
tree,15,3,4.0,0.5,202,gibbs,0.0938657038527923,0.13100137348072455,0.0922519052521987,0.09830365000442468,1,2000,,694.9,1.00291,2000,ve,6.348
tree,15,3,0.0,1.5,202,exact,0.0,0.0,,,1,,,,,,ve,0.0105
tree,15,3,0.0,1.5,202,mf,2.547730545051271e-16,7.424616477180734e-16,2.0296264668928643e-16,3.972516759986888e-16,1,1,,,,,ve,0.0008
tree,15,3,0.0,1.5,202,lbp,2.438442966064732e-16,6.730727086790012e-16,1.8932141208274154e-16,3.937822290467352e-16,1,3,0.0,,,,ve,0.0014
tree,15,3,0.0,1.5,202,gibbs,5.546951786783438e-15,1.426636586643326e-14,4.356363754580302e-15,8.821068875342064e-15,1,2000,,7655.7,1.00021,2000,ve,7.0887
tree,15,3,0.1,1.5,202,exact,0.0,0.0,,,1,,,,,,ve,0.0059
tree,15,3,0.1,1.5,202,mf,0.00030838669379889183,0.0009151844577983612,0.00030009591412533067,0.00033118633790118514,1,4,,,,,ve,0.0017
tree,15,3,0.1,1.5,202,lbp,1.1294492744679206e-07,2.633980940927594e-07,9.366121726498435e-08,1.6597513044676326e-07,1,17,1.6679548503484298e-07,,,,ve,0.0064
tree,15,3,0.1,1.5,202,gibbs,0.00015966529904175598,0.00042457989056809975,0.00014897313640846674,0.00018906874628330135,1,2000,,7643.9,1.00021,2000,ve,6.9774
tree,15,3,0.25,1.5,202,exact,0.0,0.0,,,1,,,,,,ve,0.0059
tree,15,3,0.25,1.5,202,mf,0.0019553452353166553,0.0062142542443988855,0.0018736725831260098,0.0021799450288409305,1,5,,,,,ve,0.0024
tree,15,3,0.25,1.5,202,lbp,1.219286294276122e-07,3.383876264612118e-07,9.340441593021032e-08,2.0037021654546738e-07,1,19,2.705286463178247e-07,,,,ve,0.0074
tree,15,3,0.25,1.5,202,gibbs,0.0004062726475031087,0.0012297197257248593,0.00041095562997486726,0.00039339444570577267,1,2000,,7148.1,1.00021,2000,ve,7.1313
tree,15,3,0.5,1.5,202,exact,0.0,0.0,,,1,,,,,,ve,0.0055
tree,15,3,0.5,1.5,202,mf,0.009494514311095178,0.0295676482307659,0.009071163830375777,0.010658728133073532,1,8,,,,,ve,0.003
tree,15,3,0.5,1.5,202,lbp,1.3819649919398954e-07,3.605782461953144e-07,1.1398021571365491e-07,2.0479127876490977e-07,1,22,3.4193484527156315e-07,,,,ve,0.0084
tree,15,3,0.5,1.5,202,gibbs,0.0006899741222986406,0.002246217710663412,0.0006302486711732566,0.0008542191128934461,1,2000,,6642.9,0.99985,2000,ve,6.2643
tree,15,3,0.75,1.5,202,exact,0.0,0.0,,,1,,,,,,ve,0.0054
tree,15,3,0.75,1.5,202,mf,0.027230872528907556,0.07520220346166376,0.025704184442150405,0.031429264767489716,1,13,,,,,ve,0.0054
tree,15,3,0.75,1.5,202,lbp,1.575610102624569e-07,3.518735372451398e-07,1.271736203819393e-07,2.4112633243388026e-07,1,26,2.8206433194677416e-07,,,,ve,0.0099
tree,15,3,0.75,1.5,202,gibbs,0.0014481962378343645,0.003974800797625813,0.0012266561896492679,0.0020574313703433794,1,2000,,5726.2,0.99982,2000,ve,7.531
tree,15,3,1.0,1.5,202,exact,0.0,0.0,,,1,,,,,,ve,0.0077
tree,15,3,1.0,1.5,202,mf,0.0545993098146905,0.12187205348368993,0.05166004395451837,0.06268229093016384,1,21,,,,,ve,0.0098
tree,15,3,1.0,1.5,202,lbp,1.4489195173482173e-07,3.2581753853233586e-07,1.1663342202842276e-07,2.2260290842741892e-07,1,29,3.096288672121972e-07,,,,ve,0.0118
tree,15,3,1.0,1.5,202,gibbs,0.0016462846337560145,0.0047411788189547326,0.0017311555327747278,0.001412889661454553,1,2000,,4961.6,0.99986,2000,ve,6.4357
tree,15,3,1.3,1.5,202,exact,0.0,0.0,,,1,,,,,,ve,0.0061
tree,15,3,1.3,1.5,202,mf,0.09117157379657528,0.19949074866175798,0.08571197304553825,0.10618547586192711,1,32,,,,,ve,0.0128
tree,15,3,1.3,1.5,202,lbp,9.844063913663307e-08,2.2770418077466825e-07,8.125065008727808e-08,1.457131090223593e-07,1,32,2.5697011629688404e-07,,,,ve,0.012
tree,15,3,1.3,1.5,202,gibbs,0.003225740201269285,0.008878166809032303,0.002901467868717317,0.004117489115787197,1,2000,,4348.5,1.00018,2000,ve,7.2429
tree,15,3,1.75,1.5,202,exact,0.0,0.0,,,1,,,,,,ve,0.0063
tree,15,3,1.75,1.5,202,mf,0.13285463058768796,0.3662539034249713,0.12491410328694115,0.1546910806647417,1,22,,,,,ve,0.0091
tree,15,3,1.75,1.5,202,lbp,1.1076776590922266e-07,2.905357438381939e-07,9.636299759514294e-08,1.5038087877294187e-07,1,34,2.874072998482191e-07,,,,ve,0.0132
tree,15,3,1.75,1.5,202,gibbs,0.003076184573320102,0.008080420493107754,0.0030604963495335733,0.003119327188733055,1,2000,,3723.1,1.00039,2000,ve,6.381
tree,15,3,2.5,1.5,202,exact,0.0,0.0,,,1,,,,,,ve,0.0065
tree,15,3,2.5,1.5,202,mf,0.1850502700446792,0.5454495227969977,0.1732925839607433,0.21738390677550304,1,10,,,,,ve,0.0046
tree,15,3,2.5,1.5,202,lbp,7.669348958321807e-08,2.148536947348123e-07,7.24159854810581e-08,8.845662586415802e-08,1,37,2.731813634193614e-07,,,,ve,0.0133
tree,15,3,2.5,1.5,202,gibbs,0.01509633708293188,0.03207998695697398,0.014436076848108286,0.01691205272869677,1,2000,,2389.3,1.00128,2000,ve,6.6501
tree,15,3,4.0,1.5,202,exact,0.0,0.0,,,1,,,,,,ve,0.0075
tree,15,3,4.0,1.5,202,mf,0.438020792032973,0.8743224673999497,0.44485437732114613,0.41922843249049696,1,10,,,,,ve,0.0051
tree,15,3,4.0,1.5,202,lbp,5.796948230331843e-08,1.2797509687384467e-07,5.905762139643738e-08,5.4977099797241325e-08,1,41,2.3076920807607593e-07,,,,ve,0.0174
tree,15,3,4.0,1.5,202,gibbs,0.046977738682259136,0.06377490190625726,0.046147293259779114,0.04926146359407921,1,2000,,574.7,1.0044,2000,ve,5.8316
tree,15,3,0.0,0.5,203,exact,0.0,0.0,,,1,,,,,,ve,0.0042
tree,15,3,0.0,0.5,203,mf,2.587050943840078e-16,9.992007221626409e-16,2.9222205463500216e-16,1.6653345369377348e-16,1,1,,,,,ve,0.0005
tree,15,3,0.0,0.5,203,lbp,2.797530725591931e-16,9.71445146547012e-16,3.0010716134398763e-16,2.237793284010081e-16,1,3,0.0,,,,ve,0.0011
tree,15,3,0.0,0.5,203,gibbs,7.408888317665211e-15,1.5432100042289676e-14,7.755160150421407e-15,6.456640777585676e-15,1,2000,,8128.1,1.00035,2000,ve,5.6046
tree,15,3,0.1,0.5,203,exact,0.0,0.0,,,1,,,,,,ve,0.0042
tree,15,3,0.1,0.5,203,mf,0.0003209154206957181,0.0009970242208205485,0.00029069744676479337,0.00040401484900576094,1,4,,,,,ve,0.0014
tree,15,3,0.1,0.5,203,lbp,1.0045281529577621e-07,2.450857113228677e-07,8.191524396704918e-08,1.5143113644977557e-07,1,17,1.6644314065894505e-07,,,,ve,0.0049
tree,15,3,0.1,0.5,203,gibbs,0.00020180966934660143,0.0005274699467090471,0.00021896217472230364,0.00015464027956342032,1,2000,,7948.8,1.00004,2000,ve,5.4823
tree,15,3,0.25,0.5,203,exact,0.0,0.0,,,1,,,,,,ve,0.0044
tree,15,3,0.25,0.5,203,mf,0.002141496345514528,0.006184559966498658,0.0018684938891970618,0.0028922531003875603,1,5,,,,,ve,0.0018
tree,15,3,0.25,0.5,203,lbp,1.2411751974701623e-07,2.8484801083139555e-07,1.148866391753537e-07,1.4950244131908819e-07,1,19,2.6150159820881314e-07,,,,ve,0.006
tree,15,3,0.25,0.5,203,gibbs,0.0006430875029701471,0.0015742983865732058,0.0005972665345796145,0.0007690951660441116,1,2000,,7622.5,0.99977,2000,ve,5.4296
tree,15,3,0.5,0.5,203,exact,0.0,0.0,,,1,,,,,,ve,0.0044
tree,15,3,0.5,0.5,203,mf,0.00928990277833301,0.02394122376293229,0.007692711950501943,0.013682177554868445,1,7,,,,,ve,0.0026
tree,15,3,0.5,0.5,203,lbp,1.942349939420181e-07,2.912753545997182e-07,2.0551001561493323e-07,1.632286843415015e-07,1,21,2.9453561528614003e-07,,,,ve,0.0066
tree,15,3,0.5,0.5,203,gibbs,0.0013274008198553714,0.0032168364211291045,0.0013439251760405844,0.0012819588403460355,1,2000,,7106.3,0.99965,2000,ve,5.4205
tree,15,3,0.75,0.5,203,exact,0.0,0.0,,,1,,,,,,ve,0.0043
tree,15,3,0.75,0.5,203,mf,0.0226597721943401,0.054166300723112536,0.018831969658044158,0.03318622916915393,1,8,,,,,ve,0.0029
tree,15,3,0.75,0.5,203,lbp,1.5728429036398577e-07,3.973530653123003e-07,1.7832665049593502e-07,9.941780000112532e-08,1,24,3.28715157482673e-07,,,,ve,0.0074
tree,15,3,0.75,0.5,203,gibbs,0.0020822569086139655,0.00476778094151141,0.002182957976411159,0.0018053289721716836,1,2000,,6174.0,0.99974,2000,ve,5.4063
tree,15,3,1.0,0.5,203,exact,0.0,0.0,,,1,,,,,,ve,0.0048
tree,15,3,1.0,0.5,203,mf,0.04428835077437235,0.09568791922987878,0.03799991294564984,0.061581554803359265,1,13,,,,,ve,0.004
tree,15,3,1.0,0.5,203,lbp,1.1411093081871438e-07,2.951763677094821e-07,1.3284038210267424e-07,6.260493978782478e-08,1,27,2.514535687447861e-07,,,,ve,0.0068
tree,15,3,1.0,0.5,203,gibbs,0.001994468162454263,0.00535460141813833,0.0018991740261613032,0.0022565270372599013,1,2000,,5312.6,1.00027,2000,ve,5.3122
tree,15,3,1.3,0.5,203,exact,0.0,0.0,,,1,,,,,,ve,0.0052
tree,15,3,1.3,0.5,203,mf,0.0874522097841523,0.17398540756352227,0.08440958688544155,0.09581942275560681,1,20,,,,,ve,0.0069
tree,15,3,1.3,0.5,203,lbp,1.3978723991218966e-07,3.381363196108822e-07,1.6534619625226626e-07,6.950010997697903e-08,1,29,2.9383570721019936e-07,,,,ve,0.0096
tree,15,3,1.3,0.5,203,gibbs,0.004076839168117042,0.010528458267610633,0.004253253405425714,0.0035917000155181915,1,2000,,4577.4,0.99985,2000,ve,5.4174
tree,15,3,1.75,0.5,203,exact,0.0,0.0,,,1,,,,,,ve,0.0045
tree,15,3,1.75,0.5,203,mf,0.15893266797988198,0.3226792171478007,0.15802692127240403,0.16142347142544639,1,29,,,,,ve,0.0094
tree,15,3,1.75,0.5,203,lbp,1.070244801784174e-07,2.3396474886638874e-07,1.2871143500194207e-07,4.7385354413724545e-08,1,32,2.315530988061809e-07,,,,ve,0.0103
tree,15,3,1.75,0.5,203,gibbs,0.006057436409466168,0.014740282724381298,0.005993361522098853,0.006233642349726285,1,2000,,3067.3,1.0006,2000,ve,5.4484
tree,15,3,2.5,0.5,203,exact,0.0,0.0,,,1,,,,,,ve,0.0043
tree,15,3,2.5,0.5,203,mf,0.1812347010272188,0.5883495834602196,0.21132827017347247,0.09847738587502139,1,13,,,,,ve,0.0041
tree,15,3,2.5,0.5,203,lbp,6.864766035220154e-08,1.5549464089242848e-07,8.388149488678652e-08,2.6754615382092867e-08,1,35,2.4442600543572723e-07,,,,ve,0.0098
tree,15,3,2.5,0.5,203,gibbs,0.012368419511421324,0.025720231611690555,0.012396718944642641,0.012290596070062703,1,2000,,1571.8,1.00184,2000,ve,5.2954
tree,15,3,4.0,0.5,203,exact,0.0,0.0,,,1,,,,,,ve,0.0042
tree,15,3,4.0,0.5,203,mf,0.19371050947743332,0.8896175056954643,0.2572612579697137,0.01894595112366202,1,6,,,,,ve,0.0021
tree,15,3,4.0,0.5,203,lbp,3.95309787905943e-08,1.0161933717764415e-07,4.93550021081558e-08,1.2514914667300162e-08,1,37,2.559814332725452e-07,,,,ve,0.011
tree,15,3,4.0,0.5,203,gibbs,0.014708521417288848,0.02446098947104472,0.0138789443526713,0.0169898583449871,1,2000,,808.1,1.00878,2000,ve,5.5585
tree,15,3,0.0,1.5,203,exact,0.0,0.0,,,1,,,,,,ve,0.0043
tree,15,3,0.0,1.5,203,mf,2.529226827974185e-16,4.440892098500626e-16,2.622586491408573e-16,2.2724877535296173e-16,1,1,,,,,ve,0.0006
tree,15,3,0.0,1.5,203,lbp,2.6818824938601437e-16,4.440892098500626e-16,2.7108996865492105e-16,2.6020852139652106e-16,1,3,0.0,,,,ve,0.001
tree,15,3,0.0,1.5,203,gibbs,7.773758488779e-15,1.6937840019437544e-14,8.27478868254355e-15,6.395925455926488e-15,1,2000,,7957.1,1.00007,2000,ve,5.3957
tree,15,3,0.1,1.5,203,exact,0.0,0.0,,,1,,,,,,ve,0.0043
tree,15,3,0.1,1.5,203,mf,0.0003927438765795313,0.0009921381397627813,0.00038747367298986213,0.00040723693645112156,1,4,,,,,ve,0.0014
tree,15,3,0.1,1.5,203,lbp,1.2344931642644757e-07,3.6969307599943324e-07,1.1052456528433775e-07,1.5899238206724953e-07,1,17,1.8579336719115602e-07,,,,ve,0.0063
tree,15,3,0.1,1.5,203,gibbs,0.0001932926973228143,0.0003497512305416922,0.00021304993260536653,0.00013896030029579565,1,2000,,7876.4,1.00019,2000,ve,5.499
tree,15,3,0.25,1.5,203,exact,0.0,0.0,,,1,,,,,,ve,0.0044
tree,15,3,0.25,1.5,203,mf,0.0026580550523337093,0.006379787809129331,0.0025375893313700987,0.00298933578498364,1,5,,,,,ve,0.0016
tree,15,3,0.25,1.5,203,lbp,8.428477349976815e-08,2.021389301290477e-07,8.354488456833252e-08,8.631946806121615e-08,1,20,1.6580294470713852e-07,,,,ve,0.0059
tree,15,3,0.25,1.5,203,gibbs,0.00061147811631532,0.0011982218141850243,0.0006523969760727381,0.0004989512519824203,1,2000,,7631.8,0.99986,2000,ve,5.31
tree,15,3,0.5,1.5,203,exact,0.0,0.0,,,1,,,,,,ve,0.0048
tree,15,3,0.5,1.5,203,mf,0.011865419541165238,0.02698928600533368,0.010841142625499794,0.014682181059245203,1,7,,,,,ve,0.0025
tree,15,3,0.5,1.5,203,lbp,1.676520507837287e-07,2.5677397087753295e-07,1.7140116160539606e-07,1.5734199602414345e-07,1,22,2.5254288810172554e-07,,,,ve,0.0067
tree,15,3,0.5,1.5,203,gibbs,0.0010067368998006089,0.0022510790952803145,0.0008593784838131541,0.0014119725437661095,1,2000,,6759.3,0.99994,2000,ve,5.5701
tree,15,3,0.75,1.5,203,exact,0.0,0.0,,,1,,,,,,ve,0.0044
tree,15,3,0.75,1.5,203,mf,0.0273108700857577,0.06481313850788958,0.024509346506341744,0.03501505992915157,1,9,,,,,ve,0.0032
tree,15,3,0.75,1.5,203,lbp,2.811926284731342e-07,4.976027972447561e-07,2.9097316123547817e-07,2.5429616337668826e-07,1,24,3.233267545921237e-07,,,,ve,0.007
tree,15,3,0.75,1.5,203,gibbs,0.0019124757529488988,0.004201577910603244,0.0016736170879711374,0.002569337081637743,1,2000,,6263.2,1.00026,2000,ve,5.3275
tree,15,3,1.0,1.5,203,exact,0.0,0.0,,,1,,,,,,ve,0.0043
tree,15,3,1.0,1.5,203,mf,0.048199716921022005,0.122493519061749,0.04191957241222097,0.06547011432022486,1,12,,,,,ve,0.0036
tree,15,3,1.0,1.5,203,lbp,2.167686994789438e-07,4.543517312660672e-07,2.3245290193749102e-07,1.7363714271793895e-07,1,27,2.9358340780660797e-07,,,,ve,0.0074
tree,15,3,1.0,1.5,203,gibbs,0.002827781044030382,0.006934393080511955,0.002326322502871299,0.0042067920322178595,1,2000,,5258.9,1.00075,2000,ve,5.4365
tree,15,3,1.3,1.5,203,exact,0.0,0.0,,,1,,,,,,ve,0.0043
tree,15,3,1.3,1.5,203,mf,0.0789502249020852,0.21933176731367765,0.06490183058169374,0.11758330928316169,1,22,,,,,ve,0.007
tree,15,3,1.3,1.5,203,lbp,1.5180665531612513e-07,3.3848849551043614e-07,1.6942585423302226e-07,1.0335385829465804e-07,1,30,2.2342547040254956e-07,,,,ve,0.0084
tree,15,3,1.3,1.5,203,gibbs,0.0035093567062831873,0.0105933537070418,0.0032543705073374107,0.004210568753384072,1,2000,,4032.3,1.00059,2000,ve,5.553
tree,15,3,1.75,1.5,203,exact,0.0,0.0,,,1,,,,,,ve,0.0045
tree,15,3,1.75,1.5,203,mf,0.17214805213875584,0.4708166816902703,0.15423280207984205,0.22141498980076874,1,17,,,,,ve,0.0061
tree,15,3,1.75,1.5,203,lbp,9.668975519631223e-08,2.340421010257887e-07,1.1189093275528864e-07,5.488651690912713e-08,1,33,2.1667909055889112e-07,,,,ve,0.0106
tree,15,3,1.75,1.5,203,gibbs,0.004752656836868931,0.011323563862636901,0.004520173842529742,0.005391985071301702,1,2000,,2241.7,1.00044,2000,ve,5.4658
tree,15,3,2.5,1.5,203,exact,0.0,0.0,,,1,,,,,,ve,0.0043
tree,15,3,2.5,1.5,203,mf,0.07985573506461398,0.2127503774139042,0.07772076603417542,0.08572689989831994,1,11,,,,,ve,0.0036
tree,15,3,2.5,1.5,203,lbp,8.52015404516392e-08,2.1374211177371816e-07,1.0043437576794188e-07,4.331124333180683e-08,1,34,2.871662356795923e-07,,,,ve,0.0102
tree,15,3,2.5,1.5,203,gibbs,0.006944137385087836,0.01780255212156845,0.007451544005716351,0.00554876917835942,1,2000,,1240.8,1.00076,2000,ve,5.4436
tree,15,3,4.0,1.5,203,exact,0.0,0.0,,,1,,,,,,ve,0.0043
tree,15,3,4.0,1.5,203,mf,0.19676388173815013,0.9818544689970654,0.2554399102319331,0.03540480338024692,1,9,,,,,ve,0.0031
tree,15,3,4.0,1.5,203,lbp,1.857266795417755e-08,5.179416361338757e-08,2.1648035373264806e-08,1.0115407551687596e-08,1,35,2.4097094208919145e-07,,,,ve,0.0097
tree,15,3,4.0,1.5,203,gibbs,0.006077938681949813,0.009425129363187006,0.006008433191426571,0.0062690787808887295,1,2000,,2804.4,1.00084,2000,ve,5.4724
tree,15,3,0.0,0.5,204,exact,0.0,0.0,,,1,,,,,,ve,0.0044
tree,15,3,0.0,0.5,204,mf,2.856511323775142e-16,5.134781488891349e-16,2.6935524517894424e-16,3.3046482217358175e-16,1,1,,,,,ve,0.0005
tree,15,3,0.0,0.5,204,lbp,2.7755575615628914e-16,5.412337245047638e-16,2.5673907444456745e-16,3.3480163086352377e-16,1,3,0.0,,,,ve,0.0012
tree,15,3,0.0,0.5,204,gibbs,8.897512356516775e-15,1.6278645098566358e-14,8.118821271839816e-15,1.1038912839378412e-14,1,2000,,8153.2,0.99997,2000,ve,5.4123
tree,15,3,0.1,0.5,204,exact,0.0,0.0,,,1,,,,,,ve,0.0046
tree,15,3,0.1,0.5,204,mf,0.00030457428867686095,0.0004670955207274653,0.0002831301321546832,0.00036354571911284984,1,4,,,,,ve,0.0014
tree,15,3,0.1,0.5,204,lbp,1.2412528177727089e-07,2.844212468600116e-07,8.786346313489775e-08,2.2384528304379703e-07,1,16,2.448571884694495e-07,,,,ve,0.0051
tree,15,3,0.1,0.5,204,gibbs,0.00016458326716589552,0.0006223761254375848,0.00015062946251933877,0.00020295622994392654,1,2000,,8092.8,1.00025,2000,ve,5.414
tree,15,3,0.25,0.5,204,exact,0.0,0.0,,,1,,,,,,ve,0.0043
tree,15,3,0.25,0.5,204,mf,0.0018710128851902698,0.0033662447084636254,0.0017240182868293369,0.0022752480306828353,1,5,,,,,ve,0.0027
tree,15,3,0.25,0.5,204,lbp,1.326586223311203e-07,2.656737734807457e-07,1.2620528304710388e-07,1.504053053621654e-07,1,18,2.4639178725083255e-07,,,,ve,0.0214
tree,15,3,0.25,0.5,204,gibbs,0.0005027972774269254,0.001951849901273374,0.0005106029587852105,0.0004813316536916414,1,2000,,7934.7,1.00071,2000,ve,5.4909
tree,15,3,0.5,0.5,204,exact,0.0,0.0,,,1,,,,,,ve,0.0043
tree,15,3,0.5,0.5,204,mf,0.007241118531899909,0.016602650916248553,0.006714757764952067,0.008688610641006475,1,7,,,,,ve,0.0022
tree,15,3,0.5,0.5,204,lbp,1.3114359930834392e-07,3.4695459613653945e-07,1.1366759207329608e-07,1.7920261920472552e-07,1,21,3.14377118948439e-07,,,,ve,0.0064
tree,15,3,0.5,0.5,204,gibbs,0.0016558530006081083,0.005309787355987167,0.0018756669093932526,0.0010513647514489612,1,2000,,7392.2,1.00049,2000,ve,5.5938
tree,15,3,0.75,0.5,204,exact,0.0,0.0,,,1,,,,,,ve,0.0043
tree,15,3,0.75,0.5,204,mf,0.01703561208101457,0.04456869671721582,0.01541817713880214,0.021483558172098755,1,12,,,,,ve,0.0039
tree,15,3,0.75,0.5,204,lbp,1.0625153931178207e-07,1.8185267552928153e-07,1.0694269921733178e-07,1.0435084957152035e-07,1,25,1.978252825995952e-07,,,,ve,0.0084
tree,15,3,0.75,0.5,204,gibbs,0.0026323168603517902,0.006652856945382313,0.002740608553808374,0.0023345147033461836,1,2000,,6694.4,0.99994,2000,ve,5.5067
tree,15,3,1.0,0.5,204,exact,0.0,0.0,,,1,,,,,,ve,0.0043
tree,15,3,1.0,0.5,204,mf,0.04126732090168787,0.09012183829789339,0.034823888860008284,0.05898675901630675,1,32,,,,,ve,0.0106
tree,15,3,1.0,0.5,204,lbp,1.728938187080716e-07,4.2510019194683113e-07,1.827613553664645e-07,1.457580928974911e-07,1,27,2.3952241856584067e-07,,,,ve,0.0075
tree,15,3,1.0,0.5,204,gibbs,0.00317316378466901,0.007887140318790314,0.0032286343552235574,0.0030206197156440046,1,2000,,5546.3,1.0002,2000,ve,5.4807
tree,15,3,1.3,0.5,204,exact,0.0,0.0,,,1,,,,,,ve,0.0049
tree,15,3,1.3,0.5,204,mf,0.15332169156392034,0.30657796465410225,0.1466532033165486,0.17166003424419257,1,74,,,,,ve,0.0237
tree,15,3,1.3,0.5,204,lbp,1.352063212543599e-07,3.945554287697328e-07,1.4152363875016208e-07,1.1783369814090394e-07,1,30,2.4468712128689063e-07,,,,ve,0.0088
tree,15,3,1.3,0.5,204,gibbs,0.005872727998844753,0.010590726968258551,0.005812414703473612,0.0060385895611153925,1,2000,,4832.5,1.00074,2000,ve,5.2783
tree,15,3,1.75,0.5,204,exact,0.0,0.0,,,1,,,,,,ve,0.0047
tree,15,3,1.75,0.5,204,mf,0.2904672407537679,0.48904196965314023,0.27184710187994704,0.3416726226567752,1,49,,,,,ve,0.0166
tree,15,3,1.75,0.5,204,lbp,1.3146097503045907e-07,3.28142475121071e-07,1.407805013014884e-07,1.0583227778512838e-07,1,33,2.2239464136930565e-07,,,,ve,0.0102
tree,15,3,1.75,0.5,204,gibbs,0.010101953499813179,0.021957186568695983,0.009453617033122343,0.011884878783212972,1,2000,,3817.6,1.00044,2000,ve,5.5227
tree,15,3,2.5,0.5,204,exact,0.0,0.0,,,1,,,,,,ve,0.0043
tree,15,3,2.5,0.5,204,mf,0.4153289685790393,0.6277209069139961,0.4239296463123056,0.3916771048125568,1,31,,,,,ve,0.0098
tree,15,3,2.5,0.5,204,lbp,1.4834535210297983e-07,3.496361592192354e-07,1.678360598672672e-07,9.474590575118957e-08,1,36,2.766310464585864e-07,,,,ve,0.01
tree,15,3,2.5,0.5,204,gibbs,0.026521607439142662,0.04644934403673805,0.0259270661419003,0.02815659600655918,1,2000,,1354.5,1.00252,2000,ve,5.4149
tree,15,3,4.0,0.5,204,exact,0.0,0.0,,,1,,,,,,ve,0.0042
tree,15,3,4.0,0.5,204,mf,0.6296835837106343,0.8628991879961876,0.639297816760709,0.6032444428229289,1,10,,,,,ve,0.0033
tree,15,3,4.0,0.5,204,lbp,6.808187438585994e-08,1.882526667260076e-07,8.159895872575941e-08,3.09098924511364e-08,1,40,1.996935591885851e-07,,,,ve,0.0116
tree,15,3,4.0,0.5,204,gibbs,0.05030632614919637,0.06691475842391062,0.050494931761667576,0.049787660714900525,0,2000,,41.0,1.06814,2000,ve,5.5227
tree,15,3,0.0,1.5,204,exact,0.0,0.0,,,1,,,,,,ve,0.0043
tree,15,3,0.0,1.5,204,mf,2.666848223735011e-16,4.649058915617843e-16,2.4191507383167476e-16,3.3480163086352377e-16,1,1,,,,,ve,0.0005
tree,15,3,0.0,1.5,204,lbp,2.634466718850111e-16,5.412337245047638e-16,2.365532012695646e-16,3.37403716077489e-16,1,3,0.0,,,,ve,0.0011
tree,15,3,0.0,1.5,204,gibbs,7.690838706627308e-15,1.4325346464616473e-14,6.478088267834117e-15,1.1025902413308586e-14,1,2000,,7922.9,0.99989,2000,ve,5.4735
tree,15,3,0.1,1.5,204,exact,0.0,0.0,,,1,,,,,,ve,0.0043
tree,15,3,0.1,1.5,204,mf,0.00038639584491762695,0.0008933692746711103,0.0004164489297049888,0.000303749861752382,1,4,,,,,ve,0.0017
tree,15,3,0.1,1.5,204,lbp,6.883124416372232e-08,1.8628628380146228e-07,5.6564654708421425e-08,1.0256436516579981e-07,1,17,1.4042528323487957e-07,,,,ve,0.0055
tree,15,3,0.1,1.5,204,gibbs,0.00010003799347085679,0.00029168636991542055,8.057596145138917e-05,0.0001535585815243927,1,2000,,8077.1,0.99996,2000,ve,5.4648
tree,15,3,0.25,1.5,204,exact,0.0,0.0,,,1,,,,,,ve,0.0044
tree,15,3,0.25,1.5,204,mf,0.0023511723818068664,0.005733211989893891,0.002523284759509043,0.0018778633431258797,1,5,,,,,ve,0.0018
tree,15,3,0.25,1.5,204,lbp,8.094172626801898e-08,2.3705386750783042e-07,7.295379829660745e-08,1.0290852818940072e-07,1,19,1.8171088111973432e-07,,,,ve,0.006
tree,15,3,0.25,1.5,204,gibbs,0.0002785640330849281,0.0006831245413622122,0.00026415843380503667,0.00031817943110462946,1,2000,,8129.0,0.99997,2000,ve,5.2874
tree,15,3,0.5,1.5,204,exact,0.0,0.0,,,1,,,,,,ve,0.0043
tree,15,3,0.5,1.5,204,mf,0.008807316009054312,0.02303260093941764,0.009513948805644046,0.006864075818432546,1,8,,,,,ve,0.0028
tree,15,3,0.5,1.5,204,lbp,1.0263762409342773e-07,2.0779829418282603e-07,7.723981090219681e-08,1.7248161036931275e-07,1,22,1.9596149941625285e-07,,,,ve,0.0073
tree,15,3,0.5,1.5,204,gibbs,0.0007336781423324065,0.0024225130673746764,0.0006037898985230189,0.0010908708128082225,1,2000,,7853.9,1.00017,2000,ve,5.5267
tree,15,3,0.75,1.5,204,exact,0.0,0.0,,,1,,,,,,ve,0.0043
tree,15,3,0.75,1.5,204,mf,0.02011983287766484,0.04588918108293741,0.022067947297039293,0.0147625182243851,1,12,,,,,ve,0.0037
tree,15,3,0.75,1.5,204,lbp,1.1067466931085254e-07,2.1740904546097006e-07,8.754033530831858e-08,1.742940878178209e-07,1,25,2.6688547893893855e-07,,,,ve,0.0077
tree,15,3,0.75,1.5,204,gibbs,0.0011408780086234153,0.003644873374962887,0.0009821427675085496,0.0015773999216892962,1,2000,,7091.4,1.00077,2000,ve,5.468
tree,15,3,1.0,1.5,204,exact,0.0,0.0,,,1,,,,,,ve,0.005
tree,15,3,1.0,1.5,204,mf,0.048616735400752495,0.09224864482696335,0.051919238135808655,0.039534852879348034,1,20,,,,,ve,0.0064
tree,15,3,1.0,1.5,204,lbp,1.0073492417983036e-07,1.9258545531919413e-07,8.805711208294265e-08,1.3559890744627157e-07,1,28,2.737276224573648e-07,,,,ve,0.0083
tree,15,3,1.0,1.5,204,gibbs,0.0010620406348734097,0.0025629100540856785,0.0008051367393468091,0.0017685263475715612,1,2000,,5907.9,1.00069,2000,ve,5.5547
tree,15,3,1.3,1.5,204,exact,0.0,0.0,,,1,,,,,,ve,0.0043
tree,15,3,1.3,1.5,204,mf,0.10379313290751266,0.24385107029171488,0.10488878651613072,0.10078008548381298,1,40,,,,,ve,0.0123
tree,15,3,1.3,1.5,204,lbp,9.156442521736594e-08,2.0988104633412608e-07,8.855049044013016e-08,9.985274585476434e-08,1,31,2.660357695249971e-07,,,,ve,0.0088
tree,15,3,1.3,1.5,204,gibbs,0.002440969440966753,0.005296739993878065,0.0021294895087648237,0.00329753925452206,1,2000,,4543.0,1.00005,2000,ve,5.4081
tree,15,3,1.75,1.5,204,exact,0.0,0.0,,,1,,,,,,ve,0.0043
tree,15,3,1.75,1.5,204,mf,0.3301725360588436,0.634228245980318,0.3155698694292841,0.37032986929013206,1,46,,,,,ve,0.015
tree,15,3,1.75,1.5,204,lbp,8.08762927218797e-08,2.606543254082827e-07,8.486351600067658e-08,6.99114287051883e-08,1,34,2.8747212688085e-07,,,,ve,0.0112
tree,15,3,1.75,1.5,204,gibbs,0.005324337713882047,0.014457549761859007,0.005802731729542109,0.004008754170816878,1,2000,,3277.8,1.00046,2000,ve,5.6371
tree,15,3,2.5,1.5,204,exact,0.0,0.0,,,1,,,,,,ve,0.0044
tree,15,3,2.5,1.5,204,mf,0.4107889158283573,0.7726612425051795,0.41458797890845633,0.40034149235808514,1,22,,,,,ve,0.0079
tree,15,3,2.5,1.5,204,lbp,6.384398756030992e-08,2.687732552075772e-07,7.296763603564288e-08,3.875395425314426e-08,1,37,2.5533653841280923e-07,,,,ve,0.0124
tree,15,3,2.5,1.5,204,gibbs,0.01397301030110556,0.020303884589345275,0.012944923637182415,0.0168002486268942,1,2000,,1311.7,1.00226,2000,ve,5.3973
tree,15,3,4.0,1.5,204,exact,0.0,0.0,,,1,,,,,,ve,0.0043
tree,15,3,4.0,1.5,204,mf,0.6721387037297568,0.9108102358521595,0.6654277269184999,0.6905938899607125,1,6,,,,,ve,0.0021
tree,15,3,4.0,1.5,204,lbp,1.10039076424284e-07,3.515770619442332e-07,1.2661943744470972e-07,6.444308361811327e-08,1,39,3.326063399144985e-07,,,,ve,0.0122
tree,15,3,4.0,1.5,204,gibbs,0.04647008687742689,0.09531268062753215,0.0466053697513018,0.04609805897427088,0,2000,,148.8,1.02123,2000,ve,5.4496
tree,15,3,0.0,0.5,205,exact,0.0,0.0,,,1,,,,,,ve,0.0043
tree,15,3,0.0,0.5,205,mf,3.492576598299972e-16,8.604228440844963e-16,3.1351184274926294e-16,4.475586568020162e-16,1,1,,,,,ve,0.0005
tree,15,3,0.0,0.5,205,lbp,3.39543208364527e-16,8.187894806610529e-16,3.0026486347816734e-16,4.475586568020162e-16,1,3,0.0,,,,ve,0.0011
tree,15,3,0.0,0.5,205,gibbs,7.627232179174826e-15,1.4259426972529354e-14,8.522223331071515e-15,5.1660065114589315e-15,1,2000,,7700.4,1.00025,2000,ve,5.5733
tree,15,3,0.1,0.5,205,exact,0.0,0.0,,,1,,,,,,ve,0.0043
tree,15,3,0.1,0.5,205,mf,0.00039647126673042536,0.0010612414717578109,0.0003537430982917464,0.0005139737299367925,1,4,,,,,ve,0.0014
tree,15,3,0.1,0.5,205,lbp,8.46733440048227e-08,1.743626952266375e-07,9.021946668655553e-08,6.942150663005742e-08,1,17,1.440083136627912e-07,,,,ve,0.005
tree,15,3,0.1,0.5,205,gibbs,0.0002986665093539969,0.0006272928737087666,0.00029290998997817485,0.0003144969376375076,1,2000,,7571.3,1.00025,2000,ve,5.4909
tree,15,3,0.25,0.5,205,exact,0.0,0.0,,,1,,,,,,ve,0.0043
tree,15,3,0.25,0.5,205,mf,0.002500189356358645,0.00680571592959426,0.002211822526441816,0.0032931981386299268,1,5,,,,,ve,0.002
tree,15,3,0.25,0.5,205,lbp,1.1710172804028455e-07,2.4664161245302463e-07,1.0312702307517392e-07,1.5553216669433878e-07,1,19,2.2184552256332424e-07,,,,ve,0.0057
tree,15,3,0.25,0.5,205,gibbs,0.0007129269464559191,0.0015019962746199086,0.0006492023125339169,0.0008881696897414249,1,2000,,7287.1,1.00047,2000,ve,5.554
tree,15,3,0.5,0.5,205,exact,0.0,0.0,,,1,,,,,,ve,0.0042
tree,15,3,0.5,0.5,205,mf,0.010923488100623142,0.028628559077252133,0.010007988796825932,0.013441111186065474,1,7,,,,,ve,0.0027
tree,15,3,0.5,0.5,205,lbp,1.461621694329174e-07,4.4263543988454224e-07,1.3932447104410903e-07,1.6496584000214032e-07,1,22,3.0149269553136904e-07,,,,ve,0.0062
tree,15,3,0.5,0.5,205,gibbs,0.0013961007728290034,0.003363039586834503,0.0011813835243085471,0.001986573206260258,1,2000,,7039.5,1.00023,2000,ve,5.4548
tree,15,3,0.75,0.5,205,exact,0.0,0.0,,,1,,,,,,ve,0.006
tree,15,3,0.75,0.5,205,mf,0.0277875964627594,0.06757237752768785,0.02726328208227883,0.029229461009080963,1,12,,,,,ve,0.0044
tree,15,3,0.75,0.5,205,lbp,1.2261775424575923e-07,4.0584163341073065e-07,1.2751866539411172e-07,1.0914024858778987e-07,1,25,2.9116979505250384e-07,,,,ve,0.0078
tree,15,3,0.75,0.5,205,gibbs,0.0016281625033093504,0.004976837529267107,0.0016540205207996159,0.00155705295521112,1,2000,,6376.6,1.00014,2000,ve,5.5237
tree,15,3,1.0,0.5,205,exact,0.0,0.0,,,1,,,,,,ve,0.0043
tree,15,3,1.0,0.5,205,mf,0.06031756759429075,0.12289837607257922,0.05897072979087776,0.0640213715536765,1,20,,,,,ve,0.0067
tree,15,3,1.0,0.5,205,lbp,1.457825481924561e-07,4.3095203605680865e-07,1.5643632567750235e-07,1.1648466010857894e-07,1,27,3.353712886289273e-07,,,,ve,0.0084
tree,15,3,1.0,0.5,205,gibbs,0.0030422826585061683,0.005960230791793322,0.0032859066725839797,0.0023723166197921882,1,2000,,5355.3,1.00039,2000,ve,5.5621
tree,15,3,1.3,0.5,205,exact,0.0,0.0,,,1,,,,,,ve,0.0043
tree,15,3,1.3,0.5,205,mf,0.10671466432598363,0.242689949912845,0.09938438596428067,0.12687292982066684,1,32,,,,,ve,0.0113
tree,15,3,1.3,0.5,205,lbp,9.721139721992807e-08,2.6171645706174473e-07,1.0633822767475154e-07,7.211261346916353e-08,1,30,2.037888596206905e-07,,,,ve,0.0089
tree,15,3,1.3,0.5,205,gibbs,0.005123948091194407,0.011399576728295165,0.004407168773317747,0.007095091215355222,1,2000,,3818.8,1.00057,2000,ve,5.5975
tree,15,3,1.75,0.5,205,exact,0.0,0.0,,,1,,,,,,ve,0.0043
tree,15,3,1.75,0.5,205,mf,0.18307354526600766,0.40598073327494255,0.16352703575468955,0.2368264464221324,1,24,,,,,ve,0.0097
tree,15,3,1.75,0.5,205,lbp,1.1635014550287481e-07,2.8984194132275487e-07,1.2969335304092874e-07,7.965632477322654e-08,1,32,2.235085435620121e-07,,,,ve,0.0104
tree,15,3,1.75,0.5,205,gibbs,0.009006890375994147,0.02251615185432515,0.007373266470031738,0.013499356117390776,1,2000,,2654.9,1.00049,2000,ve,5.2377
tree,15,3,2.5,0.5,205,exact,0.0,0.0,,,1,,,,,,ve,0.0043
tree,15,3,2.5,0.5,205,mf,0.21411095472464953,0.6238161793727641,0.2257999805556613,0.1819661336893672,1,14,,,,,ve,0.0046
tree,15,3,2.5,0.5,205,lbp,1.2085478342041545e-07,2.7416294033633104e-07,1.384738016370346e-07,7.240248332471277e-08,1,34,3.149275455971434e-07,,,,ve,0.0105
tree,15,3,2.5,0.5,205,gibbs,0.014319630017876258,0.038402836025876824,0.009643427873891398,0.02717918591383462,1,2000,,1658.4,1.00012,2000,ve,5.4876
tree,15,3,4.0,0.5,205,exact,0.0,0.0,,,1,,,,,,ve,0.0044
tree,15,3,4.0,0.5,205,mf,0.35730926006609837,0.8919901645873369,0.39684690186225796,0.24858074512665954,1,8,,,,,ve,0.0028
tree,15,3,4.0,0.5,205,lbp,5.526412531856965e-08,1.1909324578590619e-07,6.3827684204906e-08,3.171433838114468e-08,1,37,2.7357219445356407e-07,,,,ve,0.0115
tree,15,3,4.0,0.5,205,gibbs,0.02996743543250817,0.039457881150226394,0.02821415337347062,0.03478896109486141,0,2000,,652.9,1.01472,2000,ve,5.5088
tree,15,3,0.0,1.5,205,exact,0.0,0.0,,,1,,,,,,ve,0.0047
tree,15,3,0.0,1.5,205,mf,2.356910962693822e-16,5.412337245047638e-16,2.3434537139104867e-16,2.393918396847994e-16,1,1,,,,,ve,0.0006
tree,15,3,0.0,1.5,205,lbp,2.393918396847994e-16,5.551115123125783e-16,2.267756689504226e-16,2.740863092043355e-16,1,3,0.0,,,,ve,0.0007
tree,15,3,0.0,1.5,205,gibbs,7.57056454562625e-15,1.2309597785531423e-14,8.384391665798447e-15,5.332539965152705e-15,1,2000,,8092.0,1.00053,2000,ve,5.504
tree,15,3,0.1,1.5,205,exact,0.0,0.0,,,1,,,,,,ve,0.0043
tree,15,3,0.1,1.5,205,mf,0.0003696024297113532,0.0008230827233947635,0.0003147779118139728,0.0005203698539291493,1,4,,,,,ve,0.0014
tree,15,3,0.1,1.5,205,lbp,1.0761817832600588e-07,2.3930111232861595e-07,1.0016328893007843e-07,1.2811912416480636e-07,1,17,1.5858994489859057e-07,,,,ve,0.0049
tree,15,3,0.1,1.5,205,gibbs,0.0003191673362598427,0.0008595663323959848,0.00031745282301727675,0.0003238822476768991,1,2000,,8081.8,1.00033,2000,ve,5.497
tree,15,3,0.25,1.5,205,exact,0.0,0.0,,,1,,,,,,ve,0.0047
tree,15,3,0.25,1.5,205,mf,0.0023796654952814873,0.005698597860817542,0.002076564020411025,0.00321319455117526,1,5,,,,,ve,0.0016
tree,15,3,0.25,1.5,205,lbp,9.476210243603936e-08,1.7428350541914828e-07,8.507244666392975e-08,1.214086558093408e-07,1,20,1.735574292616171e-07,,,,ve,0.0047
tree,15,3,0.25,1.5,205,gibbs,0.0007284518376970023,0.0018843903072676277,0.000710921522965752,0.0007766602032079411,1,2000,,7886.3,1.00058,2000,ve,7.4926
tree,15,3,0.5,1.5,205,exact,0.0,0.0,,,1,,,,,,ve,0.0045
tree,15,3,0.5,1.5,205,mf,0.010250210229840965,0.027694812290290333,0.009553782682460281,0.012165385985137847,1,7,,,,,ve,0.0043
tree,15,3,0.5,1.5,205,lbp,1.271146120227634e-07,2.311941514204774e-07,1.2492437269252052e-07,1.3313777018093137e-07,1,23,2.0974801467898985e-07,,,,ve,0.0106
tree,15,3,0.5,1.5,205,gibbs,0.0013890307032458674,0.003850511930874767,0.001208629143183553,0.0018851349934172323,1,2000,,6866.7,1.0006,2000,ve,10.9441
tree,15,3,0.75,1.5,205,exact,0.0,0.0,,,1,,,,,,ve,0.0045
tree,15,3,0.75,1.5,205,mf,0.026378360038642187,0.07355171181973297,0.024239223915245002,0.03226098437798443,1,11,,,,,ve,0.0079
tree,15,3,0.75,1.5,205,lbp,1.0846337312163852e-07,2.1059531822575916e-07,1.1075221246795416e-07,1.0216906491927052e-07,1,26,2.0086149676856735e-07,,,,ve,0.0129
tree,15,3,0.75,1.5,205,gibbs,0.0017339119924661152,0.004831677952846412,0.0015769739321409466,0.0021654916583603292,1,2000,,6181.8,1.00053,2000,ve,12.2804
tree,15,3,1.0,1.5,205,exact,0.0,0.0,,,1,,,,,,ve,0.0046
tree,15,3,1.0,1.5,205,mf,0.0486481887893955,0.12923530964726387,0.043999128472570634,0.06143310466066391,1,16,,,,,ve,0.0128
tree,15,3,1.0,1.5,205,lbp,1.2118782967834861e-07,2.574210292011214e-07,1.2604700915342837e-07,1.0782508612187935e-07,1,28,2.375405577237366e-07,,,,ve,0.0211
tree,15,3,1.0,1.5,205,gibbs,0.0022553300329026414,0.009280428980312741,0.0015787396011442923,0.004115953720238103,1,2000,,5166.7,1.00041,2000,ve,11.369
tree,15,3,1.3,1.5,205,exact,0.0,0.0,,,1,,,,,,ve,0.0048
tree,15,3,1.3,1.5,205,mf,0.0799403965660028,0.18707537273956004,0.0652087427808176,0.12045244447526204,1,21,,,,,ve,0.0086
tree,15,3,1.3,1.5,205,lbp,1.2154241527580675e-07,2.8334253221462546e-07,1.2916052709862802e-07,1.0059260776304826e-07,1,30,2.4642959695064803e-07,,,,ve,0.0123
tree,15,3,1.3,1.5,205,gibbs,0.004590620697231552,0.01509535245426244,0.003818636458368432,0.006713577354105134,1,2000,,4009.7,1.00082,2000,ve,11.5755
tree,15,3,1.75,1.5,205,exact,0.0,0.0,,,1,,,,,,ve,0.0049
tree,15,3,1.75,1.5,205,mf,0.14543533360713062,0.35898011923407125,0.13955863540675806,0.1615962536581551,1,25,,,,,ve,0.0134
tree,15,3,1.75,1.5,205,lbp,1.1251248841411912e-07,2.862286008764592e-07,1.2261097530235934e-07,8.474164947145854e-08,1,32,2.3847982399960443e-07,,,,ve,0.0151
tree,15,3,1.75,1.5,205,gibbs,0.007710074186019378,0.02106410505656059,0.006877459292079302,0.009999765144354585,1,2000,,2739.4,1.00068,2000,ve,11.0387
tree,15,3,2.5,1.5,205,exact,0.0,0.0,,,1,,,,,,ve,0.0043
tree,15,3,2.5,1.5,205,mf,0.11900124557877746,0.3106731139715152,0.1264279245221408,0.09857787848452833,1,9,,,,,ve,0.0063
tree,15,3,2.5,1.5,205,lbp,7.057363661215852e-08,1.8975324210523947e-07,7.854429883779777e-08,4.865431549165057e-08,1,34,2.3484488920200164e-07,,,,ve,0.0179
tree,15,3,2.5,1.5,205,gibbs,0.010505814715544178,0.020449813739854134,0.009855497591125119,0.012294186807696582,1,2000,,1317.0,1.00122,2000,ve,11.2109
tree,15,3,4.0,1.5,205,exact,0.0,0.0,,,1,,,,,,ve,0.0045
tree,15,3,4.0,1.5,205,mf,0.03299380810515223,0.07597015315001461,0.03585688082542945,0.025120358124389865,1,6,,,,,ve,0.0023
tree,15,3,4.0,1.5,205,lbp,2.3382642448853985e-08,6.320955821953467e-08,2.5883517559790264e-08,1.650523589377922e-08,1,36,1.984860115156195e-07,,,,ve,0.0181
tree,15,3,4.0,1.5,205,gibbs,0.01012859170976548,0.019344453143320617,0.010579037709908772,0.008889865209371427,0,2000,,444.3,1.01321,2000,ve,11.6121
tree,15,3,0.0,0.5,206,exact,0.0,0.0,,,1,,,,,,ve,0.0051
tree,15,3,0.0,0.5,206,mf,3.7631934605523536e-16,6.522560269672795e-16,3.986709952063062e-16,3.148523108897905e-16,1,1,,,,,ve,0.0013
tree,15,3,0.0,0.5,206,lbp,3.6984304507825525e-16,6.938893903907228e-16,3.9488614398599316e-16,3.0097452308197603e-16,1,3,0.0,,,,ve,0.0016
tree,15,3,0.0,0.5,206,gibbs,6.833654013031302e-15,1.426636586643326e-14,6.196116851920796e-15,8.586881206085195e-15,1,2000,,7866.7,0.99994,2000,ve,10.83
tree,15,3,0.1,0.5,206,exact,0.0,0.0,,,1,,,,,,ve,0.0045
tree,15,3,0.1,0.5,206,mf,0.0003579194710377258,0.0007555296485512036,0.0003071825102702502,0.0004974461131482836,1,4,,,,,ve,0.0028
tree,15,3,0.1,0.5,206,lbp,1.0910114095277757e-07,2.0890891253705357e-07,1.0992119912048798e-07,1.0684598099157394e-07,1,17,1.8066063262045517e-07,,,,ve,0.0312
tree,15,3,0.1,0.5,206,gibbs,0.0001720597799659291,0.00035984663118892105,0.0001621799281184298,0.0001992293725465522,1,2000,,7866.5,0.99984,2000,ve,10.9589
tree,15,3,0.25,0.5,206,exact,0.0,0.0,,,1,,,,,,ve,0.0044
tree,15,3,0.25,0.5,206,mf,0.0025181381499626444,0.005239045575560115,0.002137643712399533,0.003564497853261202,1,5,,,,,ve,0.0033
tree,15,3,0.25,0.5,206,lbp,1.2188947085325456e-07,1.8962701255065273e-07,1.2445583534029625e-07,1.1483196851388988e-07,1,19,2.5601874031888627e-07,,,,ve,0.0113
tree,15,3,0.25,0.5,206,gibbs,0.0005142389502963696,0.0009236562189417798,0.0005064470502279674,0.0005356666754844754,1,2000,,7625.8,0.99985,2000,ve,11.607
tree,15,3,0.5,0.5,206,exact,0.0,0.0,,,1,,,,,,ve,0.0045
tree,15,3,0.5,0.5,206,mf,0.012490821575328607,0.02877683402584704,0.010820713482506256,0.017083618830590078,1,7,,,,,ve,0.0048
tree,15,3,0.5,0.5,206,lbp,6.80903585480753e-08,1.6559678198135863e-07,7.96702450464624e-08,3.624567067751078e-08,1,22,2.1977904141046167e-07,,,,ve,0.0118
tree,15,3,0.5,0.5,206,gibbs,0.0011213627817168801,0.002262362122989789,0.0010410467270317093,0.0013422319321011005,1,2000,,6802.6,1.00045,2000,ve,11.5035
tree,15,3,0.75,0.5,206,exact,0.0,0.0,,,1,,,,,,ve,0.0048
tree,15,3,0.75,0.5,206,mf,0.033429347079510056,0.07096849133583075,0.030386788194705396,0.04179638401272287,1,10,,,,,ve,0.0062
tree,15,3,0.75,0.5,206,lbp,8.119864385464544e-08,2.2309025674016603e-07,6.484243162026282e-08,1.2617822749919766e-07,1,24,2.7334621544028437e-07,,,,ve,0.0151
tree,15,3,0.75,0.5,206,gibbs,0.002055446879787149,0.004063370938579003,0.001970715032340432,0.0022884594602656204,1,2000,,5599.5,0.99996,2000,ve,10.3254
tree,15,3,1.0,0.5,206,exact,0.0,0.0,,,1,,,,,,ve,0.0068
tree,15,3,1.0,0.5,206,mf,0.06542240032592833,0.1479778520432224,0.06307528550489322,0.07187696608377493,1,12,,,,,ve,0.0273
tree,15,3,1.0,0.5,206,lbp,1.0182673025124997e-07,3.4993755391315995e-07,7.118933710368579e-08,1.860795614070515e-07,1,26,2.7746437264442037e-07,,,,ve,0.0208
tree,15,3,1.0,0.5,206,gibbs,0.0021510766306375457,0.003832269217909301,0.002126613575843494,0.0022183500313211887,1,2000,,4622.7,1.00026,2000,ve,11.264
tree,15,3,1.3,0.5,206,exact,0.0,0.0,,,1,,,,,,ve,0.0049
tree,15,3,1.3,0.5,206,mf,0.10014701786214814,0.22700611242277047,0.09954467203732976,0.10180346888039862,1,11,,,,,ve,0.0084
tree,15,3,1.3,0.5,206,lbp,6.813883085115639e-08,2.3572649477526797e-07,4.898293815839106e-08,1.2081753575626103e-07,1,29,2.1569516650554732e-07,,,,ve,0.0579
tree,15,3,1.3,0.5,206,gibbs,0.0031610165550350613,0.006122074851627399,0.003307160625831622,0.00275912036034452,1,2000,,4136.8,0.99989,2000,ve,12.2525
tree,15,3,1.75,0.5,206,exact,0.0,0.0,,,1,,,,,,ve,0.0049
tree,15,3,1.75,0.5,206,mf,0.12268830862668291,0.23779663474777507,0.12231099291919695,0.12372592682226932,1,8,,,,,ve,0.0056
tree,15,3,1.75,0.5,206,lbp,9.076699352365593e-08,2.7981733240894924e-07,7.227812458084512e-08,1.4161138311638566e-07,1,31,2.955647602220779e-07,,,,ve,0.0237
tree,15,3,1.75,0.5,206,gibbs,0.008265447690747902,0.01507343301333372,0.007387479761456748,0.010679859496298575,1,2000,,2978.2,1.00052,2000,ve,11.535
tree,15,3,2.5,0.5,206,exact,0.0,0.0,,,1,,,,,,ve,0.0043
tree,15,3,2.5,0.5,206,mf,0.12793298801114586,0.1923649549951516,0.12568922995900425,0.13410332265453528,1,6,,,,,ve,0.0032
tree,15,3,2.5,0.5,206,lbp,8.767186525478315e-08,2.250105556184101e-07,7.789240590394826e-08,1.1456537846957909e-07,1,34,2.846551220292426e-07,,,,ve,0.0165
tree,15,3,2.5,0.5,206,gibbs,0.012714283221023472,0.0196654831385304,0.012598162973640149,0.01303361390132761,1,2000,,1099.4,1.00185,2000,ve,11.3363
tree,15,3,4.0,0.5,206,exact,0.0,0.0,,,1,,,,,,ve,0.0044
tree,15,3,4.0,0.5,206,mf,0.16958168770000795,0.22497994052944087,0.1549154526319152,0.20991383413726306,1,5,,,,,ve,0.0017
tree,15,3,4.0,0.5,206,lbp,5.3320503438173315e-08,1.172717867536921e-07,5.0135952515441284e-08,6.207801847568639e-08,1,39,2.03437813706131e-07,,,,ve,0.0599
tree,15,3,4.0,0.5,206,gibbs,0.04353187628490311,0.057297655075682186,0.04016159291169113,0.05280015556123607,0,2000,,81.9,1.03871,2000,ve,10.937
tree,15,3,0.0,1.5,206,exact,0.0,0.0,,,1,,,,,,ve,0.0053
tree,15,3,0.0,1.5,206,mf,3.8522425989858296e-16,1.096345236817342e-15,4.3163074124986554e-16,2.5760643618255585e-16,1,1,,,,,ve,0.0043
tree,15,3,0.0,1.5,206,lbp,3.785166624581393e-16,9.08995101411847e-16,4.2500725161431774e-16,2.5066754227864863e-16,1,3,0.0,,,,ve,0.0058
tree,15,3,0.0,1.5,206,gibbs,8.085257000948568e-15,1.855460229904793e-14,7.859322410047104e-15,8.706577125927595e-15,1,2000,,8137.6,1.00023,2000,ve,13.2005
tree,15,3,0.1,1.5,206,exact,0.0,0.0,,,1,,,,,,ve,0.0045
tree,15,3,0.1,1.5,206,mf,0.0003512243203793736,0.0008597847829404093,0.00031803585577588086,0.00044249259803897864,1,4,,,,,ve,0.0074
tree,15,3,0.1,1.5,206,lbp,8.942344208769336e-08,1.9055321930083746e-07,7.961789610925082e-08,1.163886935284103e-07,1,17,1.8008088170651249e-07,,,,ve,0.0307
tree,15,3,0.1,1.5,206,gibbs,0.00018365168208021483,0.0007015042488739097,0.0001385489514100554,0.0003076841914231533,1,2000,,8034.7,1.00024,2000,ve,11.7382
tree,15,3,0.25,1.5,206,exact,0.0,0.0,,,1,,,,,,ve,0.0044
tree,15,3,0.25,1.5,206,mf,0.0023372729024987724,0.005613856814488168,0.0020332184406131886,0.0031734226726841284,1,5,,,,,ve,0.0034
tree,15,3,0.25,1.5,206,lbp,1.0088264525386082e-07,2.589173611483586e-07,1.0740168203010476e-07,8.295529411918995e-08,1,19,2.3426094630796257e-07,,,,ve,0.0112
tree,15,3,0.25,1.5,206,gibbs,0.0006114182370830334,0.001860171042843469,0.000455988973004568,0.0010388487132988134,1,2000,,7787.2,1.00022,2000,ve,10.119
tree,15,3,0.5,1.5,206,exact,0.0,0.0,,,1,,,,,,ve,0.0044
tree,15,3,0.5,1.5,206,mf,0.010108969226166931,0.02611817746790589,0.008378893330298488,0.014866677939805145,1,7,,,,,ve,0.0039
tree,15,3,0.5,1.5,206,lbp,8.428746881486196e-08,1.8394056643805667e-07,1.0658977406287413e-07,2.2956129382828427e-08,1,22,2.137572631122353e-07,,,,ve,0.0094
tree,15,3,0.5,1.5,206,gibbs,0.0009685101792082986,0.002489977347909955,0.0010126181959629317,0.0008472131331330578,1,2000,,6982.3,0.99987,2000,ve,11.4771
tree,15,3,0.75,1.5,206,exact,0.0,0.0,,,1,,,,,,ve,0.0059
tree,15,3,0.75,1.5,206,mf,0.02376632354197667,0.06452481119099038,0.01922709824172165,0.03624919311767798,1,10,,,,,ve,0.0191
tree,15,3,0.75,1.5,206,lbp,1.0649784300820197e-07,3.0528800969154e-07,1.2899734684838146e-07,4.462420744770837e-08,1,24,2.6538061626002474e-07,,,,ve,0.0319
tree,15,3,0.75,1.5,206,gibbs,0.0013721940075141661,0.0031029841953463116,0.0014441172052597011,0.001174405213713944,1,2000,,6444.5,0.99984,2000,ve,12.1673
tree,15,3,1.0,1.5,206,exact,0.0,0.0,,,1,,,,,,ve,0.0045
tree,15,3,1.0,1.5,206,mf,0.040995799090623335,0.10635878791239109,0.03314405174864322,0.06258810428106865,1,17,,,,,ve,0.0112
tree,15,3,1.0,1.5,206,lbp,4.829894956325659e-08,2.2694131623576808e-07,5.400460861656073e-08,3.2608387166670194e-08,1,27,2.221856685857837e-07,,,,ve,0.0158
tree,15,3,1.0,1.5,206,gibbs,0.003324395419977706,0.007733444480951326,0.003184289960960404,0.003709685432275288,1,2000,,5628.7,1.00012,2000,ve,10.5379
tree,15,3,1.3,1.5,206,exact,0.0,0.0,,,1,,,,,,ve,0.0044
tree,15,3,1.3,1.5,206,mf,0.10006247190424679,0.19958403212661835,0.10342434845507383,0.09081731138947248,1,93,,,,,ve,0.0543
tree,15,3,1.3,1.5,206,lbp,5.0857907210773155e-08,1.9776731773404888e-07,4.83240501600155e-08,5.7826014100356704e-08,1,29,2.2032484076062175e-07,,,,ve,0.0142
tree,15,3,1.3,1.5,206,gibbs,0.004783724883344078,0.012831314589127396,0.0057094833106505405,0.0022378892082513023,1,2000,,4889.1,1.00025,2000,ve,10.6611
tree,15,3,1.75,1.5,206,exact,0.0,0.0,,,1,,,,,,ve,0.0044
tree,15,3,1.75,1.5,206,mf,0.21107765252491892,0.5199790207434007,0.24748259447256513,0.1109640621688919,1,15,,,,,ve,0.0044
tree,15,3,1.75,1.5,206,lbp,1.0268133003137059e-07,2.8494578457188835e-07,9.41188126870815e-08,1.2622825272816558e-07,1,31,2.834587817801548e-07,,,,ve,0.011
tree,15,3,1.75,1.5,206,gibbs,0.0067812078678846964,0.013202713912720994,0.0070468311207788825,0.006050743922425683,1,2000,,3729.2,1.00032,2000,ve,12.6217
tree,15,3,2.5,1.5,206,exact,0.0,0.0,,,1,,,,,,ve,0.0071
tree,15,3,2.5,1.5,206,mf,0.2698710016137966,0.5873748627380753,0.3182194334898231,0.13691281395472366,1,9,,,,,ve,0.0058
tree,15,3,2.5,1.5,206,lbp,9.399211345860007e-08,2.710936942984521e-07,8.81802436244428e-08,1.0997475550253259e-07,1,35,2.9671100221229096e-07,,,,ve,0.0319
tree,15,3,2.5,1.5,206,gibbs,0.008340989236810755,0.01918469709515373,0.00974597370413346,0.004477281951673319,1,2000,,2065.3,1.00111,2000,ve,11.2664
tree,15,3,4.0,1.5,206,exact,0.0,0.0,,,1,,,,,,ve,0.0043
tree,15,3,4.0,1.5,206,mf,0.43977567365371795,0.6817950098577519,0.48594438612160124,0.3128117143670391,1,6,,,,,ve,0.0033
tree,15,3,4.0,1.5,206,lbp,1.2080017907766666e-07,3.367165094317337e-07,1.0583125135137662e-07,1.6196473032496425e-07,1,39,2.8401924906384934e-07,,,,ve,0.0209
tree,15,3,4.0,1.5,206,gibbs,0.06410359054051264,0.12904050353127117,0.077942977616483,0.026045276081594126,0,2000,,392.5,1.01625,2000,ve,11.5033
tree,15,3,0.0,0.5,207,exact,0.0,0.0,,,1,,,,,,ve,0.0063
tree,15,3,0.0,0.5,207,mf,3.1103591924264153e-16,9.645062526431047e-16,3.049170764364688e-16,3.2786273695961654e-16,1,1,,,,,ve,0.0023
tree,15,3,0.0,0.5,207,lbp,3.435330723592737e-16,1.1032841307212493e-15,3.3219954564955856e-16,3.7470027081099033e-16,1,3,0.0,,,,ve,0.0063
tree,15,3,0.0,0.5,207,gibbs,9.197214749049701e-15,1.5987211554602254e-14,8.737880999562268e-15,1.0460382560140147e-14,1,2000,,7980.0,0.9998,2000,ve,10.7219
tree,15,3,0.1,0.5,207,exact,0.0,0.0,,,1,,,,,,ve,0.0044
tree,15,3,0.1,0.5,207,mf,0.00040652033548612803,0.001084506929004747,0.00042183897847389203,0.0003643940672697771,1,4,,,,,ve,0.0034
tree,15,3,0.1,0.5,207,lbp,7.681544280316542e-08,1.6260672876244886e-07,8.567939540464413e-08,5.243957314909897e-08,1,17,1.5936935932048257e-07,,,,ve,0.0096
tree,15,3,0.1,0.5,207,gibbs,0.00014003873743458618,0.0004822506469691068,0.0001238368715239371,0.0001845938686888711,1,2000,,7910.9,0.9998,2000,ve,10.7747
tree,15,3,0.25,0.5,207,exact,0.0,0.0,,,1,,,,,,ve,0.005
tree,15,3,0.25,0.5,207,mf,0.00261832528831004,0.006961676682569445,0.0026784229051413887,0.0024530568420238295,1,5,,,,,ve,0.0035
tree,15,3,0.25,0.5,207,lbp,7.412241266029767e-08,1.3687808513452443e-07,8.171534087872727e-08,5.3241860059616286e-08,1,19,2.0187985561026522e-07,,,,ve,0.0202
tree,15,3,0.25,0.5,207,gibbs,0.00037267720203253905,0.0011699928079805244,0.0003146987670295396,0.0005321178982907876,1,2000,,7586.6,0.99972,2000,ve,9.3966
tree,15,3,0.5,0.5,207,exact,0.0,0.0,,,1,,,,,,ve,0.0044
tree,15,3,0.5,0.5,207,mf,0.011118966958734372,0.029481472386006194,0.011046318480732061,0.011318750273240728,1,7,,,,,ve,0.0024
tree,15,3,0.5,0.5,207,lbp,6.911806574646841e-08,1.6609017325711073e-07,6.585131287697178e-08,7.810163613758414e-08,1,22,1.5326812169424997e-07,,,,ve,0.0065
tree,15,3,0.5,0.5,207,gibbs,0.0006180721865108315,0.0019436026719507546,0.0005495615348685614,0.0008064764785270743,1,2000,,6987.7,0.99969,2000,ve,8.804
tree,15,3,0.75,0.5,207,exact,0.0,0.0,,,1,,,,,,ve,0.0044
tree,15,3,0.75,0.5,207,mf,0.0276939707212534,0.0698498790693729,0.02659787011172784,0.03070824739744869,1,10,,,,,ve,0.0067
tree,15,3,0.75,0.5,207,lbp,1.250997946003705e-07,2.1829054318300845e-07,1.2353430529294965e-07,1.2940489019577783e-07,1,24,1.9789768007649755e-07,,,,ve,0.0145
tree,15,3,0.75,0.5,207,gibbs,0.0010357091158499112,0.0028630482199619722,0.000993250090505128,0.001152471435548065,1,2000,,6182.8,0.99997,2000,ve,9.8256
tree,15,3,1.0,0.5,207,exact,0.0,0.0,,,1,,,,,,ve,0.0043
tree,15,3,1.0,0.5,207,mf,0.05718941308076353,0.12439868608623661,0.05309695986384779,0.06844365942728178,1,14,,,,,ve,0.0089
tree,15,3,1.0,0.5,207,lbp,1.66928845034738e-07,4.959548711158668e-07,1.6841683353853065e-07,1.6283687664930824e-07,1,26,3.198974828921841e-07,,,,ve,0.0124
tree,15,3,1.0,0.5,207,gibbs,0.0014688672440944632,0.0032933630067679687,0.0014822466743342976,0.0014320738109349198,1,2000,,5254.7,1.00004,2000,ve,10.3705
tree,15,3,1.3,0.5,207,exact,0.0,0.0,,,1,,,,,,ve,0.009
tree,15,3,1.3,0.5,207,mf,0.10974415371869334,0.22737394172850964,0.10096992287305269,0.13387328854420508,1,19,,,,,ve,0.0212
tree,15,3,1.3,0.5,207,lbp,1.2866413195029385e-07,4.846170164538033e-07,1.3166867006735405e-07,1.2040165212837822e-07,1,29,3.336495433825526e-07,,,,ve,0.0179
tree,15,3,1.3,0.5,207,gibbs,0.003525014823584961,0.009074610484361645,0.003550458855561078,0.003455043735650639,1,2000,,4549.3,1.00043,2000,ve,9.1517
tree,15,3,1.75,0.5,207,exact,0.0,0.0,,,1,,,,,,ve,0.0043
tree,15,3,1.75,0.5,207,mf,0.18086238192805226,0.3837733269000869,0.17359645064369572,0.2008436929600328,1,17,,,,,ve,0.0087
tree,15,3,1.75,0.5,207,lbp,7.198681023501408e-08,2.9307306973619385e-07,7.347113735393297e-08,6.79049106579871e-08,1,33,2.1701505253934883e-07,,,,ve,0.0152
tree,15,3,1.75,0.5,207,gibbs,0.011705854996811472,0.01604239895018926,0.012406154082498365,0.009780032511172506,1,2000,,3719.6,1.00012,2000,ve,8.5189
tree,15,3,2.5,0.5,207,exact,0.0,0.0,,,1,,,,,,ve,0.0046
tree,15,3,2.5,0.5,207,mf,0.25740192944091794,0.5809234336849902,0.2702234949936384,0.22214262417093672,1,17,,,,,ve,0.0096
tree,15,3,2.5,0.5,207,lbp,7.85939619457147e-08,3.023988958822388e-07,7.957956020322605e-08,7.588356673755847e-08,1,36,2.1365615654467263e-07,,,,ve,0.0144
tree,15,3,2.5,0.5,207,gibbs,0.030621373584380572,0.04491056182575035,0.03226789752652795,0.026093432743475288,1,2000,,1553.4,1.00134,2000,ve,6.6952
tree,15,3,4.0,0.5,207,exact,0.0,0.0,,,1,,,,,,ve,0.0044
tree,15,3,4.0,0.5,207,mf,0.4008930816534884,0.8795145064910426,0.45863310991881917,0.24210800392382875,1,18,,,,,ve,0.0067
tree,15,3,4.0,0.5,207,lbp,7.168312955065323e-08,2.509439778058953e-07,7.329230522301106e-08,6.725789645166923e-08,1,38,2.5821890503596734e-07,,,,ve,0.0129
tree,15,3,4.0,0.5,207,gibbs,0.0800395991393849,0.102853007727745,0.08406519825619727,0.06896920156815085,0,2000,,19.9,1.13179,2000,ve,6.426
tree,15,3,0.0,1.5,207,exact,0.0,0.0,,,1,,,,,,ve,0.0043
tree,15,3,0.0,1.5,207,mf,2.1545265571631945e-16,4.996003610813204e-16,2.3387226498850953e-16,1.6479873021779667e-16,1,1,,,,,ve,0.0005
tree,15,3,0.0,1.5,207,lbp,2.2198678080916542e-16,5.368969158148218e-16,2.3836677581263126e-16,1.7694179454963432e-16,1,3,0.0,,,,ve,0.0011
tree,15,3,0.0,1.5,207,gibbs,6.6829643670847835e-15,1.557087792036782e-14,5.381269924614235e-15,1.026262408387879e-14,1,2000,,7879.1,1.00009,2000,ve,6.2543
tree,15,3,0.1,1.5,207,exact,0.0,0.0,,,1,,,,,,ve,0.0049
tree,15,3,0.1,1.5,207,mf,0.0003483407289853488,0.000771097562582812,0.00035536980256599166,0.00032901077663858094,1,4,,,,,ve,0.0015
tree,15,3,0.1,1.5,207,lbp,1.0794528546818893e-07,2.5414054774519634e-07,1.15356720431787e-07,8.756383931829426e-08,1,17,1.7051949136037692e-07,,,,ve,0.0041
tree,15,3,0.1,1.5,207,gibbs,8.457993973519483e-05,0.0002774157328155058,8.845097567373208e-05,7.393459090421738e-05,1,2000,,7928.0,1.00017,2000,ve,6.0535
tree,15,3,0.25,1.5,207,exact,0.0,0.0,,,1,,,,,,ve,0.0043
tree,15,3,0.25,1.5,207,mf,0.0023587334523319367,0.00564433675464264,0.002386088633436611,0.0022835067042940808,1,5,,,,,ve,0.002
tree,15,3,0.25,1.5,207,lbp,1.254707399854273e-07,3.12862311616785e-07,1.1860063369984035e-07,1.4436353227079146e-07,1,19,2.668620492918272e-07,,,,ve,0.0058
tree,15,3,0.25,1.5,207,gibbs,0.00027164045114553035,0.0008227204026654139,0.00025698047588637373,0.000311955383108211,1,2000,,7632.0,1.00027,2000,ve,5.8184
tree,15,3,0.5,1.5,207,exact,0.0,0.0,,,1,,,,,,ve,0.0042
tree,15,3,0.5,1.5,207,mf,0.010598836907610994,0.02787613753848594,0.010425085425128456,0.011076653484437968,1,7,,,,,ve,0.0026
tree,15,3,0.5,1.5,207,lbp,9.182610613295977e-08,2.884427804800138e-07,6.723559447194209e-08,1.594500132007584e-07,1,22,3.0468422912433013e-07,,,,ve,0.0067
tree,15,3,0.5,1.5,207,gibbs,0.0006252315908564698,0.00245804313466802,0.0004798354639294627,0.0010250709399057395,1,2000,,7024.7,1.00013,2000,ve,5.7818
tree,15,3,0.75,1.5,207,exact,0.0,0.0,,,1,,,,,,ve,0.0044
tree,15,3,0.75,1.5,207,mf,0.025010668383833347,0.0645112802710183,0.02334907361792797,0.029580053990073137,1,10,,,,,ve,0.0057
tree,15,3,0.75,1.5,207,lbp,6.349868240778285e-08,2.173710710179355e-07,4.7873379609658144e-08,1.064682651026258e-07,1,25,1.85215204062672e-07,,,,ve,0.0092
tree,15,3,0.75,1.5,207,gibbs,0.0008600853548294378,0.002586825895211999,0.0007236277946989962,0.001235343645188152,1,2000,,6067.5,1.00036,2000,ve,5.7103
tree,15,3,1.0,1.5,207,exact,0.0,0.0,,,1,,,,,,ve,0.0042
tree,15,3,1.0,1.5,207,mf,0.044286742052547755,0.11223165215284292,0.03908671041197009,0.058586829064136314,1,11,,,,,ve,0.0039
tree,15,3,1.0,1.5,207,lbp,1.1226428296637336e-07,3.2119240907235724e-07,8.803260077944439e-08,1.7890140898042806e-07,1,26,2.3717068065032265e-07,,,,ve,0.0084
tree,15,3,1.0,1.5,207,gibbs,0.0011248392827544278,0.003947244385123873,0.0010642353274228104,0.0012915001599163763,1,2000,,5306.5,1.0006,2000,ve,5.8344
tree,15,3,1.3,1.5,207,exact,0.0,0.0,,,1,,,,,,ve,0.0046
tree,15,3,1.3,1.5,207,mf,0.06875674647671454,0.16810633477699344,0.05784148617360465,0.09877371231026673,1,11,,,,,ve,0.004
tree,15,3,1.3,1.5,207,lbp,1.1209778515390336e-07,3.320954463509329e-07,9.23189525344336e-08,1.664895748574452e-07,1,28,2.8221128256511463e-07,,,,ve,0.009
tree,15,3,1.3,1.5,207,gibbs,0.0010549448555795319,0.0019155211726021304,0.0009924312908918807,0.0012268571584705726,1,2000,,4387.0,1.00052,2000,ve,5.7706
tree,15,3,1.75,1.5,207,exact,0.0,0.0,,,1,,,,,,ve,0.0045
tree,15,3,1.75,1.5,207,mf,0.10827722538252088,0.29804421919648,0.09410632339619118,0.14724720584492762,1,13,,,,,ve,0.0095
tree,15,3,1.75,1.5,207,lbp,8.326658418519409e-08,2.5475358114701585e-07,7.14713844858999e-08,1.1570338335825311e-07,1,31,2.2783839237483505e-07,,,,ve,0.0486
tree,15,3,1.75,1.5,207,gibbs,0.0023962353344150486,0.010396835444595534,0.0024081326626696517,0.0023635176817148923,1,2000,,3204.0,1.0002,2000,ve,5.7141
tree,15,3,2.5,1.5,207,exact,0.0,0.0,,,1,,,,,,ve,0.0043
tree,15,3,2.5,1.5,207,mf,0.18304482609751085,0.5299686348933809,0.18184542781369958,0.1863431713779918,1,7,,,,,ve,0.0027
tree,15,3,2.5,1.5,207,lbp,1.3645079423469745e-07,3.721918060139995e-07,1.2313937448606338e-07,1.7305719854344113e-07,1,33,3.0181679611107626e-07,,,,ve,0.0105
tree,15,3,2.5,1.5,207,gibbs,0.007289786944306043,0.010823214209062688,0.00738363411737544,0.007031707218365198,1,2000,,1992.5,1.00057,2000,ve,5.7305
tree,15,3,4.0,1.5,207,exact,0.0,0.0,,,1,,,,,,ve,0.0046
tree,15,3,4.0,1.5,207,mf,0.3857799857644954,0.8953598691399516,0.4383386199449679,0.24124374176819596,1,7,,,,,ve,0.0028
tree,15,3,4.0,1.5,207,lbp,7.760236242577179e-08,2.0918734655941962e-07,7.263270501483048e-08,9.126892030586042e-08,1,36,2.507529601181169e-07,,,,ve,0.0111
tree,15,3,4.0,1.5,207,gibbs,0.018803622204309815,0.034218276628849006,0.020955052728540053,0.01288718826267665,0,2000,,301.6,1.01541,2000,ve,5.6858
tree,15,3,0.0,0.5,208,exact,0.0,0.0,,,1,,,,,,ve,0.0044
tree,15,3,0.0,0.5,208,mf,3.0750864817482203e-16,6.938893903907228e-16,3.108309064682079e-16,2.983724378680108e-16,1,1,,,,,ve,0.0007
tree,15,3,0.0,0.5,208,lbp,2.971003073189612e-16,7.008282842946301e-16,3.016841826857847e-16,2.8449465006019636e-16,1,3,0.0,,,,ve,0.0011
tree,15,3,0.0,0.5,208,gibbs,7.036269715025393e-15,1.4377388168895777e-14,6.676792956900551e-15,8.02483079986871e-15,1,2000,,7659.4,0.99991,2000,ve,5.6432
tree,15,3,0.1,0.5,208,exact,0.0,0.0,,,1,,,,,,ve,0.0043
tree,15,3,0.1,0.5,208,mf,0.00037016401060265,0.0007345692227725131,0.0003845286388471535,0.0003306612829302655,1,4,,,,,ve,0.0016
tree,15,3,0.1,0.5,208,lbp,1.193781794689199e-07,3.320497909131692e-07,9.544642372972584e-08,1.8519050775170354e-07,1,16,2.2644989244868796e-07,,,,ve,0.0047
tree,15,3,0.1,0.5,208,gibbs,0.0003035915734775866,0.0005097241620060089,0.0003137469140004454,0.00027566438703972504,1,2000,,7540.3,1.00002,2000,ve,5.6993
tree,15,3,0.25,0.5,208,exact,0.0,0.0,,,1,,,,,,ve,0.0042
tree,15,3,0.25,0.5,208,mf,0.0024347483183198497,0.005096741935502691,0.0025056469530300657,0.002239777072866756,1,5,,,,,ve,0.0019
tree,15,3,0.25,0.5,208,lbp,8.355598343096534e-08,1.445354176621283e-07,8.354117415472737e-08,8.359670894061977e-08,1,19,2.040435521655226e-07,,,,ve,0.0057
tree,15,3,0.25,0.5,208,gibbs,0.0006867720237761775,0.0014883187366274697,0.0006839173518715013,0.0006946223715140372,1,2000,,7025.6,1.00006,2000,ve,5.5879
tree,15,3,0.5,0.5,208,exact,0.0,0.0,,,1,,,,,,ve,0.0043
tree,15,3,0.5,0.5,208,mf,0.010720536859237762,0.024532619207743564,0.010805090975901073,0.010488013038413648,1,7,,,,,ve,0.0026
tree,15,3,0.5,0.5,208,lbp,1.5898038621536825e-07,3.175202610700145e-07,1.4848701928948432e-07,1.8783714526154904e-07,1,21,2.8688101022522616e-07,,,,ve,0.0064
tree,15,3,0.5,0.5,208,gibbs,0.0010807144476807722,0.0026627309489325734,0.0011606902153581437,0.0008607810865680007,1,2000,,6410.2,1.00005,2000,ve,5.6911
tree,15,3,0.75,0.5,208,exact,0.0,0.0,,,1,,,,,,ve,0.0042
tree,15,3,0.75,0.5,208,mf,0.02734998696756848,0.0648678962978343,0.025673714110756533,0.03195973732380135,1,10,,,,,ve,0.0037
tree,15,3,0.75,0.5,208,lbp,1.7689435520192957e-07,3.4927197703482626e-07,1.6390595350807127e-07,2.1261245986003985e-07,1,24,2.1606498806781005e-07,,,,ve,0.0074
tree,15,3,0.75,0.5,208,gibbs,0.0018613826727190844,0.004823889361572242,0.0018302626984072492,0.0019469626020766316,1,2000,,5996.9,0.99999,2000,ve,5.6332
tree,15,3,1.0,0.5,208,exact,0.0,0.0,,,1,,,,,,ve,0.0043
tree,15,3,1.0,0.5,208,mf,0.05420727063463755,0.13120398687032422,0.04661049924759541,0.07509839194900345,1,17,,,,,ve,0.0055
tree,15,3,1.0,0.5,208,lbp,2.1659088950664225e-07,6.638043015122497e-07,2.1114456536816034e-07,2.315682808874675e-07,1,27,3.7410080955257996e-07,,,,ve,0.0084
tree,15,3,1.0,0.5,208,gibbs,0.003426485750462385,0.007875665650957452,0.0033239436553818376,0.00370847651193389,1,2000,,5809.3,1.00011,2000,ve,5.7721
tree,15,3,1.3,0.5,208,exact,0.0,0.0,,,1,,,,,,ve,0.0044
tree,15,3,1.3,0.5,208,mf,0.10410473092490287,0.254976517931503,0.08039410680809678,0.1693089472461197,1,77,,,,,ve,0.0245
tree,15,3,1.3,0.5,208,lbp,1.398983329546517e-07,4.954672527673898e-07,1.3719810535192098e-07,1.473239588621611e-07,1,31,3.0999359423855566e-07,,,,ve,0.0091
tree,15,3,1.3,0.5,208,gibbs,0.004185578532634382,0.011136972638100283,0.0040367470223624516,0.004594865185882188,1,2000,,4676.9,1.00042,2000,ve,5.6424
tree,15,3,1.75,0.5,208,exact,0.0,0.0,,,1,,,,,,ve,0.0046
tree,15,3,1.75,0.5,208,mf,0.2945154220459944,0.5626209069898613,0.266769289746658,0.3708172858691695,1,39,,,,,ve,0.013
tree,15,3,1.75,0.5,208,lbp,9.621723993640669e-08,3.462651636185199e-07,9.427551517266498e-08,1.0155698303669636e-07,1,35,2.2681563877080535e-07,,,,ve,0.0107
tree,15,3,1.75,0.5,208,gibbs,0.0057833157200337494,0.01325892884049211,0.006476801701356538,0.003876229271396081,1,2000,,3451.5,0.99992,2000,ve,5.7029
tree,15,3,2.5,0.5,208,exact,0.0,0.0,,,1,,,,,,ve,0.0043
tree,15,3,2.5,0.5,208,mf,0.4004106708676976,0.5646763835129239,0.3781050614735699,0.46175109670154874,1,12,,,,,ve,0.0043
tree,15,3,2.5,0.5,208,lbp,1.0668266853782263e-07,3.8126524953135954e-07,1.0681274158803845e-07,1.063249676497291e-07,1,38,2.5944141923694986e-07,,,,ve,0.0117
tree,15,3,2.5,0.5,208,gibbs,0.008605795120475783,0.018147090866215722,0.008690339611290565,0.008373297770735127,1,2000,,1085.7,1.00553,2000,ve,5.6867
tree,15,3,4.0,0.5,208,exact,0.0,0.0,,,1,,,,,,ve,0.0043
tree,15,3,4.0,0.5,208,mf,0.49531159237681177,0.6729856273814867,0.4711242639046628,0.561826745675222,1,9,,,,,ve,0.003
tree,15,3,4.0,0.5,208,lbp,7.043665162904337e-08,2.4934072201734936e-07,7.254791798747682e-08,6.463066914335139e-08,1,41,2.0822828966648999e-07,,,,ve,0.0119
tree,15,3,4.0,0.5,208,gibbs,0.34177620941675546,0.39102402338777564,0.3372608714121552,0.3541933889294061,0,2000,,45.8,1.06011,2000,ve,5.7043
tree,15,3,0.0,1.5,208,exact,0.0,0.0,,,1,,,,,,ve,0.0043
tree,15,3,0.0,1.5,208,mf,2.648922747816584e-16,5.828670879282072e-16,2.7416516027142535e-16,2.393918396847994e-16,1,1,,,,,ve,0.0006
tree,15,3,0.0,1.5,208,lbp,2.551199992003224e-16,6.106226635438361e-16,2.7093226652074134e-16,2.1163626406917047e-16,1,3,0.0,,,,ve,0.0011
tree,15,3,0.0,1.5,208,gibbs,6.764554194571559e-15,1.3503087537003466e-14,6.385753668271896e-15,7.806255641895632e-15,1,2000,,7695.7,1.00005,2000,ve,5.8647
tree,15,3,0.1,1.5,208,exact,0.0,0.0,,,1,,,,,,ve,0.0048
tree,15,3,0.1,1.5,208,mf,0.00039249766635629594,0.0009955427843281808,0.0004298025723483106,0.0002899091748782556,1,4,,,,,ve,0.0023
tree,15,3,0.1,1.5,208,lbp,8.541461567306008e-08,1.9400402948011042e-07,7.225104306144753e-08,1.2161444035499458e-07,1,17,1.6511812928055036e-07,,,,ve,0.0058
tree,15,3,0.1,1.5,208,gibbs,0.00021258504373204609,0.00037389401342761974,0.00022345441297117288,0.00018269427832444743,1,2000,,7557.4,1.00014,2000,ve,5.6427
tree,15,3,0.25,1.5,208,exact,0.0,0.0,,,1,,,,,,ve,0.0043
tree,15,3,0.25,1.5,208,mf,0.0025014794857798777,0.006329250653394541,0.0026884236994886585,0.0019873828980807307,1,5,,,,,ve,0.0014
tree,15,3,0.25,1.5,208,lbp,9.232569115208885e-08,2.1376297371089592e-07,8.586316279018578e-08,1.1009764414732226e-07,1,19,1.7535536661617002e-07,,,,ve,0.0041
tree,15,3,0.25,1.5,208,gibbs,0.0006355134863093531,0.0011428437380707757,0.0006021211473709997,0.0007273424183898251,1,2000,,7439.0,1.00009,2000,ve,5.778
tree,15,3,0.5,1.5,208,exact,0.0,0.0,,,1,,,,,,ve,0.0044
tree,15,3,0.5,1.5,208,mf,0.01031482546050048,0.025938916780460612,0.010729094203955009,0.009175586416000522,1,7,,,,,ve,0.0025
tree,15,3,0.5,1.5,208,lbp,1.0865955743551378e-07,2.125770451194553e-07,9.130256640055984e-08,1.5639128278163716e-07,1,22,1.9833237213662258e-07,,,,ve,0.0065
tree,15,3,0.5,1.5,208,gibbs,0.001259167747557778,0.0022859694191673385,0.0012028681904985138,0.0014139915294707553,1,2000,,7313.6,0.9999,2000,ve,5.6754
tree,15,3,0.75,1.5,208,exact,0.0,0.0,,,1,,,,,,ve,0.0045
tree,15,3,0.75,1.5,208,mf,0.024724276209451012,0.0602435140000382,0.025208549311220105,0.023392525179586017,1,10,,,,,ve,0.0037
tree,15,3,0.75,1.5,208,lbp,1.3542836881837623e-07,3.4460439120309605e-07,1.1418782953656867e-07,1.9383985184334707e-07,1,25,2.216546745037462e-07,,,,ve,0.0129
tree,15,3,0.75,1.5,208,gibbs,0.0013208720292699897,0.0022219686520272147,0.0012356959260506615,0.0015551063131231425,1,2000,,6534.3,1.00003,2000,ve,5.8159
tree,15,3,1.0,1.5,208,exact,0.0,0.0,,,1,,,,,,ve,0.0056
tree,15,3,1.0,1.5,208,mf,0.04732731131628481,0.1138540208826908,0.04753675462123097,0.046751342227682895,1,17,,,,,ve,0.006
tree,15,3,1.0,1.5,208,lbp,1.4229300453703446e-07,5.387162766642972e-07,1.2961152512369623e-07,1.7716707292371459e-07,1,28,3.5800616615677683e-07,,,,ve,0.009
tree,15,3,1.0,1.5,208,gibbs,0.002397937167074272,0.00471562150921076,0.0017900219291668963,0.004069704071319555,1,2000,,5829.6,1.00025,2000,ve,5.7528
tree,15,3,1.3,1.5,208,exact,0.0,0.0,,,1,,,,,,ve,0.0044
tree,15,3,1.3,1.5,208,mf,0.10243697816257838,0.22583826420447783,0.09472377835025046,0.12364827764648018,1,38,,,,,ve,0.0131
tree,15,3,1.3,1.5,208,lbp,9.676187251791748e-08,3.6169701451982395e-07,8.652698981076394e-08,1.2490779996258972e-07,1,32,2.5698507272187143e-07,,,,ve,0.0097
tree,15,3,1.3,1.5,208,gibbs,0.0017967046590125185,0.003596287604897292,0.0018411564793784053,0.0016744621530063297,1,2000,,4949.6,1.00049,2000,ve,5.6622
tree,15,3,1.75,1.5,208,exact,0.0,0.0,,,1,,,,,,ve,0.0044
tree,15,3,1.75,1.5,208,mf,0.27923961399252045,0.5294559180981224,0.23180177654510487,0.40969366697291343,1,19,,,,,ve,0.0068
tree,15,3,1.75,1.5,208,lbp,1.175770872062903e-07,4.163893224731763e-07,1.0481353133378127e-07,1.5267686585569012e-07,1,35,3.0087384345067747e-07,,,,ve,0.0104
tree,15,3,1.75,1.5,208,gibbs,0.00841837643585294,0.018074252973213183,0.006789500319732953,0.012897785755182908,1,2000,,3744.6,1.00048,2000,ve,5.6808
tree,15,3,2.5,1.5,208,exact,0.0,0.0,,,1,,,,,,ve,0.0059
tree,15,3,2.5,1.5,208,mf,0.4021661894436767,0.6978079242245827,0.33912407614324735,0.5755320010198574,1,10,,,,,ve,0.004
tree,15,3,2.5,1.5,208,lbp,1.2107088096752031e-07,4.003923599164849e-07,1.1128178906030621e-07,1.4799088371235912e-07,1,38,3.007362861517926e-07,,,,ve,0.0124
tree,15,3,2.5,1.5,208,gibbs,0.022296504652603875,0.036001979358023295,0.020314395490851803,0.02774730484742209,1,2000,,1595.8,1.0035,2000,ve,5.7748
tree,15,3,4.0,1.5,208,exact,0.0,0.0,,,1,,,,,,ve,0.0044
tree,15,3,4.0,1.5,208,mf,0.5104934344006906,0.8819450952869263,0.4541599942771702,0.665410394740372,1,10,,,,,ve,0.0033
tree,15,3,4.0,1.5,208,lbp,7.14217024309216e-08,2.2149709339065737e-07,7.054656232503806e-08,7.382833772210133e-08,1,41,2.180882034408249e-07,,,,ve,0.0122
tree,15,3,4.0,1.5,208,gibbs,0.017727937470012174,0.029032256716317595,0.017102366477712433,0.01944825769883647,0,2000,,40.9,1.06596,2000,ve,5.6646
tree,15,3,0.0,0.5,209,exact,0.0,0.0,,,1,,,,,,ve,0.0045
tree,15,3,0.0,0.5,209,mf,3.157196726277789e-16,6.38378239159465e-16,3.1193482140746585e-16,3.2612801348363973e-16,1,1,,,,,ve,0.0005
tree,15,3,0.0,0.5,209,lbp,3.226585665316861e-16,6.38378239159465e-16,3.239201836051238e-16,3.191891195797325e-16,1,3,0.0,,,,ve,0.0012
tree,15,3,0.0,0.5,209,gibbs,6.0295518578001864e-15,1.2545520178264269e-14,5.641478446010756e-15,7.096753740221118e-15,1,2000,,7866.6,1.0003,2000,ve,5.7803
tree,15,3,0.1,0.5,209,exact,0.0,0.0,,,1,,,,,,ve,0.0044
tree,15,3,0.1,0.5,209,mf,0.00031266832238525656,0.0006746898283862303,0.0003456148658629775,0.00022206532782152386,1,4,,,,,ve,0.0015
tree,15,3,0.1,0.5,209,lbp,6.937361954941398e-08,1.3696917437050482e-07,6.737585309365715e-08,7.486747730274523e-08,1,17,1.3659243025543333e-07,,,,ve,0.0051
tree,15,3,0.1,0.5,209,gibbs,0.00019780427038776406,0.0003357985807413283,0.00020273775574130746,0.0001842371856655197,1,2000,,8006.0,1.00039,2000,ve,5.6622
tree,15,3,0.25,0.5,209,exact,0.0,0.0,,,1,,,,,,ve,0.0043
tree,15,3,0.25,0.5,209,mf,0.0019290536908940985,0.004471350362386658,0.0021214635510780843,0.0013999265753881374,1,5,,,,,ve,0.002
tree,15,3,0.25,0.5,209,lbp,1.0035277560096108e-07,2.5354563440438405e-07,1.0584008997320916e-07,8.526266107727887e-08,1,18,2.2783927977609864e-07,,,,ve,0.0055
tree,15,3,0.25,0.5,209,gibbs,0.0005826951899562621,0.0009390996112581609,0.0005896346464215458,0.0005636116846767323,1,2000,,8239.4,1.00058,2000,ve,5.5854
tree,15,3,0.5,0.5,209,exact,0.0,0.0,,,1,,,,,,ve,0.0043
tree,15,3,0.5,0.5,209,mf,0.0073691243759708555,0.019727896636373463,0.007874853481828327,0.00597836933486281,1,7,,,,,ve,0.0026
tree,15,3,0.5,0.5,209,lbp,8.451456470701113e-08,1.8422277694996048e-07,8.754566859484564e-08,7.617902901546625e-08,1,20,2.0238166398289792e-07,,,,ve,0.0067
tree,15,3,0.5,0.5,209,gibbs,0.0011632906262515562,0.0018672831848768612,0.0011450571506706627,0.001213432684099014,1,2000,,7745.6,1.00043,2000,ve,5.8921
tree,15,3,0.75,0.5,209,exact,0.0,0.0,,,1,,,,,,ve,0.0048
tree,15,3,0.75,0.5,209,mf,0.01741982897034667,0.049858911038011725,0.017769104014133404,0.01645932259993315,1,11,,,,,ve,0.0043
tree,15,3,0.75,0.5,209,lbp,1.495972004127155e-07,2.600282290599054e-07,1.3303304197037372e-07,1.9514863612915545e-07,1,22,1.9423756314473906e-07,,,,ve,0.0074
tree,15,3,0.75,0.5,209,gibbs,0.0016427704722146096,0.003550435102455146,0.0016718270787036652,0.0015628648043697069,1,2000,,7124.1,1.0002,2000,ve,5.5808
tree,15,3,1.0,0.5,209,exact,0.0,0.0,,,1,,,,,,ve,0.0043
tree,15,3,1.0,0.5,209,mf,0.04181251821671867,0.10389939746774224,0.04270020549682163,0.03937137819643551,1,17,,,,,ve,0.0057
tree,15,3,1.0,0.5,209,lbp,1.8873366080691494e-07,4.186606027828388e-07,1.7923286391889237e-07,2.14860852248977e-07,1,24,2.3423493222818337e-07,,,,ve,0.0075
tree,15,3,1.0,0.5,209,gibbs,0.00263113916285738,0.004830121901125958,0.0025212057540169057,0.0029334560371686857,1,2000,,6651.5,1.00001,2000,ve,5.6153
tree,15,3,1.3,0.5,209,exact,0.0,0.0,,,1,,,,,,ve,0.0047
tree,15,3,1.3,0.5,209,mf,0.10328960395269768,0.2626851388200413,0.10676678636054077,0.09372735233112925,1,31,,,,,ve,0.0083
tree,15,3,1.3,0.5,209,lbp,1.5021922837796242e-07,5.270818476954542e-07,1.6617994136230743e-07,1.0632726767101364e-07,1,27,3.4032544748985316e-07,,,,ve,0.0066
tree,15,3,1.3,0.5,209,gibbs,0.004384775088776436,0.01049489975721819,0.004434220817511255,0.004248799334755686,1,2000,,5977.4,1.00093,2000,ve,5.6929
tree,15,3,1.75,0.5,209,exact,0.0,0.0,,,1,,,,,,ve,0.0044
tree,15,3,1.75,0.5,209,mf,0.26594666828653796,0.47372559675350834,0.25833133501724126,0.2868888347771039,1,43,,,,,ve,0.0144
tree,15,3,1.75,0.5,209,lbp,1.2277439214771387e-07,5.080369920446026e-07,1.4184238455563794e-07,7.033741302592267e-08,1,31,3.644751665476953e-07,,,,ve,0.0096
tree,15,3,1.75,0.5,209,gibbs,0.009761923890111929,0.021831867552657258,0.011136889417959745,0.005980768688530437,1,2000,,4610.5,1.00057,2000,ve,5.714
tree,15,3,2.5,0.5,209,exact,0.0,0.0,,,1,,,,,,ve,0.0045
tree,15,3,2.5,0.5,209,mf,0.47528397615567036,0.6872922658285836,0.4928214870442725,0.42705582121201446,1,17,,,,,ve,0.019
tree,15,3,2.5,0.5,209,lbp,1.1176774383364618e-07,4.4364957188514076e-07,1.235979747431857e-07,7.923460883241251e-08,1,35,3.4827709421980657e-07,,,,ve,0.022
tree,15,3,2.5,0.5,209,gibbs,0.016809221363675606,0.024491289510490205,0.0168783985049943,0.016618984225049198,1,2000,,2193.3,1.00064,2000,ve,5.6165
tree,15,3,4.0,0.5,209,exact,0.0,0.0,,,1,,,,,,ve,0.0043
tree,15,3,4.0,0.5,209,mf,0.4672871675722255,0.7573496485637634,0.4670249127339657,0.46800836837744014,1,8,,,,,ve,0.0029
tree,15,3,4.0,0.5,209,lbp,1.0387182425644625e-07,3.2521791362705166e-07,1.0509467512940694e-07,1.0050898435580435e-07,1,38,2.9375198633274646e-07,,,,ve,0.0108
tree,15,3,4.0,0.5,209,gibbs,0.13222849714729204,0.15409963431289542,0.13460414986630834,0.12569545216999717,0,2000,,47.0,1.06231,2000,ve,5.6484
tree,15,3,0.0,1.5,209,exact,0.0,0.0,,,1,,,,,,ve,0.0042
tree,15,3,0.0,1.5,209,mf,3.542883579103299e-16,6.591949208711867e-16,3.310956307103006e-16,4.180683577104105e-16,1,1,,,,,ve,0.0005
tree,15,3,0.0,1.5,209,lbp,3.6221026178395734e-16,7.563394355258879e-16,3.3937499275473533e-16,4.2500725161431774e-16,1,3,0.0,,,,ve,0.0013
tree,15,3,0.0,1.5,209,gibbs,6.475780559937287e-15,1.4238610290817633e-14,6.191306936828314e-15,7.258083023486961e-15,1,2000,,8066.3,1.00035,2000,ve,5.7391
tree,15,3,0.1,1.5,209,exact,0.0,0.0,,,1,,,,,,ve,0.0043
tree,15,3,0.1,1.5,209,mf,0.0002969043926995219,0.0006604213246283255,0.0003176733247114519,0.00023978982966671447,1,4,,,,,ve,0.0017
tree,15,3,0.1,1.5,209,lbp,7.684455224990505e-08,1.556751935971601e-07,6.600432093150946e-08,1.0665518837549293e-07,1,17,1.5631235117385955e-07,,,,ve,0.0052
tree,15,3,0.1,1.5,209,gibbs,0.0001720673830951944,0.0004550580200132909,0.00018840113288942338,0.00012714957116106464,1,2000,,8143.1,1.00033,2000,ve,5.6107
tree,15,3,0.25,1.5,209,exact,0.0,0.0,,,1,,,,,,ve,0.0042
tree,15,3,0.25,1.5,209,mf,0.0018824695621197777,0.004050496999496271,0.001984995256589114,0.0016005239023291033,1,5,,,,,ve,0.0018
tree,15,3,0.25,1.5,209,lbp,1.0081973318825746e-07,1.6832154624973894e-07,1.0452421785345097e-07,9.063240035897535e-08,1,18,2.1180010484345146e-07,,,,ve,0.0054
tree,15,3,0.25,1.5,209,gibbs,0.0004885172170494921,0.0011754891798060607,0.0005226533698035992,0.00039464279697569785,1,2000,,7979.7,1.00021,2000,ve,5.7664
tree,15,3,0.5,1.5,209,exact,0.0,0.0,,,1,,,,,,ve,0.0043
tree,15,3,0.5,1.5,209,mf,0.008051607993704546,0.02079380871265632,0.008070187593746735,0.008000514093588526,1,7,,,,,ve,0.0021
tree,15,3,0.5,1.5,209,lbp,1.0460565177707048e-07,3.020519199203875e-07,9.385763898643848e-08,1.341626869513085e-07,1,20,2.2844184932591105e-07,,,,ve,0.0051
tree,15,3,0.5,1.5,209,gibbs,0.0012371823452742075,0.003192670540578979,0.0012285086760379913,0.0012610349356738017,1,2000,,7833.6,1.00042,2000,ve,5.8195
tree,15,3,0.75,1.5,209,exact,0.0,0.0,,,1,,,,,,ve,0.0044
tree,15,3,0.75,1.5,209,mf,0.02130263017468278,0.05887536766378417,0.019842351403803693,0.02531839679460026,1,10,,,,,ve,0.0041
tree,15,3,0.75,1.5,209,lbp,1.6407679344967546e-07,3.5151583922810037e-07,1.667477700370126e-07,1.5673160783449824e-07,1,22,2.7958342918577017e-07,,,,ve,0.0068
tree,15,3,0.75,1.5,209,gibbs,0.0024059206208623513,0.004707413797971405,0.002311311827610018,0.0026660948023062674,1,2000,,7145.0,1.00019,2000,ve,5.7642
tree,15,3,1.0,1.5,209,exact,0.0,0.0,,,1,,,,,,ve,0.0044
tree,15,3,1.0,1.5,209,mf,0.046536617228749265,0.12697290054636579,0.04120353412618109,0.06120259576081176,1,16,,,,,ve,0.0058
tree,15,3,1.0,1.5,209,lbp,1.4500408596028007e-07,4.427367918530267e-07,1.5168172689400405e-07,1.266405733925391e-07,1,25,2.6621103305091154e-07,,,,ve,0.0078
tree,15,3,1.0,1.5,209,gibbs,0.0030351402642932817,0.007192615208302486,0.0032977712006695328,0.002312905189258592,1,2000,,6223.0,1.0,2000,ve,5.5884
tree,15,3,1.3,1.5,209,exact,0.0,0.0,,,1,,,,,,ve,0.0043
tree,15,3,1.3,1.5,209,mf,0.09714600811066817,0.23523924512267508,0.08559249858942455,0.12891815929408817,1,37,,,,,ve,0.0119
tree,15,3,1.3,1.5,209,lbp,1.5870773419380628e-07,5.179400639210296e-07,1.620349969411562e-07,1.4955776163859402e-07,1,28,3.2914274511464114e-07,,,,ve,0.0086
tree,15,3,1.3,1.5,209,gibbs,0.003538732408431791,0.009490797940433726,0.003840842434275968,0.002707929837360304,1,2000,,5897.5,0.99993,2000,ve,5.6729
tree,15,3,1.75,1.5,209,exact,0.0,0.0,,,1,,,,,,ve,0.0045
tree,15,3,1.75,1.5,209,mf,0.19971071549370106,0.4166945974298945,0.1960186801240286,0.20986381276030042,1,28,,,,,ve,0.0096
tree,15,3,1.75,1.5,209,lbp,1.318925391772622e-07,4.5785396793340816e-07,1.3381570678622223e-07,1.2660382825262217e-07,1,32,3.2086443441103896e-07,,,,ve,0.0097
tree,15,3,1.75,1.5,209,gibbs,0.009027905310847099,0.0162628261224686,0.008624489005494283,0.01013730015056735,1,2000,,4982.6,1.00005,2000,ve,5.6632
tree,15,3,2.5,1.5,209,exact,0.0,0.0,,,1,,,,,,ve,0.0043
tree,15,3,2.5,1.5,209,mf,0.3461830779083288,0.5664621272886259,0.36133529946463677,0.304514468628482,1,12,,,,,ve,0.0043
tree,15,3,2.5,1.5,209,lbp,8.003740691135223e-08,2.696006925623218e-07,8.007910264441374e-08,7.992274364543306e-08,1,37,2.1942295447274773e-07,,,,ve,0.0096
tree,15,3,2.5,1.5,209,gibbs,0.020144784346880315,0.037145159394876455,0.02181483701284102,0.015552139515488375,1,2000,,1831.5,1.00021,2000,ve,5.829
tree,15,3,4.0,1.5,209,exact,0.0,0.0,,,1,,,,,,ve,0.0042
tree,15,3,4.0,1.5,209,mf,0.609605123878534,0.7964054522300472,0.6663340082786754,0.4536006917781452,1,7,,,,,ve,0.0022
tree,15,3,4.0,1.5,209,lbp,1.0298508629491554e-07,2.630914354845304e-07,9.656288745438477e-08,1.2064613310637518e-07,1,40,2.4217926630765163e-07,,,,ve,0.0121
tree,15,3,4.0,1.5,209,gibbs,0.08158141856187479,0.10835842503991322,0.08136337444127346,0.0821810398935284,0,2000,,94.4,1.02585,2000,ve,5.5945
tree,15,3,0.0,0.5,210,exact,0.0,0.0,,,1,,,,,,ve,0.0043
tree,15,3,0.0,0.5,210,mf,2.8888928286600427e-16,6.036837696399289e-16,2.9679541652621373e-16,2.671474153004283e-16,1,1,,,,,ve,0.0007
tree,15,3,0.0,0.5,210,lbp,3.1155633628543454e-16,5.898059818321144e-16,3.1824290677465427e-16,2.931682674400804e-16,1,3,0.0,,,,ve,0.0012
tree,15,3,0.0,0.5,210,gibbs,8.56190118803113e-15,1.421779360910591e-14,7.903715560818692e-15,1.037191166286533e-14,1,2000,,7815.6,0.99993,2000,ve,5.9067
tree,15,3,0.1,0.5,210,exact,0.0,0.0,,,1,,,,,,ve,0.0044
tree,15,3,0.1,0.5,210,mf,0.0004489913539175415,0.0009951229670903533,0.00044719079981026796,0.00045394287771254385,1,4,,,,,ve,0.0017
tree,15,3,0.1,0.5,210,lbp,8.932509783903438e-08,1.7436373882934175e-07,7.953685961710351e-08,1.1624275294934427e-07,1,17,1.781164353786835e-07,,,,ve,0.0053
tree,15,3,0.1,0.5,210,gibbs,0.00018823490517021018,0.00045075972594468827,0.00014015192606018937,0.0003204630977227674,1,2000,,8059.7,1.00009,2000,ve,5.6014
tree,15,3,0.25,0.5,210,exact,0.0,0.0,,,1,,,,,,ve,0.0043
tree,15,3,0.25,0.5,210,mf,0.0027508130228217995,0.006503286282624511,0.002775967229652714,0.0026816389540367854,1,5,,,,,ve,0.0021
tree,15,3,0.25,0.5,210,lbp,1.196249126182251e-07,2.6938838820766975e-07,1.0333684484245795e-07,1.6441709900158474e-07,1,19,2.4740437204462395e-07,,,,ve,0.0065
tree,15,3,0.25,0.5,210,gibbs,0.0004145063939617194,0.001056278215516529,0.00032312933200615327,0.0006657933143395262,1,2000,,7684.8,1.00007,2000,ve,5.7084
tree,15,3,0.5,0.5,210,exact,0.0,0.0,,,1,,,,,,ve,0.0049
tree,15,3,0.5,0.5,210,mf,0.010609142081368237,0.02783873070374278,0.011163652084578061,0.009084239572541222,1,7,,,,,ve,0.0029
tree,15,3,0.5,0.5,210,lbp,1.0519819597584745e-07,2.0625385054040546e-07,1.026675321156881e-07,1.1215752159128567e-07,1,23,1.680931919767481e-07,,,,ve,0.0075
tree,15,3,0.5,0.5,210,gibbs,0.0009293007832557154,0.002671632653599515,0.0007756755569813446,0.0013517701555102353,1,2000,,7177.8,1.00047,2000,ve,5.6399
tree,15,3,0.75,0.5,210,exact,0.0,0.0,,,1,,,,,,ve,0.0043
tree,15,3,0.75,0.5,210,mf,0.025173138257229225,0.06565513872447436,0.027837501340357253,0.017846139778627156,1,11,,,,,ve,0.0044
tree,15,3,0.75,0.5,210,lbp,2.0115038801560293e-07,3.521043092508114e-07,1.9424790843375844e-07,2.2013220686567525e-07,1,25,2.669491594442519e-07,,,,ve,0.0088
tree,15,3,0.75,0.5,210,gibbs,0.0013785885811867756,0.0031268931843227293,0.0010777692839351505,0.0022058416486287445,1,2000,,6316.0,1.00008,2000,ve,5.779
tree,15,3,1.0,0.5,210,exact,0.0,0.0,,,1,,,,,,ve,0.0043
tree,15,3,1.0,0.5,210,mf,0.06079478067564727,0.13891493173102315,0.06774614560349644,0.04167852712406207,1,18,,,,,ve,0.0058
tree,15,3,1.0,0.5,210,lbp,1.6026364800988033e-07,4.0099859822950723e-07,1.4901714124781018e-07,1.9119154160557317e-07,1,28,3.077495863146318e-07,,,,ve,0.0086
tree,15,3,1.0,0.5,210,gibbs,0.0021196784241765475,0.006270806750664125,0.0016923851833078325,0.0032947348365655136,1,2000,,4978.2,1.00071,2000,ve,5.6602
tree,15,3,1.3,0.5,210,exact,0.0,0.0,,,1,,,,,,ve,0.0043
tree,15,3,1.3,0.5,210,mf,0.12933068954424687,0.30965800410559,0.12888988601219822,0.13054289925738052,1,22,,,,,ve,0.0066
tree,15,3,1.3,0.5,210,lbp,1.2072081977688072e-07,3.9143446196876486e-07,1.1214349752434007e-07,1.4430845597136754e-07,1,31,3.064453440448922e-07,,,,ve,0.009
tree,15,3,1.3,0.5,210,gibbs,0.002452301467922614,0.006921639834970794,0.0020061431834204734,0.003679236750303499,1,2000,,3656.9,1.00108,2000,ve,5.5002
tree,15,3,1.75,0.5,210,exact,0.0,0.0,,,1,,,,,,ve,0.0044
tree,15,3,1.75,0.5,210,mf,0.20896107095013486,0.4247427376440742,0.19329326869196992,0.2520475271600884,1,31,,,,,ve,0.0102
tree,15,3,1.75,0.5,210,lbp,1.1595597633277018e-07,3.4172319218761515e-07,1.0977798710705927e-07,1.329454467034752e-07,1,34,2.9423000408312916e-07,,,,ve,0.0106
tree,15,3,1.75,0.5,210,gibbs,0.00818939849573463,0.020315851141819864,0.007576204384018812,0.009875682302953126,1,2000,,2217.7,1.00117,2000,ve,5.48
tree,15,3,2.5,0.5,210,exact,0.0,0.0,,,1,,,,,,ve,0.0043
tree,15,3,2.5,0.5,210,mf,0.21608074921483691,0.683686288431888,0.21591036475286887,0.21654930648524898,1,18,,,,,ve,0.0061
tree,15,3,2.5,0.5,210,lbp,7.373673816542537e-08,2.0574711685761304e-07,7.051339221194801e-08,8.260093953748812e-08,1,37,2.531187298093762e-07,,,,ve,0.0112
tree,15,3,2.5,0.5,210,gibbs,0.027652872056967426,0.05885591167458503,0.024549367821278287,0.03618750870511255,1,2000,,752.2,1.00549,2000,ve,5.6897
tree,15,3,4.0,0.5,210,exact,0.0,0.0,,,1,,,,,,ve,0.0046
tree,15,3,4.0,0.5,210,mf,0.22253479501071327,0.9349585344741919,0.2121003936608287,0.25122939872289596,1,6,,,,,ve,0.0023
tree,15,3,4.0,0.5,210,lbp,4.015448198203241e-08,1.1555936349494367e-07,3.955601484400806e-08,4.1800266611599374e-08,1,39,2.744660754228079e-07,,,,ve,0.0122
tree,15,3,4.0,0.5,210,gibbs,0.16163225379859186,0.20206961692733785,0.15311092198076032,0.18506591629762867,0,2000,,19.6,1.13482,2000,ve,5.3589
tree,15,3,0.0,1.5,210,exact,0.0,0.0,,,1,,,,,,ve,0.0052
tree,15,3,0.0,1.5,210,mf,3.1456319031046104e-16,1.0200174038743626e-15,1.9744307199299658e-16,6.366435156834882e-16,1,1,,,,,ve,0.0007
tree,15,3,0.0,1.5,210,lbp,3.307539427529112e-16,1.1102230246251565e-15,2.1258247687424873e-16,6.557254739192331e-16,1,3,0.0,,,,ve,0.0011
tree,15,3,0.0,1.5,210,gibbs,7.43733778267123e-15,1.3961054534661343e-14,6.375897284885665e-15,1.0356299151581538e-14,1,2000,,7847.8,0.99984,2000,ve,5.6902
tree,15,3,0.1,1.5,210,exact,0.0,0.0,,,1,,,,,,ve,0.0043
tree,15,3,0.1,1.5,210,mf,0.0003947950787820056,0.0008939771236138178,0.0003984194921672195,0.0003848279419726673,1,3,,,,,ve,0.0015
tree,15,3,0.1,1.5,210,lbp,7.049030672732585e-08,1.3533360072870426e-07,6.371679663746965e-08,8.91174594744304e-08,1,17,1.4565143291456195e-07,,,,ve,0.0051
tree,15,3,0.1,1.5,210,gibbs,0.00016595132937353662,0.000437849335284235,0.00015042728308679043,0.00020864245666208855,1,2000,,7785.7,0.99991,2000,ve,5.6078
tree,15,3,0.25,1.5,210,exact,0.0,0.0,,,1,,,,,,ve,0.0064
tree,15,3,0.25,1.5,210,mf,0.0024462122256474826,0.005631601581276971,0.0024790007876292893,0.002356043680197515,1,4,,,,,ve,0.002
tree,15,3,0.25,1.5,210,lbp,7.490249893081964e-08,1.7293540871543556e-07,6.30214691427085e-08,1.0757533084812532e-07,1,19,2.2519142917065693e-07,,,,ve,0.008
tree,15,3,0.25,1.5,210,gibbs,0.00040679221232938005,0.0010211497001285513,0.00035675924862808064,0.0005443828625079535,1,2000,,7832.0,0.99998,2000,ve,5.5876
tree,15,3,0.5,1.5,210,exact,0.0,0.0,,,1,,,,,,ve,0.0044
tree,15,3,0.5,1.5,210,mf,0.009422327907940526,0.022532072649157464,0.009664441096162261,0.008756516640330751,1,6,,,,,ve,0.0021
tree,15,3,0.5,1.5,210,lbp,8.501118813504053e-08,1.25183375984661e-07,8.089143150484156e-08,9.63405188680877e-08,1,22,2.111835482598856e-07,,,,ve,0.0065
tree,15,3,0.5,1.5,210,gibbs,0.0007483727717644638,0.0015404169449544508,0.0007118724702099503,0.0008487486010393761,1,2000,,7492.6,0.99989,2000,ve,5.3384
tree,15,3,0.75,1.5,210,exact,0.0,0.0,,,1,,,,,,ve,0.005
tree,15,3,0.75,1.5,210,mf,0.02076425375456151,0.05250889232258634,0.022146320383115845,0.016963570526037083,1,9,,,,,ve,0.0037
tree,15,3,0.75,1.5,210,lbp,1.3473440097800752e-07,3.2659116608324545e-07,1.3755309109292851e-07,1.269830031619748e-07,1,24,2.634670587253751e-07,,,,ve,0.0082
tree,15,3,0.75,1.5,210,gibbs,0.0012857731796384777,0.005213274513191944,0.0013784313046394205,0.0010309633358858853,1,2000,,6973.5,1.00021,2000,ve,5.839
tree,15,3,1.0,1.5,210,exact,0.0,0.0,,,1,,,,,,ve,0.0046
tree,15,3,1.0,1.5,210,mf,0.04154126316806237,0.10699985618947903,0.049677048297975056,0.01916785406080248,1,19,,,,,ve,0.0065
tree,15,3,1.0,1.5,210,lbp,1.2422096495763127e-07,4.080075291235108e-07,1.227048502975735e-07,1.2839028027279015e-07,1,27,3.1496603114522514e-07,,,,ve,0.0085
tree,15,3,1.0,1.5,210,gibbs,0.00304813534194432,0.0068284874567467735,0.0030679301346513838,0.0029936996619998957,1,2000,,6135.0,1.0001,2000,ve,5.6394
tree,15,3,1.3,1.5,210,exact,0.0,0.0,,,1,,,,,,ve,0.0043
tree,15,3,1.3,1.5,210,mf,0.14125145894504712,0.34017440000730587,0.14334665663639357,0.13548966529384426,1,24,,,,,ve,0.0082
tree,15,3,1.3,1.5,210,lbp,9.55622261489264e-08,2.8431629328640184e-07,9.529764018820976e-08,9.628983754089715e-08,1,31,2.2440643332455323e-07,,,,ve,0.0089
tree,15,3,1.3,1.5,210,gibbs,0.0019649650749175595,0.003942552799971542,0.0020214883174290254,0.0018095261580110284,1,2000,,4576.0,1.0011,2000,ve,5.5591
tree,15,3,1.75,1.5,210,exact,0.0,0.0,,,1,,,,,,ve,0.0046
tree,15,3,1.75,1.5,210,mf,0.22087672407237477,0.460455398490125,0.21415461918244008,0.23936251251969526,1,29,,,,,ve,0.0101
tree,15,3,1.75,1.5,210,lbp,1.3365429437003454e-07,3.811530923034101e-07,1.319685501281627e-07,1.382900910351821e-07,1,34,2.8543633151523196e-07,,,,ve,0.0113
tree,15,3,1.75,1.5,210,gibbs,0.011256847185167134,0.0261474574837684,0.011253046339838509,0.01126729950982085,1,2000,,2644.2,1.00249,2000,ve,5.5325
tree,15,3,2.5,1.5,210,exact,0.0,0.0,,,1,,,,,,ve,0.0043
tree,15,3,2.5,1.5,210,mf,0.27221787189435864,0.6058957108362812,0.2685666594860745,0.28225870601714015,1,17,,,,,ve,0.0059
tree,15,3,2.5,1.5,210,lbp,1.4394850932445783e-07,3.8438181699379514e-07,1.4112480871172264e-07,1.5171368600947963e-07,1,37,2.999508420531427e-07,,,,ve,0.0102
tree,15,3,2.5,1.5,210,gibbs,0.01657884222455843,0.03476292149583183,0.015673006355450783,0.019069890864604474,1,2000,,799.8,1.00337,2000,ve,5.5557
tree,15,3,4.0,1.5,210,exact,0.0,0.0,,,1,,,,,,ve,0.0043
tree,15,3,4.0,1.5,210,mf,0.2738829001877683,0.8759763271483969,0.26365550175001756,0.30200824589158265,1,6,,,,,ve,0.0023
tree,15,3,4.0,1.5,210,lbp,8.283838448340548e-08,2.0472927107773042e-07,8.236108041334961e-08,8.415097067605913e-08,1,40,2.1019230489471852e-07,,,,ve,0.012
tree,15,3,4.0,1.5,210,gibbs,0.05112222766072226,0.07199825286428278,0.04957971483232076,0.05536413793882637,0,2000,,97.2,1.03485,2000,ve,5.6522
tree,15,3,0.0,0.5,211,exact,0.0,0.0,,,1,,,,,,ve,0.0043
tree,15,3,0.0,0.5,211,mf,2.9790984494108365e-16,6.661338147750939e-16,3.4410605678012666e-16,1.708702623837155e-16,1,1,,,,,ve,0.0012
tree,15,3,0.0,0.5,211,lbp,3.100529092729213e-16,6.938893903907228e-16,3.6476503635766863e-16,1.5959455978986625e-16,1,3,0.0,,,,ve,0.0016
tree,15,3,0.0,0.5,211,gibbs,7.196905108900846e-15,1.2679093885914483e-14,6.483292438262047e-15,9.159339953157541e-15,1,2000,,7670.0,1.00035,2000,ve,11.5034
tree,15,3,0.1,0.5,211,exact,0.0,0.0,,,1,,,,,,ve,0.0043
tree,15,3,0.1,0.5,211,mf,0.0003588071888351686,0.0009476947106837746,0.00038281657393300465,0.0002927813798161193,1,4,,,,,ve,0.0279
tree,15,3,0.1,0.5,211,lbp,9.596990849918922e-08,1.9011725420348125e-07,8.973189372522586e-08,1.1312444912758846e-07,1,17,1.730276629197114e-07,,,,ve,0.0573
tree,15,3,0.1,0.5,211,gibbs,0.0001539602396859664,0.00028177152706435754,0.0001441819986412576,0.00018085040255891565,1,2000,,7929.0,1.00009,2000,ve,13.7721
tree,15,3,0.25,0.5,211,exact,0.0,0.0,,,1,,,,,,ve,0.0051
tree,15,3,0.25,0.5,211,mf,0.002257995374086909,0.005747433956971644,0.002446127556787319,0.001740631871660782,1,5,,,,,ve,0.0028
tree,15,3,0.25,0.5,211,lbp,1.0143577439195491e-07,1.8662206281716553e-07,9.345964232398091e-08,1.2337013757888343e-07,1,19,2.4549726529432547e-07,,,,ve,0.0081
tree,15,3,0.25,0.5,211,gibbs,0.00036968183975538335,0.0011085412564963495,0.00028980604994577536,0.0005893402617318053,1,2000,,7579.3,1.00001,2000,ve,14.3316
tree,15,3,0.5,0.5,211,exact,0.0,0.0,,,1,,,,,,ve,0.0049
tree,15,3,0.5,0.5,211,mf,0.010336743326336788,0.024584368068454796,0.011587539203912069,0.006897054663004764,1,8,,,,,ve,0.0218
tree,15,3,0.5,0.5,211,lbp,8.373822610365419e-08,2.4466284941071503e-07,7.190975484832153e-08,1.16266522055819e-07,1,22,1.7647146244303968e-07,,,,ve,0.0305
tree,15,3,0.5,0.5,211,gibbs,0.0006654373258366821,0.0011214504224481003,0.0006150136633101162,0.0008041023977847384,1,2000,,7017.0,1.00049,2000,ve,14.6398
tree,15,3,0.75,0.5,211,exact,0.0,0.0,,,1,,,,,,ve,0.0054
tree,15,3,0.75,0.5,211,mf,0.027570764717256155,0.0683088629287112,0.031665245401775795,0.016310942834827154,1,11,,,,,ve,0.0083
tree,15,3,0.75,0.5,211,lbp,1.3348550442840445e-07,3.644692238291558e-07,1.2488525839344183e-07,1.5713618102455168e-07,1,24,2.4969247541806183e-07,,,,ve,0.0426
tree,15,3,0.75,0.5,211,gibbs,0.001001722881230623,0.0022537630868841377,0.0009367978200573727,0.0011802667994570614,1,2000,,6157.9,1.00036,2000,ve,14.7274
tree,15,3,1.0,0.5,211,exact,0.0,0.0,,,1,,,,,,ve,0.0062
tree,15,3,1.0,0.5,211,mf,0.05589450745672594,0.15075845269594082,0.06577812394605297,0.028714562111076564,1,17,,,,,ve,0.0234
tree,15,3,1.0,0.5,211,lbp,1.417126103507351e-07,3.785323235902527e-07,1.315381280386206e-07,1.6969243670904993e-07,1,26,2.618399757015055e-07,,,,ve,0.0177
tree,15,3,1.0,0.5,211,gibbs,0.00151874712423466,0.0031439705789949868,0.0013970122696533114,0.0018535179743333682,1,2000,,5320.7,1.00026,2000,ve,15.5275
tree,15,3,1.3,0.5,211,exact,0.0,0.0,,,1,,,,,,ve,0.0044
tree,15,3,1.3,0.5,211,mf,0.10320820033865455,0.23695900192716282,0.11607203394247056,0.06783265792816046,1,56,,,,,ve,0.0165
tree,15,3,1.3,0.5,211,lbp,1.223658635742438e-07,3.387498866552763e-07,1.058075063152152e-07,1.6790134603657247e-07,1,28,2.4461685316223836e-07,,,,ve,0.0081
tree,15,3,1.3,0.5,211,gibbs,0.0022275979788369906,0.00655519329231781,0.002290745162848694,0.0020539432228048075,1,2000,,4350.3,1.00138,2000,ve,15.2134
tree,15,3,1.75,0.5,211,exact,0.0,0.0,,,1,,,,,,ve,0.0047
tree,15,3,1.75,0.5,211,mf,0.18623904686430473,0.40585602949156857,0.17939712219603532,0.2050543397020456,1,17,,,,,ve,0.0724
tree,15,3,1.75,0.5,211,lbp,6.484696043288865e-08,3.069131859489982e-07,5.3437445190093996e-08,9.622312735057398e-08,1,31,2.1874457090120814e-07,,,,ve,0.0094
tree,15,3,1.75,0.5,211,gibbs,0.004504151405814394,0.00978355075693324,0.004946241459167794,0.0032884037590925437,1,2000,,3642.4,1.00084,2000,ve,14.9595
tree,15,3,2.5,0.5,211,exact,0.0,0.0,,,1,,,,,,ve,0.0044
tree,15,3,2.5,0.5,211,mf,0.22849900375929522,0.5668600808571772,0.19521270565346896,0.3200363235503174,1,34,,,,,ve,0.0133
tree,15,3,2.5,0.5,211,lbp,1.468398297144527e-07,4.1002651531008016e-07,1.2823707884886315e-07,1.9799739459482393e-07,1,34,3.1290528623717506e-07,,,,ve,0.0299
tree,15,3,2.5,0.5,211,gibbs,0.011279315727523971,0.02284394961302373,0.010352921331850194,0.013826900315626861,1,2000,,1285.1,1.00429,2000,ve,14.8716
tree,15,3,4.0,0.5,211,exact,0.0,0.0,,,1,,,,,,ve,0.0069
tree,15,3,4.0,0.5,211,mf,0.23812166098314302,0.8895694103021216,0.15357572916334564,0.47062297348758586,1,7,,,,,ve,0.0117
tree,15,3,4.0,0.5,211,lbp,7.534090058116793e-08,1.8739105368814624e-07,6.815216065650632e-08,9.510993537398737e-08,1,38,2.3654478964463266e-07,,,,ve,0.0579
tree,15,3,4.0,0.5,211,gibbs,0.07150452825944593,0.11202498633038305,0.07702373393046179,0.05632671266415232,0,2000,,43.9,1.0649,2000,ve,15.9615
tree,15,3,0.0,1.5,211,exact,0.0,0.0,,,1,,,,,,ve,0.0051
tree,15,3,0.0,1.5,211,mf,2.4222522136222815e-16,5.48172618408671e-16,2.681724791725964e-16,1.708702623837155e-16,1,1,,,,,ve,0.0093
tree,15,3,0.0,1.5,211,lbp,2.476606882536222e-16,5.273559366969494e-16,2.796847349677152e-16,1.5959455978986625e-16,1,3,0.0,,,,ve,0.0512
tree,15,3,0.0,1.5,211,gibbs,7.0942094791230185e-15,1.5661083541118614e-14,6.3432529431104645e-15,9.159339953157541e-15,1,2000,,8180.1,1.00004,2000,ve,15.5836
tree,15,3,0.1,1.5,211,exact,0.0,0.0,,,1,,,,,,ve,0.0126
tree,15,3,0.1,1.5,211,mf,0.0003567829773436837,0.0009410001065280251,0.00038286113409464215,0.00028506804627854813,1,4,,,,,ve,0.0222
tree,15,3,0.1,1.5,211,lbp,7.516663444052246e-08,1.8277260325355593e-07,6.951246895792626e-08,9.071558951766201e-08,1,17,1.682340754483036e-07,,,,ve,0.0189
tree,15,3,0.1,1.5,211,gibbs,0.00012788919168023858,0.00027988184286694556,0.00011067267123987565,0.00017523462289123666,1,2000,,8097.9,0.99996,2000,ve,15.6311
tree,15,3,0.25,1.5,211,exact,0.0,0.0,,,1,,,,,,ve,0.0044
tree,15,3,0.25,1.5,211,mf,0.002291862476492106,0.005855114384444306,0.0024592126062389277,0.0018316496196883478,1,4,,,,,ve,0.0055
tree,15,3,0.25,1.5,211,lbp,7.069422825768205e-08,1.496203170560373e-07,7.151051125874432e-08,6.844945000476083e-08,1,19,1.5283968862744857e-07,,,,ve,0.0218
tree,15,3,0.25,1.5,211,gibbs,0.00033988191599634864,0.0011738363815542337,0.00027929795869695295,0.0005064877985696868,1,2000,,7840.3,1.00005,2000,ve,16.9914
tree,15,3,0.5,1.5,211,exact,0.0,0.0,,,1,,,,,,ve,0.0048
tree,15,3,0.5,1.5,211,mf,0.00966820163244888,0.023841326235195318,0.010201782334806432,0.008200854700965605,1,6,,,,,ve,0.0628
tree,15,3,0.5,1.5,211,lbp,1.303782631367073e-07,1.908733939619267e-07,1.3562786842745422e-07,1.1594184858715328e-07,1,21,2.489771769864646e-07,,,,ve,0.1384
tree,15,3,0.5,1.5,211,gibbs,0.0005470513402243072,0.0011232173012982113,0.000557401435370609,0.0005185885785719772,1,2000,,7533.7,1.00014,2000,ve,16.8755
tree,15,3,0.75,1.5,211,exact,0.0,0.0,,,1,,,,,,ve,0.0059
tree,15,3,0.75,1.5,211,mf,0.022873725762981852,0.05721076429936439,0.02363957598365073,0.020767637656142434,1,8,,,,,ve,0.0104
tree,15,3,0.75,1.5,211,lbp,1.8086879446423583e-07,4.777001941444481e-07,1.9290348583904257e-07,1.4777339318351734e-07,1,23,3.1146313761443167e-07,,,,ve,0.0277
tree,15,3,0.75,1.5,211,gibbs,0.0009585841430506214,0.0022453737602699253,0.0009335600154209028,0.0010274004940323475,1,2000,,6922.2,1.00027,2000,ve,16.9921
tree,15,3,1.0,1.5,211,exact,0.0,0.0,,,1,,,,,,ve,0.0047
tree,15,3,1.0,1.5,211,mf,0.04231300050250877,0.11400397374051062,0.042764774839621954,0.04107062107544751,1,13,,,,,ve,0.0461
tree,15,3,1.0,1.5,211,lbp,1.0343109521337065e-07,3.809829330070347e-07,1.1524904878509373e-07,7.093172289113214e-08,1,26,2.5690332250416503e-07,,,,ve,0.0989
tree,15,3,1.0,1.5,211,gibbs,0.002005794031473795,0.005307293532426348,0.0022597703473525646,0.0013073591628071785,1,2000,,5841.2,1.00041,2000,ve,17.0955
tree,15,3,1.3,1.5,211,exact,0.0,0.0,,,1,,,,,,ve,0.0222
tree,15,3,1.3,1.5,211,mf,0.08234069360701447,0.21127592183408828,0.08170118868969335,0.08409933212964749,1,26,,,,,ve,0.0843
tree,15,3,1.3,1.5,211,lbp,1.2573608444988357e-07,4.424009675124685e-07,1.320628445970183e-07,1.0833749404526305e-07,1,28,3.161245027416548e-07,,,,ve,0.0409
tree,15,3,1.3,1.5,211,gibbs,0.004039458697062179,0.00909692540234393,0.0046088295112223475,0.0024736889581217173,1,2000,,5232.0,1.0003,2000,ve,16.6647
tree,15,3,1.75,1.5,211,exact,0.0,0.0,,,1,,,,,,ve,0.0043
tree,15,3,1.75,1.5,211,mf,0.19584727410411382,0.35978027858572115,0.1952243103792388,0.1975604243475202,1,17,,,,,ve,0.0069
tree,15,3,1.75,1.5,211,lbp,1.371251167831336e-07,3.808438661379032e-07,1.210839245894439e-07,1.8123839531578034e-07,1,31,2.8138778962460975e-07,,,,ve,0.0099
tree,15,3,1.75,1.5,211,gibbs,0.004032286323116759,0.009350561051229861,0.004577593702260425,0.002532691030471675,1,2000,,3449.1,1.00034,2000,ve,15.5321
tree,15,3,2.5,1.5,211,exact,0.0,0.0,,,1,,,,,,ve,0.0043
tree,15,3,2.5,1.5,211,mf,0.264944721687619,0.5204377859966346,0.2541312225432675,0.2946818443345857,1,9,,,,,ve,0.0036
tree,15,3,2.5,1.5,211,lbp,6.455408110764051e-08,2.986394701184891e-07,4.7047553848584604e-08,1.1269703107004425e-07,1,36,2.2473041716430942e-07,,,,ve,0.0114
tree,15,3,2.5,1.5,211,gibbs,0.008730297398582087,0.01819058892904397,0.007850695174336722,0.011149203515256847,1,2000,,1669.3,1.0026,2000,ve,15.3283
tree,15,3,4.0,1.5,211,exact,0.0,0.0,,,1,,,,,,ve,0.005
tree,15,3,4.0,1.5,211,mf,0.3949775142144316,0.7897681756644515,0.3746098478094661,0.45098859682808656,1,6,,,,,ve,0.0035
tree,15,3,4.0,1.5,211,lbp,7.136526563823395e-08,3.079774226217441e-07,5.274001905517914e-08,1.2258469374163469e-07,1,40,2.3046478092592082e-07,,,,ve,0.0185
tree,15,3,4.0,1.5,211,gibbs,0.07509594368249596,0.10218200222926509,0.07544116539696126,0.07414658396771641,0,2000,,162.3,1.01113,2000,ve,25.2815
tree,15,3,0.0,0.5,212,exact,0.0,0.0,,,1,,,,,,ve,0.0056
tree,15,3,0.0,0.5,212,mf,3.099372610411895e-16,7.077671781985373e-16,3.3874418421801653e-16,2.3071822230491534e-16,1,1,,,,,ve,0.0059
tree,15,3,0.0,0.5,212,lbp,3.122502256758253e-16,7.077671781985373e-16,3.4063660982817305e-16,2.3418766925686896e-16,1,3,0.0,,,,ve,0.0122
tree,15,3,0.0,0.5,212,gibbs,8.969908149580874e-15,1.7808671204377902e-14,8.716512360380917e-15,9.666746569880758e-15,1,2000,,8306.4,0.99983,2000,ve,26.4135
tree,15,3,0.1,0.5,212,exact,0.0,0.0,,,1,,,,,,ve,0.0045
tree,15,3,0.1,0.5,212,mf,0.00034050980515496463,0.0008904349097698869,0.00036779020626682664,0.00026548870209734416,1,4,,,,,ve,0.0454
tree,15,3,0.1,0.5,212,lbp,1.0451455630712999e-07,2.434219220845413e-07,1.1857889672635023e-07,6.58376201542743e-08,1,16,2.4504858214813297e-07,,,,ve,0.0782
tree,15,3,0.1,0.5,212,gibbs,0.0002868043487439777,0.0006932718978261178,0.00029710204135673514,0.0002584856940588947,1,2000,,8333.4,0.9998,2000,ve,26.2422
tree,15,3,0.25,0.5,212,exact,0.0,0.0,,,1,,,,,,ve,0.0128
tree,15,3,0.25,0.5,212,mf,0.002075251618024906,0.005749620357966202,0.002262585208634041,0.0015600842438497856,1,5,,,,,ve,0.1078
tree,15,3,0.25,0.5,212,lbp,1.285931554813787e-07,2.5530483269142756e-07,1.572616578942133e-07,4.975477384608351e-08,1,18,2.4771539164358813e-07,,,,ve,0.0383
tree,15,3,0.25,0.5,212,gibbs,0.0007753553699820438,0.0021031484225382466,0.0007920614553331356,0.0007294136352665416,1,2000,,7992.9,0.99992,2000,ve,25.793
tree,15,3,0.5,0.5,212,exact,0.0,0.0,,,1,,,,,,ve,0.0064
tree,15,3,0.5,0.5,212,mf,0.008555538384514404,0.025285196035364547,0.009277740614203974,0.006569482252868093,1,8,,,,,ve,0.0319
tree,15,3,0.5,0.5,212,lbp,1.7949370428316236e-07,3.140481392577277e-07,1.7754961267690322e-07,1.8483995620037497e-07,1,21,2.2777322589151439e-07,,,,ve,0.1381
tree,15,3,0.5,0.5,212,gibbs,0.00199240581684353,0.005204870901946088,0.002022571156324112,0.0019094511332719295,1,2000,,7708.5,0.99985,2000,ve,27.4145
tree,15,3,0.75,0.5,212,exact,0.0,0.0,,,1,,,,,,ve,0.0172
tree,15,3,0.75,0.5,212,mf,0.02168847675241725,0.06726055292680802,0.02268454785088528,0.018949281231630175,1,14,,,,,ve,0.1515
tree,15,3,0.75,0.5,212,lbp,2.5975165182171025e-07,5.530056959059115e-07,2.644169974439705e-07,2.469219513604945e-07,1,24,3.4584936575710046e-07,,,,ve,0.0527
tree,15,3,0.75,0.5,212,gibbs,0.003029014739340105,0.006138772940104089,0.003001708173606989,0.0031041077951061737,1,2000,,7014.2,1.00023,2000,ve,22.2259
tree,15,3,1.0,0.5,212,exact,0.0,0.0,,,1,,,,,,ve,0.011
tree,15,3,1.0,0.5,212,mf,0.049671507438861416,0.15617835954213394,0.04757413908299359,0.05543927041749793,1,40,,,,,ve,0.2899
tree,15,3,1.0,0.5,212,lbp,1.7162333952001434e-07,5.325594600660843e-07,1.9559770215089742e-07,1.0569384228508588e-07,1,28,3.0631991299046035e-07,,,,ve,0.0389
tree,15,3,1.0,0.5,212,gibbs,0.0025530459150116852,0.005757124396004447,0.0023764150068378304,0.0030387809124897865,1,2000,,6264.1,1.0,2000,ve,23.9434
tree,15,3,1.3,0.5,212,exact,0.0,0.0,,,1,,,,,,ve,0.0049
tree,15,3,1.3,0.5,212,mf,0.23110579082094443,0.42489153401767976,0.22274368205069023,0.2541015899391433,1,26,,,,,ve,0.1173
tree,15,3,1.3,0.5,212,lbp,9.693475677696739e-08,3.436730861942905e-07,1.1788997436905747e-07,3.930790839871967e-08,1,32,2.2584669318037598e-07,,,,ve,0.0479
tree,15,3,1.3,0.5,212,gibbs,0.004306518872179375,0.008381802921803964,0.004490003020913448,0.003801937463160672,1,2000,,5553.8,1.00007,2000,ve,22.6712
tree,15,3,1.75,0.5,212,exact,0.0,0.0,,,1,,,,,,ve,0.007
tree,15,3,1.75,0.5,212,mf,0.39272737960356224,0.6478044495867059,0.382699989586956,0.4203027021492296,1,11,,,,,ve,0.0351
tree,15,3,1.75,0.5,212,lbp,9.535941241298196e-08,3.4242813503303215e-07,1.1975516450145204e-07,2.827109416968926e-08,1,35,2.522732618359669e-07,,,,ve,0.0968
tree,15,3,1.75,0.5,212,gibbs,0.005672795463444713,0.013189897641920172,0.005812609338320373,0.005288307307536646,1,2000,,2874.9,1.00048,2000,ve,22.2274
tree,15,3,2.5,0.5,212,exact,0.0,0.0,,,1,,,,,,ve,0.0239
tree,15,3,2.5,0.5,212,mf,0.5843861041630389,0.8234763258436832,0.5816584385520426,0.5918871845932789,1,7,,,,,ve,0.0632
tree,15,3,2.5,0.5,212,lbp,7.360822720127215e-08,2.496469876430568e-07,9.398772293013424e-08,1.7564613946901425e-08,1,38,2.1852990728099542e-07,,,,ve,0.1829
tree,15,3,2.5,0.5,212,gibbs,0.01724475976471409,0.034231469326543806,0.016050371539454676,0.020529327384177478,1,2000,,780.8,1.0019,2000,ve,21.6449
tree,15,3,4.0,0.5,212,exact,0.0,0.0,,,1,,,,,,ve,0.0066
tree,15,3,4.0,0.5,212,mf,0.8554146665616515,0.9676293497028439,0.8569285822909257,0.8512513983061474,1,6,,,,,ve,0.0337
tree,15,3,4.0,0.5,212,lbp,6.254818306529695e-08,1.873127051937873e-07,7.964424819453746e-08,1.553400395988558e-08,1,39,2.6155796706284207e-07,,,,ve,0.1881
tree,15,3,4.0,0.5,212,gibbs,0.02250489954466167,0.030044998904409544,0.02139934515060923,0.025545174128305884,0,2000,,96.9,1.02837,2000,ve,22.1879
tree,15,3,0.0,1.5,212,exact,0.0,0.0,,,1,,,,,,ve,0.0052
tree,15,3,0.0,1.5,212,mf,2.1510571102112408e-16,4.0592529337857286e-16,2.1479030675276465e-16,2.1597307275911248e-16,1,1,,,,,ve,0.0005
tree,15,3,0.0,1.5,212,lbp,2.2435756955966707e-16,4.2674197509029455e-16,2.2236000919339074e-16,2.2985086056692694e-16,1,3,0.0,,,,ve,0.0008
tree,15,3,0.0,1.5,212,gibbs,7.329669278928937e-15,1.860317455637528e-14,6.407595413855786e-15,9.865372407880102e-15,1,2000,,8138.3,0.99997,2000,ve,10.0681
tree,15,3,0.1,1.5,212,exact,0.0,0.0,,,1,,,,,,ve,0.0049
tree,15,3,0.1,1.5,212,mf,0.00038347118711099144,0.0009648934366708432,0.00043018720694722195,0.00025500213256135756,1,4,,,,,ve,0.0101
tree,15,3,0.1,1.5,212,lbp,1.215735167828247e-07,3.0405885997897286e-07,1.3720967007876445e-07,7.857409521899034e-08,1,16,2.4504858214813297e-07,,,,ve,0.0273
tree,15,3,0.1,1.5,212,gibbs,0.00013910144603202675,0.0004641592166539088,0.0001285035458776565,0.0001682456714565449,1,2000,,8366.3,1.00023,2000,ve,10.4083
tree,15,3,0.25,1.5,212,exact,0.0,0.0,,,1,,,,,,ve,0.005
tree,15,3,0.25,1.5,212,mf,0.002395735988816301,0.0062344189726056855,0.0026526205219526834,0.0016893035226912493,1,5,,,,,ve,0.0039
tree,15,3,0.25,1.5,212,lbp,1.3990166718528633e-07,2.5854547844664233e-07,1.4638127616920718e-07,1.2208274247950401e-07,1,18,2.748568828647713e-07,,,,ve,0.0118
tree,15,3,0.25,1.5,212,gibbs,0.00037743674225430325,0.0012288319927615532,0.00036436758998401216,0.00041337691099760376,1,2000,,8303.3,1.00024,2000,ve,10.6121
tree,15,3,0.5,1.5,212,exact,0.0,0.0,,,1,,,,,,ve,0.0045
tree,15,3,0.5,1.5,212,mf,0.009832567260070915,0.026507909024924767,0.010263952938004138,0.00864625664575455,1,7,,,,,ve,0.0029
tree,15,3,0.5,1.5,212,lbp,1.6542803328104445e-07,3.4822281606491923e-07,1.6515737467173594e-07,1.6617234445664292e-07,1,21,2.4675174226107544e-07,,,,ve,0.0067
tree,15,3,0.5,1.5,212,gibbs,0.0012843133448311903,0.003492623860046687,0.0012325463956788804,0.0014266724550000432,1,2000,,7942.7,1.00049,2000,ve,10.8497
tree,15,3,0.75,1.5,212,exact,0.0,0.0,,,1,,,,,,ve,0.0045
tree,15,3,0.75,1.5,212,mf,0.02433366514435872,0.06399752273063569,0.02418256961103071,0.024749177861010774,1,11,,,,,ve,0.009
tree,15,3,0.75,1.5,212,lbp,1.705947939027036e-07,4.398922342115086e-07,1.7448139713589267e-07,1.5990663501143365e-07,1,24,2.7084607134852945e-07,,,,ve,0.02
tree,15,3,0.75,1.5,212,gibbs,0.0020626581822428603,0.00422071164065832,0.0019317401769942066,0.002422682696676658,1,2000,,7349.8,1.00045,2000,ve,10.8386
tree,15,3,1.0,1.5,212,exact,0.0,0.0,,,1,,,,,,ve,0.0047
tree,15,3,1.0,1.5,212,mf,0.051495335574560756,0.1254964080417314,0.05072109519345134,0.05362449662261163,1,16,,,,,ve,0.0053
tree,15,3,1.0,1.5,212,lbp,1.649303183890588e-07,4.4687187282684004e-07,1.7975770634582913e-07,1.241550015079404e-07,1,27,3.0496453906625476e-07,,,,ve,0.0078
tree,15,3,1.0,1.5,212,gibbs,0.003285842142404342,0.008670107650203068,0.0027609810234176637,0.004729210219617706,1,2000,,6646.6,1.00064,2000,ve,10.5499
tree,15,3,1.3,1.5,212,exact,0.0,0.0,,,1,,,,,,ve,0.0055
tree,15,3,1.3,1.5,212,mf,0.09997240482898082,0.21781976504114156,0.0997326196689566,0.10063181401904736,1,25,,,,,ve,0.0291
tree,15,3,1.3,1.5,212,lbp,1.6218042355534147e-07,4.5546576305302566e-07,1.861200192608169e-07,9.634653536528398e-08,1,30,3.4416762212385876e-07,,,,ve,0.0349
tree,15,3,1.3,1.5,212,gibbs,0.002292940234041914,0.006255073910080372,0.0022450392380567387,0.0024246679730011477,1,2000,,5001.5,1.00009,2000,ve,11.2023
tree,15,3,1.75,1.5,212,exact,0.0,0.0,,,1,,,,,,ve,0.0045
tree,15,3,1.75,1.5,212,mf,0.24025312720383782,0.4755732250780623,0.22141649562517987,0.2920538640451472,1,42,,,,,ve,0.0175
tree,15,3,1.75,1.5,212,lbp,1.034470672256251e-07,2.941999061919359e-07,1.234638483644637e-07,4.840091909381894e-08,1,34,2.3051859487921433e-07,,,,ve,0.0149
tree,15,3,1.75,1.5,212,gibbs,0.006612851664307713,0.018050379368727512,0.006404028996574365,0.007187114000574427,1,2000,,2248.7,1.00057,2000,ve,11.1741
tree,15,3,2.5,1.5,212,exact,0.0,0.0,,,1,,,,,,ve,0.0045
tree,15,3,2.5,1.5,212,mf,0.6240630641403325,0.9074677256486532,0.6011498886635878,0.6870742967013805,1,9,,,,,ve,0.0062
tree,15,3,2.5,1.5,212,lbp,8.626041991527158e-08,2.331553718417853e-07,1.0556678208765297e-07,3.3167923941222754e-08,1,37,2.2862585014049586e-07,,,,ve,0.0214
tree,15,3,2.5,1.5,212,gibbs,0.00985863037199336,0.01795977773569951,0.009178847862685425,0.011728032272590182,1,2000,,882.6,1.00072,2000,ve,10.4015
tree,15,3,4.0,1.5,212,exact,0.0,0.0,,,1,,,,,,ve,0.0049
tree,15,3,4.0,1.5,212,mf,0.8812897268087468,0.9878690858207093,0.873314946991017,0.9032203713075039,1,6,,,,,ve,0.0031
tree,15,3,4.0,1.5,212,lbp,3.865847474944275e-08,1.015999562085923e-07,4.791869243614474e-08,1.3192876111012275e-08,1,39,2.816526795124119e-07,,,,ve,0.0171
tree,15,3,4.0,1.5,212,gibbs,0.019483439154940288,0.026860455470005054,0.019559445350299912,0.019274422117701313,0,2000,,394.5,1.01008,2000,ve,12.4453
tree,15,3,0.0,0.5,213,exact,0.0,0.0,,,1,,,,,,ve,0.0048
tree,15,3,0.0,0.5,213,mf,4.2304123167487737e-16,9.71445146547012e-16,4.0939474033052647e-16,4.605690828718423e-16,1,1,,,,,ve,0.003
tree,15,3,0.0,0.5,213,lbp,4.2234734228448664e-16,9.43689570931383e-16,4.1002554886724533e-16,4.562322741819003e-16,1,3,0.0,,,,ve,0.0062
tree,15,3,0.0,0.5,213,gibbs,6.90986619774255e-15,1.3308798507694064e-14,7.153211104257455e-15,6.2406677048265635e-15,1,2000,,8079.9,1.00028,2000,ve,12.661
tree,15,3,0.1,0.5,213,exact,0.0,0.0,,,1,,,,,,ve,0.0045
tree,15,3,0.1,0.5,213,mf,0.00042975291280327,0.0009987325940845615,0.0003554185501334166,0.000634172410145367,1,4,,,,,ve,0.0024
tree,15,3,0.1,0.5,213,lbp,6.264998843423519e-08,1.7948376072884908e-07,6.027457396563796e-08,6.91823782228776e-08,1,17,2.1641117842197133e-07,,,,ve,0.0071
tree,15,3,0.1,0.5,213,gibbs,0.00022898593019113968,0.000560526947386536,0.0002571953227752997,0.00015141010058469968,1,2000,,8019.9,0.99997,2000,ve,11.3277
tree,15,3,0.25,0.5,213,exact,0.0,0.0,,,1,,,,,,ve,0.0057
tree,15,3,0.25,0.5,213,mf,0.0027188274850117487,0.006384135962449772,0.002232556936527565,0.004056071493343255,1,5,,,,,ve,0.0025
tree,15,3,0.25,0.5,213,lbp,4.515839699461658e-08,1.4454592221074813e-07,4.020810429949572e-08,5.877170190619896e-08,1,20,1.5247866957945888e-07,,,,ve,0.0101
tree,15,3,0.25,0.5,213,gibbs,0.00044262773220503496,0.0011360277958037054,0.0004702783631813101,0.0003665884970202784,1,2000,,7628.0,0.99974,2000,ve,10.6529
tree,15,3,0.5,0.5,213,exact,0.0,0.0,,,1,,,,,,ve,0.0047
tree,15,3,0.5,0.5,213,mf,0.010942243427162641,0.026652019213676555,0.008855217647852605,0.016681564320265237,1,7,,,,,ve,0.0035
tree,15,3,0.5,0.5,213,lbp,1.1578964310421381e-07,2.825893073363228e-07,1.1079395603205194e-07,1.295277825526589e-07,1,22,2.061165088051986e-07,,,,ve,0.0186
tree,15,3,0.5,0.5,213,gibbs,0.000713624854204958,0.001406367735008962,0.000787590720402919,0.0005102187221605655,1,2000,,7292.7,1.00005,2000,ve,10.7505
tree,15,3,0.75,0.5,213,exact,0.0,0.0,,,1,,,,,,ve,0.0054
tree,15,3,0.75,0.5,213,mf,0.024708999178075126,0.06345488206032464,0.019832567429064165,0.03811918648785528,1,9,,,,,ve,0.0039
tree,15,3,0.75,0.5,213,lbp,1.5591191927395258e-07,2.773117912940881e-07,1.4421337632597958e-07,1.8808291238087832e-07,1,25,2.0833207148296395e-07,,,,ve,0.0109
tree,15,3,0.75,0.5,213,gibbs,0.0013555119177021536,0.002109023914337288,0.0013907216410354959,0.0012586851785354623,1,2000,,6785.6,0.99988,2000,ve,9.7371
tree,15,3,1.0,0.5,213,exact,0.0,0.0,,,1,,,,,,ve,0.005
tree,15,3,1.0,0.5,213,mf,0.04537588853949672,0.122634867381468,0.03733415129997053,0.06749066594819376,1,15,,,,,ve,0.0062
tree,15,3,1.0,0.5,213,lbp,2.339078187297422e-07,5.315030621316774e-07,2.2163470893430226e-07,2.67658870667202e-07,1,27,3.427073530515301e-07,,,,ve,0.01
tree,15,3,1.0,0.5,213,gibbs,0.002226439753030175,0.005426638864425501,0.0018045066287298767,0.003386755844855994,1,2000,,6288.5,0.99981,2000,ve,9.7593
tree,15,3,1.3,0.5,213,exact,0.0,0.0,,,1,,,,,,ve,0.0065
tree,15,3,1.3,0.5,213,mf,0.08546327307700938,0.24635189103170319,0.08127520402141725,0.09698046297988776,1,50,,,,,ve,0.0228
tree,15,3,1.3,0.5,213,lbp,1.8695564474070782e-07,4.6408218712379323e-07,1.839428241615787e-07,1.9524090133331284e-07,1,30,3.1636303848836533e-07,,,,ve,0.0135
tree,15,3,1.3,0.5,213,gibbs,0.003375734041871885,0.006840560994549577,0.00291146288540535,0.004652479722154856,1,2000,,5398.9,1.0,2000,ve,9.5597
tree,15,3,1.75,0.5,213,exact,0.0,0.0,,,1,,,,,,ve,0.0047
tree,15,3,1.75,0.5,213,mf,0.263566127433679,0.5211539570693674,0.23661428130099635,0.33768370429855626,1,25,,,,,ve,0.0109
tree,15,3,1.75,0.5,213,lbp,1.689633792122692e-07,4.245342844488853e-07,1.7238785190627706e-07,1.595460793037476e-07,1,33,3.153391837651398e-07,,,,ve,0.0137
tree,15,3,1.75,0.5,213,gibbs,0.009305235117813386,0.01901507557598025,0.008125051841602178,0.012550739127394203,1,2000,,3576.0,1.00006,2000,ve,9.582
tree,15,3,2.5,0.5,213,exact,0.0,0.0,,,1,,,,,,ve,0.0056
tree,15,3,2.5,0.5,213,mf,0.280511457652394,0.4772492082977182,0.24854763220672169,0.3684119776279928,1,18,,,,,ve,0.0153
tree,15,3,2.5,0.5,213,lbp,8.495503072923164e-08,2.1511661447981556e-07,8.957561075901742e-08,7.224843564732075e-08,1,37,1.9965272318733795e-07,,,,ve,0.0261
tree,15,3,2.5,0.5,213,gibbs,0.029022274598724203,0.05120701916375402,0.026380866557198002,0.03628614671292125,1,2000,,1050.6,1.00426,2000,ve,9.792
tree,15,3,4.0,0.5,213,exact,0.0,0.0,,,1,,,,,,ve,0.0049
tree,15,3,4.0,0.5,213,mf,0.4943930782217,0.894152740031128,0.4436123782187543,0.6340400032298007,1,11,,,,,ve,0.01
tree,15,3,4.0,0.5,213,lbp,6.081370443426307e-08,1.6375369193272205e-07,6.471922773204125e-08,5.007351536537308e-08,1,40,1.993645580844472e-07,,,,ve,0.0247
tree,15,3,4.0,0.5,213,gibbs,0.12758330744362928,0.1822733985942883,0.11691208950952206,0.15692915676242414,0,2000,,29.9,1.09684,2000,ve,9.8931
tree,15,3,0.0,1.5,213,exact,0.0,0.0,,,1,,,,,,ve,0.0056
tree,15,3,0.0,1.5,213,mf,3.523801620867554e-16,7.91033905045424e-16,3.4741780159790056e-16,3.660266534311063e-16,1,1,,,,,ve,0.0026
tree,15,3,0.0,1.5,213,lbp,3.589721112954673e-16,7.632783294297951e-16,3.4221363116997014e-16,4.0505793164058446e-16,1,3,0.0,,,,ve,0.0032
tree,15,3,0.0,1.5,213,gibbs,5.458538713624487e-15,1.246919234532129e-14,5.00917173901721e-15,6.6942978937944986e-15,1,2000,,8249.8,0.99994,2000,ve,9.8812
tree,15,3,0.1,1.5,213,exact,0.0,0.0,,,1,,,,,,ve,0.0048
tree,15,3,0.1,1.5,213,mf,0.00035089300148882845,0.0006974008369098339,0.00028651360017816515,0.0005279363550931525,1,4,,,,,ve,0.0024
tree,15,3,0.1,1.5,213,lbp,5.8883872945236086e-08,2.408715247953497e-07,5.460715638325333e-08,7.064484349068867e-08,1,17,2.189258670459715e-07,,,,ve,0.0101
tree,15,3,0.1,1.5,213,gibbs,0.00017337693146969067,0.00035131398683616033,0.00015240895099605226,0.00023103887777219632,1,2000,,8206.3,0.99998,2000,ve,9.6097
tree,15,3,0.25,1.5,213,exact,0.0,0.0,,,1,,,,,,ve,0.0047
tree,15,3,0.25,1.5,213,mf,0.0022442001090718874,0.004323106922276443,0.0018465645657997334,0.003337697853070312,1,4,,,,,ve,0.0029
tree,15,3,0.25,1.5,213,lbp,3.6967490019366535e-08,7.920129393990116e-08,3.101552240036831e-08,5.333540097161166e-08,1,20,1.7891468223618645e-07,,,,ve,0.0136
tree,15,3,0.25,1.5,213,gibbs,0.00047121795926331896,0.0008376687672819183,0.00039811406822024155,0.0006722536596317817,1,2000,,7988.6,0.99983,2000,ve,9.8813
tree,15,3,0.5,1.5,213,exact,0.0,0.0,,,1,,,,,,ve,0.0046
tree,15,3,0.5,1.5,213,mf,0.00909640409096143,0.01879096792699421,0.007561743524891193,0.013316720647654583,1,6,,,,,ve,0.0039
tree,15,3,0.5,1.5,213,lbp,8.378045456098813e-08,1.828459462449583e-07,7.926177741044534e-08,9.620681672498077e-08,1,22,1.7465512286429785e-07,,,,ve,0.0106
tree,15,3,0.5,1.5,213,gibbs,0.0008757448829560442,0.0019819223984941757,0.0007347590916621068,0.0012634558090143721,1,2000,,7576.6,0.99997,2000,ve,9.8163
tree,15,3,0.75,1.5,213,exact,0.0,0.0,,,1,,,,,,ve,0.005
tree,15,3,0.75,1.5,213,mf,0.02037806711997542,0.04580807770199974,0.017201585452878042,0.02911339170449322,1,8,,,,,ve,0.0039
tree,15,3,0.75,1.5,213,lbp,1.5825277690850622e-07,4.789854789882808e-07,1.4177917160210313e-07,2.0355519150111467e-07,1,24,3.3404585059182423e-07,,,,ve,0.0079
tree,15,3,0.75,1.5,213,gibbs,0.001213169589482663,0.002910960773939278,0.0008690456267518604,0.00215951048699237,1,2000,,7286.7,0.99978,2000,ve,9.7565
tree,15,3,1.0,1.5,213,exact,0.0,0.0,,,1,,,,,,ve,0.0049
tree,15,3,1.0,1.5,213,mf,0.03660165830723823,0.0892288445299521,0.032118286849152494,0.04893092981697399,1,16,,,,,ve,0.0059
tree,15,3,1.0,1.5,213,lbp,1.2983250523342788e-07,4.1295514194295e-07,1.1751379553310684e-07,1.6370895690931073e-07,1,27,2.953361553648115e-07,,,,ve,0.0092
tree,15,3,1.0,1.5,213,gibbs,0.0015488771193660096,0.002891214943604073,0.0014918996410964226,0.0017055651846073728,1,2000,,6574.9,1.00019,2000,ve,9.4615
tree,15,3,1.3,1.5,213,exact,0.0,0.0,,,1,,,,,,ve,0.0049
tree,15,3,1.3,1.5,213,mf,0.07669713427169784,0.21778454203626574,0.07158609399810958,0.09075249502406553,1,58,,,,,ve,0.0287
tree,15,3,1.3,1.5,213,lbp,1.0332683065371098e-07,3.2525435240959855e-07,9.636407913270133e-08,1.2247439733648752e-07,1,30,2.3587105563160904e-07,,,,ve,0.0162
tree,15,3,1.3,1.5,213,gibbs,0.00372847874552952,0.007660950855097298,0.0035536259281439553,0.004209323993339823,1,2000,,5134.3,1.00032,2000,ve,10.1004
tree,15,3,1.75,1.5,213,exact,0.0,0.0,,,1,,,,,,ve,0.0047
tree,15,3,1.75,1.5,213,mf,0.20736705817748755,0.560499302907187,0.1891315905779818,0.25751459407612837,1,101,,,,,ve,0.0624
tree,15,3,1.75,1.5,213,lbp,1.0260060033263444e-07,3.105591318552925e-07,9.921404060698268e-08,1.1191363957817682e-07,1,33,2.8785816352794313e-07,,,,ve,0.0349
tree,15,3,1.75,1.5,213,gibbs,0.005930621501019064,0.012585957722397477,0.005218602242873958,0.007888674460918106,1,2000,,3416.8,1.00012,2000,ve,10.3335
tree,15,3,2.5,1.5,213,exact,0.0,0.0,,,1,,,,,,ve,0.0054
tree,15,3,2.5,1.5,213,mf,0.4394123008058735,0.7782140435336923,0.3769890931225324,0.6110761219350618,1,15,,,,,ve,0.0048
tree,15,3,2.5,1.5,213,lbp,6.174439323082247e-08,1.7148358940483055e-07,6.294829886847733e-08,5.8433652727271634e-08,1,37,2.655484035996025e-07,,,,ve,0.0117
tree,15,3,2.5,1.5,213,gibbs,0.020427990974565834,0.051564510239208994,0.01913551490616191,0.02398230016267664,1,2000,,864.1,1.0048,2000,ve,9.2697
tree,15,3,4.0,1.5,213,exact,0.0,0.0,,,1,,,,,,ve,0.0049
tree,15,3,4.0,1.5,213,mf,0.6077424552852801,0.9230642535006744,0.5432576536554473,0.7850756597673206,1,7,,,,,ve,0.0043
tree,15,3,4.0,1.5,213,lbp,4.5148354032285325e-08,1.2397651921736141e-07,4.9206455227778244e-08,3.398857574467978e-08,1,40,3.223304836375007e-07,,,,ve,0.0253
tree,15,3,4.0,1.5,213,gibbs,0.03191174375181378,0.05149284977523143,0.028734946864736453,0.04064793519127642,0,2000,,24.8,1.10664,2000,ve,9.0097
tree,15,3,0.0,0.5,214,exact,0.0,0.0,,,1,,,,,,ve,0.0044
tree,15,3,0.0,0.5,214,mf,2.6853519408120976e-16,6.210310043996969e-16,2.580006915180051e-16,2.975050761300224e-16,1,1,,,,,ve,0.0011
tree,15,3,0.0,0.5,214,lbp,2.687664905446733e-16,6.210310043996969e-16,2.5011558480901965e-16,3.200564813177209e-16,1,3,0.0,,,,ve,0.0019
tree,15,3,0.0,0.5,214,gibbs,1.0396429087992468e-14,1.9748092050519972e-14,9.44840796510895e-15,1.3003487175922146e-14,1,2000,,7527.7,1.0005,2000,ve,8.1564
tree,15,3,0.1,0.5,214,exact,0.0,0.0,,,1,,,,,,ve,0.0047
tree,15,3,0.1,0.5,214,mf,0.00032326805556391126,0.0009918297304821015,0.000348018760834465,0.00025520361606988853,1,4,,,,,ve,0.0016
tree,15,3,0.1,0.5,214,lbp,6.064427188270938e-08,1.8837261994697485e-07,5.8260440331613976e-08,6.719980864822173e-08,1,17,1.5607382236604295e-07,,,,ve,0.0046
tree,15,3,0.1,0.5,214,gibbs,0.0002998570834797478,0.0008306755859669099,0.00035015752893060914,0.00016153085848987902,1,2000,,7409.5,1.00077,2000,ve,7.8684
tree,15,3,0.25,0.5,214,exact,0.0,0.0,,,1,,,,,,ve,0.0046
tree,15,3,0.25,0.5,214,mf,0.002140049180838495,0.006466335162615806,0.002347258429721269,0.0015702237464108662,1,5,,,,,ve,0.0022
tree,15,3,0.25,0.5,214,lbp,8.637732001372707e-08,1.800193163495334e-07,8.932204474234898e-08,7.827932701001683e-08,1,19,2.0094936376002792e-07,,,,ve,0.0078
tree,15,3,0.25,0.5,214,gibbs,0.0008791810714529928,0.0024368961911556478,0.0010182830033993533,0.0004966507586005014,1,2000,,7395.3,1.00069,2000,ve,7.6527
tree,15,3,0.5,0.5,214,exact,0.0,0.0,,,1,,,,,,ve,0.0057
tree,15,3,0.5,0.5,214,mf,0.010022304171686843,0.027879088791250863,0.011487216792510947,0.005993794464420563,1,8,,,,,ve,0.0032
tree,15,3,0.5,0.5,214,lbp,1.64734781745469e-07,4.773255745105232e-07,1.8224535159092942e-07,1.1658071467045283e-07,1,22,2.787259661407582e-07,,,,ve,0.0072
tree,15,3,0.5,0.5,214,gibbs,0.001760265406890391,0.004970953531340104,0.0020524931893250026,0.0009566390051952084,1,2000,,7524.3,1.00047,2000,ve,7.4684
tree,15,3,0.75,0.5,214,exact,0.0,0.0,,,1,,,,,,ve,0.0043
tree,15,3,0.75,0.5,214,mf,0.026819057179035013,0.06859841723430055,0.03214282629757154,0.012178692103059548,1,12,,,,,ve,0.005
tree,15,3,0.75,0.5,214,lbp,1.234101058047767e-07,3.314898809336775e-07,1.1619481611744133e-07,1.43252152444949e-07,1,26,2.1034490482740864e-07,,,,ve,0.0087
tree,15,3,0.75,0.5,214,gibbs,0.002283971716551381,0.0049707228397845235,0.0025540989484389123,0.0015411218288606697,1,2000,,6967.6,0.99986,2000,ve,7.7873
tree,15,3,1.0,0.5,214,exact,0.0,0.0,,,1,,,,,,ve,0.0043
tree,15,3,1.0,0.5,214,mf,0.056290177570804255,0.13646470864443208,0.06996320124710967,0.018689362460964348,1,19,,,,,ve,0.0067
tree,15,3,1.0,0.5,214,lbp,1.878946778540123e-07,4.192813317337174e-07,1.5958173196599368e-07,2.657552790460635e-07,1,28,3.4915245905597914e-07,,,,ve,0.0104
tree,15,3,1.0,0.5,214,gibbs,0.002551192571946459,0.006575984496989928,0.0028077553066882927,0.0018456450514064146,1,2000,,6155.8,1.00027,2000,ve,6.8829
tree,15,3,1.3,0.5,214,exact,0.0,0.0,,,1,,,,,,ve,0.0043
tree,15,3,1.3,0.5,214,mf,0.11214636606243218,0.26059516936478083,0.13947599668963823,0.03698988183761554,1,26,,,,,ve,0.0107
tree,15,3,1.3,0.5,214,lbp,1.5298953088052162e-07,3.3970384468243187e-07,1.1847626004925732e-07,2.4790102566649846e-07,1,31,3.3615355488070264e-07,,,,ve,0.0116
tree,15,3,1.3,0.5,214,gibbs,0.004923528538065227,0.010854464611732003,0.005255946542772536,0.004009379025120124,1,2000,,5540.1,1.00007,2000,ve,6.9825
tree,15,3,1.75,0.5,214,exact,0.0,0.0,,,1,,,,,,ve,0.0042
tree,15,3,1.75,0.5,214,mf,0.21599394639363514,0.42369874317657086,0.2472102936161273,0.1301489915317817,1,70,,,,,ve,0.028
tree,15,3,1.75,0.5,214,lbp,1.371866984153462e-07,3.667921782204986e-07,9.796232082376091e-08,2.4505373679220566e-07,1,34,3.044236382976351e-07,,,,ve,0.0132
tree,15,3,1.75,0.5,214,gibbs,0.012780420252779635,0.02076040670784835,0.013801046089447629,0.009973699201942635,1,2000,,2645.8,1.00074,2000,ve,6.6631
tree,15,3,2.5,0.5,214,exact,0.0,0.0,,,1,,,,,,ve,0.0043
tree,15,3,2.5,0.5,214,mf,0.37559861062168437,0.6668298656515549,0.4105167163195478,0.27957381995256003,1,24,,,,,ve,0.0097
tree,15,3,2.5,0.5,214,lbp,9.622446091479368e-08,2.9543435802956153e-07,6.52221512070026e-08,1.8148081261121912e-07,1,37,2.520311422893329e-07,,,,ve,0.0141
tree,15,3,2.5,0.5,214,gibbs,0.01356067744879493,0.025137603595427147,0.01452448394286941,0.010910209590090108,1,2000,,631.7,1.0026,2000,ve,6.894
tree,15,3,4.0,0.5,214,exact,0.0,0.0,,,1,,,,,,ve,0.0044
tree,15,3,4.0,0.5,214,mf,0.530051025580842,0.9433954956817439,0.5656055555644682,0.43227606812587005,1,17,,,,,ve,0.0073
tree,15,3,4.0,0.5,214,lbp,3.7325364559235896e-08,9.726526087588255e-08,2.6125652300980542e-08,6.812457326943813e-08,1,39,2.286067405377068e-07,,,,ve,0.0151
tree,15,3,4.0,0.5,214,gibbs,0.026557795551438203,0.04015026992594512,0.027409211871590664,0.024216400671018944,0,2000,,48.5,1.06727,2000,ve,6.9913
tree,15,3,0.0,1.5,214,exact,0.0,0.0,,,1,,,,,,ve,0.0046
tree,15,3,0.0,1.5,214,mf,3.3873367074240455e-16,7.355227538141662e-16,3.5372588696508893e-16,2.975050761300224e-16,1,1,,,,,ve,0.0007
tree,15,3,0.0,1.5,214,lbp,3.373458919616231e-16,6.938893903907228e-16,3.436329503775875e-16,3.200564813177209e-16,1,3,0.0,,,,ve,0.0014
tree,15,3,0.0,1.5,214,gibbs,7.56281611410022e-15,1.7569279364693102e-14,5.584390273437701e-15,1.3003487175922146e-14,1,2000,,7248.0,1.00004,2000,ve,6.9151
tree,15,3,0.1,1.5,214,exact,0.0,0.0,,,1,,,,,,ve,0.0045
tree,15,3,0.1,1.5,214,mf,0.00037335031150778945,0.001022415631730056,0.00042157242158020347,0.00024073950880865082,1,4,,,,,ve,0.0018
tree,15,3,0.1,1.5,214,lbp,9.733365252835117e-08,2.1204431135957158e-07,1.0148758476657971e-07,8.591033887322269e-08,1,17,2.1706221009498705e-07,,,,ve,0.0071
tree,15,3,0.1,1.5,214,gibbs,0.00023116211244785973,0.0004924398611362429,0.00025032897863513183,0.00017845323043286145,1,2000,,7290.3,0.99987,2000,ve,6.8742
tree,15,3,0.25,1.5,214,exact,0.0,0.0,,,1,,,,,,ve,0.0047
tree,15,3,0.25,1.5,214,mf,0.002459513752233751,0.006659943449844628,0.0028025108296557823,0.0015162717893231646,1,5,,,,,ve,0.0026
tree,15,3,0.25,1.5,214,lbp,1.2776474491091316e-07,2.1678616659442929e-07,1.2235632244894656e-07,1.4263790668132131e-07,1,19,2.617068708410386e-07,,,,ve,0.0074
tree,15,3,0.25,1.5,214,gibbs,0.00044543288865134625,0.0011757770798775102,0.0005055137871791698,0.0002802104176998317,1,2000,,6929.7,0.99985,2000,ve,6.8325
tree,15,3,0.5,1.5,214,exact,0.0,0.0,,,1,,,,,,ve,0.0044
tree,15,3,0.5,1.5,214,mf,0.010704332834259922,0.030934992351148737,0.012548904317710198,0.005631761254771654,1,8,,,,,ve,0.0038
tree,15,3,0.5,1.5,214,lbp,1.482819361994329e-07,3.3333505337559965e-07,1.5673415160304002e-07,1.2503834383951334e-07,1,22,2.816469864552751e-07,,,,ve,0.0096
tree,15,3,0.5,1.5,214,gibbs,0.0015536981182251931,0.0042305173210756865,0.0018779098693087089,0.000662115802745525,1,2000,,6519.3,1.00012,2000,ve,6.9168
tree,15,3,0.75,1.5,214,exact,0.0,0.0,,,1,,,,,,ve,0.0043
tree,15,3,0.75,1.5,214,mf,0.028874773348695554,0.08446055809736275,0.03482211798995733,0.012519575585225678,1,12,,,,,ve,0.005
tree,15,3,0.75,1.5,214,lbp,1.3982977732808256e-07,3.0922354424256504e-07,1.2946131221190585e-07,1.6834305639756852e-07,1,25,2.6366074834527353e-07,,,,ve,0.0093
tree,15,3,0.75,1.5,214,gibbs,0.0019528336118451659,0.005262763269615417,0.0021834567122941827,0.0013186200856103681,1,2000,,6135.9,0.9999,2000,ve,6.7824
tree,15,3,1.0,1.5,214,exact,0.0,0.0,,,1,,,,,,ve,0.0047
tree,15,3,1.0,1.5,214,mf,0.06006626349956907,0.14871524915730666,0.07216797386991369,0.0267865599811213,1,13,,,,,ve,0.0052
tree,15,3,1.0,1.5,214,lbp,9.529237785209366e-08,2.1960809035159734e-07,7.777395794003479e-08,1.4346803261025554e-07,1,28,3.0017922592051605e-07,,,,ve,0.0099
tree,15,3,1.0,1.5,214,gibbs,0.0032472552465351774,0.007397912330989076,0.003574689183148355,0.0023468119208489404,1,2000,,4619.4,1.00037,2000,ve,6.4705
tree,15,3,1.3,1.5,214,exact,0.0,0.0,,,1,,,,,,ve,0.0051
tree,15,3,1.3,1.5,214,mf,0.0934045079658478,0.1974270971369379,0.1047622096574481,0.062170828313946935,1,16,,,,,ve,0.007
tree,15,3,1.3,1.5,214,lbp,5.991072752863091e-08,1.9061421300051173e-07,4.3303762734265484e-08,1.0557988071313584e-07,1,31,2.872369934681096e-07,,,,ve,0.0125
tree,15,3,1.3,1.5,214,gibbs,0.00294316076070039,0.006920553195105171,0.0031967054025426726,0.0022459129956341126,1,2000,,3963.2,1.00046,2000,ve,6.6127
tree,15,3,1.75,1.5,214,exact,0.0,0.0,,,1,,,,,,ve,0.0043
tree,15,3,1.75,1.5,214,mf,0.1268709973626279,0.24443518643014056,0.131539159737617,0.11403355083140787,1,22,,,,,ve,0.0079
tree,15,3,1.75,1.5,214,lbp,4.012513937391484e-08,1.5708516588192056e-07,2.6589574568414785e-08,7.734794258903999e-08,1,34,2.1761936858100128e-07,,,,ve,0.0117
tree,15,3,1.75,1.5,214,gibbs,0.004026670083152817,0.01136461988927294,0.0038769150238056145,0.004438496496357623,1,2000,,2852.9,1.00062,2000,ve,6.6241
tree,15,3,2.5,1.5,214,exact,0.0,0.0,,,1,,,,,,ve,0.0043
tree,15,3,2.5,1.5,214,mf,0.13743619369328594,0.37363273923683793,0.1342246251942082,0.14626800706574974,1,15,,,,,ve,0.0065
tree,15,3,2.5,1.5,214,lbp,1.210985027482366e-07,5.018623159182972e-07,7.830340105343846e-08,2.387850324089315e-07,1,34,3.3446430869332744e-07,,,,ve,0.0104
tree,15,3,2.5,1.5,214,gibbs,0.007053003417934319,0.013578000050015925,0.007172376925571645,0.0067247262719316685,1,2000,,2093.9,1.00145,2000,ve,6.0278
tree,15,3,4.0,1.5,214,exact,0.0,0.0,,,1,,,,,,ve,0.0043
tree,15,3,4.0,1.5,214,mf,0.1605292072330054,0.7790623777616767,0.1463973575277883,0.19939179392235257,1,8,,,,,ve,0.0034
tree,15,3,4.0,1.5,214,lbp,4.358735483562098e-08,2.0788963934906604e-07,2.9398511274931566e-08,8.260667462751687e-08,1,36,2.60505426286084e-07,,,,ve,0.014
tree,15,3,4.0,1.5,214,gibbs,0.014477054584795071,0.02822855951311018,0.014165175655574614,0.015334721640151329,1,2000,,651.3,1.00753,2000,ve,6.1506
tree,15,3,0.0,0.5,215,exact,0.0,0.0,,,1,,,,,,ve,0.0043
tree,15,3,0.0,0.5,215,mf,3.066991105526995e-16,7.494005416219807e-16,3.2486639641020207e-16,2.5673907444456745e-16,1,1,,,,,ve,0.0007
tree,15,3,0.0,0.5,215,lbp,3.108624468950438e-16,7.216449660063518e-16,3.3874418421801653e-16,2.3418766925686896e-16,1,3,0.0,,,,ve,0.0013
tree,15,3,0.0,0.5,215,gibbs,7.189156677374815e-15,1.8193779816044753e-14,8.330457535908987e-15,4.0505793164058446e-15,1,2000,,7769.3,0.99977,2000,ve,6.1893
tree,15,3,0.1,0.5,215,exact,0.0,0.0,,,1,,,,,,ve,0.0047
tree,15,3,0.1,0.5,215,mf,0.00034594815152417385,0.0010336596644156815,0.0003207754635343136,0.0004151730434962895,1,4,,,,,ve,0.0015
tree,15,3,0.1,0.5,215,lbp,1.309763940425072e-07,2.698909740694866e-07,1.4157343177576756e-07,1.0183454027604122e-07,1,16,2.1985561321491431e-07,,,,ve,0.0056
tree,15,3,0.1,0.5,215,gibbs,0.00015930019017275273,0.0005239838214587331,0.00011749658492834543,0.0002742601045948728,1,2000,,7721.2,0.99978,2000,ve,6.136
tree,15,3,0.25,0.5,215,exact,0.0,0.0,,,1,,,,,,ve,0.0043
tree,15,3,0.25,0.5,215,mf,0.002008107280156259,0.00657811877089598,0.0018643790075061491,0.0024033600299440613,1,5,,,,,ve,0.002
tree,15,3,0.25,0.5,215,lbp,1.6556231171120187e-07,3.9360665195220523e-07,1.508314998259612e-07,2.0607204439561377e-07,1,18,2.7114252004745154e-07,,,,ve,0.0064
tree,15,3,0.25,0.5,215,gibbs,0.0004670271948729395,0.0011017936469222694,0.0003524939545242795,0.0007819936058317545,1,2000,,7737.6,0.99976,2000,ve,6.2001
tree,15,3,0.5,0.5,215,exact,0.0,0.0,,,1,,,,,,ve,0.0043
tree,15,3,0.5,0.5,215,mf,0.007780368023729561,0.02763549411709198,0.007260098381235097,0.00921110954058934,1,7,,,,,ve,0.0028
tree,15,3,0.5,0.5,215,lbp,1.7626996211319208e-07,3.1576952596451546e-07,1.6173513332710313e-07,2.1624074127493675e-07,1,22,2.1274572564733418e-07,,,,ve,0.0071
tree,15,3,0.5,0.5,215,gibbs,0.0008777070925196529,0.0025600266258858848,0.0005862587494671,0.0016791900359141732,1,2000,,7204.8,0.99989,2000,ve,6.1224
tree,15,3,0.75,0.5,215,exact,0.0,0.0,,,1,,,,,,ve,0.0044
tree,15,3,0.75,0.5,215,mf,0.019846184623291612,0.06731328257619264,0.019029539660398772,0.022091958271246926,1,12,,,,,ve,0.0046
tree,15,3,0.75,0.5,215,lbp,2.612847264988708e-07,4.669197782442014e-07,2.6365683476306273e-07,2.547614287723432e-07,1,25,3.0775056880649743e-07,,,,ve,0.0112
tree,15,3,0.75,0.5,215,gibbs,0.0030032271564406883,0.006862752306492463,0.00272115764120302,0.003778918323344276,1,2000,,6852.5,1.00008,2000,ve,6.2061
tree,15,3,1.0,0.5,215,exact,0.0,0.0,,,1,,,,,,ve,0.0043
tree,15,3,1.0,0.5,215,mf,0.06801446183268277,0.1402968818943507,0.06318149041304344,0.08130513323669095,1,33,,,,,ve,0.0101
tree,15,3,1.0,0.5,215,lbp,2.4313732615924286e-07,4.883292962498675e-07,2.583546898959646e-07,2.0128957588325808e-07,1,28,3.1971853065027034e-07,,,,ve,0.0084
tree,15,3,1.0,0.5,215,gibbs,0.0041792421312028755,0.008911620306061352,0.004300619562509363,0.003845454195110033,1,2000,,5549.3,1.0003,2000,ve,5.9611
tree,15,3,1.3,0.5,215,exact,0.0,0.0,,,1,,,,,,ve,0.0049
tree,15,3,1.3,0.5,215,mf,0.1984961815521471,0.34609641481979897,0.19227217777379435,0.21561219194261738,1,20,,,,,ve,0.0067
tree,15,3,1.3,0.5,215,lbp,1.9167413746098058e-07,4.052958704342524e-07,2.1134467500882376e-07,1.375801592044118e-07,1,31,2.9505875093205347e-07,,,,ve,0.0089
tree,15,3,1.3,0.5,215,gibbs,0.0028121064019872456,0.006156652912555474,0.002675036934294168,0.0031890474381432088,1,2000,,3699.6,1.00059,2000,ve,6.1171
tree,15,3,1.75,0.5,215,exact,0.0,0.0,,,1,,,,,,ve,0.0044
tree,15,3,1.75,0.5,215,mf,0.2603377863683619,0.46232604653003495,0.26626603939206017,0.2440350905531918,1,11,,,,,ve,0.0045
tree,15,3,1.75,0.5,215,lbp,1.5216740802866575e-07,3.155431656416685e-07,1.735806174068342e-07,9.328108223870257e-08,1,34,2.862645020473842e-07,,,,ve,0.0124
tree,15,3,1.75,0.5,215,gibbs,0.016764334641106878,0.030903218168200748,0.015836173669633954,0.019316777312657425,1,2000,,2103.9,1.00094,2000,ve,6.0312
tree,15,3,2.5,0.5,215,exact,0.0,0.0,,,1,,,,,,ve,0.0043
tree,15,3,2.5,0.5,215,mf,0.2778439542035192,0.5527891979654171,0.3030710052304744,0.2084695638793922,1,8,,,,,ve,0.0031
tree,15,3,2.5,0.5,215,lbp,9.715453455697021e-08,2.199303324595947e-07,1.1475033693896847e-07,4.876607800647498e-08,1,37,2.2545372491133975e-07,,,,ve,0.0123
tree,15,3,2.5,0.5,215,gibbs,0.022540419968549295,0.03501073231810606,0.021717637048910797,0.024803072997555173,1,2000,,621.3,1.0047,2000,ve,6.2342
tree,15,3,4.0,0.5,215,exact,0.0,0.0,,,1,,,,,,ve,0.0043
tree,15,3,4.0,0.5,215,mf,0.3773363906147606,0.7862117078349935,0.4292578134727298,0.23455247775534543,1,6,,,,,ve,0.0025
tree,15,3,4.0,0.5,215,lbp,9.356820005052003e-08,2.2515167281966786e-07,1.1363654565580744e-07,3.838024963597961e-08,1,38,3.1453373428025344e-07,,,,ve,0.0145
tree,15,3,4.0,0.5,215,gibbs,0.10653356946970129,0.20316819199795433,0.11940467168743417,0.07113803837093584,0,2000,,32.2,1.08009,2000,ve,6.3193
tree,15,3,0.0,1.5,215,exact,0.0,0.0,,,1,,,,,,ve,0.0043
tree,15,3,0.0,1.5,215,mf,3.2057689836051397e-16,7.632783294297951e-16,3.5072954641567446e-16,2.3765711620882257e-16,1,1,,,,,ve,0.0006
tree,15,3,0.0,1.5,215,lbp,3.2959746043559335e-16,7.771561172376096e-16,3.66184355565286e-16,2.2898349882893854e-16,1,3,0.0,,,,ve,0.001
tree,15,3,0.0,1.5,215,gibbs,5.63507573936306e-15,1.3801459974871477e-14,6.223241618999706e-15,4.017619570362285e-15,1,2000,,7749.8,1.00039,2000,ve,6.0274
tree,15,3,0.1,1.5,215,exact,0.0,0.0,,,1,,,,,,ve,0.0043
tree,15,3,0.1,1.5,215,mf,0.0003648019468312109,0.0010673272002857254,0.0003586291868598721,0.0003817770367523926,1,4,,,,,ve,0.0017
tree,15,3,0.1,1.5,215,lbp,9.096671427510916e-08,1.692112369250376e-07,9.539754513931459e-08,7.878192939854423e-08,1,17,1.6006152081526892e-07,,,,ve,0.0056
tree,15,3,0.1,1.5,215,gibbs,0.00018834495630936182,0.0006087062283963995,0.0001267346012589191,0.0003577734326980792,1,2000,,7707.8,1.00076,2000,ve,6.0823
tree,15,3,0.25,1.5,215,exact,0.0,0.0,,,1,,,,,,ve,0.0068
tree,15,3,0.25,1.5,215,mf,0.002309356566616049,0.0067131325820433616,0.0023332999593504173,0.002243512236596537,1,5,,,,,ve,0.0023
tree,15,3,0.25,1.5,215,lbp,1.141460363502748e-07,2.612780253680169e-07,1.1386529061675375e-07,1.1491808711745766e-07,1,19,2.691156900103131e-07,,,,ve,0.0057
tree,15,3,0.25,1.5,215,gibbs,0.0005471585635234373,0.0014697708666236917,0.0004380367440599197,0.0008472435670481109,1,2000,,7570.0,1.00125,2000,ve,6.1502
tree,15,3,0.5,1.5,215,exact,0.0,0.0,,,1,,,,,,ve,0.0046
tree,15,3,0.5,1.5,215,mf,0.009466548946001867,0.025839623074622484,0.009663331911414238,0.008925395791117844,1,7,,,,,ve,0.0029
tree,15,3,0.5,1.5,215,lbp,1.7147503877726345e-07,4.036834657453192e-07,1.5608775378582337e-07,2.1379007250372367e-07,1,22,2.564172674746068e-07,,,,ve,0.0084
tree,15,3,0.5,1.5,215,gibbs,0.0011279785939521255,0.002574488204945387,0.0009216545853753183,0.0016953696175383455,1,2000,,7383.9,1.00087,2000,ve,6.122
tree,15,3,0.75,1.5,215,exact,0.0,0.0,,,1,,,,,,ve,0.0045
tree,15,3,0.75,1.5,215,mf,0.023532457360634685,0.05338726705697229,0.02455789532045497,0.020712502971128893,1,10,,,,,ve,0.0044
tree,15,3,0.75,1.5,215,lbp,2.0283377777421026e-07,3.461553555531016e-07,1.9245259467372897e-07,2.313820313005338e-07,1,25,2.9372041154829276e-07,,,,ve,0.009
tree,15,3,0.75,1.5,215,gibbs,0.002123417650058067,0.004646928973070938,0.0018354628285645782,0.002915293409165162,1,2000,,6596.1,1.00065,2000,ve,6.2514
tree,15,3,1.0,1.5,215,exact,0.0,0.0,,,1,,,,,,ve,0.0043
tree,15,3,1.0,1.5,215,mf,0.04529787594081124,0.11103382417435165,0.050266562068443064,0.03163398908982375,1,16,,,,,ve,0.0059
tree,15,3,1.0,1.5,215,lbp,1.7045269391340507e-07,3.6417303897820497e-07,1.7049784643935725e-07,1.703285244670366e-07,1,28,3.408136632354619e-07,,,,ve,0.0089
tree,15,3,1.0,1.5,215,gibbs,0.0026388631775263777,0.005960301986441749,0.002314090613282793,0.003531987729196235,1,2000,,5900.3,1.00045,2000,ve,6.2415
tree,15,3,1.3,1.5,215,exact,0.0,0.0,,,1,,,,,,ve,0.0043
tree,15,3,1.3,1.5,215,mf,0.11907168702176157,0.24645580593185965,0.11822772419595645,0.12139258479272563,1,44,,,,,ve,0.0138
tree,15,3,1.3,1.5,215,lbp,1.2145423496483694e-07,3.039310889282887e-07,1.2618233042119287e-07,1.0845197245985816e-07,1,31,2.9687737046479867e-07,,,,ve,0.0097
tree,15,3,1.3,1.5,215,gibbs,0.004327591361044841,0.011619112807452647,0.004673704215036964,0.0033757810125665056,1,2000,,4013.9,1.00026,2000,ve,6.1395
tree,15,3,1.75,1.5,215,exact,0.0,0.0,,,1,,,,,,ve,0.0043
tree,15,3,1.75,1.5,215,mf,0.17794778000687603,0.3824688176202653,0.174793815410163,0.18662118264783675,1,11,,,,,ve,0.0043
tree,15,3,1.75,1.5,215,lbp,8.032573471881503e-08,2.1332539386353933e-07,8.603421022098202e-08,6.462742708785579e-08,1,34,2.5117173535482706e-07,,,,ve,0.0106
tree,15,3,1.75,1.5,215,gibbs,0.008151399703406175,0.024043715888221934,0.009186814445287239,0.005304009163233245,1,2000,,2604.0,1.00096,2000,ve,6.1416
tree,15,3,2.5,1.5,215,exact,0.0,0.0,,,1,,,,,,ve,0.0043
tree,15,3,2.5,1.5,215,mf,0.148257186797772,0.2477995451134469,0.15219126429149124,0.13743847369004414,1,6,,,,,ve,0.0025
tree,15,3,2.5,1.5,215,lbp,6.320890434986793e-08,1.5993511906509106e-07,7.054586528894922e-08,4.303226176739436e-08,1,36,2.7880455316653396e-07,,,,ve,0.0105
tree,15,3,2.5,1.5,215,gibbs,0.008974884133140756,0.01636309547114531,0.008221877423916814,0.011045652583506592,1,2000,,1046.8,1.00165,2000,ve,6.1103
tree,15,3,4.0,1.5,215,exact,0.0,0.0,,,1,,,,,,ve,0.0043
tree,15,3,4.0,1.5,215,mf,0.17225470388887842,0.2542184857321587,0.183115381935108,0.14238783926174697,1,5,,,,,ve,0.0024
tree,15,3,4.0,1.5,215,lbp,4.6760082974296275e-08,1.1151168888626217e-07,5.172300448212495e-08,3.311204882776742e-08,1,39,2.0829472180405872e-07,,,,ve,0.0155
tree,15,3,4.0,1.5,215,gibbs,0.03959682346567197,0.06706219034723264,0.03513448849212239,0.05186824464293331,0,2000,,76.9,1.0365,2000,ve,6.163
tree,15,3,0.0,0.5,216,exact,0.0,0.0,,,1,,,,,,ve,0.0048
tree,15,3,0.0,0.5,216,mf,3.5168627269636467e-16,7.355227538141662e-16,3.676036747729034e-16,3.0791341698588326e-16,1,1,,,,,ve,0.0007
tree,15,3,0.0,0.5,216,lbp,3.567747948925633e-16,7.216449660063518e-16,3.720193345299353e-16,3.148523108897905e-16,1,3,0.0,,,,ve,0.0013
tree,15,3,0.0,0.5,216,gibbs,6.456062536427017e-15,1.2448375663609568e-14,5.1056065940681024e-15,1.0169816377914032e-14,1,2000,,8468.1,1.00016,2000,ve,6.1414
tree,15,3,0.1,0.5,216,exact,0.0,0.0,,,1,,,,,,ve,0.0044
tree,15,3,0.1,0.5,216,mf,0.0003951528711276078,0.0008216052075435271,0.0004434648615045512,0.0002622948975910134,1,4,,,,,ve,0.0019
tree,15,3,0.1,0.5,216,lbp,8.276391272211738e-08,1.619764670585111e-07,8.396338052205392e-08,7.946537627229189e-08,1,17,1.7551828990214347e-07,,,,ve,0.006
tree,15,3,0.1,0.5,216,gibbs,0.00013332547340059198,0.00029644899672594954,0.00014151145795720193,0.00011081401586991464,1,2000,,8427.5,1.00021,2000,ve,6.1179
tree,15,3,0.25,0.5,216,exact,0.0,0.0,,,1,,,,,,ve,0.0043
tree,15,3,0.25,0.5,216,mf,0.002516674396021963,0.005240639238963035,0.002787469212557956,0.0017719886505479822,1,4,,,,,ve,0.0018
tree,15,3,0.25,0.5,216,lbp,8.262182271823414e-08,1.6043338203416968e-07,8.023516517386937e-08,8.918513096523722e-08,1,19,2.373315565740164e-07,,,,ve,0.0072
tree,15,3,0.25,0.5,216,gibbs,0.00029451742728347846,0.0007527646510764457,0.00031008823454366577,0.00025169770731796326,1,2000,,8218.4,1.00002,2000,ve,6.1208
tree,15,3,0.5,0.5,216,exact,0.0,0.0,,,1,,,,,,ve,0.0043
tree,15,3,0.5,0.5,216,mf,0.010461083919403064,0.021645629608517222,0.011271188414751814,0.008233296557194004,1,6,,,,,ve,0.0027
tree,15,3,0.5,0.5,216,lbp,6.899273456480864e-08,1.5179615905219768e-07,6.622253936071039e-08,7.661077137607886e-08,1,22,2.039589517832674e-07,,,,ve,0.009
tree,15,3,0.5,0.5,216,gibbs,0.0005348226824866922,0.0014007532833941877,0.0005613357565368639,0.00046191172884871984,1,2000,,7601.1,0.99976,2000,ve,6.1536
tree,15,3,0.75,0.5,216,exact,0.0,0.0,,,1,,,,,,ve,0.0043
tree,15,3,0.75,0.5,216,mf,0.02376307763644005,0.0490502569702915,0.024717769689461943,0.021137674490629872,1,9,,,,,ve,0.0044
tree,15,3,0.75,0.5,216,lbp,1.4835398284360434e-07,3.062352010689551e-07,1.2399615575604753e-07,2.1533800733438552e-07,1,24,2.9625289160728485e-07,,,,ve,0.01
tree,15,3,0.75,0.5,216,gibbs,0.0009725296715985127,0.0027178289607415612,0.0010420743634150997,0.0007812817691028985,1,2000,,6974.3,0.99986,2000,ve,6.11
tree,15,3,1.0,0.5,216,exact,0.0,0.0,,,1,,,,,,ve,0.0043
tree,15,3,1.0,0.5,216,mf,0.04061323489241168,0.08264492900178595,0.0404423562465542,0.04108315116851978,1,14,,,,,ve,0.0052
tree,15,3,1.0,0.5,216,lbp,1.1805815085871631e-07,3.4464687905313984e-07,9.555963190054652e-08,1.7992907799368324e-07,1,27,3.315395952219191e-07,,,,ve,0.0082
tree,15,3,1.0,0.5,216,gibbs,0.00211345641095829,0.0062190361081357615,0.00233919283144297,0.0014926812546254215,1,2000,,6305.2,1.00039,2000,ve,6.1404
tree,15,3,1.3,0.5,216,exact,0.0,0.0,,,1,,,,,,ve,0.0045
tree,15,3,1.3,0.5,216,mf,0.06798743713397022,0.1310086232397924,0.066740632103248,0.0714161509684563,1,33,,,,,ve,0.0124
tree,15,3,1.3,0.5,216,lbp,7.421001353072101e-08,2.498994068136917e-07,5.630857993253305e-08,1.234389559257379e-07,1,30,3.049836009849649e-07,,,,ve,0.0106
tree,15,3,1.3,0.5,216,gibbs,0.005441045135918242,0.010869189859948905,0.005827528982651205,0.004378214557402594,1,2000,,5308.0,1.00065,2000,ve,6.2484
tree,15,3,1.75,0.5,216,exact,0.0,0.0,,,1,,,,,,ve,0.0044
tree,15,3,1.75,0.5,216,mf,0.18250125991593008,0.42947878076950974,0.19935536977455534,0.13615245780471086,1,38,,,,,ve,0.0134
tree,15,3,1.75,0.5,216,lbp,6.736275604823927e-08,1.8543185552333252e-07,5.128641728442558e-08,1.1157268764872691e-07,1,33,2.913992296349477e-07,,,,ve,0.011
tree,15,3,1.75,0.5,216,gibbs,0.006675386284969122,0.01677893357272331,0.007390062348040677,0.0047100271115223455,1,2000,,4233.5,1.00039,2000,ve,6.2338
tree,15,3,2.5,0.5,216,exact,0.0,0.0,,,1,,,,,,ve,0.0043
tree,15,3,2.5,0.5,216,mf,0.24927466951153834,0.5347759203494974,0.26916507904173465,0.19457604330349842,1,15,,,,,ve,0.0057
tree,15,3,2.5,0.5,216,lbp,7.710889859466098e-08,2.195429203016852e-07,5.968098840464672e-08,1.250356516172002e-07,1,36,2.487381465243743e-07,,,,ve,0.0119
tree,15,3,2.5,0.5,216,gibbs,0.01104783822006412,0.02232804779927291,0.012115132854867244,0.008112777974355539,1,2000,,2217.4,1.00092,2000,ve,6.2173
tree,15,3,4.0,0.5,216,exact,0.0,0.0,,,1,,,,,,ve,0.0045
tree,15,3,4.0,0.5,216,mf,0.30972689253585983,0.5742414528959048,0.3162508600448037,0.29178598188626426,1,9,,,,,ve,0.004
tree,15,3,4.0,0.5,216,lbp,5.7351203594282105e-08,2.3965911395695816e-07,4.1646518304037296e-08,1.0053908814245532e-07,1,40,2.028839402035132e-07,,,,ve,0.0143
tree,15,3,4.0,0.5,216,gibbs,0.0876689948736902,0.141152256174188,0.0826535266125129,0.10146153259192778,0,2000,,343.0,1.01579,2000,ve,6.2296
tree,15,3,0.0,1.5,216,exact,0.0,0.0,,,1,,,,,,ve,0.0046
tree,15,3,0.0,1.5,216,mf,3.2014321749151977e-16,8.396061623727746e-16,3.548692274378918e-16,2.246466901389965e-16,1,1,,,,,ve,0.0008
tree,15,3,0.0,1.5,216,lbp,3.1540163999051647e-16,8.396061623727746e-16,3.4083373749589765e-16,2.454633718507182e-16,1,3,0.0,,,,ve,0.0013
tree,15,3,0.0,1.5,216,gibbs,8.386491732551941e-15,2.0334428585400133e-14,7.804875748221559e-15,9.98593568946049e-15,1,2000,,8624.3,1.00038,2000,ve,6.1345
tree,15,3,0.1,1.5,216,exact,0.0,0.0,,,1,,,,,,ve,0.0045
tree,15,3,0.1,1.5,216,mf,0.0003068183401280607,0.0007517326644669725,0.00033156595252762245,0.00023876240602926577,1,4,,,,,ve,0.0018
tree,15,3,0.1,1.5,216,lbp,6.706467447209254e-08,1.793031958324809e-07,6.005720931828655e-08,8.633520364505903e-08,1,17,1.901540647719635e-07,,,,ve,0.0069
tree,15,3,0.1,1.5,216,gibbs,0.00014330032826914238,0.00032448153506493826,0.0001362748713758248,0.0001626203347257658,1,2000,,8434.0,1.00033,2000,ve,6.2454
tree,15,3,0.25,1.5,216,exact,0.0,0.0,,,1,,,,,,ve,0.0043
tree,15,3,0.25,1.5,216,mf,0.001984581863427994,0.004427665277727942,0.002096067345133065,0.0016779967887390482,1,5,,,,,ve,0.0018
tree,15,3,0.25,1.5,216,lbp,7.106368213882774e-08,1.567603255883676e-07,7.098579669748645e-08,7.127786710251632e-08,1,19,2.6007457898380437e-07,,,,ve,0.006
tree,15,3,0.25,1.5,216,gibbs,0.00029411926742199847,0.0008771600566097465,0.0003273304975525859,0.00020278838456288303,1,2000,,8228.4,1.00038,2000,ve,6.3483
tree,15,3,0.5,1.5,216,exact,0.0,0.0,,,1,,,,,,ve,0.0043
tree,15,3,0.5,1.5,216,mf,0.00836940789348598,0.016354851369579877,0.008582766234332599,0.007782672456157785,1,6,,,,,ve,0.0026
tree,15,3,0.5,1.5,216,lbp,5.254342600677827e-08,1.3222367911853994e-07,5.569747827517175e-08,4.38697822686962e-08,1,22,1.9987992916359332e-07,,,,ve,0.0076
tree,15,3,0.5,1.5,216,gibbs,0.00045111710893833655,0.0014397090331439016,0.000481667135571489,0.0003671045356971672,1,2000,,7737.5,1.00012,2000,ve,6.0877
tree,15,3,0.75,1.5,216,exact,0.0,0.0,,,1,,,,,,ve,0.0043
tree,15,3,0.75,1.5,216,mf,0.019538264214013147,0.035675163085217836,0.01945239324468059,0.019774409379677654,1,8,,,,,ve,0.0029
tree,15,3,0.75,1.5,216,lbp,7.756265581748689e-08,1.8452997406492866e-07,6.443899481972407e-08,1.1365272356133466e-07,1,24,2.0810852036090566e-07,,,,ve,0.0077
tree,15,3,0.75,1.5,216,gibbs,0.0010174429303822382,0.003323178780348074,0.0010679540846938683,0.0008785372560252552,1,2000,,7315.9,0.99993,2000,ve,5.9291
tree,15,3,1.0,1.5,216,exact,0.0,0.0,,,1,,,,,,ve,0.0044
tree,15,3,1.0,1.5,216,mf,0.03515244420754969,0.0684330699546158,0.03386656218107981,0.038688619780341854,1,13,,,,,ve,0.0049
tree,15,3,1.0,1.5,216,lbp,1.0495750044518226e-07,2.3806027824382903e-07,7.985061406499172e-08,1.7400143799070622e-07,1,26,2.412533989804011e-07,,,,ve,0.0085
tree,15,3,1.0,1.5,216,gibbs,0.00176672656684955,0.004446927766786235,0.001820578357927942,0.0016186341413839721,1,2000,,6444.9,1.00006,2000,ve,5.9063
tree,15,3,1.3,1.5,216,exact,0.0,0.0,,,1,,,,,,ve,0.0043
tree,15,3,1.3,1.5,216,mf,0.07069846060163273,0.17229323409796704,0.06906277018934613,0.0751966092354209,1,26,,,,,ve,0.0093
tree,15,3,1.3,1.5,216,lbp,7.6529110757823e-08,2.2028533745027667e-07,5.492349984828931e-08,1.3594454075904067e-07,1,29,2.7348510267533044e-07,,,,ve,0.0088
tree,15,3,1.3,1.5,216,gibbs,0.0027014530697082465,0.006043621386205816,0.002945342741346861,0.0020307564727020553,1,2000,,6202.9,1.0008,2000,ve,5.7935
tree,15,3,1.75,1.5,216,exact,0.0,0.0,,,1,,,,,,ve,0.0043
tree,15,3,1.75,1.5,216,mf,0.19129224344364376,0.4347185158659054,0.20859753343743212,0.14370269596072596,1,24,,,,,ve,0.0089
tree,15,3,1.75,1.5,216,lbp,4.3184723312692655e-08,1.2540763130730603e-07,3.2938057254339875e-08,7.136305497316281e-08,1,33,2.746173711209998e-07,,,,ve,0.0107
tree,15,3,1.75,1.5,216,gibbs,0.004374681473951634,0.010896618882941758,0.0051228321453611276,0.0023172671275755305,1,2000,,4520.4,1.00053,2000,ve,5.8806
tree,15,3,2.5,1.5,216,exact,0.0,0.0,,,1,,,,,,ve,0.0043
tree,15,3,2.5,1.5,216,mf,0.2895639133963365,0.7087174142581978,0.32194560299434233,0.20051426700182037,1,15,,,,,ve,0.0057
tree,15,3,2.5,1.5,216,lbp,3.6701827083387986e-08,1.1840618298342154e-07,2.9525516006059793e-08,5.6436682546040506e-08,1,37,1.9999955447325135e-07,,,,ve,0.0126
tree,15,3,2.5,1.5,216,gibbs,0.009477098357735615,0.01855617246120811,0.010025103908064537,0.00797008309433108,1,2000,,3166.5,1.00106,2000,ve,5.8053
tree,15,3,4.0,1.5,216,exact,0.0,0.0,,,1,,,,,,ve,0.0044
tree,15,3,4.0,1.5,216,mf,0.3989160179733177,0.7506701721932274,0.42911142252510914,0.315878655455891,1,9,,,,,ve,0.0033
tree,15,3,4.0,1.5,216,lbp,7.28779752746933e-08,2.430635279299098e-07,6.051903456276304e-08,1.0686506223250153e-07,1,40,2.915323031871253e-07,,,,ve,0.0133
tree,15,3,4.0,1.5,216,gibbs,0.04318549218765769,0.08286087550381624,0.04508339018697062,0.03796627268954712,0,2000,,278.2,1.0181,2000,ve,5.2374
tree,15,3,0.0,0.5,217,exact,0.0,0.0,,,1,,,,,,ve,0.0043
tree,15,3,0.0,0.5,217,mf,2.572016673714946e-16,6.38378239159465e-16,2.3087592443909506e-16,3.2959746043559335e-16,1,1,,,,,ve,0.0005
tree,15,3,0.0,0.5,217,lbp,2.6599093298311044e-16,6.38378239159465e-16,2.403380524898776e-16,3.365363543395006e-16,1,3,0.0,,,,ve,0.0012
tree,15,3,0.0,0.5,217,gibbs,6.711760776785998e-15,1.7291723608536813e-14,6.308400771456749e-15,7.821000791441435e-15,1,2000,,7822.3,0.99979,2000,ve,5.347
tree,15,3,0.1,0.5,217,exact,0.0,0.0,,,1,,,,,,ve,0.0043
tree,15,3,0.1,0.5,217,mf,0.0004506971493989431,0.0009387972613967288,0.0004140723396531303,0.0005514153761999284,1,4,,,,,ve,0.0021
tree,15,3,0.1,0.5,217,lbp,8.218947424078657e-08,1.3426775211100583e-07,7.718271023535678e-08,9.595807525571848e-08,1,17,1.6432683286327077e-07,,,,ve,0.0064
tree,15,3,0.1,0.5,217,gibbs,0.00017135163262904605,0.0005108667761112157,0.00016568089047177756,0.0001869461735615344,1,2000,,7934.2,0.99991,2000,ve,5.883
tree,15,3,0.25,0.5,217,exact,0.0,0.0,,,1,,,,,,ve,0.0043
tree,15,3,0.25,0.5,217,mf,0.0028437729050466293,0.00606971137483657,0.0025309582849805373,0.003704013110228381,1,5,,,,,ve,0.002
tree,15,3,0.25,0.5,217,lbp,1.094454144960159e-07,2.1825110073023235e-07,8.468259298933446e-08,1.7754317363938982e-07,1,19,1.8492836373340538e-07,,,,ve,0.0066
tree,15,3,0.25,0.5,217,gibbs,0.0004285109548771759,0.0011845645830170781,0.000387550204159781,0.000541153019350012,1,2000,,7817.9,1.0,2000,ve,5.7564
tree,15,3,0.5,0.5,217,exact,0.0,0.0,,,1,,,,,,ve,0.0043
tree,15,3,0.5,0.5,217,mf,0.01148914480693194,0.02572282864503478,0.009657484760448766,0.01652620993476067,1,7,,,,,ve,0.0026
tree,15,3,0.5,0.5,217,lbp,1.908433500415659e-07,3.3672829805736493e-07,1.8023743543356521e-07,2.2000961521356777e-07,1,22,2.7598076957069395e-07,,,,ve,0.0061
tree,15,3,0.5,0.5,217,gibbs,0.0009431310488550386,0.0020803093395795613,0.0008595618424750381,0.0011729463664000399,1,2000,,7347.2,1.00002,2000,ve,5.6741
tree,15,3,0.75,0.5,217,exact,0.0,0.0,,,1,,,,,,ve,0.0042
tree,15,3,0.75,0.5,217,mf,0.027316479794598694,0.061190466328575534,0.02244531273511258,0.0407121892081855,1,10,,,,,ve,0.0034
tree,15,3,0.75,0.5,217,lbp,1.384716895577731e-07,2.7040919185761236e-07,1.4179671207847405e-07,1.2932787762584552e-07,1,26,2.3512670449532536e-07,,,,ve,0.0082
tree,15,3,0.75,0.5,217,gibbs,0.002210852973847996,0.005461027251688275,0.001908343698703993,0.0030427534804940053,1,2000,,6524.7,1.0006,2000,ve,5.642
tree,15,3,1.0,0.5,217,exact,0.0,0.0,,,1,,,,,,ve,0.0042
tree,15,3,1.0,0.5,217,mf,0.05333420202555101,0.11484464409985198,0.044872465358325,0.0766039778604225,1,18,,,,,ve,0.0057
tree,15,3,1.0,0.5,217,lbp,1.2762527518764278e-07,2.7005433092530673e-07,1.370287824105996e-07,1.0176563032451152e-07,1,29,2.2844559588452995e-07,,,,ve,0.0085
tree,15,3,1.0,0.5,217,gibbs,0.002613532282811771,0.006173937887889613,0.00226344984354227,0.0035762589908028978,1,2000,,6060.9,1.00058,2000,ve,5.5689
tree,15,3,1.3,0.5,217,exact,0.0,0.0,,,1,,,,,,ve,0.0043
tree,15,3,1.3,0.5,217,mf,0.09648798643736782,0.25013486078154423,0.0976616408669797,0.09326043675593512,1,124,,,,,ve,0.044
tree,15,3,1.3,0.5,217,lbp,1.8258663826327404e-07,4.124927089621533e-07,2.038539222874346e-07,1.2410160719683247e-07,1,31,3.415914169857537e-07,,,,ve,0.0108
tree,15,3,1.3,0.5,217,gibbs,0.0023536733966189453,0.0050788366734036555,0.0021902772355071806,0.0028030128396762974,1,2000,,4558.2,1.00048,2000,ve,5.6301
tree,15,3,1.75,0.5,217,exact,0.0,0.0,,,1,,,,,,ve,0.0055
tree,15,3,1.75,0.5,217,mf,0.259164488804582,0.4705236430651911,0.22697495599665823,0.3476857040263722,1,25,,,,,ve,0.0085
tree,15,3,1.75,0.5,217,lbp,1.4864188776544015e-07,3.703002711408221e-07,1.7339415788476933e-07,8.057314493728485e-08,1,34,2.852488245053131e-07,,,,ve,0.0128
tree,15,3,1.75,0.5,217,gibbs,0.00871952908328331,0.014223267002464443,0.007878637218340865,0.011031981711875034,1,2000,,2044.1,1.00078,2000,ve,5.6215
tree,15,3,2.5,0.5,217,exact,0.0,0.0,,,1,,,,,,ve,0.0047
tree,15,3,2.5,0.5,217,mf,0.185068706893122,0.35607327822206525,0.1684812777288423,0.2306841370948911,1,21,,,,,ve,0.0073
tree,15,3,2.5,0.5,217,lbp,7.651019552120062e-08,2.1266909705497383e-07,9.30835393822612e-08,3.093349990328405e-08,1,37,2.266263582351158e-07,,,,ve,0.0116
tree,15,3,2.5,0.5,217,gibbs,0.021831193554458204,0.03496961716864915,0.022301166586301963,0.02053876771688787,1,2000,,743.6,1.00377,2000,ve,5.7719
tree,15,3,4.0,0.5,217,exact,0.0,0.0,,,1,,,,,,ve,0.0053
tree,15,3,4.0,0.5,217,mf,0.5603867559393232,0.9749806359567279,0.5030219101266119,0.7181400819242792,1,8,,,,,ve,0.0036
tree,15,3,4.0,0.5,217,lbp,2.9612972983151264e-08,8.462364557704216e-08,3.6932745825371885e-08,9.483597667044562e-09,1,39,1.891905621054235e-07,,,,ve,0.013
tree,15,3,4.0,0.5,217,gibbs,0.02784549316464818,0.053635727049990645,0.029315584281476955,0.023802742593369043,0,2000,,132.2,1.01927,2000,ve,5.645
tree,15,3,0.0,1.5,217,exact,0.0,0.0,,,1,,,,,,ve,0.0043
tree,15,3,0.0,1.5,217,mf,2.321060010856968e-16,6.106226635438361e-16,1.9413132717522268e-16,3.365363543395006e-16,1,1,,,,,ve,0.0008
tree,15,3,0.0,1.5,217,lbp,2.257453483404485e-16,6.106226635438361e-16,1.9555064638284008e-16,3.0878077872387166e-16,1,3,0.0,,,,ve,0.0014
tree,15,3,0.0,1.5,217,gibbs,6.531233887052679e-15,1.7291723608536813e-14,6.102599486352228e-15,7.709978488978919e-15,1,2000,,7503.1,0.99991,2000,ve,5.5825
tree,15,3,0.1,1.5,217,exact,0.0,0.0,,,1,,,,,,ve,0.0044
tree,15,3,0.1,1.5,217,mf,0.00037132354584369285,0.001049525298645937,0.000335666916481318,0.0004693792765902236,1,3,,,,,ve,0.0014
tree,15,3,0.1,1.5,217,lbp,7.6630778591986e-08,1.5166695400622987e-07,7.083928822909268e-08,9.255737708994266e-08,1,17,1.6520967738298253e-07,,,,ve,0.0054
tree,15,3,0.1,1.5,217,gibbs,0.00010029738887296519,0.00025390860247896663,8.601013483588993e-05,0.00013958733747492218,1,2000,,7516.4,0.99987,2000,ve,5.5453
tree,15,3,0.25,1.5,217,exact,0.0,0.0,,,1,,,,,,ve,0.0045
tree,15,3,0.25,1.5,217,mf,0.002417511510061547,0.006828973422099538,0.002127528368980127,0.003214965148035453,1,4,,,,,ve,0.0017
tree,15,3,0.25,1.5,217,lbp,6.788633642856404e-08,1.6528012038163897e-07,5.201661143530838e-08,1.1152808016001714e-07,1,19,1.3896671863244947e-07,,,,ve,0.0062
tree,15,3,0.25,1.5,217,gibbs,0.00024269498742519012,0.0010034822764603823,0.00024181200180355117,0.0002451231978846972,1,2000,,7411.1,0.99981,2000,ve,5.5063
tree,15,3,0.5,1.5,217,exact,0.0,0.0,,,1,,,,,,ve,0.0044
tree,15,3,0.5,1.5,217,mf,0.010629407188487766,0.0292933640139353,0.009147631896206303,0.014704289242261786,1,6,,,,,ve,0.0024
tree,15,3,0.5,1.5,217,lbp,1.2420892740276633e-07,3.999338354793158e-07,1.1305630562680317e-07,1.5487863728666507e-07,1,21,2.73060354882837e-07,,,,ve,0.0068
tree,15,3,0.5,1.5,217,gibbs,0.0007593262167612345,0.002100329960415037,0.0007109407038364142,0.00089238637730449,1,2000,,6934.0,0.9998,2000,ve,5.5075
tree,15,3,0.75,1.5,217,exact,0.0,0.0,,,1,,,,,,ve,0.0045
tree,15,3,0.75,1.5,217,mf,0.026795479858505132,0.07131146277483238,0.022984394446476285,0.037275964741584476,1,8,,,,,ve,0.0032
tree,15,3,0.75,1.5,217,lbp,1.2005366845207108e-07,3.2528151727023724e-07,1.2563586100728083e-07,1.0470263892524423e-07,1,24,2.2815375072537947e-07,,,,ve,0.0081
tree,15,3,0.75,1.5,217,gibbs,0.001613370788583194,0.003601769637713373,0.0015306728784862283,0.00184079004134985,1,2000,,6895.8,0.99991,2000,ve,5.5266
tree,15,3,1.0,1.5,217,exact,0.0,0.0,,,1,,,,,,ve,0.0045
tree,15,3,1.0,1.5,217,mf,0.05291865299800586,0.13875602926934272,0.045177210631573005,0.07420761950569621,1,11,,,,,ve,0.0046
tree,15,3,1.0,1.5,217,lbp,1.0210584505907876e-07,2.2226457946361577e-07,1.1401327359489793e-07,6.936041658557601e-08,1,27,2.267246011489199e-07,,,,ve,0.009
tree,15,3,1.0,1.5,217,gibbs,0.0022156240622499585,0.005024880461049611,0.00218313071972779,0.002304980754185921,1,2000,,6285.0,1.00039,2000,ve,5.5663
tree,15,3,1.3,1.5,217,exact,0.0,0.0,,,1,,,,,,ve,0.0046
tree,15,3,1.3,1.5,217,mf,0.10113922561786924,0.25653072132051224,0.08668297189671871,0.14089392335103326,1,15,,,,,ve,0.0049
tree,15,3,1.3,1.5,217,lbp,9.128353464770793e-08,2.327938924545636e-07,1.0676333790239002e-07,4.871407569733213e-08,1,30,2.384012940392921e-07,,,,ve,0.0098
tree,15,3,1.3,1.5,217,gibbs,0.0041541298059231185,0.008073170924297116,0.0036932112955159555,0.005421655709542818,1,2000,,6110.9,1.00046,2000,ve,5.5702
tree,15,3,1.75,1.5,217,exact,0.0,0.0,,,1,,,,,,ve,0.0044
tree,15,3,1.75,1.5,217,mf,0.20211155816115933,0.44086616914040455,0.17479915216220515,0.27722067465828326,1,30,,,,,ve,0.0105
tree,15,3,1.75,1.5,217,lbp,1.0411966995168646e-07,3.180297557386913e-07,1.2740216838021376e-07,4.009279927323639e-08,1,33,3.2723971504777793e-07,,,,ve,0.011
tree,15,3,1.75,1.5,217,gibbs,0.004252835670108308,0.0111643104775552,0.0036289290718484494,0.005968578815322919,1,2000,,4741.7,0.99973,2000,ve,5.549
tree,15,3,2.5,1.5,217,exact,0.0,0.0,,,1,,,,,,ve,0.0045
tree,15,3,2.5,1.5,217,mf,0.3984291252240682,0.7097962370944465,0.3496724308649306,0.5325100347116967,1,17,,,,,ve,0.0058
tree,15,3,2.5,1.5,217,lbp,6.487521779357611e-08,2.2280635465082854e-07,8.264534085214437e-08,1.6007379382513426e-08,1,37,1.9874676959741322e-07,,,,ve,0.0109
tree,15,3,2.5,1.5,217,gibbs,0.013437611044244423,0.029731917579278178,0.014601912114276512,0.010235783101656173,1,2000,,1013.9,1.00262,2000,ve,5.4553
tree,15,3,4.0,1.5,217,exact,0.0,0.0,,,1,,,,,,ve,0.0044
tree,15,3,4.0,1.5,217,mf,0.5549811117722857,0.9407308891448005,0.5037155527224159,0.6959613991594273,1,7,,,,,ve,0.0021
tree,15,3,4.0,1.5,217,lbp,6.531665218909485e-08,2.1162254437018246e-07,8.464308701977658e-08,1.2168956404720079e-08,1,39,3.007198421389745e-07,,,,ve,0.0106
tree,15,3,4.0,1.5,217,gibbs,0.08335456250493237,0.1110106824448173,0.0828487834184528,0.08474545499275123,0,2000,,17.4,1.15458,2000,ve,4.5797
tree,15,3,0.0,0.5,218,exact,0.0,0.0,,,1,,,,,,ve,0.0044
tree,15,3,0.0,0.5,218,mf,2.723515857283587e-16,6.591949208711867e-16,2.786596710955471e-16,2.5500435096859064e-16,1,1,,,,,ve,0.0005
tree,15,3,0.0,0.5,218,lbp,2.6911343523986866e-16,5.828670879282072e-16,2.799212881689848e-16,2.393918396847994e-16,1,3,0.0,,,,ve,0.0008
tree,15,3,0.0,0.5,218,gibbs,8.656154496892536e-15,1.3759826611448034e-14,9.103828801926284e-15,7.425050158049729e-15,1,2000,,7852.7,1.0,2000,ve,4.1287
tree,15,3,0.1,0.5,218,exact,0.0,0.0,,,1,,,,,,ve,0.0043
tree,15,3,0.1,0.5,218,mf,0.00041281608569540047,0.0011532077160613186,0.00034943117740452026,0.0005871245834953211,1,4,,,,,ve,0.0013
tree,15,3,0.1,0.5,218,lbp,1.1776835298702114e-07,2.405052594023349e-07,1.1625934386824499e-07,1.2191812806365554e-07,1,17,1.985360059686414e-07,,,,ve,0.0041
tree,15,3,0.1,0.5,218,gibbs,0.0003085700765123539,0.0008170262773505299,0.0002694146661869932,0.00041624745490709573,1,2000,,7523.3,1.00007,2000,ve,4.1325
tree,15,3,0.25,0.5,218,exact,0.0,0.0,,,1,,,,,,ve,0.0051
tree,15,3,0.25,0.5,218,mf,0.0028064327302371925,0.007722696273817029,0.0023621531803066664,0.00402820149254614,1,5,,,,,ve,0.0015
tree,15,3,0.25,0.5,218,lbp,6.988275513426326e-08,1.5040481238237646e-07,7.078983832453645e-08,6.738827636101202e-08,1,20,1.7268095492406488e-07,,,,ve,0.0046
tree,15,3,0.25,0.5,218,gibbs,0.0007849995566121643,0.0020829015935791007,0.0006412442866066947,0.0011803265491272057,1,2000,,7166.8,1.00014,2000,ve,4.2461
tree,15,3,0.5,0.5,218,exact,0.0,0.0,,,1,,,,,,ve,0.0043
tree,15,3,0.5,0.5,218,mf,0.01280448077532889,0.0323822344444125,0.011107535529731238,0.01747108020072243,1,7,,,,,ve,0.0021
tree,15,3,0.5,0.5,218,lbp,1.2573930543337507e-07,2.7843028524432434e-07,1.4050465000427037e-07,8.513460786341298e-08,1,22,3.043537606939317e-07,,,,ve,0.0049
tree,15,3,0.5,0.5,218,gibbs,0.0012432014190139932,0.0024178411070151645,0.0011974385623397118,0.0013690492748682673,1,2000,,6193.3,0.99994,2000,ve,4.0977
tree,15,3,0.75,0.5,218,exact,0.0,0.0,,,1,,,,,,ve,0.005
tree,15,3,0.75,0.5,218,mf,0.030819631175342112,0.06549213018691326,0.028386299611381918,0.037511292976232666,1,9,,,,,ve,0.0025
tree,15,3,0.75,0.5,218,lbp,1.35980819703993e-07,2.7667795161889774e-07,1.5325835351666373e-07,8.846760171914853e-08,1,25,2.5790043672868634e-07,,,,ve,0.0057
tree,15,3,0.75,0.5,218,gibbs,0.002150907838353465,0.005412238757017754,0.002253816930231424,0.0018679078356890772,1,2000,,5191.0,1.00041,2000,ve,4.2847
tree,15,3,1.0,0.5,218,exact,0.0,0.0,,,1,,,,,,ve,0.0046
tree,15,3,1.0,0.5,218,mf,0.0542475846393017,0.1286494452633815,0.053523364558916015,0.05623918986036238,1,11,,,,,ve,0.0041
tree,15,3,1.0,0.5,218,lbp,1.7035705034343143e-07,3.399518012370262e-07,1.9897828401529288e-07,9.16486577458124e-08,1,27,3.288099397757982e-07,,,,ve,0.0084
tree,15,3,1.0,0.5,218,gibbs,0.002628331881162643,0.006860041084555089,0.002939478549429712,0.001772678543428205,1,2000,,4793.0,1.00077,2000,ve,4.2695
tree,15,3,1.3,0.5,218,exact,0.0,0.0,,,1,,,,,,ve,0.0043
tree,15,3,1.3,0.5,218,mf,0.085097932941341,0.22842187034477937,0.0899209165312203,0.07183472806917296,1,13,,,,,ve,0.0032
tree,15,3,1.3,0.5,218,lbp,1.0151792339591706e-07,2.014612035805552e-07,1.2150610565462606e-07,4.655042218446731e-08,1,30,2.0454728777430375e-07,,,,ve,0.007
tree,15,3,1.3,0.5,218,gibbs,0.002364103344912914,0.003957803998551751,0.0024539376030848505,0.002117059134940087,1,2000,,4663.4,1.00042,2000,ve,4.2033
tree,15,3,1.75,0.5,218,exact,0.0,0.0,,,1,,,,,,ve,0.0067
tree,15,3,1.75,0.5,218,mf,0.12740718149933924,0.36380362337172434,0.14176482528858425,0.08792366107891551,1,11,,,,,ve,0.0035
tree,15,3,1.75,0.5,218,lbp,1.1260271584173902e-07,2.3199346893543193e-07,1.371110408199738e-07,4.520482215159341e-08,1,32,2.764788225584347e-07,,,,ve,0.0092
tree,15,3,1.75,0.5,218,gibbs,0.004404863988428075,0.008344933692783559,0.004480068030046121,0.004198052873978448,1,2000,,3581.7,1.0005,2000,ve,4.271
tree,15,3,2.5,0.5,218,exact,0.0,0.0,,,1,,,,,,ve,0.0044
tree,15,3,2.5,0.5,218,mf,0.18818034874228953,0.5251534510588267,0.21403032316032922,0.11709291909268034,1,11,,,,,ve,0.003
tree,15,3,2.5,0.5,218,lbp,8.621238843135986e-08,1.971019492133519e-07,1.0553357834932249e-07,3.3079116156962615e-08,1,35,2.934820513833536e-07,,,,ve,0.0083
tree,15,3,2.5,0.5,218,gibbs,0.012701169401302722,0.02826415319749269,0.013207504498838818,0.011308747883078455,1,2000,,2919.5,1.00108,2000,ve,4.1815
tree,15,3,4.0,0.5,218,exact,0.0,0.0,,,1,,,,,,ve,0.0043
tree,15,3,4.0,0.5,218,mf,0.3190522954461701,0.7839660960090991,0.36175202930928274,0.20162802732261015,1,10,,,,,ve,0.0028
tree,15,3,4.0,0.5,218,lbp,5.623767311690054e-08,1.2824316553659842e-07,6.658277032669314e-08,2.7788655789970883e-08,1,39,2.2733192672763636e-07,,,,ve,0.0095
tree,15,3,4.0,0.5,218,gibbs,0.07689048582300013,0.11674853398320376,0.0829203616007089,0.060308327434301,0,2000,,290.1,1.01305,2000,ve,4.365
tree,15,3,0.0,1.5,218,exact,0.0,0.0,,,1,,,,,,ve,0.0061
tree,15,3,0.0,1.5,218,mf,2.9021923753091985e-16,6.392456008974534e-16,2.9182779929955285e-16,2.8579569266717897e-16,1,1,,,,,ve,0.0005
tree,15,3,0.0,1.5,218,lbp,3.0178406070409854e-16,6.392456008974534e-16,2.9939750174017894e-16,3.0834709785487746e-16,1,3,0.0,,,,ve,0.001
tree,15,3,0.0,1.5,218,gibbs,7.789486648294522e-15,1.575649333229734e-14,7.93194424283686e-15,7.397728263303094e-15,1,2000,,7647.5,1.00002,2000,ve,4.2004
tree,15,3,0.1,1.5,218,exact,0.0,0.0,,,1,,,,,,ve,0.0044
tree,15,3,0.1,1.5,218,mf,0.00036366488120203493,0.0007423837621727686,0.00030896451826307997,0.0005140908792841611,1,4,,,,,ve,0.0013
tree,15,3,0.1,1.5,218,lbp,1.1861218908217526e-07,3.7134429126291224e-07,1.1390722710039552e-07,1.3155083453206956e-07,1,17,1.9064374923161154e-07,,,,ve,0.0041
tree,15,3,0.1,1.5,218,gibbs,0.0003108331350785716,0.000796995947536322,0.0002708507076871574,0.0004207848104049606,1,2000,,7584.6,1.00022,2000,ve,4.1461
tree,15,3,0.25,1.5,218,exact,0.0,0.0,,,1,,,,,,ve,0.0045
tree,15,3,0.25,1.5,218,mf,0.002543551280296154,0.0051797758684850315,0.002173931076498413,0.0035600068407399417,1,5,,,,,ve,0.0014
tree,15,3,0.25,1.5,218,lbp,8.434083196232761e-08,1.6831385322296777e-07,7.816677521345665e-08,1.0131948802172275e-07,1,20,1.914226434029942e-07,,,,ve,0.0048
tree,15,3,0.25,1.5,218,gibbs,0.0006269104245216616,0.0018750838850096208,0.0005004503681283765,0.0009746755796031957,1,2000,,7331.5,1.00044,2000,ve,4.2207
tree,15,3,0.5,1.5,218,exact,0.0,0.0,,,1,,,,,,ve,0.0044
tree,15,3,0.5,1.5,218,mf,0.011954589514076698,0.02720853048443834,0.010165388711359809,0.01687489172154815,1,8,,,,,ve,0.0021
tree,15,3,0.5,1.5,218,lbp,1.0206780865623192e-07,3.2669598756807083e-07,1.1337690049942213e-07,7.096780608745884e-08,1,23,2.946683096416436e-07,,,,ve,0.0056
tree,15,3,0.5,1.5,218,gibbs,0.001376176126983771,0.003286605821495349,0.0012189772382042202,0.0018084730711275358,1,2000,,6668.4,1.00041,2000,ve,4.1739
tree,15,3,0.75,1.5,218,exact,0.0,0.0,,,1,,,,,,ve,0.0048
tree,15,3,0.75,1.5,218,mf,0.02855549851526513,0.07106982092193154,0.02435500675821264,0.04010685084715949,1,10,,,,,ve,0.0026
tree,15,3,0.75,1.5,218,lbp,1.361002842025586e-07,2.7345534500677893e-07,1.4977053868721807e-07,9.850708436974498e-08,1,26,3.180262542201717e-07,,,,ve,0.0057
tree,15,3,0.75,1.5,218,gibbs,0.0015423768583176503,0.004032494117762256,0.0013511051941497473,0.0020683739347793833,1,2000,,5816.8,1.00056,2000,ve,4.1886
tree,15,3,1.0,1.5,218,exact,0.0,0.0,,,1,,,,,,ve,0.0043
tree,15,3,1.0,1.5,218,mf,0.04787823757607392,0.10383242622446587,0.04246358273192505,0.06276853839748335,1,11,,,,,ve,0.0029
tree,15,3,1.0,1.5,218,lbp,1.0487300308831328e-07,2.493313775303596e-07,1.1840697910055918e-07,6.765456905463707e-08,1,29,2.6366972194491467e-07,,,,ve,0.0071
tree,15,3,1.0,1.5,218,gibbs,0.0019820383604190984,0.005137720701184609,0.0016635456511890007,0.002857893310801868,1,2000,,5036.6,1.00002,2000,ve,4.2951
tree,15,3,1.3,1.5,218,exact,0.0,0.0,,,1,,,,,,ve,0.0043
tree,15,3,1.3,1.5,218,mf,0.07413273273546478,0.21015004658431427,0.07204024049425264,0.0798870863987981,1,16,,,,,ve,0.0041
tree,15,3,1.3,1.5,218,lbp,1.1173457658824928e-07,3.178079667626177e-07,1.3031126602520288e-07,6.064868063662687e-08,1,31,2.8245656802372565e-07,,,,ve,0.007
tree,15,3,1.3,1.5,218,gibbs,0.0025098517760139263,0.006427922863126826,0.002187474600411186,0.0033963890089214613,1,2000,,4721.9,1.00016,2000,ve,4.3498
tree,15,3,1.75,1.5,218,exact,0.0,0.0,,,1,,,,,,ve,0.0043
tree,15,3,1.75,1.5,218,mf,0.12094657677452843,0.4245550945133169,0.1311105747448611,0.09299558235611366,1,15,,,,,ve,0.004
tree,15,3,1.75,1.5,218,lbp,6.693315034287465e-08,2.1529182200885622e-07,8.027678518116395e-08,3.0238154537579054e-08,1,34,2.2588824510894057e-07,,,,ve,0.0077
tree,15,3,1.75,1.5,218,gibbs,0.003039035712786691,0.005959801943238351,0.003661766583686842,0.001326525817811276,1,2000,,4182.3,1.00034,2000,ve,4.144
tree,15,3,2.5,1.5,218,exact,0.0,0.0,,,1,,,,,,ve,0.0045
tree,15,3,2.5,1.5,218,mf,0.18432979579489098,0.6343168820766235,0.21047656573533435,0.11242617845867166,1,9,,,,,ve,0.0025
tree,15,3,2.5,1.5,218,lbp,4.092676478150687e-08,1.2976470718795152e-07,4.9941356447471384e-08,1.6136637700104456e-08,1,37,2.0138426848337332e-07,,,,ve,0.0082
tree,15,3,2.5,1.5,218,gibbs,0.005421528141196306,0.010669321852735017,0.006161876472265673,0.003385570230755544,1,2000,,2359.0,1.00065,2000,ve,4.3179
tree,15,3,4.0,1.5,218,exact,0.0,0.0,,,1,,,,,,ve,0.0062
tree,15,3,4.0,1.5,218,mf,0.2903030699134342,0.8445432744671774,0.3334978311831688,0.17151747642166398,1,8,,,,,ve,0.0023
tree,15,3,4.0,1.5,218,lbp,4.000385674548493e-08,8.933383245646187e-08,4.785179676325151e-08,1.8422021696626843e-08,1,40,2.19270253010162e-07,,,,ve,0.0093
tree,15,3,4.0,1.5,218,gibbs,0.039976225619041086,0.053805244594286414,0.041768609832720766,0.03504716903142196,0,2000,,340.7,1.01564,2000,ve,4.2092
tree,15,3,0.0,0.5,219,exact,0.0,0.0,,,1,,,,,,ve,0.0046
tree,15,3,0.0,0.5,219,mf,3.4671339873189786e-16,5.689893001203927e-16,3.1508886409106003e-16,4.3368086899420177e-16,1,1,,,,,ve,0.0005
tree,15,3,0.0,0.5,219,lbp,3.633667441012752e-16,5.828670879282072e-16,3.302282689723122e-16,4.544975507059235e-16,1,3,0.0,,,,ve,0.0008
tree,15,3,0.0,0.5,219,gibbs,8.277753482666128e-15,1.4710455076283324e-14,8.441637540505682e-15,7.827072323607354e-15,1,2000,,8071.2,1.00014,2000,ve,4.2616
tree,15,3,0.1,0.5,219,exact,0.0,0.0,,,1,,,,,,ve,0.0043
tree,15,3,0.1,0.5,219,mf,0.0003755890695793407,0.001140333543512475,0.00034807598666530826,0.00045125004759292986,1,4,,,,,ve,0.0013
tree,15,3,0.1,0.5,219,lbp,8.183937116717129e-08,1.489408531091252e-07,9.335821152792695e-08,5.016256017509324e-08,1,17,1.57437688053097e-07,,,,ve,0.0039
tree,15,3,0.1,0.5,219,gibbs,0.00028856337816575634,0.0005261332020091158,0.0002652181749120134,0.0003527626871135496,1,2000,,7927.2,1.00027,2000,ve,4.0978
tree,15,3,0.25,0.5,219,exact,0.0,0.0,,,1,,,,,,ve,0.0044
tree,15,3,0.25,0.5,219,mf,0.0024498790652866718,0.00741930856841868,0.0023036605032502526,0.0028519801108868245,1,5,,,,,ve,0.0015
tree,15,3,0.25,0.5,219,lbp,9.496868695879161e-08,2.152920541009795e-07,9.832552534277823e-08,8.573738140282838e-08,1,19,2.1771516384161416e-07,,,,ve,0.0044
tree,15,3,0.25,0.5,219,gibbs,0.0006599513908074307,0.0011730342571931764,0.0006893673612767769,0.0005790574720167287,1,2000,,7235.0,1.00029,2000,ve,4.0909
tree,15,3,0.5,0.5,219,exact,0.0,0.0,,,1,,,,,,ve,0.0045
tree,15,3,0.5,0.5,219,mf,0.010430871001800616,0.03086249851404444,0.009933668789996497,0.011798177084261946,1,8,,,,,ve,0.0021
tree,15,3,0.5,0.5,219,lbp,6.990720120570356e-08,1.6069969743792711e-07,7.832011178566825e-08,4.677169711080065e-08,1,23,1.7793047479841562e-07,,,,ve,0.0051
tree,15,3,0.5,0.5,219,gibbs,0.0013449892063543548,0.0022435097965002593,0.001373754996379588,0.0012658832837849632,1,2000,,6599.0,0.99977,2000,ve,4.0241
tree,15,3,0.75,0.5,219,exact,0.0,0.0,,,1,,,,,,ve,0.0043
tree,15,3,0.75,0.5,219,mf,0.027822940078667924,0.08190634256059418,0.027634914080074714,0.028340011574799248,1,13,,,,,ve,0.0038
tree,15,3,0.75,0.5,219,lbp,1.0601188273375029e-07,2.4235063617039643e-07,1.157111151603125e-07,7.933899356070417e-08,1,25,1.813468440414745e-07,,,,ve,0.0063
tree,15,3,0.75,0.5,219,gibbs,0.001570443315281352,0.0025230633351202986,0.0016281456240782941,0.0014117619660897612,1,2000,,6182.8,0.99985,2000,ve,4.3164
tree,15,3,1.0,0.5,219,exact,0.0,0.0,,,1,,,,,,ve,0.0047
tree,15,3,1.0,0.5,219,mf,0.06772902221020818,0.18392864111550847,0.0688329063126373,0.0646933409285281,1,21,,,,,ve,0.0048
tree,15,3,1.0,0.5,219,lbp,1.7344312203022848e-07,3.9959587615906456e-07,1.807720659279545e-07,1.5328852631148193e-07,1,27,3.0139634676906724e-07,,,,ve,0.0062
tree,15,3,1.0,0.5,219,gibbs,0.0034889199510153624,0.005375965374707858,0.0032650294435059655,0.004104618846666203,1,2000,,5435.3,1.00023,2000,ve,4.1532
tree,15,3,1.3,0.5,219,exact,0.0,0.0,,,1,,,,,,ve,0.0043
tree,15,3,1.3,0.5,219,mf,0.15937469187708425,0.30311074538016736,0.15737803770627104,0.16486549084682067,1,24,,,,,ve,0.0059
tree,15,3,1.3,0.5,219,lbp,1.744657108313068e-07,3.3699104658863055e-07,1.6708481748023482e-07,1.9476316754675482e-07,1,30,2.83546962465131e-07,,,,ve,0.0067
tree,15,3,1.3,0.5,219,gibbs,0.003718939489596442,0.010130864431678547,0.0038461522239251786,0.0033691044701924158,1,2000,,4425.7,1.00084,2000,ve,4.1964
tree,15,3,1.75,0.5,219,exact,0.0,0.0,,,1,,,,,,ve,0.0044
tree,15,3,1.75,0.5,219,mf,0.2603910483701907,0.4615571221968267,0.2519529475985409,0.28359582549222767,1,27,,,,,ve,0.0071
tree,15,3,1.75,0.5,219,lbp,1.8512358772928655e-07,3.5592637860626386e-07,1.5711339954874548e-07,2.621516052257744e-07,1,33,2.7863415696938176e-07,,,,ve,0.0076
tree,15,3,1.75,0.5,219,gibbs,0.006466295137637139,0.013258263633774622,0.0049089036222096614,0.010749121805062703,1,2000,,4004.1,1.00032,2000,ve,4.0191
tree,15,3,2.5,0.5,219,exact,0.0,0.0,,,1,,,,,,ve,0.0045
tree,15,3,2.5,0.5,219,mf,0.3459788688775184,0.557009817803779,0.3395348155320756,0.3637000155774862,1,18,,,,,ve,0.0037
tree,15,3,2.5,0.5,219,lbp,1.2223828838985734e-07,2.949215363520774e-07,8.745529705165807e-08,2.1789151456990535e-07,1,37,2.233304373100431e-07,,,,ve,0.0068
tree,15,3,2.5,0.5,219,gibbs,0.031618770766829514,0.05324619135479179,0.02918429272727896,0.03831358537559354,1,2000,,2246.9,1.00101,2000,ve,3.6884
tree,15,3,4.0,0.5,219,exact,0.0,0.0,,,1,,,,,,ve,0.0044
tree,15,3,4.0,0.5,219,mf,0.43385912579789904,0.49699605215413395,0.419235874405947,0.4740730671257671,1,8,,,,,ve,0.002
tree,15,3,4.0,0.5,219,lbp,1.337794860461178e-07,3.809689744990741e-07,7.865075005001412e-08,2.8538351003540297e-07,1,40,2.788927209174119e-07,,,,ve,0.0078
tree,15,3,4.0,0.5,219,gibbs,0.11144078644179105,0.13527245861339487,0.11182876629175742,0.11037384185438356,0,2000,,56.6,1.05633,2000,ve,3.2638
tree,15,3,0.0,1.5,219,exact,0.0,0.0,,,1,,,,,,ve,0.0045
tree,15,3,0.0,1.5,219,mf,3.164135620181696e-16,1.0269562977782698e-15,2.245678390719067e-16,5.689893001203927e-16,1,1,,,,,ve,0.0004
tree,15,3,0.0,1.5,219,lbp,3.0253577421035517e-16,9.298117831235686e-16,2.157365195578429e-16,5.412337245047638e-16,1,3,0.0,,,,ve,0.0007
tree,15,3,0.0,1.5,219,gibbs,5.51890709058848e-15,1.4765966227514582e-14,4.6000924029550435e-15,8.045647481580431e-15,1,2000,,8256.4,0.99986,2000,ve,3.0656
tree,15,3,0.1,1.5,219,exact,0.0,0.0,,,1,,,,,,ve,0.0048
tree,15,3,0.1,1.5,219,mf,0.0003873495530522423,0.0010023050117384802,0.00037377866188983923,0.0004246695037488507,1,4,,,,,ve,0.0008
tree,15,3,0.1,1.5,219,lbp,7.224678727051533e-08,1.9225350301327326e-07,8.162949452400228e-08,4.64443423234262e-08,1,17,1.7525274442764527e-07,,,,ve,0.0027
tree,15,3,0.1,1.5,219,gibbs,0.0001778890608570341,0.00037670949860652003,0.00016673803621697765,0.00020855437861718937,1,2000,,8237.5,1.00012,2000,ve,3.1246
tree,15,3,0.25,1.5,219,exact,0.0,0.0,,,1,,,,,,ve,0.0045
tree,15,3,0.25,1.5,219,mf,0.002321385767082258,0.006337027239535067,0.0022133928388917592,0.00261836631960613,1,5,,,,,ve,0.0012
tree,15,3,0.25,1.5,219,lbp,6.865689880092285e-08,1.8546071431368993e-07,8.06341880254827e-08,3.571935343338328e-08,1,19,2.235863525990034e-07,,,,ve,0.004
tree,15,3,0.25,1.5,219,gibbs,0.0005018694441127516,0.0011060149874034947,0.0005262257720027538,0.00043488954241524547,1,2000,,8068.4,1.00026,2000,ve,2.9809
tree,15,3,0.5,1.5,219,exact,0.0,0.0,,,1,,,,,,ve,0.0047
tree,15,3,0.5,1.5,219,mf,0.008611769257444866,0.025624555451281048,0.008042438351694702,0.010177429248257819,1,7,,,,,ve,0.0014
tree,15,3,0.5,1.5,219,lbp,7.697535492993493e-08,1.5866357839372514e-07,7.776939554459229e-08,7.479174323962723e-08,1,22,2.5109999757244594e-07,,,,ve,0.0035
tree,15,3,0.5,1.5,219,gibbs,0.0010860046778245762,0.002692848856307311,0.0011175324510894749,0.0009993033013461043,1,2000,,7607.3,1.00031,2000,ve,3.0572
tree,15,3,0.75,1.5,219,exact,0.0,0.0,,,1,,,,,,ve,0.0051
tree,15,3,0.75,1.5,219,mf,0.019806097105103244,0.05996381383304693,0.018748440579402965,0.022714652550779018,1,11,,,,,ve,0.0022
tree,15,3,0.75,1.5,219,lbp,1.6277650510965422e-07,3.50995089964945e-07,1.4334040202588733e-07,2.1622578859001318e-07,1,24,3.2645488345917073e-07,,,,ve,0.0038
tree,15,3,0.75,1.5,219,gibbs,0.002074407751158878,0.0037511440179895106,0.0021012948587274035,0.0020004682053454334,1,2000,,7041.2,1.00012,2000,ve,3.0591
tree,15,3,1.0,1.5,219,exact,0.0,0.0,,,1,,,,,,ve,0.0043
tree,15,3,1.0,1.5,219,mf,0.04304509985097463,0.12874542018338375,0.042571996554252416,0.04434613391696071,1,19,,,,,ve,0.0032
tree,15,3,1.0,1.5,219,lbp,1.6694136132089367e-07,3.322572303329774e-07,1.5805029737747667e-07,1.9139178716529037e-07,1,27,3.176854022068909e-07,,,,ve,0.0043
tree,15,3,1.0,1.5,219,gibbs,0.0013405856251530195,0.0022232233798936407,0.0012619511316703874,0.0015568304822302578,1,2000,,6443.4,1.00015,2000,ve,3.0949
tree,15,3,1.3,1.5,219,exact,0.0,0.0,,,1,,,,,,ve,0.005
tree,15,3,1.3,1.5,219,mf,0.13078581994458371,0.35294186614637435,0.12631757710912578,0.14307348774209314,1,30,,,,,ve,0.0056
tree,15,3,1.3,1.5,219,lbp,7.005379061298297e-08,2.9051882902142445e-07,7.556053998795437e-08,5.4910229831811597e-08,1,31,2.4491691330563725e-07,,,,ve,0.0047
tree,15,3,1.3,1.5,219,gibbs,0.003217658661771269,0.007667715611841236,0.0030576095765890293,0.003657793646022426,1,2000,,5559.1,1.00052,2000,ve,3.124
tree,15,3,1.75,1.5,219,exact,0.0,0.0,,,1,,,,,,ve,0.0048
tree,15,3,1.75,1.5,219,mf,0.2695277690209734,0.5443139935742447,0.2383051959633016,0.3553898449295708,1,19,,,,,ve,0.0039
tree,15,3,1.75,1.5,219,lbp,6.64135547517701e-08,3.3007963939901686e-07,7.122047174585923e-08,5.3194533018025014e-08,1,34,2.9271795903840214e-07,,,,ve,0.0065
tree,15,3,1.75,1.5,219,gibbs,0.0077694502786185855,0.017573164687315096,0.006367184462581754,0.011625681272719873,1,2000,,4196.8,1.00029,2000,ve,3.104
tree,15,3,2.5,1.5,219,exact,0.0,0.0,,,1,,,,,,ve,0.0049
tree,15,3,2.5,1.5,219,mf,0.4281222444488195,0.8499452097625966,0.3509043979037329,0.6404713224478077,1,8,,,,,ve,0.0016
tree,15,3,2.5,1.5,219,lbp,1.0185707689113558e-07,3.2037762227876687e-07,8.255551886002985e-08,1.5493636147667633e-07,1,37,2.7183430018062893e-07,,,,ve,0.006
tree,15,3,2.5,1.5,219,gibbs,0.021491433621672686,0.047013230171133374,0.016511919448869327,0.03518509759688193,1,2000,,1659.6,1.00172,2000,ve,3.1267
tree,15,3,4.0,1.5,219,exact,0.0,0.0,,,1,,,,,,ve,0.005
tree,15,3,4.0,1.5,219,mf,0.5747370843595809,0.9577345930639862,0.4606179890383171,0.8885645964930564,1,5,,,,,ve,0.0012
tree,15,3,4.0,1.5,219,lbp,1.5548496718381698e-07,4.175352236249208e-07,9.885067207078227e-08,3.1122927874466244e-07,1,40,3.1260191563076134e-07,,,,ve,0.0066
tree,15,3,4.0,1.5,219,gibbs,0.052423265628846034,0.07729169731126716,0.046844995955339155,0.06776350723098995,1,2000,,577.0,1.00939,2000,ve,3.1462
