structure,n,C,beta,alpha,draw_seed,method,tv_mean,tv_max,tv_mean_informative,tv_mean_uninformative,converged,iters,final_residual,ess_min,rhat_max,gibbs_kept,exact_method,wall_seconds
star,16,3,0.0,0.5,200,exact,0.0,0.0,,,1,,,,,,ve,0.008
star,16,3,0.0,0.5,200,mf,2.3115190317390955e-16,7.216449660063518e-16,2.3997008084345833e-16,2.0469737016526324e-16,1,1,,,,,ve,0.0013
star,16,3,0.0,0.5,200,lbp,2.334829378447534e-16,7.216449660063518e-16,2.4423460938856795e-16,2.0122792321330962e-16,1,3,0.0,,,,ve,0.0015
star,16,3,0.0,0.5,200,gibbs,6.166291435794058e-15,1.504352198367087e-14,5.528274597358755e-15,8.080341951099967e-15,1,2000,,7812.8,1.00029,2000,ve,9.2149
star,16,3,0.1,0.5,200,exact,0.0,0.0,,,1,,,,,,ve,0.0129
star,16,3,0.1,0.5,200,mf,0.00038486449148022843,0.0037742625735260604,0.0004828214778816505,9.099353227596217e-05,1,4,,,,,ve,0.0013
star,16,3,0.1,0.5,200,lbp,4.167202576250712e-08,1.1249752041031513e-07,3.856076386194243e-08,5.100581146420119e-08,1,17,1.4527926289753523e-07,,,,ve,0.0038
star,16,3,0.1,0.5,200,gibbs,0.00015507479335405313,0.00022491477214776207,0.00015451182838901946,0.00015676368824915415,1,2000,,7916.0,1.00004,2000,ve,7.7817
star,16,3,0.25,0.5,200,exact,0.0,0.0,,,1,,,,,,ve,0.014
star,16,3,0.25,0.5,200,mf,0.0029384080070632207,0.024738180831528095,0.00370520887440561,0.0006380054050360517,1,6,,,,,ve,0.0032
star,16,3,0.25,0.5,200,lbp,1.1522346847687211e-07,2.5637923220349357e-07,1.3122787303019903e-07,6.721025481689138e-08,1,18,2.2481165173893203e-07,,,,ve,0.0142
star,16,3,0.25,0.5,200,gibbs,0.00048626705480362347,0.000730381366312937,0.00048076701639401223,0.0005027671700324572,1,2000,,7894.8,0.99993,2000,ve,8.1193
star,16,3,0.5,0.5,200,exact,0.0,0.0,,,1,,,,,,ve,0.0077
star,16,3,0.5,0.5,200,mf,0.01902224821915112,0.10877739216486344,0.02216135973016714,0.009604913686103046,1,10,,,,,ve,0.0029
star,16,3,0.5,0.5,200,lbp,9.960399100292358e-08,2.2283520879386176e-07,1.1230573737142958e-07,6.149875189740556e-08,1,21,2.2340338617921063e-07,,,,ve,0.0102
star,16,3,0.5,0.5,200,gibbs,0.0007977563988858449,0.0011983351423096276,0.000803425595525247,0.0007807488089676385,1,2000,,7584.2,0.99995,2000,ve,8.1304
star,16,3,0.75,0.5,200,exact,0.0,0.0,,,1,,,,,,ve,0.0099
star,16,3,0.75,0.5,200,mf,0.0583215830938581,0.24744423055338755,0.06455487906289877,0.03962169518673608,1,11,,,,,ve,0.0037
star,16,3,0.75,0.5,200,lbp,7.723499778297151e-08,1.6457496962961338e-07,8.494553499248265e-08,5.410338615443808e-08,1,23,1.7506859656402085e-07,,,,ve,0.0135
star,16,3,0.75,0.5,200,gibbs,0.0008579203625815018,0.0012755975961503546,0.000833045239971264,0.000932545730412215,1,2000,,7505.6,1.00014,2000,ve,7.4296
star,16,3,1.0,0.5,200,exact,0.0,0.0,,,1,,,,,,ve,0.0071
star,16,3,1.0,0.5,200,mf,0.10750880589234968,0.36161774236844957,0.11538639748917208,0.08387603110188256,1,9,,,,,ve,0.0026
star,16,3,1.0,0.5,200,lbp,8.483533113837465e-08,1.7266301428897624e-07,9.164400721628496e-08,6.440930290464372e-08,1,24,1.887304357794939e-07,,,,ve,0.011
star,16,3,1.0,0.5,200,gibbs,0.0016914088117953928,0.006521243791144639,0.0017865248319599934,0.0014060607513015906,1,2000,,7538.5,1.00031,2000,ve,8.3402
star,16,3,1.3,0.5,200,exact,0.0,0.0,,,1,,,,,,ve,0.0078
star,16,3,1.3,0.5,200,mf,0.16861269163911236,0.4521824250090466,0.1771812460911332,0.1429070282830498,1,7,,,,,ve,0.0036
star,16,3,1.3,0.5,200,lbp,8.768515824439079e-08,1.677019626691173e-07,9.264188991152447e-08,7.281496324298975e-08,1,25,1.8234177745490854e-07,,,,ve,0.0127
star,16,3,1.3,0.5,200,gibbs,0.011764024376172912,0.028216730341159395,0.012291876895795611,0.01018046681730481,1,2000,,5476.0,1.00021,2000,ve,7.8734
star,16,3,1.75,0.5,200,exact,0.0,0.0,,,1,,,,,,ve,0.009
star,16,3,1.75,0.5,200,mf,0.27673827302116316,0.5684935306079062,0.28535150247060165,0.25089858467284776,1,6,,,,,ve,0.0019
star,16,3,1.75,0.5,200,lbp,9.51909539684357e-08,1.6573873072578404e-07,9.776269391046043e-08,8.747573414236154e-08,1,26,1.6638762467824364e-07,,,,ve,0.0131
star,16,3,1.75,0.5,200,gibbs,0.01932921846638698,0.04041145069526424,0.0199250711196587,0.017541660506571813,1,2000,,1355.6,1.00454,2000,ve,9.3609
star,16,3,2.5,0.5,200,exact,0.0,0.0,,,1,,,,,,ve,0.0096
star,16,3,2.5,0.5,200,mf,0.21507515925312853,0.32800568380141043,0.2169006587225287,0.20959866084492806,1,4,,,,,ve,0.0019
star,16,3,2.5,0.5,200,lbp,1.9084461151382213e-07,2.9412515009652473e-07,1.904529300559022e-07,1.9201965588758196e-07,1,26,2.493708364248448e-07,,,,ve,0.0136
star,16,3,2.5,0.5,200,gibbs,0.03824836382890271,0.061701910446129896,0.03858296212037007,0.03724456895450062,0,2000,,47.7,1.05654,2000,ve,9.2526
star,16,3,4.0,0.5,200,exact,0.0,0.0,,,1,,,,,,ve,0.0103
star,16,3,4.0,0.5,200,mf,0.13868778822971856,0.15803835739767697,0.13955666292029312,0.13608116415799482,1,3,,,,,ve,0.0015
star,16,3,4.0,0.5,200,lbp,1.5129056249837047e-07,2.7148837431975603e-07,1.4652495941403233e-07,1.655873717513849e-07,1,27,2.3865980802728615e-07,,,,ve,0.0157
star,16,3,4.0,0.5,200,gibbs,0.5102807350709913,0.5919616424522053,0.5178891555909653,0.4874554735110689,0,2000,,10.4,1.28985,2000,ve,9.8607
star,16,3,0.0,1.5,200,exact,0.0,0.0,,,1,,,,,,ve,0.0091
star,16,3,0.0,1.5,200,mf,4.0245584642661925e-16,1.0824674490095276e-15,3.703634621210483e-16,4.98732999343332e-16,1,1,,,,,ve,0.0009
star,16,3,0.0,1.5,200,lbp,4.082563280494167e-16,1.0824674490095276e-15,3.769409553007937e-16,5.022024462952857e-16,1,3,0.0,,,,ve,0.0022
star,16,3,0.0,1.5,200,gibbs,5.3607834317459524e-15,1.4210854715202004e-14,4.46727435136444e-15,8.04131067289049e-15,1,2000,,8049.6,1.00068,2000,ve,9.2943
star,16,3,0.1,1.5,200,exact,0.0,0.0,,,1,,,,,,ve,0.027
star,16,3,0.1,1.5,200,mf,0.0002002427108751347,0.002256723821210161,0.0002512347105063809,4.726671198139595e-05,1,4,,,,,ve,0.0067
star,16,3,0.1,1.5,200,lbp,5.730340840433366e-08,1.0196530073752763e-07,5.405084448131351e-08,6.706110017339409e-08,1,17,1.6085584497727012e-07,,,,ve,0.0226
star,16,3,0.1,1.5,200,gibbs,6.585891541822497e-05,0.00015566923370699884,6.798427038614298e-05,5.948285051447094e-05,1,2000,,8160.3,1.0005,2000,ve,9.3791
star,16,3,0.25,1.5,200,exact,0.0,0.0,,,1,,,,,,ve,0.0092
star,16,3,0.25,1.5,200,mf,0.0017905230099189383,0.01639369581804972,0.0021955258729150734,0.0005755144209305322,1,5,,,,,ve,0.0018
star,16,3,0.25,1.5,200,lbp,1.0759192050241754e-07,1.8305206638587895e-07,1.0765343835462671e-07,1.0740736694579006e-07,1,18,2.605603978134141e-07,,,,ve,0.0076
star,16,3,0.25,1.5,200,gibbs,0.00028218572704971683,0.0006818666400911499,0.00029040563472066246,0.0002575260040368799,1,2000,,7945.5,0.99999,2000,ve,8.4978
star,16,3,0.5,1.5,200,exact,0.0,0.0,,,1,,,,,,ve,0.0091
star,16,3,0.5,1.5,200,mf,0.013580336171185843,0.07956886272562794,0.015339926815297627,0.0083015642388505,1,8,,,,,ve,0.0025
star,16,3,0.5,1.5,200,lbp,7.050935435425824e-08,1.443634627643249e-07,7.181339924917553e-08,6.659721966950638e-08,1,22,1.7746173652799513e-07,,,,ve,0.0091
star,16,3,0.5,1.5,200,gibbs,0.000636640372391978,0.001296516696526171,0.0006529973970893275,0.0005875692982999295,1,2000,,7739.2,1.0,2000,ve,7.5983
star,16,3,0.75,1.5,200,exact,0.0,0.0,,,1,,,,,,ve,0.0076
star,16,3,0.75,1.5,200,mf,0.04683341346400578,0.19852332902052966,0.050453929888892836,0.03597186418934464,1,10,,,,,ve,0.003
star,16,3,0.75,1.5,200,lbp,6.617473191812551e-08,1.3318063346329928e-07,6.652934253937454e-08,6.511090005437842e-08,1,24,1.675493711550402e-07,,,,ve,0.0108
star,16,3,0.75,1.5,200,gibbs,0.0020049255488967677,0.0035466682500525527,0.0020330475699883396,0.0019205594856220544,1,2000,,7799.3,0.99985,2000,ve,8.7128
star,16,3,1.0,1.5,200,exact,0.0,0.0,,,1,,,,,,ve,0.0073
star,16,3,1.0,1.5,200,mf,0.10279742169386469,0.3416174998495055,0.1076098570076363,0.08836011575254984,1,9,,,,,ve,0.0025
star,16,3,1.0,1.5,200,lbp,8.133619042809104e-08,1.582875214906597e-07,8.098714172447673e-08,8.238333653893398e-08,1,25,1.8249906941214533e-07,,,,ve,0.0115
star,16,3,1.0,1.5,200,gibbs,0.0037980736781265427,0.01205782482465518,0.003954528671557146,0.0033287086978347332,1,2000,,6914.6,0.99993,2000,ve,7.7203
star,16,3,1.3,1.5,200,exact,0.0,0.0,,,1,,,,,,ve,0.0078
star,16,3,1.3,1.5,200,mf,0.1910032363054194,0.5069477659445285,0.1958318170799557,0.17651749398181052,1,9,,,,,ve,0.0026
star,16,3,1.3,1.5,200,lbp,1.6095924093353637e-07,2.9827535826107074e-07,1.588930575252773e-07,1.6715779115831358e-07,1,25,2.6573769329463204e-07,,,,ve,0.01
star,16,3,1.3,1.5,200,gibbs,0.0013674931919727125,0.00608768030206169,0.0012924443993103049,0.0015926395699599359,1,2000,,3392.0,1.00045,2000,ve,8.2577
star,16,3,1.75,1.5,200,exact,0.0,0.0,,,1,,,,,,ve,0.0082
star,16,3,1.75,1.5,200,mf,0.14081346921333007,0.2918620600202807,0.14182138753638704,0.1377897142441592,1,4,,,,,ve,0.0013
star,16,3,1.75,1.5,200,lbp,1.3620369639934758e-07,2.3243586617536713e-07,1.3323398505091463e-07,1.451128304446464e-07,1,26,1.9668440787157238e-07,,,,ve,0.0126
star,16,3,1.75,1.5,200,gibbs,0.013794352038506007,0.027498989834837593,0.013816760802534023,0.01372712574642195,1,2000,,779.3,1.00419,2000,ve,7.8295
star,16,3,2.5,1.5,200,exact,0.0,0.0,,,1,,,,,,ve,0.0084
star,16,3,2.5,1.5,200,mf,0.06271459267046608,0.09823999571161643,0.06227794897574183,0.06402452375463888,1,3,,,,,ve,0.0011
star,16,3,2.5,1.5,200,lbp,7.534589732298625e-08,1.2944340816237188e-07,7.328299844307717e-08,8.153459396271351e-08,1,27,1.6624104637319448e-07,,,,ve,0.0137
star,16,3,2.5,1.5,200,gibbs,0.06755358792438594,0.10607676091608036,0.06702606846311342,0.0691361463082035,0,2000,,17.2,1.15632,2000,ve,7.9897
star,16,3,4.0,1.5,200,exact,0.0,0.0,,,1,,,,,,ve,0.0076
star,16,3,4.0,1.5,200,mf,0.016137447455909972,0.018710194978529892,0.01601016583197144,0.01651929232772558,1,3,,,,,ve,0.0011
star,16,3,4.0,1.5,200,lbp,6.627289366049123e-08,1.9082948593887594e-07,6.526771937837986e-08,6.928841650682537e-08,1,27,2.5982572349203537e-07,,,,ve,0.0132
star,16,3,4.0,1.5,200,gibbs,0.6324825663007019,0.7314912859896763,0.6271403685675097,0.6485091595002788,0,2000,,8.6,1.38302,2000,ve,7.7327
star,16,3,0.0,0.5,201,exact,0.0,0.0,,,1,,,,,,ve,0.0123
star,16,3,0.0,0.5,201,mf,2.8037468180475145e-16,7.632783294297951e-16,2.752427915216534e-16,2.957703526540456e-16,1,1,,,,,ve,0.0008
star,16,3,0.0,0.5,201,lbp,3.176712365382528e-16,7.494005416219807e-16,3.272844958009576e-16,2.888314587501384e-16,1,3,0.0,,,,ve,0.0017
star,16,3,0.0,0.5,201,gibbs,9.757602711935043e-15,1.8013368574543165e-14,9.866818010776749e-15,9.429956815409923e-15,1,2000,,8210.9,0.99981,2000,ve,8.4466
star,16,3,0.1,0.5,201,exact,0.0,0.0,,,1,,,,,,ve,0.0169
star,16,3,0.1,0.5,201,mf,0.00024871389971010873,0.0008678385324362992,0.00024389179423798396,0.00026318021612648304,1,4,,,,,ve,0.0018
star,16,3,0.1,0.5,201,lbp,1.4109416007095955e-07,2.490287700218641e-07,1.4413270038882617e-07,1.3197853911735974e-07,1,17,1.9193892114577338e-07,,,,ve,0.0077
star,16,3,0.1,0.5,201,gibbs,0.0001980429913713284,0.0015303318374269292,0.00023404487158181,9.00373507398836e-05,1,2000,,8163.7,0.99985,2000,ve,8.4674
star,16,3,0.25,0.5,201,exact,0.0,0.0,,,1,,,,,,ve,0.0111
star,16,3,0.25,0.5,201,mf,0.002359565853741354,0.012438846577723803,0.0023451108605451656,0.00240293083332992,1,7,,,,,ve,0.0032
star,16,3,0.25,0.5,201,lbp,1.1854739671531868e-07,1.4891098561176097e-07,1.1841590884416331e-07,1.1894186032878479e-07,1,20,1.814889155071775e-07,,,,ve,0.0116
star,16,3,0.25,0.5,201,gibbs,0.00044942008274206,0.0024604779985504255,0.00048500512506917306,0.0003426649557607209,1,2000,,7869.7,0.99988,2000,ve,7.8408
star,16,3,0.5,0.5,201,exact,0.0,0.0,,,1,,,,,,ve,0.0077
star,16,3,0.5,0.5,201,mf,0.028985797276466507,0.13427586235364913,0.029351823792768777,0.027887717727559696,1,14,,,,,ve,0.0049
star,16,3,0.5,0.5,201,lbp,1.254751402241655e-07,1.626477276750471e-07,1.2485226892188644e-07,1.2734375413100268e-07,1,22,1.9837285786250547e-07,,,,ve,0.0116
star,16,3,0.5,0.5,201,gibbs,0.002050740203187615,0.008255913520331032,0.002112271627620835,0.0018661459298879562,1,2000,,6271.8,0.99986,2000,ve,8.5128
star,16,3,0.75,0.5,201,exact,0.0,0.0,,,1,,,,,,ve,0.0089
star,16,3,0.75,0.5,201,mf,0.09163160247778152,0.321605716679263,0.09325740059472643,0.08675420812694687,1,11,,,,,ve,0.0044
star,16,3,0.75,0.5,201,lbp,1.365657297826544e-07,1.812223733854701e-07,1.3630232305270515e-07,1.3735594997250217e-07,1,23,2.0900949698754445e-07,,,,ve,0.0119
star,16,3,0.75,0.5,201,gibbs,0.00017840455411939605,0.0021173887446494927,0.00021900400077768528,5.660621414452834e-05,1,2000,,4406.3,1.00102,2000,ve,7.7203
star,16,3,1.0,0.5,201,exact,0.0,0.0,,,1,,,,,,ve,0.0078
star,16,3,1.0,0.5,201,mf,0.10635069276256329,0.2975149211506005,0.10738014485619422,0.10326233648167049,1,7,,,,,ve,0.0023
star,16,3,1.0,0.5,201,lbp,1.1178571803177433e-07,1.499503464175156e-07,1.1233528254307734e-07,1.1013702449786528e-07,1,24,1.592310783227191e-07,,,,ve,0.012
star,16,3,1.0,0.5,201,gibbs,0.0031885243099759744,0.006734839216823774,0.0032411589606796323,0.003030620357865001,1,2000,,3029.2,1.00057,2000,ve,22.618
star,16,3,1.3,0.5,201,exact,0.0,0.0,,,1,,,,,,ve,0.0129
star,16,3,1.3,0.5,201,mf,0.10194684452944225,0.23023917676677208,0.10213138578742476,0.10139322075549473,1,5,,,,,ve,0.0033
star,16,3,1.3,0.5,201,lbp,1.5533907157566813e-07,2.0869935372924697e-07,1.5782864380726783e-07,1.4787035488086908e-07,1,24,2.0087481367170312e-07,,,,ve,0.0081
star,16,3,1.3,0.5,201,gibbs,0.004611676182335402,0.010556971897492815,0.004727798659519313,0.004263308750783667,1,2000,,1638.3,1.00323,2000,ve,7.8441
star,16,3,1.75,0.5,201,exact,0.0,0.0,,,1,,,,,,ve,0.0074
star,16,3,1.75,0.5,201,mf,0.08795454559133162,0.1565791333351393,0.08759558721819292,0.08903142071074771,1,4,,,,,ve,0.0019
star,16,3,1.75,0.5,201,lbp,1.9891313256226693e-07,2.8620177242033584e-07,2.0603978007534737e-07,1.7753319002302564e-07,1,24,2.477194578354158e-07,,,,ve,0.0114
star,16,3,1.75,0.5,201,gibbs,0.03838502838136261,0.06642311890754522,0.037609758923447506,0.04071083675510792,0,2000,,257.8,1.01634,2000,ve,7.9286
star,16,3,2.5,0.5,201,exact,0.0,0.0,,,1,,,,,,ve,0.0065
star,16,3,2.5,0.5,201,mf,0.06973111818140329,0.09612830480501407,0.06924607474988469,0.07118624847595911,1,3,,,,,ve,0.001
star,16,3,2.5,0.5,201,lbp,1.16896184573583e-07,1.9796970043839401e-07,1.2584728618144497e-07,9.004287974999706e-08,1,25,1.4619422528117099e-07,,,,ve,0.0128
star,16,3,2.5,0.5,201,gibbs,0.27947847677199483,0.38396709007752255,0.2751171598913413,0.29256242741395566,0,2000,,12.7,1.21746,2000,ve,7.399
star,16,3,4.0,0.5,201,exact,0.0,0.0,,,1,,,,,,ve,0.0089
star,16,3,4.0,0.5,201,mf,0.06048344473756088,0.06614322491151559,0.06020980183336063,0.06130437345016162,1,3,,,,,ve,0.0011
star,16,3,4.0,0.5,201,lbp,2.2677156976725916e-07,9.024261300311087e-07,2.7053865679536995e-07,9.547030868292672e-08,1,24,2.6945847886317154e-07,,,,ve,0.0097
star,16,3,4.0,0.5,201,gibbs,0.39619226634853777,0.43385677508868026,0.3954550709670281,0.39840385249306665,0,2000,,9.9,1.30921,2000,ve,8.1739
star,16,3,0.0,1.5,201,exact,0.0,0.0,,,1,,,,,,ve,0.0064
star,16,3,0.0,1.5,201,mf,2.817841446289826e-16,8.881784197001252e-16,2.7712207528729493e-16,2.957703526540456e-16,1,1,,,,,ve,0.0006
star,16,3,0.0,1.5,201,lbp,2.7246000594560726e-16,7.91033905045424e-16,2.6700285501076354e-16,2.888314587501384e-16,1,3,0.0,,,,ve,0.001
star,16,3,0.0,1.5,201,gibbs,6.872865991602861e-15,1.6361911825413245e-14,6.020502383667174e-15,9.429956815409923e-15,1,2000,,8230.2,1.00028,2000,ve,7.6515
star,16,3,0.1,1.5,201,exact,0.0,0.0,,,1,,,,,,ve,0.053
star,16,3,0.1,1.5,201,mf,0.0004910047775259653,0.004358995677040414,0.0005462455691968754,0.00032528240251323507,1,4,,,,,ve,0.0166
star,16,3,0.1,1.5,201,lbp,1.5403485922253594e-07,2.125424399465614e-07,1.5148469361947006e-07,1.6168535603173356e-07,1,17,2.2796932658275537e-07,,,,ve,0.0313
star,16,3,0.1,1.5,201,gibbs,0.00010974778769113627,0.0006989938187833,0.00012863544820798902,5.308480614057802e-05,1,2000,,7997.6,1.00021,2000,ve,7.3819
star,16,3,0.25,1.5,201,exact,0.0,0.0,,,1,,,,,,ve,0.007
star,16,3,0.25,1.5,201,mf,0.004227934239161848,0.030692984637863685,0.004409360422844053,0.0036836556881152333,1,7,,,,,ve,0.0016
star,16,3,0.25,1.5,201,lbp,9.217447488726795e-08,1.3755942995102854e-07,9.059694625014256e-08,9.690706079864414e-08,1,20,1.5721947382862922e-07,,,,ve,0.0073
star,16,3,0.25,1.5,201,gibbs,0.00029413681340674004,0.0011428596569514615,0.00029437150825514633,0.0002934327288615212,1,2000,,7616.1,1.0002,2000,ve,6.4574
star,16,3,0.5,1.5,201,exact,0.0,0.0,,,1,,,,,,ve,0.0146
star,16,3,0.5,1.5,201,mf,0.025797463730977216,0.127996649337421,0.025917577404469583,0.025437122710500124,1,10,,,,,ve,0.0038
star,16,3,0.5,1.5,201,lbp,1.4497306172721325e-07,2.2620913080542704e-07,1.42775236974003e-07,1.51566535986844e-07,1,21,2.606731083210079e-07,,,,ve,0.0089
star,16,3,0.5,1.5,201,gibbs,0.0005281732144514187,0.0031292951914259834,0.0005676143738938096,0.0004098497361242461,1,2000,,6187.7,0.99989,2000,ve,6.848
star,16,3,0.75,1.5,201,exact,0.0,0.0,,,1,,,,,,ve,0.0066
star,16,3,0.75,1.5,201,mf,0.05034238232806924,0.18600855994941012,0.04978410150970238,0.05201722478316981,1,8,,,,,ve,0.0018
star,16,3,0.75,1.5,201,lbp,1.343543240134304e-07,2.1838286139164165e-07,1.3323979199206942e-07,1.376979200775133e-07,1,22,2.398206619957932e-07,,,,ve,0.0073
star,16,3,0.75,1.5,201,gibbs,0.0012382157143912386,0.0016725199740496056,0.001165573050890761,0.0014561437048926712,1,2000,,4917.1,1.00024,2000,ve,6.7853
star,16,3,1.0,1.5,201,exact,0.0,0.0,,,1,,,,,,ve,0.0127
star,16,3,1.0,1.5,201,mf,0.05892267699240125,0.17326788433193932,0.057515493772454164,0.0631442266522425,1,6,,,,,ve,0.0019
star,16,3,1.0,1.5,201,lbp,9.864826380767688e-08,1.6368230137606132e-07,9.893595543629859e-08,9.778518892181176e-08,1,23,1.694122394590991e-07,,,,ve,0.0134
star,16,3,1.0,1.5,201,gibbs,0.0027148015710351664,0.008675528643628281,0.0026719471730802893,0.002843364764899797,1,2000,,4127.0,1.00147,2000,ve,6.6635
star,16,3,1.3,1.5,201,exact,0.0,0.0,,,1,,,,,,ve,0.0106
star,16,3,1.3,1.5,201,mf,0.060927439061562,0.14423544330200033,0.058830000736813236,0.0672197540358083,1,4,,,,,ve,0.0009
star,16,3,1.3,1.5,201,lbp,1.2761836141463815e-07,2.1593556011334503e-07,1.305999867209917e-07,1.1867348549557746e-07,1,23,2.0468546479968097e-07,,,,ve,0.0077
star,16,3,1.3,1.5,201,gibbs,0.0009383964889260787,0.0019009976941386422,0.0009740862722943086,0.000831327138821389,1,2000,,2493.6,1.00224,2000,ve,6.7259
star,16,3,1.75,1.5,201,exact,0.0,0.0,,,1,,,,,,ve,0.0089
star,16,3,1.75,1.5,201,mf,0.061628278260025315,0.11435321164814277,0.05913199632067175,0.06911712407808601,1,4,,,,,ve,0.0014
star,16,3,1.75,1.5,201,lbp,1.574266934166891e-07,2.770239677235553e-07,1.6856360089444072e-07,1.2401597098343417e-07,1,23,2.307349152852467e-07,,,,ve,0.0092
star,16,3,1.75,1.5,201,gibbs,0.013771178674987186,0.02645324886106239,0.013306090238798201,0.01516644398355415,1,2000,,512.2,1.00861,2000,ve,6.5221
star,16,3,2.5,1.5,201,exact,0.0,0.0,,,1,,,,,,ve,0.007
star,16,3,2.5,1.5,201,mf,0.06574062948310452,0.09386645007590237,0.06328554820584198,0.07310587331489213,1,3,,,,,ve,0.0009
star,16,3,2.5,1.5,201,lbp,5.234857015419146e-08,1.235151850936811e-07,6.321543093200724e-08,1.974798782074412e-08,1,25,2.449759157197029e-07,,,,ve,0.0097
star,16,3,2.5,1.5,201,gibbs,0.11024221063650404,0.15598721338724458,0.10629906561919712,0.12207164568842477,0,2000,,29.2,1.08289,2000,ve,6.8059
star,16,3,4.0,1.5,201,exact,0.0,0.0,,,1,,,,,,ve,0.0132
star,16,3,4.0,1.5,201,mf,0.0878437933336741,0.09791200235385883,0.08634767179025264,0.09233215796393851,1,3,,,,,ve,0.0022
star,16,3,4.0,1.5,201,lbp,2.1879551801514026e-08,5.077463276215166e-08,2.2826687371429257e-08,1.903814509176833e-08,1,28,1.4426536076861396e-07,,,,ve,0.0167
star,16,3,4.0,1.5,201,gibbs,0.4418886491745647,0.4928473548784179,0.44852427517133214,0.4219817711842625,0,2000,,7.6,1.46537,2000,ve,6.9516
star,16,3,0.0,0.5,202,exact,0.0,0.0,,,1,,,,,,ve,0.0078
star,16,3,0.0,0.5,202,mf,1.7683337433238577e-16,6.938893903907228e-16,1.8995222061946038e-16,1.3747683547116196e-16,1,1,,,,,ve,0.0006
star,16,3,0.0,0.5,202,lbp,1.9071116214020023e-16,8.881784197001252e-16,2.0932329943453473e-16,1.3487475025719675e-16,1,3,0.0,,,,ve,0.0014
star,16,3,0.0,0.5,202,gibbs,5.853390688814741e-15,1.529332216421153e-14,5.852378766787088e-15,5.856426454897701e-15,1,2000,,8184.9,1.00015,2000,ve,6.4699
star,16,3,0.1,0.5,202,exact,0.0,0.0,,,1,,,,,,ve,0.0068
star,16,3,0.1,0.5,202,mf,0.00032704795486487235,0.001808634399514994,0.000378644560381105,0.0001722581383161745,1,4,,,,,ve,0.0018
star,16,3,0.1,0.5,202,lbp,1.1350823408675043e-07,2.3324308864869359e-07,1.2178427024877683e-07,8.868012560067119e-08,1,18,1.7140574282148435e-07,,,,ve,0.0079
star,16,3,0.1,0.5,202,gibbs,0.0001259620119459249,0.0006946738327161667,0.00013458678125245817,0.00010008770402632509,1,2000,,8064.7,1.0003,2000,ve,7.1813
star,16,3,0.25,0.5,202,exact,0.0,0.0,,,1,,,,,,ve,0.0066
star,16,3,0.25,0.5,202,mf,0.002671895453076864,0.019469256735348328,0.0031410835684104583,0.0012643311070760835,1,6,,,,,ve,0.0015
star,16,3,0.25,0.5,202,lbp,1.6446649187549026e-07,3.0082217660626354e-07,1.7228180648696154e-07,1.4102054804107644e-07,1,20,2.746305823864148e-07,,,,ve,0.0075
star,16,3,0.25,0.5,202,gibbs,0.0001465233243919925,0.0017806889373062629,0.00018349058850313654,3.562153205856041e-05,1,2000,,7797.2,1.00042,2000,ve,6.2729
star,16,3,0.5,0.5,202,exact,0.0,0.0,,,1,,,,,,ve,0.007
star,16,3,0.5,0.5,202,mf,0.017871335519309722,0.10376330808210024,0.020507143033222635,0.009963912977571002,1,9,,,,,ve,0.0028
star,16,3,0.5,0.5,202,lbp,1.4271335329658517e-07,2.568002174380135e-07,1.4797032449057174e-07,1.269424397146255e-07,1,22,2.3911547186727944e-07,,,,ve,0.0089
star,16,3,0.5,0.5,202,gibbs,0.0013751860497079006,0.005331343171835715,0.001537033158289833,0.0008896447239621031,1,2000,,6828.3,0.99996,2000,ve,7.2643
star,16,3,0.75,0.5,202,exact,0.0,0.0,,,1,,,,,,ve,0.0066
star,16,3,0.75,0.5,202,mf,0.030711494328826024,0.13439125485839068,0.03446080922182332,0.01946354964983415,1,7,,,,,ve,0.0021
star,16,3,0.75,0.5,202,lbp,1.2177855197956656e-07,2.102750993743241e-07,1.2587172295841034e-07,1.0949903904303518e-07,1,23,1.943141761384659e-07,,,,ve,0.0078
star,16,3,0.75,0.5,202,gibbs,0.0013422983720787682,0.003320470414052902,0.001470569211741504,0.000957485853090561,1,2000,,5599.4,0.99993,2000,ve,6.3076
star,16,3,1.0,0.5,202,exact,0.0,0.0,,,1,,,,,,ve,0.0066
star,16,3,1.0,0.5,202,mf,0.027052196353690612,0.09451260288928284,0.029907929202585688,0.01848499780700537,1,5,,,,,ve,0.0013
star,16,3,1.0,0.5,202,lbp,1.4860975111055056e-07,2.4920092872582345e-07,1.5342303726868672e-07,1.3416989263614204e-07,1,23,2.6538090447392193e-07,,,,ve,0.0085
star,16,3,1.0,0.5,202,gibbs,0.0008906685802383877,0.0025770353085054418,0.0009527354676772698,0.0007044679179217415,1,2000,,4723.1,1.00031,2000,ve,7.3374
star,16,3,1.3,0.5,202,exact,0.0,0.0,,,1,,,,,,ve,0.007
star,16,3,1.3,0.5,202,mf,0.018304052629572916,0.05138050100062313,0.020012530604279415,0.013178618705453424,1,4,,,,,ve,0.0011
star,16,3,1.3,0.5,202,lbp,8.084543663992513e-08,1.3466848085286198e-07,8.334790238323161e-08,7.333803941000569e-08,1,24,1.7345081237962745e-07,,,,ve,0.0084
star,16,3,1.3,0.5,202,gibbs,0.002282011533889627,0.007326576936006135,0.0025262048742963456,0.001549431512669472,1,2000,,4632.9,1.0001,2000,ve,6.3042
star,16,3,1.75,0.5,202,exact,0.0,0.0,,,1,,,,,,ve,0.0072
star,16,3,1.75,0.5,202,mf,0.00950604629840542,0.020627052710799842,0.010286021264807184,0.0071661213992001305,1,3,,,,,ve,0.0009
star,16,3,1.75,0.5,202,lbp,7.723250376091991e-08,1.3128394611705563e-07,7.933556926943552e-08,7.092330723537307e-08,1,24,1.994305223185222e-07,,,,ve,0.0075
star,16,3,1.75,0.5,202,gibbs,0.005230343689036271,0.010923408464967338,0.0056558481879004805,0.003953830192443639,1,2000,,1720.9,1.00118,2000,ve,7.1011
star,16,3,2.5,0.5,202,exact,0.0,0.0,,,1,,,,,,ve,0.0107
star,16,3,2.5,0.5,202,mf,0.003858635716014985,0.006181049573554618,0.004128738480928976,0.0030483274212730143,1,3,,,,,ve,0.0013
star,16,3,2.5,0.5,202,lbp,7.710201623468252e-08,1.5829899489144816e-07,7.798228534865253e-08,7.44612088927725e-08,1,24,1.901826918171423e-07,,,,ve,0.0099
star,16,3,2.5,0.5,202,gibbs,0.003857803084838615,0.006167727433406785,0.004127628305027556,0.0030483274242717943,1,2000,,8157.4,0.99976,2000,ve,6.4809
star,16,3,4.0,0.5,202,exact,0.0,0.0,,,1,,,,,,ve,0.0073
star,16,3,4.0,0.5,202,mf,0.0019715606587068137,0.0023094739678342913,0.0020609179157679504,0.0017034888875234043,1,3,,,,,ve,0.0013
star,16,3,4.0,0.5,202,lbp,2.2593273720401857e-07,8.836527283645479e-07,1.862562128903298e-07,3.4496231014508483e-07,1,23,2.2069316507611347e-07,,,,ve,0.0071
star,16,3,4.0,0.5,202,gibbs,0.6316955194467921,0.7476875035366296,0.6499813369980082,0.576838066793144,0,2000,,5.6,1.88813,2000,ve,6.4106
star,16,3,0.0,1.5,202,exact,0.0,0.0,,,1,,,,,,ve,0.0079
star,16,3,0.0,1.5,202,mf,3.462941738918701e-16,9.471590178833367e-16,3.1644247407610254e-16,4.358492733391728e-16,1,1,,,,,ve,0.003
star,16,3,0.0,1.5,202,lbp,3.5496779127175415e-16,9.471590178833367e-16,3.288746589872697e-16,4.3324718812520757e-16,1,3,0.0,,,,ve,0.0092
star,16,3,0.0,1.5,202,gibbs,4.748100784074394e-15,1.4981071938535706e-14,4.3688287941027566e-15,5.8859167539893065e-15,1,2000,,7827.0,1.00008,2000,ve,7.1901
star,16,3,0.1,1.5,202,exact,0.0,0.0,,,1,,,,,,ve,0.007
star,16,3,0.1,1.5,202,mf,0.0003641708833128681,0.003052426398237995,0.0004440997899355559,0.00012438416344480452,1,4,,,,,ve,0.0012
star,16,3,0.1,1.5,202,lbp,7.609352623336564e-08,1.432034050230513e-07,7.766304869243183e-08,7.138495885616707e-08,1,18,1.4488083582842037e-07,,,,ve,0.0063
star,16,3,0.1,1.5,202,gibbs,0.00013132657650411053,0.000527325217138809,0.00014117237436317063,0.00010178918292693025,1,2000,,7666.8,1.00015,2000,ve,6.9152
star,16,3,0.25,1.5,202,exact,0.0,0.0,,,1,,,,,,ve,0.0072
star,16,3,0.25,1.5,202,mf,0.002260948806916745,0.019555850045424573,0.002688714863263948,0.0009776506378751367,1,6,,,,,ve,0.0021
star,16,3,0.25,1.5,202,lbp,8.694868698785278e-08,1.7691590289969916e-07,8.650156842891488e-08,8.829004266466649e-08,1,20,1.7555627296328424e-07,,,,ve,0.008
star,16,3,0.25,1.5,202,gibbs,0.0003450302945938239,0.0011507099064569301,0.0003707663784433875,0.00026782204304513324,1,2000,,7484.6,1.00013,2000,ve,7.027
star,16,3,0.5,1.5,202,exact,0.0,0.0,,,1,,,,,,ve,0.0079
star,16,3,0.5,1.5,202,mf,0.00976688021238553,0.064081249308706,0.010969464333834852,0.006159127848037561,1,7,,,,,ve,0.0021
star,16,3,0.5,1.5,202,lbp,1.2902539048628833e-07,2.6838157504704974e-07,1.2659232237918357e-07,1.3632459480760264e-07,1,21,2.595296403895553e-07,,,,ve,0.0071
star,16,3,0.5,1.5,202,gibbs,0.0004283190323398207,0.00241638208100204,0.0004794298743900192,0.00027498650618922515,1,2000,,6938.9,1.00003,2000,ve,6.2825
star,16,3,0.75,1.5,202,exact,0.0,0.0,,,1,,,,,,ve,0.007
star,16,3,0.75,1.5,202,mf,0.016242635236402715,0.08101973393397015,0.0177087787386382,0.01184420472969626,1,7,,,,,ve,0.0018
star,16,3,0.75,1.5,202,lbp,1.1156952516022667e-07,2.2829668923363133e-07,1.0906241918572322e-07,1.1909084308373702e-07,1,22,2.1378167752716948e-07,,,,ve,0.0073
star,16,3,0.75,1.5,202,gibbs,0.00045226484795012463,0.002364837951840372,0.00049871263108961,0.0003129214985316685,1,2000,,6554.8,1.00006,2000,ve,7.1355
star,16,3,1.0,1.5,202,exact,0.0,0.0,,,1,,,,,,ve,0.0092
star,16,3,1.0,1.5,202,mf,0.016355941078137738,0.06540058558449935,0.017523706211758118,0.012852645677276599,1,5,,,,,ve,0.0017
star,16,3,1.0,1.5,202,lbp,7.632833201828859e-08,1.504258149293003e-07,7.46978065743594e-08,8.121990835007614e-08,1,23,1.5126778774021687e-07,,,,ve,0.009
star,16,3,1.0,1.5,202,gibbs,0.0008338006762707076,0.0034204585132438427,0.0008685954749361767,0.0007294162802743008,1,2000,,6171.6,1.00005,2000,ve,6.425
star,16,3,1.3,1.5,202,exact,0.0,0.0,,,1,,,,,,ve,0.007
star,16,3,1.3,1.5,202,mf,0.012888233417813325,0.041406135157118794,0.013625356670255176,0.010676863660487767,1,4,,,,,ve,0.0011
star,16,3,1.3,1.5,202,lbp,9.16741292200532e-08,1.6895539645817026e-07,9.016351210078526e-08,9.620598057785701e-08,1,23,2.0457625848901984e-07,,,,ve,0.0088
star,16,3,1.3,1.5,202,gibbs,0.0007440373791375477,0.0023079946446449874,0.0007829276952352644,0.0006273664308443973,1,2000,,5780.7,1.00024,2000,ve,7.1303
star,16,3,1.75,1.5,202,exact,0.0,0.0,,,1,,,,,,ve,0.0139
star,16,3,1.75,1.5,202,mf,0.008014539722528195,0.019772794220657117,0.0083860262434777,0.006900080159679679,1,3,,,,,ve,0.0017
star,16,3,1.75,1.5,202,lbp,5.441167477332801e-08,1.0145406535710944e-07,5.413822569884577e-08,5.523202199677474e-08,1,24,1.439722073781624e-07,,,,ve,0.0111
star,16,3,1.75,1.5,202,gibbs,0.0007059698128894202,0.0013733292717453874,0.000693554143772744,0.0007432168202394492,1,2000,,4489.1,0.99995,2000,ve,6.659
star,16,3,2.5,1.5,202,exact,0.0,0.0,,,1,,,,,,ve,0.008
star,16,3,2.5,1.5,202,mf,0.003904659487655289,0.006948226180813999,0.004062549527713977,0.0034309893674792234,1,3,,,,,ve,0.001
star,16,3,2.5,1.5,202,lbp,6.712975343648836e-08,1.2776432577188412e-07,6.826952908170227e-08,6.37104265008466e-08,1,24,1.7132974783340416e-07,,,,ve,0.0086
star,16,3,2.5,1.5,202,gibbs,0.0039029895604631064,0.006921506930174723,0.004060322949511218,0.003430989393318773,1,2000,,8070.0,1.00003,2000,ve,6.4783
star,16,3,4.0,1.5,202,exact,0.0,0.0,,,1,,,,,,ve,0.0087
star,16,3,4.0,1.5,202,mf,0.0021188366208301146,0.002603441256064234,0.0021870240540464397,0.00191427432118114,1,3,,,,,ve,0.0011
star,16,3,4.0,1.5,202,lbp,1.2680858614305477e-07,4.2365478948938606e-07,1.2051661113034104e-07,1.45684511181196e-07,1,24,2.1779258858878325e-07,,,,ve,0.0107
star,16,3,4.0,1.5,202,gibbs,0.5927486977680352,0.7473806497545369,0.5981179772044198,0.5766408594588811,0,2000,,5.7,1.84384,2000,ve,6.0447
star,16,3,0.0,0.5,203,exact,0.0,0.0,,,1,,,,,,ve,0.005
star,16,3,0.0,0.5,203,mf,2.592327394412841e-16,6.106226635438361e-16,2.8955426019846203e-16,1.682681771697503e-16,1,1,,,,,ve,0.0004
star,16,3,0.0,0.5,203,lbp,2.7311052724909857e-16,6.106226635438361e-16,3.0747973611688906e-16,1.700029006457271e-16,1,3,0.0,,,,ve,0.001
star,16,3,0.0,0.5,203,gibbs,8.479599401117754e-15,1.609823385706477e-14,9.819329955621884e-15,4.460407737605365e-15,1,2000,,7703.2,1.00005,2000,ve,5.4443
star,16,3,0.1,0.5,203,exact,0.0,0.0,,,1,,,,,,ve,0.0054
star,16,3,0.1,0.5,203,mf,0.0003935049949899833,0.0031571555517229954,0.00042872176570731024,0.00028785468283800244,1,4,,,,,ve,0.001
star,16,3,0.1,0.5,203,lbp,1.038956385051421e-07,2.420923327500768e-07,1.212836906876845e-07,5.173148195751487e-08,1,17,1.8516274685742573e-07,,,,ve,0.0134
star,16,3,0.1,0.5,203,gibbs,0.00020676103877889098,0.0008325529141496313,0.00022971208467720576,0.00013790790108394665,1,2000,,7669.6,0.99994,2000,ve,5.3801
star,16,3,0.25,0.5,203,exact,0.0,0.0,,,1,,,,,,ve,0.0051
star,16,3,0.25,0.5,203,mf,0.0029255710322963176,0.02272054470746028,0.003265875544201231,0.0019046574965815763,1,7,,,,,ve,0.0015
star,16,3,0.25,0.5,203,lbp,9.419080651822554e-08,1.7087543019086993e-07,1.0321527361114326e-07,6.71174052394724e-08,1,20,1.4959737393294148e-07,,,,ve,0.007
star,16,3,0.25,0.5,203,gibbs,0.0007387844770227418,0.002291643369009347,0.0008205567042786263,0.0004934677952550884,1,2000,,7665.2,1.00008,2000,ve,5.3185
star,16,3,0.5,0.5,203,exact,0.0,0.0,,,1,,,,,,ve,0.0052
star,16,3,0.5,0.5,203,mf,0.02057302530078586,0.11467940496690121,0.02274649992916979,0.014052601415634056,1,13,,,,,ve,0.0029
star,16,3,0.5,0.5,203,lbp,1.257803380321637e-07,1.7801880271284265e-07,1.3191292269476343e-07,1.0738258404436457e-07,1,22,2.4480025173634345e-07,,,,ve,0.0079
star,16,3,0.5,0.5,203,gibbs,0.0011612633864050194,0.005179056626566758,0.0013423587738303616,0.0006179772241289932,1,2000,,7340.8,1.00016,2000,ve,5.5089
star,16,3,0.75,0.5,203,exact,0.0,0.0,,,1,,,,,,ve,0.0053
star,16,3,0.75,0.5,203,mf,0.09128244394666343,0.35240013153148386,0.09932966516095294,0.06714078030379493,1,20,,,,,ve,0.004
star,16,3,0.75,0.5,203,lbp,9.009319523441486e-08,1.3317584321263787e-07,9.260289910564244e-08,8.256408362073211e-08,1,24,1.7468268481701799e-07,,,,ve,0.0069
star,16,3,0.75,0.5,203,gibbs,0.002683341666759431,0.009625788603289089,0.0029207739229442507,0.0019710448982049713,1,2000,,6861.3,1.00029,2000,ve,5.3221
star,16,3,1.0,0.5,203,exact,0.0,0.0,,,1,,,,,,ve,0.0051
star,16,3,1.0,0.5,203,mf,0.1664477343818788,0.48007469780186873,0.17821802149663823,0.13113687303760047,1,12,,,,,ve,0.0022
star,16,3,1.0,0.5,203,lbp,8.857240667737177e-08,1.3577046846513507e-07,9.013562102675014e-08,8.388276362923663e-08,1,25,1.4977954432282559e-07,,,,ve,0.0079
star,16,3,1.0,0.5,203,gibbs,0.0028535876857748443,0.009367078122632062,0.0030958083172396094,0.002126925791380551,1,2000,,4424.5,1.00073,2000,ve,5.5893
star,16,3,1.3,0.5,203,exact,0.0,0.0,,,1,,,,,,ve,0.0053
star,16,3,1.3,0.5,203,mf,0.15788706011345338,0.36680536056237983,0.167138803353446,0.13013183039347562,1,6,,,,,ve,0.0013
star,16,3,1.3,0.5,203,lbp,1.4154944418800705e-07,2.21692210967267e-07,1.4275858179156145e-07,1.3792203137734382e-07,1,25,1.9246487892310427e-07,,,,ve,0.0077
star,16,3,1.3,0.5,203,gibbs,0.004070132414770325,0.008634738787007986,0.0043562441365881345,0.0032117972493168937,1,2000,,2202.7,1.00141,2000,ve,5.5082
star,16,3,1.75,0.5,203,exact,0.0,0.0,,,1,,,,,,ve,0.0053
star,16,3,1.75,0.5,203,mf,0.11997366432523635,0.21905506674842995,0.12550051750267252,0.10339310479292786,1,4,,,,,ve,0.001
star,16,3,1.75,0.5,203,lbp,1.9783460311953698e-07,3.1095317752985463e-07,1.9721710538889042e-07,1.9968709631147663e-07,1,25,2.686237479121445e-07,,,,ve,0.0073
star,16,3,1.75,0.5,203,gibbs,0.005712406660032449,0.010238386414427834,0.005970693322268239,0.004937546673325074,0,2000,,513.2,1.0104,2000,ve,5.4101
star,16,3,2.5,0.5,203,exact,0.0,0.0,,,1,,,,,,ve,0.0054
star,16,3,2.5,0.5,203,mf,0.06557744147195363,0.09281214346480587,0.06753403383945672,0.059707664369444274,1,3,,,,,ve,0.0009
star,16,3,2.5,0.5,203,lbp,1.1541142494753142e-07,1.7615239191349358e-07,1.1172822273933887e-07,1.264610315721091e-07,1,26,2.1183004295100005e-07,,,,ve,0.0079
star,16,3,2.5,0.5,203,gibbs,0.19439375193514175,0.2748863547887705,0.20007662343528865,0.17734513743470104,0,2000,,12.8,1.21634,2000,ve,5.3638
star,16,3,4.0,0.5,203,exact,0.0,0.0,,,1,,,,,,ve,0.0051
star,16,3,4.0,0.5,203,mf,0.023947899965773824,0.026830698285260433,0.024130797281479256,0.02339920801865753,1,3,,,,,ve,0.0007
star,16,3,4.0,0.5,203,lbp,6.358209150776666e-08,1.6142332065829934e-07,5.623507246199522e-08,8.5623148645081e-08,1,27,1.8416529579123875e-07,,,,ve,0.0083
star,16,3,4.0,0.5,203,gibbs,0.6435936513334415,0.723169283531993,0.6515146530887407,0.6198306460675438,0,2000,,5.6,1.89298,2000,ve,5.5343
star,16,3,0.0,1.5,203,exact,0.0,0.0,,,1,,,,,,ve,0.0057
star,16,3,0.0,1.5,203,mf,2.675810961694225e-16,7.008282842946301e-16,3.006854025026466e-16,1.682681771697503e-16,1,1,,,,,ve,0.0004
star,16,3,0.0,1.5,203,lbp,2.813504637599884e-16,8.673617379884035e-16,3.1846631813140885e-16,1.700029006457271e-16,1,3,0.0,,,,ve,0.0011
star,16,3,0.0,1.5,203,gibbs,5.7752197121785365e-15,1.7555401576885288e-14,6.213490370369594e-15,4.460407737605365e-15,1,2000,,7868.9,0.99995,2000,ve,5.2433
star,16,3,0.1,1.5,203,exact,0.0,0.0,,,1,,,,,,ve,0.0051
star,16,3,0.1,1.5,203,mf,0.00030540309943659594,0.0014560703395310667,0.0003159409217318811,0.0002737896325507405,1,4,,,,,ve,0.0009
star,16,3,0.1,1.5,203,lbp,1.455390215497859e-07,4.7098386586619245e-07,1.67503863846832e-07,7.964449465864762e-08,1,17,2.3726861964057377e-07,,,,ve,0.0048
star,16,3,0.1,1.5,203,gibbs,6.975539250878964e-05,0.0006807529072505314,8.269077166315575e-05,3.094925504569133e-05,1,2000,,7870.3,0.99995,2000,ve,5.3419
star,16,3,0.25,1.5,203,exact,0.0,0.0,,,1,,,,,,ve,0.0051
star,16,3,0.25,1.5,203,mf,0.00202304491905635,0.010076940977185547,0.002095993498783409,0.0018041991798751723,1,6,,,,,ve,0.0017
star,16,3,0.25,1.5,203,lbp,1.5194861045490934e-07,3.347576637696692e-07,1.6402893609550646e-07,1.1570763353311794e-07,1,20,2.5703531481013897e-07,,,,ve,0.0068
star,16,3,0.25,1.5,203,gibbs,0.00027704196765542563,0.001162810295230035,0.00030536093463520415,0.00019208506671608994,1,2000,,7880.2,1.00008,2000,ve,5.3241
star,16,3,0.5,1.5,203,exact,0.0,0.0,,,1,,,,,,ve,0.0051
star,16,3,0.5,1.5,203,mf,0.00820636477267954,0.0337115371526107,0.008078663807818421,0.008589467667262905,1,11,,,,,ve,0.0021
star,16,3,0.5,1.5,203,lbp,1.0976288376858957e-07,2.0388374722887792e-07,1.1026235738960822e-07,1.0826446290553363e-07,1,23,2.0439351600121114e-07,,,,ve,0.007
star,16,3,0.5,1.5,203,gibbs,0.0005197344339771202,0.0016619805552631067,0.0005662399803542324,0.00038021779484578334,1,2000,,7323.0,1.00039,2000,ve,5.6967
star,16,3,0.75,1.5,203,exact,0.0,0.0,,,1,,,,,,ve,0.0053
star,16,3,0.75,1.5,203,mf,0.07113483607787387,0.28576529256303107,0.07573503064780758,0.05733425236807274,1,19,,,,,ve,0.0042
star,16,3,0.75,1.5,203,lbp,1.3425052881066457e-07,2.2010460548615995e-07,1.3113059913787977e-07,1.4361031782901892e-07,1,24,2.367268173708581e-07,,,,ve,0.008
star,16,3,0.75,1.5,203,gibbs,0.0017437747700133725,0.0054644672215277,0.001872356706136856,0.0013580289616429218,1,2000,,5561.4,1.00087,2000,ve,5.3891
star,16,3,1.0,1.5,203,exact,0.0,0.0,,,1,,,,,,ve,0.0051
star,16,3,1.0,1.5,203,mf,0.08263297730076506,0.2685741935965561,0.08607219143726019,0.07231533489127967,1,8,,,,,ve,0.0018
star,16,3,1.0,1.5,203,lbp,1.023350906640178e-07,1.7211421583784858e-07,9.892350034125588e-08,1.1256986163230356e-07,1,25,1.5760975946577105e-07,,,,ve,0.0074
star,16,3,1.0,1.5,203,gibbs,0.003713161241327791,0.010047084575204642,0.003834176111681521,0.003350116630266601,1,2000,,3628.8,1.00153,2000,ve,5.4512
star,16,3,1.3,1.5,203,exact,0.0,0.0,,,1,,,,,,ve,0.0051
star,16,3,1.3,1.5,203,mf,0.055059169287110146,0.14381253367423733,0.05651539559737526,0.050690490356314816,1,5,,,,,ve,0.0011
star,16,3,1.3,1.5,203,lbp,1.1250078888762794e-07,1.922078568736274e-07,1.0820544008898764e-07,1.2538683528354883e-07,1,25,2.046528522203772e-07,,,,ve,0.007
star,16,3,1.3,1.5,203,gibbs,0.0022009432109402166,0.004619184171749188,0.002242183171664313,0.002077223328767928,1,2000,,2537.8,1.0014,2000,ve,5.3873
star,16,3,1.75,1.5,203,exact,0.0,0.0,,,1,,,,,,ve,0.0056
star,16,3,1.75,1.5,203,mf,0.025222925595832772,0.05126846821486911,0.02556838222288955,0.024186555714662425,1,4,,,,,ve,0.0012
star,16,3,1.75,1.5,203,lbp,9.458303521081156e-08,1.6193396538532329e-07,9.038472399326674e-08,1.0717796886344604e-07,1,25,2.376756659261403e-07,,,,ve,0.0086
star,16,3,1.75,1.5,203,gibbs,0.017099418680191363,0.034050274991022596,0.017295736191511996,0.016510466146229457,1,2000,,525.3,1.00745,2000,ve,5.4819
star,16,3,2.5,1.5,203,exact,0.0,0.0,,,1,,,,,,ve,0.0051
star,16,3,2.5,1.5,203,mf,0.007131957318505813,0.010975253340340708,0.0071518017598638135,0.007072423994431809,1,3,,,,,ve,0.0007
star,16,3,2.5,1.5,203,lbp,7.08351266346809e-08,1.3206086690083912e-07,6.665502973022819e-08,8.337541734803906e-08,1,25,2.470566133894181e-07,,,,ve,0.0073
star,16,3,2.5,1.5,203,gibbs,0.007129153147616059,0.010930386545152337,0.007148062863550031,0.007072423999814141,1,2000,,8230.3,0.99999,2000,ve,5.3039
star,16,3,4.0,1.5,203,exact,0.0,0.0,,,1,,,,,,ve,0.0051
star,16,3,4.0,1.5,203,mf,0.0010988808665090839,0.0012845116305393463,0.0010914264404905114,0.001121244144564801,1,3,,,,,ve,0.0007
star,16,3,4.0,1.5,203,lbp,7.926584986444739e-08,3.069862050016081e-07,6.730395221803282e-08,1.1515154280369107e-07,1,25,2.1953863849066835e-07,,,,ve,0.007
star,16,3,4.0,1.5,203,gibbs,0.42504799649049885,0.49871548095463586,0.4250535749836648,0.42503126101100125,0,2000,,5.0,2.23308,2000,ve,5.4825
star,16,3,0.0,0.5,204,exact,0.0,0.0,,,1,,,,,,ve,0.0051
star,16,3,0.0,0.5,204,mf,3.1325311268537437e-16,6.38378239159465e-16,3.22839266893767e-16,2.8449465006019636e-16,1,1,,,,,ve,0.0005
star,16,3,0.0,0.5,204,lbp,3.133615329026229e-16,6.38378239159465e-16,3.2298382718343177e-16,2.8449465006019636e-16,1,3,0.0,,,,ve,0.0011
star,16,3,0.0,0.5,204,gibbs,8.086928479297817e-15,1.897787482718627e-14,8.412939037546105e-15,7.108896804552955e-15,1,2000,,7908.5,1.00049,2000,ve,5.4363
star,16,3,0.1,0.5,204,exact,0.0,0.0,,,1,,,,,,ve,0.0056
star,16,3,0.1,0.5,204,mf,0.0003605747212119573,0.0025832773387203176,0.0004153065322089584,0.00019637928822095405,1,4,,,,,ve,0.0012
star,16,3,0.1,0.5,204,lbp,5.0387369947724626e-08,8.648084560969327e-08,4.9511417524082786e-08,5.301522721865015e-08,1,17,1.6575491917913965e-07,,,,ve,0.0151
star,16,3,0.1,0.5,204,gibbs,0.00011290331557631002,0.00040028726302671763,0.00011008430954774613,0.00012136033366200172,1,2000,,8154.7,1.00054,2000,ve,5.3185
star,16,3,0.25,0.5,204,exact,0.0,0.0,,,1,,,,,,ve,0.0051
star,16,3,0.25,0.5,204,mf,0.0023642583788747876,0.01582597736037354,0.0026506693924487866,0.0015050253381527906,1,7,,,,,ve,0.0015
star,16,3,0.25,0.5,204,lbp,7.274478730369784e-08,1.677456092884222e-07,6.785500692635899e-08,8.741412843571439e-08,1,19,1.547811998015014e-07,,,,ve,0.0061
star,16,3,0.25,0.5,204,gibbs,0.0005622209720607093,0.0010583324408370703,0.0005259668877524276,0.0006709832249855545,1,2000,,7823.4,1.00032,2000,ve,5.4272
star,16,3,0.5,0.5,204,exact,0.0,0.0,,,1,,,,,,ve,0.0051
star,16,3,0.5,0.5,204,mf,0.014081955558348291,0.07281139450419738,0.014601458567162889,0.012523446531904493,1,16,,,,,ve,0.0033
star,16,3,0.5,0.5,204,lbp,9.592406986083722e-08,2.086440222710817e-07,8.702294390299508e-08,1.2262744773436363e-07,1,21,2.0877674128394474e-07,,,,ve,0.0063
star,16,3,0.5,0.5,204,gibbs,0.002787011244143829,0.008991441860958523,0.0027502792062864254,0.0028972073577160397,1,2000,,7181.3,1.00023,2000,ve,5.6317
star,16,3,0.75,0.5,204,exact,0.0,0.0,,,1,,,,,,ve,0.0053
star,16,3,0.75,0.5,204,mf,0.09471353070792277,0.3581761408079813,0.09393178730733369,0.09705876090968997,1,28,,,,,ve,0.0052
star,16,3,0.75,0.5,204,lbp,1.3167772350947647e-07,2.6273834584714106e-07,1.1861965702944279e-07,1.7085192294957752e-07,1,22,2.6324149104972605e-07,,,,ve,0.0059
star,16,3,0.75,0.5,204,gibbs,0.0026055638760010364,0.007788297926925848,0.002532706850684448,0.002824134951950802,1,2000,,6133.3,1.00045,2000,ve,5.4172
star,16,3,1.0,0.5,204,exact,0.0,0.0,,,1,,,,,,ve,0.0053
star,16,3,1.0,0.5,204,mf,0.1821150703459798,0.5454147840889195,0.17692656360678574,0.19768059056356196,1,13,,,,,ve,0.0024
star,16,3,1.0,0.5,204,lbp,1.3878395485852663e-07,2.6327590622876595e-07,1.244256474655893e-07,1.818588770373386e-07,1,23,2.4636246881426516e-07,,,,ve,0.0063
star,16,3,1.0,0.5,204,gibbs,0.007257618988514583,0.019510643656739622,0.007088277025395371,0.007765644877872218,1,2000,,6259.9,1.00081,2000,ve,5.3424
star,16,3,1.3,0.5,204,exact,0.0,0.0,,,1,,,,,,ve,0.0051
star,16,3,1.3,0.5,204,mf,0.21153767402688367,0.4928893583428594,0.20463451923081966,0.23224713841507572,1,7,,,,,ve,0.0016
star,16,3,1.3,0.5,204,lbp,1.3789650203622442e-07,2.4795068144511934e-07,1.234605033988897e-07,1.8120449794822857e-07,1,24,2.1650949733054148e-07,,,,ve,0.0075
star,16,3,1.3,0.5,204,gibbs,0.014154771264341365,0.03121802357643577,0.013938472182880905,0.014803668508722743,1,2000,,5006.1,1.00042,2000,ve,5.3737
star,16,3,1.75,0.5,204,exact,0.0,0.0,,,1,,,,,,ve,0.0051
star,16,3,1.75,0.5,204,mf,0.23280388658215756,0.4267405874142745,0.22373602435385576,0.26000747326706286,1,5,,,,,ve,0.0009
star,16,3,1.75,0.5,204,lbp,1.4505569090922008e-07,2.4171243005743914e-07,1.3035581680735623e-07,1.891553132148116e-07,1,25,1.7716256306421485e-07,,,,ve,0.0067
star,16,3,1.75,0.5,204,gibbs,0.033123516046550616,0.059734941915184775,0.032191844524382764,0.03591853061305419,1,2000,,1637.1,1.00396,2000,ve,5.4399
star,16,3,2.5,0.5,204,exact,0.0,0.0,,,1,,,,,,ve,0.0053
star,16,3,2.5,0.5,204,mf,0.23970193259555236,0.3374059444285279,0.23183287468178781,0.2633091063368459,1,4,,,,,ve,0.0009
star,16,3,2.5,0.5,204,lbp,1.4954251780245273e-07,2.3037642069012598e-07,1.3643957073004864e-07,1.88851359019665e-07,1,26,2.069638935231488e-07,,,,ve,0.0073
star,16,3,2.5,0.5,204,gibbs,0.1806294810190851,0.2579378045783014,0.17657726407496277,0.19278613185145194,0,2000,,58.3,1.04486,2000,ve,5.5718
star,16,3,4.0,0.5,204,exact,0.0,0.0,,,1,,,,,,ve,0.0051
star,16,3,4.0,0.5,204,mf,0.26691286959856253,0.29492856346697427,0.2632670421045056,0.27785035208073344,1,3,,,,,ve,0.0007
star,16,3,4.0,0.5,204,lbp,7.514151165581595e-08,1.1600437035963473e-07,7.326043157697675e-08,8.078475189233353e-08,1,28,2.070818534982699e-07,,,,ve,0.0082
star,16,3,4.0,0.5,204,gibbs,0.1878984340621002,0.2113250366120619,0.1839589121717027,0.1997169997332926,0,2000,,14.0,1.1964,2000,ve,5.2958
star,16,3,0.0,1.5,204,exact,0.0,0.0,,,1,,,,,,ve,0.005
star,16,3,0.0,1.5,204,mf,3.0005295123536335e-16,9.506284648352903e-16,3.052390516270857e-16,2.8449465006019636e-16,1,1,,,,,ve,0.0004
star,16,3,0.0,1.5,204,lbp,3.0178767471134016e-16,9.506284648352903e-16,3.075520162617214e-16,2.8449465006019636e-16,1,3,0.0,,,,ve,0.001
star,16,3,0.0,1.5,204,gibbs,7.268213537536122e-15,1.5432100042289676e-14,7.321319115197178e-15,7.108896804552955e-15,1,2000,,8393.6,0.99991,2000,ve,5.5473
star,16,3,0.1,1.5,204,exact,0.0,0.0,,,1,,,,,,ve,0.0053
star,16,3,0.1,1.5,204,mf,0.00040209631821846016,0.0038646887583523234,0.0004809202419537267,0.0001656245470126605,1,4,,,,,ve,0.0011
star,16,3,0.1,1.5,204,lbp,1.3099191912009753e-07,2.1515447985731573e-07,1.1037927468598215e-07,1.9282985242244366e-07,1,17,2.2311552577702898e-07,,,,ve,0.0055
star,16,3,0.1,1.5,204,gibbs,0.00016674986412973,0.0003822562737978083,0.0001496074125030482,0.00021817721900977555,1,2000,,8056.3,0.99995,2000,ve,5.5241
star,16,3,0.25,1.5,204,exact,0.0,0.0,,,1,,,,,,ve,0.0051
star,16,3,0.25,1.5,204,mf,0.0030597572371603766,0.02326383857664808,0.003386387606845252,0.0020798661281057514,1,6,,,,,ve,0.0014
star,16,3,0.25,1.5,204,lbp,1.2392525624744534e-07,2.0890942107471e-07,1.0249231152392012e-07,1.8822409041802102e-07,1,19,2.29841192189717e-07,,,,ve,0.0057
star,16,3,0.25,1.5,204,gibbs,0.0006146610793629269,0.0012671035124605587,0.0005513742022911173,0.0008045217105783556,1,2000,,7699.1,0.99992,2000,ve,5.4623
star,16,3,0.5,1.5,204,exact,0.0,0.0,,,1,,,,,,ve,0.0051
star,16,3,0.5,1.5,204,mf,0.013541072826710127,0.07320246769387345,0.01374660789570422,0.01292446761972784,1,7,,,,,ve,0.0014
star,16,3,0.5,1.5,204,lbp,8.517228292968609e-08,1.461373010103184e-07,6.988026525963011e-08,1.31048335939854e-07,1,21,1.6220062204475028e-07,,,,ve,0.0059
star,16,3,0.5,1.5,204,gibbs,0.0012300162304271845,0.001935113357040344,0.001062668694262459,0.001732058838921361,1,2000,,6837.8,0.99987,2000,ve,5.4351
star,16,3,0.75,1.5,204,exact,0.0,0.0,,,1,,,,,,ve,0.0057
star,16,3,0.75,1.5,204,mf,0.023888952692510873,0.09936820292551297,0.022934138141103455,0.026753396346733127,1,6,,,,,ve,0.0032
star,16,3,0.75,1.5,204,lbp,1.3514855848595884e-07,2.441091071919699e-07,1.1060538338464104e-07,2.0877808378991225e-07,1,21,2.5767891626005124e-07,,,,ve,0.0246
star,16,3,0.75,1.5,204,gibbs,0.002110840309277342,0.004320564740716515,0.0019393977800415449,0.002625167896984734,1,2000,,5840.3,1.00021,2000,ve,5.3441
star,16,3,1.0,1.5,204,exact,0.0,0.0,,,1,,,,,,ve,0.0053
star,16,3,1.0,1.5,204,mf,0.029197859750000405,0.09817651814861111,0.027207911474058877,0.035167704577824976,1,5,,,,,ve,0.001
star,16,3,1.0,1.5,204,lbp,9.080894234150556e-08,1.6768395734445551e-07,7.584936995225337e-08,1.356876595092621e-07,1,22,1.756189792478935e-07,,,,ve,0.0069
star,16,3,1.0,1.5,204,gibbs,0.0005312193667148615,0.0018206027571695815,0.0004960010828823415,0.0006368742182124212,1,2000,,4811.7,1.00022,2000,ve,5.586
star,16,3,1.3,1.5,204,exact,0.0,0.0,,,1,,,,,,ve,0.0053
star,16,3,1.3,1.5,204,mf,0.03306279367146276,0.08994951595828994,0.03030350195543388,0.04134066881954941,1,4,,,,,ve,0.0009
star,16,3,1.3,1.5,204,lbp,1.1736706219278733e-07,2.0775092410274532e-07,1.0328081308483949e-07,1.5962580951663086e-07,1,22,2.51386917532459e-07,,,,ve,0.0063
star,16,3,1.3,1.5,204,gibbs,0.00391544012899574,0.00932185224352117,0.003612005473764574,0.004825744094689239,1,2000,,2916.0,1.00167,2000,ve,5.4025
star,16,3,1.75,1.5,204,exact,0.0,0.0,,,1,,,,,,ve,0.0052
star,16,3,1.75,1.5,204,mf,0.04014041128253888,0.08514448667318952,0.03660092864442019,0.05075885919689496,1,4,,,,,ve,0.0013
star,16,3,1.75,1.5,204,lbp,4.606291952036212e-08,7.825269471295471e-08,4.467594657009873e-08,5.0223838371152296e-08,1,24,2.546036899364612e-07,,,,ve,0.0071
star,16,3,1.75,1.5,204,gibbs,0.0010964800340016033,0.002057588814800341,0.0010208268508905603,0.0013234395833347321,1,2000,,1440.7,1.00243,2000,ve,5.616
star,16,3,2.5,1.5,204,exact,0.0,0.0,,,1,,,,,,ve,0.0051
star,16,3,2.5,1.5,204,mf,0.06242185803560162,0.09942398233561246,0.05771092482010676,0.07655465768208622,1,3,,,,,ve,0.0008
star,16,3,2.5,1.5,204,lbp,2.0147075599572916e-08,3.635887599502674e-08,1.8703230240237876e-08,2.4478611677578033e-08,1,27,1.7986231676259123e-07,,,,ve,0.0071
star,16,3,2.5,1.5,204,gibbs,0.062412433814851176,0.09927319464475849,0.05769835918893187,0.07655465769260908,1,2000,,8301.2,1.00028,2000,ve,5.3789
star,16,3,4.0,1.5,204,exact,0.0,0.0,,,1,,,,,,ve,0.0052
star,16,3,4.0,1.5,204,mf,0.17857113192768342,0.21560296006453744,0.17061457636887492,0.20244079860410902,1,3,,,,,ve,0.0009
star,16,3,4.0,1.5,204,lbp,8.215254530797265e-08,1.1300524400091605e-07,7.623377302311506e-08,9.990886216254546e-08,1,29,1.6860851564937107e-07,,,,ve,0.0081
star,16,3,4.0,1.5,204,gibbs,0.4519147428216568,0.534397039871028,0.4343633360105222,0.5045689632550607,0,2000,,15.1,1.17709,2000,ve,5.4845
star,16,3,0.0,0.5,205,exact,0.0,0.0,,,1,,,,,,ve,0.0061
star,16,3,0.0,0.5,205,mf,2.6617163334519134e-16,4.787836793695988e-16,2.9128898367443884e-16,1.9081958235744878e-16,1,1,,,,,ve,0.0005
star,16,3,0.0,0.5,205,lbp,2.5055912206140007e-16,4.371503159461554e-16,2.7047230196271716e-16,1.9081958235744878e-16,1,3,0.0,,,,ve,0.001
star,16,3,0.0,0.5,205,gibbs,8.570292912846167e-15,2.128158760328347e-14,7.401342270544712e-15,1.2077144839750531e-14,1,2000,,7947.5,0.99994,2000,ve,5.4544
star,16,3,0.1,0.5,205,exact,0.0,0.0,,,1,,,,,,ve,0.005
star,16,3,0.1,0.5,205,mf,0.00042728623199185317,0.004029378209289721,0.0005126577531794949,0.000171171668428928,1,4,,,,,ve,0.001
star,16,3,0.1,0.5,205,lbp,9.202185536293615e-08,2.0815606397231456e-07,9.40523264695084e-08,8.593044204321942e-08,1,17,1.3460528081044032e-07,,,,ve,0.005
star,16,3,0.1,0.5,205,gibbs,0.00018550819654470664,0.0009723744844504431,0.00019588038679379605,0.00015439162579743843,1,2000,,7947.9,0.99987,2000,ve,5.5449
star,16,3,0.25,0.5,205,exact,0.0,0.0,,,1,,,,,,ve,0.005
star,16,3,0.25,0.5,205,mf,0.0031496458804857993,0.02388775233675516,0.0036242301544146885,0.0017258930586991315,1,7,,,,,ve,0.0014
star,16,3,0.25,0.5,205,lbp,1.7731690260926539e-07,2.828999096302076e-07,1.6864604812476258e-07,2.033294660627738e-07,1,19,2.6070602443528657e-07,,,,ve,0.0055
star,16,3,0.25,0.5,205,gibbs,0.0006495988646513127,0.0008271854223659281,0.0006025814518665571,0.0007906511030055796,1,2000,,7716.3,0.99994,2000,ve,5.3197
star,16,3,0.5,0.5,205,exact,0.0,0.0,,,1,,,,,,ve,0.0051
star,16,3,0.5,0.5,205,mf,0.017861132902371842,0.09226995668033025,0.01911252645600552,0.0141069522414708,1,18,,,,,ve,0.0037
star,16,3,0.5,0.5,205,lbp,1.2117527152793062e-07,1.999479571843099e-07,1.1315934231560913e-07,1.4522305916489509e-07,1,22,1.855541119644144e-07,,,,ve,0.0074
star,16,3,0.5,0.5,205,gibbs,0.0009719926279655905,0.0027413963227046097,0.000972680574816841,0.000969928787411839,1,2000,,7353.8,0.99981,2000,ve,5.4817
star,16,3,0.75,0.5,205,exact,0.0,0.0,,,1,,,,,,ve,0.0051
star,16,3,0.75,0.5,205,mf,0.1168448729836117,0.3924170070323743,0.11666228308374112,0.11739264268322344,1,29,,,,,ve,0.005
star,16,3,0.75,0.5,205,lbp,1.5403846091450579e-07,2.50211621102836e-07,1.4385259029326206e-07,1.8459607277823697e-07,1,23,2.2364742480185384e-07,,,,ve,0.0074
star,16,3,0.75,0.5,205,gibbs,0.003778499494952202,0.007500576084679231,0.0036731278068098602,0.004094614559379227,1,2000,,6381.8,1.00008,2000,ve,5.5275
star,16,3,1.0,0.5,205,exact,0.0,0.0,,,1,,,,,,ve,0.0051
star,16,3,1.0,0.5,205,mf,0.15968061815085838,0.42785445187327187,0.15774443231399762,0.16548917566144053,1,9,,,,,ve,0.0018
star,16,3,1.0,0.5,205,lbp,1.4260948098387006e-07,2.2806631348043505e-07,1.3362088482109352e-07,1.695752694721997e-07,1,24,1.8750189351157687e-07,,,,ve,0.0072
star,16,3,1.0,0.5,205,gibbs,0.004354844167452554,0.011543375042841648,0.004295225925034971,0.004533698894705302,1,2000,,3666.2,1.00093,2000,ve,5.4519
star,16,3,1.3,0.5,205,exact,0.0,0.0,,,1,,,,,,ve,0.0058
star,16,3,1.3,0.5,205,mf,0.16135973155003785,0.34859031782376965,0.15838086892883627,0.1702963194136425,1,5,,,,,ve,0.0011
star,16,3,1.3,0.5,205,lbp,1.1376359590714417e-07,1.797485103260943e-07,1.0702738145827034e-07,1.3397223925376567e-07,1,25,1.510395063464287e-07,,,,ve,0.0073
star,16,3,1.3,0.5,205,gibbs,0.005194038892499227,0.009509297869358335,0.005388194284722351,0.004611572715829853,1,2000,,1593.0,1.00422,2000,ve,5.5602
star,16,3,1.75,0.5,205,exact,0.0,0.0,,,1,,,,,,ve,0.0051
star,16,3,1.75,0.5,205,mf,0.14818077211802594,0.2530516997029414,0.14519500812539204,0.15713806409592768,1,4,,,,,ve,0.0011
star,16,3,1.75,0.5,205,lbp,1.5323666820350485e-07,2.4332417041667e-07,1.448253650726828e-07,1.7847057759597107e-07,1,25,1.9974006926215537e-07,,,,ve,0.0076
star,16,3,1.75,0.5,205,gibbs,0.030203725234023253,0.05242610276916379,0.029555080872619793,0.03214965831823362,1,2000,,420.5,1.00778,2000,ve,5.4034
star,16,3,2.5,0.5,205,exact,0.0,0.0,,,1,,,,,,ve,0.0051
star,16,3,2.5,0.5,205,mf,0.13519888734049965,0.18048941352066217,0.13313702156257784,0.14138448467426504,1,3,,,,,ve,0.0008
star,16,3,2.5,0.5,205,lbp,1.6161227893104774e-07,2.7211218005945836e-07,1.5339027645465986e-07,1.8627828636021138e-07,1,25,2.590423723580759e-07,,,,ve,0.0073
star,16,3,2.5,0.5,205,gibbs,0.23794410854788908,0.3195042876979447,0.23330710177097366,0.25185512887863526,0,2000,,13.7,1.2008,2000,ve,5.4489
star,16,3,4.0,0.5,205,exact,0.0,0.0,,,1,,,,,,ve,0.0051
star,16,3,4.0,0.5,205,mf,0.1635763569086131,0.17696770694831676,0.16254163907874145,0.166680510398228,1,3,,,,,ve,0.0007
star,16,3,4.0,0.5,205,lbp,8.234261656575072e-08,1.1312256623791095e-07,7.672629298947677e-08,9.919158729457256e-08,1,27,1.6779025791002766e-07,,,,ve,0.0086
star,16,3,4.0,0.5,205,gibbs,0.7551168223528842,0.8230322930516781,0.7473105020708207,0.7785357831990743,0,2000,,14.9,1.18254,2000,ve,5.4324
star,16,3,0.0,1.5,205,exact,0.0,0.0,,,1,,,,,,ve,0.0052
star,16,3,0.0,1.5,205,mf,2.669305748659312e-16,6.245004513516506e-16,2.92300905702092e-16,1.9081958235744878e-16,1,1,,,,,ve,0.0005
star,16,3,0.0,1.5,205,lbp,2.817841446289826e-16,6.245004513516506e-16,3.1210566538616053e-16,1.9081958235744878e-16,1,3,0.0,,,,ve,0.0013
star,16,3,0.0,1.5,205,gibbs,8.530665323441822e-15,1.7555401576885288e-14,7.348505484672252e-15,1.2077144839750531e-14,1,2000,,7534.7,1.00004,2000,ve,5.5574
star,16,3,0.1,1.5,205,exact,0.0,0.0,,,1,,,,,,ve,0.0068
star,16,3,0.1,1.5,205,mf,0.00025337290911828594,0.0006340481608158519,0.0002661476855638132,0.00021504857978170422,1,4,,,,,ve,0.0012
star,16,3,0.1,1.5,205,lbp,8.31288775095273e-08,1.2656448650054386e-07,8.0447593380359e-08,9.117272989703218e-08,1,17,1.6706682620659663e-07,,,,ve,0.0055
star,16,3,0.1,1.5,205,gibbs,0.0002543257016190862,0.0004808989808464271,0.0002257832565165257,0.0003399530369267677,1,2000,,7626.6,1.00039,2000,ve,5.602
star,16,3,0.25,1.5,205,exact,0.0,0.0,,,1,,,,,,ve,0.0108
star,16,3,0.25,1.5,205,mf,0.0017678209723283357,0.007517160414150946,0.0018682599265435415,0.0014665041096827182,1,7,,,,,ve,0.002
star,16,3,0.25,1.5,205,lbp,1.029470881643295e-07,2.2489630485678092e-07,9.6494636469075e-08,1.2230444325009304e-07,1,19,2.4403625803470774e-07,,,,ve,0.0075
star,16,3,0.25,1.5,205,gibbs,0.0004588827815046322,0.0006835256667272749,0.00039182758338221556,0.0006600483758718821,1,2000,,7849.8,1.00017,2000,ve,5.9966
star,16,3,0.5,1.5,205,exact,0.0,0.0,,,1,,,,,,ve,0.0053
star,16,3,0.5,1.5,205,mf,0.014946911650783365,0.07859354877393086,0.014349109986211292,0.016740316644499573,1,15,,,,,ve,0.0094
star,16,3,0.5,1.5,205,lbp,1.189422546213478e-07,2.7223913962037827e-07,1.0855878461489901e-07,1.5009266464069415e-07,1,21,2.722329456861239e-07,,,,ve,0.0277
star,16,3,0.5,1.5,205,gibbs,0.0013529036409254567,0.0019223386661955458,0.0011916742648759892,0.0018365917690738587,1,2000,,7418.6,1.00006,2000,ve,10.7756
star,16,3,0.75,1.5,205,exact,0.0,0.0,,,1,,,,,,ve,0.0051
star,16,3,0.75,1.5,205,mf,0.07891769894360987,0.3051227094636388,0.074908407209384,0.09094557414628744,1,15,,,,,ve,0.0099
star,16,3,0.75,1.5,205,lbp,8.042786074717026e-08,1.717162316991483e-07,7.308845554232675e-08,1.0244607636170078e-07,1,23,1.5504796568865942e-07,,,,ve,0.0226
star,16,3,0.75,1.5,205,gibbs,0.0035487957637219476,0.011582898679231256,0.003311032170952514,0.004262086542030249,1,2000,,7106.7,1.00006,2000,ve,12.0787
star,16,3,1.0,1.5,205,exact,0.0,0.0,,,1,,,,,,ve,0.0051
star,16,3,1.0,1.5,205,mf,0.11712520563880909,0.3577864342172473,0.11031572700810614,0.1375536415309179,1,8,,,,,ve,0.0027
star,16,3,1.0,1.5,205,lbp,1.510277839734107e-07,2.985891212406444e-07,1.382230643855436e-07,1.8944194273701198e-07,1,23,2.328533467155225e-07,,,,ve,0.0118
star,16,3,1.0,1.5,205,gibbs,0.0022207336635807462,0.00638598971812384,0.002226434607105049,0.002203630833007838,1,2000,,5663.6,1.00052,2000,ve,11.773
star,16,3,1.3,1.5,205,exact,0.0,0.0,,,1,,,,,,ve,0.0137
star,16,3,1.3,1.5,205,mf,0.14138999039977787,0.3442085437942646,0.1331138308079916,0.16621846917513672,1,6,,,,,ve,0.0139
star,16,3,1.3,1.5,205,lbp,1.3582961038447004e-07,2.45406521132141e-07,1.267495047502521e-07,1.6306992728712388e-07,1,24,1.8986040106749869e-07,,,,ve,0.0644
star,16,3,1.3,1.5,205,gibbs,0.0019686649952399306,0.003298451400216701,0.001965551008761038,0.001978006954676606,1,2000,,3502.5,1.00132,2000,ve,11.2139
star,16,3,1.75,1.5,205,exact,0.0,0.0,,,1,,,,,,ve,0.0055
star,16,3,1.75,1.5,205,mf,0.18280539189890543,0.3436041599909442,0.17368302773204092,0.210172484399499,1,4,,,,,ve,0.0064
star,16,3,1.75,1.5,205,lbp,1.4116283720031842e-07,1.8793869829836218e-07,1.2736379328572774e-07,1.8255996894409043e-07,1,25,2.690110173508842e-07,,,,ve,0.0485
star,16,3,1.75,1.5,205,gibbs,0.02395063166137289,0.045132268485394464,0.023363521725534738,0.02571196146888735,1,2000,,1853.3,1.00242,2000,ve,11.6017
star,16,3,2.5,1.5,205,exact,0.0,0.0,,,1,,,,,,ve,0.0054
star,16,3,2.5,1.5,205,mf,0.3020721893679368,0.42936304412382176,0.29171513520851083,0.33314335184621463,1,5,,,,,ve,0.0034
star,16,3,2.5,1.5,205,lbp,1.1783326747173174e-07,1.6137221316159245e-07,1.0449944337140073e-07,1.5783473977272477e-07,1,27,1.809816004838538e-07,,,,ve,0.024
star,16,3,2.5,1.5,205,gibbs,0.13455398270533314,0.19740162365064085,0.12743514785074586,0.15591048726909498,0,2000,,15.2,1.17944,2000,ve,11.0405
star,16,3,4.0,1.5,205,exact,0.0,0.0,,,1,,,,,,ve,0.0062
star,16,3,4.0,1.5,205,mf,0.29999101683125723,0.3355106015128788,0.29638191443696527,0.3108183240141331,1,3,,,,,ve,0.0066
star,16,3,4.0,1.5,205,lbp,1.9431691905704264e-07,2.497957803989509e-07,1.7728204632683613e-07,2.4542153724766216e-07,1,28,2.2004064403891022e-07,,,,ve,0.0068
star,16,3,4.0,1.5,205,gibbs,0.2859916267648179,0.32546432300392214,0.27854162497427754,0.308341632136439,0,2000,,7.9,1.43652,2000,ve,11.9344
star,16,3,0.0,0.5,206,exact,0.0,0.0,,,1,,,,,,ve,0.0072
star,16,3,0.0,0.5,206,mf,2.5039649173552725e-16,6.38378239159465e-16,2.6794249689358435e-16,1.97758476261356e-16,1,1,,,,,ve,0.002
star,16,3,0.0,0.5,206,lbp,2.5169753434250985e-16,7.494005416219807e-16,2.754596319561505e-16,1.8041124150158794e-16,1,3,0.0,,,,ve,0.0079
star,16,3,0.0,0.5,206,gibbs,4.970687490085668e-15,1.1823875212257917e-14,4.8564306511419036e-15,5.31345800691696e-15,1,2000,,7852.8,1.00069,2000,ve,10.9126
star,16,3,0.1,0.5,206,exact,0.0,0.0,,,1,,,,,,ve,0.0094
star,16,3,0.1,0.5,206,mf,0.00040910882563586283,0.0023942238080314343,0.00044516396044857407,0.00030094342119772917,1,4,,,,,ve,0.0039
star,16,3,0.1,0.5,206,lbp,1.1305540731544475e-07,2.1487076047599363e-07,1.144104279852057e-07,1.0899034530616192e-07,1,19,1.5276370241013026e-07,,,,ve,0.0204
star,16,3,0.1,0.5,206,gibbs,0.0003814176922055241,0.000972905669171048,0.00039052688160462956,0.00035409012400820783,1,2000,,7746.7,1.00028,2000,ve,10.9682
star,16,3,0.25,0.5,206,exact,0.0,0.0,,,1,,,,,,ve,0.0053
star,16,3,0.25,0.5,206,mf,0.0035495466804055867,0.024628434381716267,0.003843099830194639,0.0026688872310384314,1,6,,,,,ve,0.0039
star,16,3,0.25,0.5,206,lbp,1.4519471971946715e-07,2.419603223301203e-07,1.4361294432562304e-07,1.4994004590099946e-07,1,21,2.094045651879206e-07,,,,ve,0.0213
star,16,3,0.25,0.5,206,gibbs,0.0010933254441909991,0.003618284701119502,0.00115107525188334,0.0009200760211139766,1,2000,,7334.3,1.00051,2000,ve,11.4216
star,16,3,0.5,0.5,206,exact,0.0,0.0,,,1,,,,,,ve,0.0068
star,16,3,0.5,0.5,206,mf,0.010534027724624511,0.05527900569438755,0.011249929400492133,0.008386322697021647,1,7,,,,,ve,0.0048
star,16,3,0.5,0.5,206,lbp,1.5267024287059791e-07,2.6617250737520637e-07,1.5073489580918627e-07,1.5847628405483288e-07,1,22,2.385554767614373e-07,,,,ve,0.0288
star,16,3,0.5,0.5,206,gibbs,0.0012257558545087572,0.004013087398964783,0.0012699629034142639,0.001093134707792237,1,2000,,6883.5,1.00037,2000,ve,11.848
star,16,3,0.75,0.5,206,exact,0.0,0.0,,,1,,,,,,ve,0.0053
star,16,3,0.75,0.5,206,mf,0.007513553771412476,0.030295739746123512,0.007922200906443596,0.006287612366319112,1,5,,,,,ve,0.002
star,16,3,0.75,0.5,206,lbp,7.757820489010122e-08,1.379566319098524e-07,7.7275509970507e-08,7.848628964888388e-08,1,23,1.531672641497117e-07,,,,ve,0.0156
star,16,3,0.75,0.5,206,gibbs,0.0001873217220650859,0.0006835993971183335,0.0002032729109155744,0.00013946815551362044,1,2000,,6755.5,1.00028,2000,ve,10.4003
star,16,3,1.0,0.5,206,exact,0.0,0.0,,,1,,,,,,ve,0.0068
star,16,3,1.0,0.5,206,mf,0.003461897250498774,0.011245897129566897,0.003614347568023307,0.003004546297925177,1,4,,,,,ve,0.0018
star,16,3,1.0,0.5,206,lbp,6.45221889718911e-08,1.1549728160670236e-07,6.548199170050562e-08,6.164278078604757e-08,1,23,1.4578629026207324e-07,,,,ve,0.0139
star,16,3,1.0,0.5,206,gibbs,0.0004396220166437571,0.0016119972752120038,0.00047523000793423713,0.000332798042772317,1,2000,,7216.7,1.0001,2000,ve,11.29
star,16,3,1.3,0.5,206,exact,0.0,0.0,,,1,,,,,,ve,0.0056
star,16,3,1.3,0.5,206,mf,0.0011846015457901225,0.003104759940913472,0.0012257370085478787,0.0010611951575168533,1,3,,,,,ve,0.0029
star,16,3,1.3,0.5,206,lbp,1.1035589551478049e-07,2.077282419410409e-07,1.1585323594462487e-07,9.386387422524733e-08,1,22,2.523911601937101e-07,,,,ve,0.0352
star,16,3,1.3,0.5,206,gibbs,0.0005699226808492412,0.0013940764479960495,0.0005900172622733379,0.0005096389365769512,1,2000,,7784.4,1.00029,2000,ve,12.3152
star,16,3,1.75,0.5,206,exact,0.0,0.0,,,1,,,,,,ve,0.0052
star,16,3,1.75,0.5,206,mf,0.00024246330206317818,0.0004934855828688917,0.00024861766683086263,0.00022400020776012488,1,3,,,,,ve,0.0011
star,16,3,1.75,0.5,206,lbp,1.1647392017386592e-07,2.373483038338453e-07,1.2859135512393024e-07,8.012161532367293e-08,1,22,2.3309199270737935e-07,,,,ve,0.0089
star,16,3,1.75,0.5,206,gibbs,0.00012200927793867959,0.0003086050308903134,0.00012585852988217531,0.00011046152210819247,1,2000,,8040.0,1.00007,2000,ve,11.5428
star,16,3,2.5,0.5,206,exact,0.0,0.0,,,1,,,,,,ve,0.0067
star,16,3,2.5,0.5,206,mf,2.5249004590878162e-05,3.831997078725929e-05,2.563801068750462e-05,2.4081986300998788e-05,1,3,,,,,ve,0.0022
star,16,3,2.5,0.5,206,lbp,1.6191148187925172e-07,5.257776896881727e-07,1.891528444364194e-07,8.01873942077487e-08,1,22,2.477666837252812e-07,,,,ve,0.0226
star,16,3,2.5,0.5,206,gibbs,2.524626568564276e-05,3.827614786611231e-05,2.5634358809492056e-05,2.4081986314094866e-05,1,2000,,7986.1,0.99987,2000,ve,11.7186
star,16,3,4.0,0.5,206,exact,0.0,0.0,,,1,,,,,,ve,0.0053
star,16,3,4.0,0.5,206,mf,1.8340468879907004e-06,2.0712525022292146e-06,1.8419514328104162e-06,1.8103332535315526e-06,1,2,,,,,ve,0.0015
star,16,3,4.0,0.5,206,lbp,1.3178720826596684e-07,6.542997050855079e-07,1.6150953201186282e-07,4.262023702827889e-08,1,23,1.4083213950577544e-07,,,,ve,0.0161
star,16,3,4.0,0.5,206,gibbs,1.8340468872992727e-06,2.071252498340133e-06,1.8419514318722315e-06,1.810333253580396e-06,1,2000,,8154.7,0.99964,2000,ve,10.7628
star,16,3,0.0,1.5,206,exact,0.0,0.0,,,1,,,,,,ve,0.013
star,16,3,0.0,1.5,206,mf,2.99592165312057e-16,1.2698175844150228e-15,3.3353672832895736e-16,1.97758476261356e-16,1,1,,,,,ve,0.0081
star,16,3,0.0,1.5,206,lbp,3.171562405063222e-16,1.5959455978986625e-15,3.627379068412336e-16,1.8041124150158794e-16,1,3,0.0,,,,ve,0.0011
star,16,3,0.0,1.5,206,gibbs,5.723123797790608e-15,1.177877240188252e-14,5.859679061415157e-15,5.31345800691696e-15,1,2000,,7864.8,1.00013,2000,ve,12.9168
star,16,3,0.1,1.5,206,exact,0.0,0.0,,,1,,,,,,ve,0.0053
star,16,3,0.1,1.5,206,mf,0.00036316039390898254,0.0015664572178798047,0.00039576048118766214,0.0002653601320729438,1,4,,,,,ve,0.0006
star,16,3,0.1,1.5,206,lbp,1.697339112169329e-07,3.969789361055187e-07,1.6804901281125e-07,1.7478860643398153e-07,1,18,2.5061687974892166e-07,,,,ve,0.029
star,16,3,0.1,1.5,206,gibbs,4.2302887596007736e-05,0.0005307345348067177,5.292959601162687e-05,1.0422762349150336e-05,1,2000,,7780.6,1.00007,2000,ve,12.2192
star,16,3,0.25,1.5,206,exact,0.0,0.0,,,1,,,,,,ve,0.0057
star,16,3,0.25,1.5,206,mf,0.002368169887406217,0.009018157812749204,0.0025095818010947113,0.0019439341463407325,1,6,,,,,ve,0.0062
star,16,3,0.25,1.5,206,lbp,1.5410205916432766e-07,2.870933368606665e-07,1.491267853581784e-07,1.6902788058277551e-07,1,21,2.452573042988071e-07,,,,ve,0.0337
star,16,3,0.25,1.5,206,gibbs,0.0007376976680239604,0.0023308072622723226,0.0007654386284953575,0.000654474786609769,1,2000,,7521.1,1.00046,2000,ve,10.2425
star,16,3,0.5,1.5,206,exact,0.0,0.0,,,1,,,,,,ve,0.0052
star,16,3,0.5,1.5,206,mf,0.017507415892219103,0.0908998558365884,0.01844642659398292,0.014690383786927642,1,9,,,,,ve,0.0041
star,16,3,0.5,1.5,206,lbp,1.1897621081302027e-07,2.2944222268644898e-07,1.1563089249955975e-07,1.2901216575340185e-07,1,23,1.7681394109958504e-07,,,,ve,0.0167
star,16,3,0.5,1.5,206,gibbs,0.0028647433768282347,0.009188131783186018,0.002956241096008382,0.0025902502192877933,1,2000,,6636.0,1.00091,2000,ve,10.8104
star,16,3,0.75,1.5,206,exact,0.0,0.0,,,1,,,,,,ve,0.0052
star,16,3,0.75,1.5,206,mf,0.01778902949321229,0.07267501337773721,0.01860002963146283,0.015356029078460664,1,6,,,,,ve,0.0016
star,16,3,0.75,1.5,206,lbp,1.3765162926147076e-07,2.6738165741224673e-07,1.3511128453890515e-07,1.4527266342916761e-07,1,23,2.552097778663054e-07,,,,ve,0.024
star,16,3,0.75,1.5,206,gibbs,0.001382674395186107,0.004165836111981241,0.0014458140878911266,0.001193255317071048,1,2000,,6188.2,1.00055,2000,ve,12.1959
star,16,3,1.0,1.5,206,exact,0.0,0.0,,,1,,,,,,ve,0.0055
star,16,3,1.0,1.5,206,mf,0.00952913525193426,0.03156945541960368,0.009866071998655248,0.008518325011771296,1,5,,,,,ve,0.0061
star,16,3,1.0,1.5,206,lbp,6.020973647595504e-08,1.1663991852928213e-07,5.990054309595275e-08,6.113731661596192e-08,1,24,1.4104338019738094e-07,,,,ve,0.0485
star,16,3,1.0,1.5,206,gibbs,0.0003462887232930793,0.0007952883796247352,0.00034168147314182665,0.0003601104737468372,1,2000,,6281.1,1.00016,2000,ve,11.1232
star,16,3,1.3,1.5,206,exact,0.0,0.0,,,1,,,,,,ve,0.0051
star,16,3,1.3,1.5,206,mf,0.0037372163699475667,0.01003887662967392,0.0038324825136505994,0.0034514179388384684,1,4,,,,,ve,0.008
star,16,3,1.3,1.5,206,lbp,9.238516280126047e-08,1.812969490123939e-07,9.458747542828107e-08,8.577822492019868e-08,1,23,2.4445912938375614e-07,,,,ve,0.056
star,16,3,1.3,1.5,206,gibbs,0.0005682825263549346,0.0015571304553850403,0.0005782947128908795,0.0005382459667471,1,2000,,7053.0,1.00017,2000,ve,10.4552
star,16,3,1.75,1.5,206,exact,0.0,0.0,,,1,,,,,,ve,0.0055
star,16,3,1.75,1.5,206,mf,0.0008999714492983032,0.0018884160094554405,0.0009135501256577805,0.0008592354202198707,1,3,,,,,ve,0.0013
star,16,3,1.75,1.5,206,lbp,8.20986871256453e-08,1.934435167084969e-07,8.905105597471272e-08,6.124158057844303e-08,1,23,1.9906356607535258e-07,,,,ve,0.0123
star,16,3,1.75,1.5,206,gibbs,0.00047707655813918157,0.0009359759292448422,0.00048256138451370105,0.0004606220790156232,1,2000,,8078.6,0.99982,2000,ve,12.1715
star,16,3,2.5,1.5,206,exact,0.0,0.0,,,1,,,,,,ve,0.0087
star,16,3,2.5,1.5,206,mf,0.00010845269835901733,0.00017053692040138192,0.00010887585955518592,0.00010718321477051155,1,3,,,,,ve,0.0041
star,16,3,2.5,1.5,206,lbp,1.040775678595603e-07,3.058762780283608e-07,1.2124887798331222e-07,5.2563637488304595e-08,1,23,1.7151908648926906e-07,,,,ve,0.0275
star,16,3,2.5,1.5,206,gibbs,0.00010831543581543907,0.00016834071770131405,0.00010869284280907218,0.00010718321483453976,1,2000,,8262.5,0.99962,2000,ve,11.641
star,16,3,4.0,1.5,206,exact,0.0,0.0,,,1,,,,,,ve,0.0053
star,16,3,4.0,1.5,206,mf,6.85451821754616e-06,7.946631150958809e-06,6.824438611518031e-06,6.944757035630547e-06,1,2,,,,,ve,0.0013
star,16,3,4.0,1.5,206,lbp,1.7308388629242304e-07,8.981663434798337e-07,2.129635606300791e-07,5.3444863279454797e-08,1,23,1.725920464323849e-07,,,,ve,0.0155
star,16,3,4.0,1.5,206,gibbs,6.85451821710587e-06,7.94663115039067e-06,6.824438610952717e-06,6.944757035565332e-06,1,2000,,8140.2,0.99974,2000,ve,11.0922
star,16,3,0.0,0.5,207,exact,0.0,0.0,,,1,,,,,,ve,0.0059
star,16,3,0.0,0.5,207,mf,3.074255260082648e-16,9.922618282587337e-16,2.850728912188553e-16,3.7448343037649323e-16,1,1,,,,,ve,0.0005
star,16,3,0.0,0.5,207,lbp,2.9002408113987244e-16,6.938893903907228e-16,2.590520390792032e-16,3.8294020732188017e-16,1,3,0.0,,,,ve,0.0012
star,16,3,0.0,0.5,207,gibbs,5.557837176595193e-15,1.2418885364517962e-14,4.393331763200929e-15,9.051353416777985e-15,1,2000,,7976.1,1.00058,2000,ve,11.4059
star,16,3,0.1,0.5,207,exact,0.0,0.0,,,1,,,,,,ve,0.0051
star,16,3,0.1,0.5,207,mf,0.00041131575187464993,0.0035408891720435758,0.00045726582636499406,0.0002734655284036176,1,4,,,,,ve,0.0023
star,16,3,0.1,0.5,207,lbp,7.993594140835681e-08,1.9850645195662597e-07,7.887871232512463e-08,8.310762865805336e-08,1,17,1.5312466272732195e-07,,,,ve,0.0133
star,16,3,0.1,0.5,207,gibbs,0.00015583651513069924,0.00044316543459809246,0.00015948339621221007,0.0001448958718861667,1,2000,,7888.1,1.00016,2000,ve,11.152
star,16,3,0.25,0.5,207,exact,0.0,0.0,,,1,,,,,,ve,0.0052
star,16,3,0.25,0.5,207,mf,0.002727645591818575,0.020589112660327754,0.0028462693744377766,0.0023717742439609696,1,7,,,,,ve,0.0024
star,16,3,0.25,0.5,207,lbp,8.261303019539007e-08,1.4327484484932818e-07,7.59273144490304e-08,1.0267017743446905e-07,1,20,1.6569692667944835e-07,,,,ve,0.0103
star,16,3,0.25,0.5,207,gibbs,0.0006922927783503338,0.0019919695906167392,0.0007230350944272459,0.0006000658301195973,1,2000,,7857.8,1.0,2000,ve,9.3547
star,16,3,0.5,0.5,207,exact,0.0,0.0,,,1,,,,,,ve,0.0052
star,16,3,0.5,0.5,207,mf,0.012594786511792891,0.07159666559692136,0.012381532288570843,0.013234549181459032,1,14,,,,,ve,0.0045
star,16,3,0.5,0.5,207,lbp,1.0550181980443314e-07,1.9054443111538033e-07,9.561173830036536e-08,1.3517206431663646e-07,1,22,2.099100187002989e-07,,,,ve,0.0267
star,16,3,0.5,0.5,207,gibbs,0.0017589693525340115,0.005212546297557335,0.0018644693160216267,0.0014424694620711663,1,2000,,7801.2,0.9999,2000,ve,9.1288
star,16,3,0.75,0.5,207,exact,0.0,0.0,,,1,,,,,,ve,0.0052
star,16,3,0.75,0.5,207,mf,0.062032633831423316,0.2414902283611013,0.06983694703815953,0.03861969421121463,1,72,,,,,ve,0.0435
star,16,3,0.75,0.5,207,lbp,1.3530097229836474e-07,2.402925604258477e-07,1.2244455044156666e-07,1.73870237868759e-07,1,23,2.463760564452855e-07,,,,ve,0.0222
star,16,3,0.75,0.5,207,gibbs,0.0020167985143329696,0.005994007193088947,0.0021655833839323885,0.001570443905534714,1,2000,,6871.9,0.99987,2000,ve,9.5846
star,16,3,1.0,0.5,207,exact,0.0,0.0,,,1,,,,,,ve,0.0055
star,16,3,1.0,0.5,207,mf,0.13488240146564107,0.41795021336385657,0.14415221312339957,0.10707296649236554,1,10,,,,,ve,0.0046
star,16,3,1.0,0.5,207,lbp,1.2897476047986182e-07,2.23738513063787e-07,1.1698030858136449e-07,1.6495811617535383e-07,1,24,2.020414994752251e-07,,,,ve,0.0186
star,16,3,1.0,0.5,207,gibbs,0.002073319229996284,0.005317348306505647,0.0021303384012078016,0.001902261716361731,1,2000,,5383.0,1.00011,2000,ve,10.4391
star,16,3,1.3,0.5,207,exact,0.0,0.0,,,1,,,,,,ve,0.0055
star,16,3,1.3,0.5,207,mf,0.13401701780293734,0.3371608234168284,0.14114773327979077,0.11262487137237699,1,6,,,,,ve,0.002
star,16,3,1.3,0.5,207,lbp,1.0909029396434424e-07,1.8338795012423637e-07,9.94157454265882e-08,1.3811393957761237e-07,1,25,1.5610796322285125e-07,,,,ve,0.0117
star,16,3,1.3,0.5,207,gibbs,0.007314781179156257,0.017319538970049866,0.007678070819631258,0.00622491225773125,1,2000,,3511.7,1.00022,2000,ve,9.4865
star,16,3,1.75,0.5,207,exact,0.0,0.0,,,1,,,,,,ve,0.0051
star,16,3,1.75,0.5,207,mf,0.11019188972609173,0.21750869031629896,0.11395418122305064,0.09890501523521505,1,4,,,,,ve,0.0046
star,16,3,1.75,0.5,207,lbp,1.6538967999762998e-07,2.642621888190866e-07,1.5139340681337549e-07,2.073784995503935e-07,1,25,2.2260151077979629e-07,,,,ve,0.0227
star,16,3,1.75,0.5,207,gibbs,0.010850209591969709,0.022306002479424332,0.011184260990378494,0.009848055396743358,1,2000,,704.1,1.00862,2000,ve,8.4819
star,16,3,2.5,0.5,207,exact,0.0,0.0,,,1,,,,,,ve,0.0057
star,16,3,2.5,0.5,207,mf,0.06815360624634542,0.10089379275691768,0.06903309381308713,0.06551514354612034,1,3,,,,,ve,0.0019
star,16,3,2.5,0.5,207,lbp,1.1128332644445849e-07,1.6552743154624183e-07,1.0185329035334219e-07,1.3957343471780737e-07,1,26,2.0109755238806315e-07,,,,ve,0.017
star,16,3,2.5,0.5,207,gibbs,0.043162085201249145,0.06711672460796628,0.04448503594387443,0.03919323297337328,0,2000,,48.0,1.05146,2000,ve,7.0308
star,16,3,4.0,0.5,207,exact,0.0,0.0,,,1,,,,,,ve,0.0053
star,16,3,4.0,0.5,207,mf,0.030167436421954394,0.03380873939895672,0.030158562255027468,0.030194058922735176,1,3,,,,,ve,0.0008
star,16,3,4.0,0.5,207,lbp,6.277592286063139e-08,1.408831761945395e-07,5.709372676491383e-08,7.982251114778405e-08,1,27,2.1231286501111057e-07,,,,ve,0.0105
star,16,3,4.0,0.5,207,gibbs,0.8551745344762745,0.966191260600724,0.8578686095281253,0.8470923093207221,0,2000,,30.7,1.08142,2000,ve,6.4427
star,16,3,0.0,1.5,207,exact,0.0,0.0,,,1,,,,,,ve,0.0051
star,16,3,0.0,1.5,207,mf,5.455705331947058e-16,1.4953316362920077e-15,5.673268567892483e-16,4.803015624110785e-16,1,1,,,,,ve,0.0006
star,16,3,0.0,1.5,207,lbp,5.309880139747758e-16,1.2906342661267445e-15,5.496905014501507e-16,4.748805515486509e-16,1,3,0.0,,,,ve,0.0016
star,16,3,0.0,1.5,207,gibbs,6.308918231584526e-15,1.5164952626989248e-14,5.398820857963986e-15,9.039210352446148e-15,1,2000,,7666.0,1.00008,2000,ve,6.1017
star,16,3,0.1,1.5,207,exact,0.0,0.0,,,1,,,,,,ve,0.0051
star,16,3,0.1,1.5,207,mf,0.00024796166335226493,0.0005783131647596092,0.0002475732542816177,0.0002491268905642067,1,4,,,,,ve,0.0013
star,16,3,0.1,1.5,207,lbp,1.0754188712529082e-07,2.0161562909112862e-07,1.0171697832866804e-07,1.2501661351515918e-07,1,17,2.3159374329395632e-07,,,,ve,0.0057
star,16,3,0.1,1.5,207,gibbs,0.00018061994375728367,0.0006545890056555391,0.00018428551951399827,0.00016962321648713989,1,2000,,7632.2,0.99997,2000,ve,6.4029
star,16,3,0.25,1.5,207,exact,0.0,0.0,,,1,,,,,,ve,0.0051
star,16,3,0.25,1.5,207,mf,0.0016959481517039737,0.007601460101591309,0.00183755186822471,0.0012711370021417654,1,6,,,,,ve,0.0013
star,16,3,0.25,1.5,207,lbp,8.23711630611049e-08,1.645804529326611e-07,7.361357076460992e-08,1.0864393995058987e-07,1,20,1.8986065697390586e-07,,,,ve,0.0058
star,16,3,0.25,1.5,207,gibbs,0.0005959829228273262,0.0018027918688452993,0.0006136330174412196,0.0005430326389856458,1,2000,,7583.9,0.99991,2000,ve,5.6796
star,16,3,0.5,1.5,207,exact,0.0,0.0,,,1,,,,,,ve,0.0051
star,16,3,0.5,1.5,207,mf,0.012161827903201125,0.0721511967375616,0.014149457185380715,0.006198940056662358,1,12,,,,,ve,0.0028
star,16,3,0.5,1.5,207,lbp,8.640104896839342e-08,1.7616289381405803e-07,7.57818958085765e-08,1.1825850844784415e-07,1,22,1.8536602991447992e-07,,,,ve,0.0075
star,16,3,0.5,1.5,207,gibbs,0.0011623885602319414,0.003926879167752346,0.0011966526109389304,0.001059596408110975,1,2000,,7355.8,0.99988,2000,ve,5.6685
star,16,3,0.75,1.5,207,exact,0.0,0.0,,,1,,,,,,ve,0.0055
star,16,3,0.75,1.5,207,mf,0.051940561402723906,0.22374198735475687,0.05492850597335527,0.04297672769082986,1,13,,,,,ve,0.0028
star,16,3,0.75,1.5,207,lbp,9.87564552784332e-08,1.987571167788582e-07,8.629429684302477e-08,1.361429305846585e-07,1,23,1.815400963445235e-07,,,,ve,0.0066
star,16,3,0.75,1.5,207,gibbs,0.0014096165751166035,0.004527017116295749,0.0014137776175212069,0.0013971334479027924,1,2000,,6504.1,0.99999,2000,ve,5.6971
star,16,3,1.0,1.5,207,exact,0.0,0.0,,,1,,,,,,ve,0.0053
star,16,3,1.0,1.5,207,mf,0.07007088276219642,0.2405161452324997,0.07164554902960134,0.06534688395998164,1,8,,,,,ve,0.0024
star,16,3,1.0,1.5,207,lbp,1.6867650089619777e-07,3.30329306356264e-07,1.4740712183389584e-07,2.3248463808310353e-07,1,23,2.690760492196631e-07,,,,ve,0.0075
star,16,3,1.0,1.5,207,gibbs,0.0033390423143702668,0.009489453736771878,0.003291468846866212,0.00348176271688243,1,2000,,6208.9,0.99987,2000,ve,5.7192
star,16,3,1.3,1.5,207,exact,0.0,0.0,,,1,,,,,,ve,0.0051
star,16,3,1.3,1.5,207,mf,0.06601910505854162,0.18363929529713524,0.06617405877385114,0.06555424391261308,1,5,,,,,ve,0.0011
star,16,3,1.3,1.5,207,lbp,1.3617392122917092e-07,2.5558800191907705e-07,1.1920726110060144e-07,1.8707390161487938e-07,1,24,1.9702933362619746e-07,,,,ve,0.0071
star,16,3,1.3,1.5,207,gibbs,0.0034801462845939646,0.008469851182231071,0.0033950185599816193,0.003735529458431003,1,2000,,5027.7,0.99995,2000,ve,5.5056
star,16,3,1.75,1.5,207,exact,0.0,0.0,,,1,,,,,,ve,0.0053
star,16,3,1.75,1.5,207,mf,0.047260281511633195,0.10357237207540854,0.046669134785201884,0.04903372169092713,1,4,,,,,ve,0.0011
star,16,3,1.75,1.5,207,lbp,1.02658841782705e-07,1.7956866967677731e-07,9.025938526750418e-08,1.3985721132830746e-07,1,25,1.7737760915625955e-07,,,,ve,0.0073
star,16,3,1.75,1.5,207,gibbs,0.01639814587471414,0.034199067551009855,0.015997224417558176,0.017600910246182037,1,2000,,2140.9,1.00026,2000,ve,5.7723
star,16,3,2.5,1.5,207,exact,0.0,0.0,,,1,,,,,,ve,0.005
star,16,3,2.5,1.5,207,mf,0.019741695963736743,0.03284506832314057,0.019325787141512212,0.020989422430410333,1,3,,,,,ve,0.0009
star,16,3,2.5,1.5,207,lbp,6.201979303579531e-08,1.0183280186801258e-07,5.484941170073561e-08,8.353093704097439e-08,1,26,1.9613067014923047e-07,,,,ve,0.008
star,16,3,2.5,1.5,207,gibbs,0.011211595443673512,0.018746492926780902,0.010949773713619132,0.01199706063383665,1,2000,,3227.9,1.0011,2000,ve,5.8984
star,16,3,4.0,1.5,207,exact,0.0,0.0,,,1,,,,,,ve,0.0054
star,16,3,4.0,1.5,207,mf,0.003062131418516853,0.003693584884787152,0.0030038099446270615,0.0032370958401862285,1,3,,,,,ve,0.0008
star,16,3,4.0,1.5,207,lbp,3.072729963438491e-08,1.0535668426570055e-07,2.8479344532512095e-08,3.7471164940003354e-08,1,27,1.7634721660719777e-07,,,,ve,0.0086
star,16,3,4.0,1.5,207,gibbs,0.8264425141420597,0.9963064018613761,0.810573594721656,0.8740492724032709,0,2000,,846.5,1.01011,2000,ve,5.7128
star,16,3,0.0,0.5,208,exact,0.0,0.0,,,1,,,,,,ve,0.0051
star,16,3,0.0,0.5,208,mf,2.647621705209602e-16,5.273559366969494e-16,3.139849491518021e-16,1.1709383462843448e-16,1,1,,,,,ve,0.0005
star,16,3,0.0,0.5,208,lbp,2.8536201179818477e-16,8.743006318923108e-16,3.3769283665681843e-16,1.2836953722228372e-16,1,3,0.0,,,,ve,0.0016
star,16,3,0.0,0.5,208,gibbs,8.464149520159836e-15,1.6812939929167214e-14,8.88843397032583e-15,7.191296169661854e-15,1,2000,,7610.9,1.00026,2000,ve,5.7709
star,16,3,0.1,0.5,208,exact,0.0,0.0,,,1,,,,,,ve,0.0051
star,16,3,0.1,0.5,208,mf,0.0004263097361942266,0.00359985700221184,0.0005155125560405059,0.0001587012766553885,1,4,,,,,ve,0.001
star,16,3,0.1,0.5,208,lbp,3.357243173848952e-08,1.0880301996862851e-07,3.7770332440093444e-08,2.097872963367775e-08,1,17,1.4731945874313368e-07,,,,ve,0.0053
star,16,3,0.1,0.5,208,gibbs,0.0001064952772593514,0.0005187147128801889,0.00011956534214858985,6.728508259163605e-05,1,2000,,7695.0,1.00027,2000,ve,5.6844
star,16,3,0.25,0.5,208,exact,0.0,0.0,,,1,,,,,,ve,0.0052
star,16,3,0.25,0.5,208,mf,0.0028348536043852545,0.022540705493797525,0.003418231426862079,0.0010847201369547817,1,7,,,,,ve,0.0016
star,16,3,0.25,0.5,208,lbp,1.197153868739021e-07,3.132230817978754e-07,1.310708728930604e-07,8.564892881642722e-08,1,18,2.889371960024256e-07,,,,ve,0.0057
star,16,3,0.25,0.5,208,gibbs,0.0003773741343586136,0.001332716767725839,0.0004156859889692186,0.0002624385705267988,1,2000,,7816.7,0.99994,2000,ve,5.6094
star,16,3,0.5,0.5,208,exact,0.0,0.0,,,1,,,,,,ve,0.0051
star,16,3,0.5,0.5,208,mf,0.019156770835546955,0.10814783505809772,0.021774739701921838,0.011302864236422308,1,13,,,,,ve,0.0027
star,16,3,0.5,0.5,208,lbp,8.054442284834151e-08,2.0222284283222258e-07,8.532992111856541e-08,6.618792803766982e-08,1,21,2.0078796869604787e-07,,,,ve,0.0065
star,16,3,0.5,0.5,208,gibbs,0.0006110799767021135,0.002416149200798731,0.0006695660515427899,0.00043562175218008446,1,2000,,7431.7,1.00003,2000,ve,5.8192
star,16,3,0.75,0.5,208,exact,0.0,0.0,,,1,,,,,,ve,0.0232
star,16,3,0.75,0.5,208,mf,0.08871859916224267,0.35437661486494876,0.09600954941460227,0.0668457484051639,1,19,,,,,ve,0.0043
star,16,3,0.75,0.5,208,lbp,9.377024884566279e-08,2.319937329256505e-07,9.869403244019508e-08,7.899889806206595e-08,1,22,2.3504076435143517e-07,,,,ve,0.0067
star,16,3,0.75,0.5,208,gibbs,0.0016611946025264885,0.0069572750609358525,0.0018230119095995862,0.0011757426813071951,1,2000,,7602.1,1.0001,2000,ve,5.7189
star,16,3,1.0,0.5,208,exact,0.0,0.0,,,1,,,,,,ve,0.0052
star,16,3,1.0,0.5,208,mf,0.16256150679106657,0.50617693158247,0.1722319802706472,0.13355008635232474,1,11,,,,,ve,0.0025
star,16,3,1.0,0.5,208,lbp,8.350761121836414e-08,2.006841655979863e-07,8.693602227139117e-08,7.322237805928306e-08,1,23,2.132003405486138e-07,,,,ve,0.0063
star,16,3,1.0,0.5,208,gibbs,0.005171815933805985,0.01657421883987785,0.005486737255971351,0.004227051967309891,1,2000,,7173.7,1.00046,2000,ve,5.5794
star,16,3,1.3,0.5,208,exact,0.0,0.0,,,1,,,,,,ve,0.005
star,16,3,1.3,0.5,208,mf,0.222097160222113,0.553186583508204,0.23261697833023579,0.1905377058977445,1,7,,,,,ve,0.0015
star,16,3,1.3,0.5,208,lbp,7.093608943493403e-08,1.5968689134893133e-07,7.33701969691733e-08,6.363376683221622e-08,1,24,1.8428913678425474e-07,,,,ve,0.0067
star,16,3,1.3,0.5,208,gibbs,0.009883830165224131,0.023992619682472488,0.010337996234859134,0.008521331956319121,1,2000,,6306.2,1.00012,2000,ve,5.7403
star,16,3,1.75,0.5,208,exact,0.0,0.0,,,1,,,,,,ve,0.0055
star,16,3,1.75,0.5,208,mf,0.34088175761540157,0.6917568372137826,0.3672082272968728,0.2619023485709882,1,6,,,,,ve,0.0016
star,16,3,1.75,0.5,208,lbp,6.971099552948931e-08,1.3261460414526471e-07,7.173074381463158e-08,6.365175067406248e-08,1,25,1.80221947976289e-07,,,,ve,0.0077
star,16,3,1.75,0.5,208,gibbs,0.06555709306778955,0.1275717436796611,0.07086775081224449,0.04962511983442473,1,2000,,6769.7,1.00085,2000,ve,5.6467
star,16,3,2.5,0.5,208,exact,0.0,0.0,,,1,,,,,,ve,0.0058
star,16,3,2.5,0.5,208,mf,0.47007353714684874,0.7188870730672384,0.4985124910993912,0.3847566752892214,1,4,,,,,ve,0.002
star,16,3,2.5,0.5,208,lbp,9.276325468182689e-08,1.4732277368867397e-07,9.346654837709874e-08,9.065337359601133e-08,1,26,2.138098221804441e-07,,,,ve,0.0176
star,16,3,2.5,0.5,208,gibbs,0.2287765936439851,0.3402073614313641,0.24330947895066188,0.18517793772395486,1,2000,,7937.7,1.00005,2000,ve,5.6629
star,16,3,4.0,0.5,208,exact,0.0,0.0,,,1,,,,,,ve,0.0054
star,16,3,4.0,0.5,208,mf,0.7108560672904909,0.8104446001744381,0.7297026377814642,0.6543163558175711,1,3,,,,,ve,0.0007
star,16,3,4.0,0.5,208,lbp,1.5187374688505756e-07,2.647658180476853e-07,1.482200989259367e-07,1.6283469076242008e-07,1,27,2.09553834507048e-07,,,,ve,0.0082
star,16,3,4.0,0.5,208,gibbs,0.31314843285242844,0.3491514819405336,0.3175206118048555,0.3000318959951471,0,2000,,274.6,1.01668,2000,ve,5.7045
star,16,3,0.0,1.5,208,exact,0.0,0.0,,,1,,,,,,ve,0.0051
star,16,3,0.0,1.5,208,mf,2.271403551357132e-16,4.3021142204224816e-16,2.6382252863813943e-16,1.1709383462843448e-16,1,1,,,,,ve,0.0006
star,16,3,0.0,1.5,208,lbp,2.349466107776088e-16,4.718447854656915e-16,2.7047230196271716e-16,1.2836953722228372e-16,1,3,0.0,,,,ve,0.0013
star,16,3,0.0,1.5,208,gibbs,6.701345207915654e-15,1.509903313490213e-14,6.538028220666921e-15,7.191296169661854e-15,1,2000,,7738.7,1.00052,2000,ve,5.841
star,16,3,0.1,1.5,208,exact,0.0,0.0,,,1,,,,,,ve,0.0053
star,16,3,0.1,1.5,208,mf,0.0002442129623017839,0.0009344682628822376,0.00025298372115010824,0.00021790068575681075,1,4,,,,,ve,0.0011
star,16,3,0.1,1.5,208,lbp,1.1661366346637971e-07,2.696921309747191e-07,1.2436955005194644e-07,9.334600370967949e-08,1,17,1.6527476687233644e-07,,,,ve,0.0053
star,16,3,0.1,1.5,208,gibbs,0.00020141812652284437,0.0008232019063022511,0.00021820330980713352,0.00015106257666997695,1,2000,,7784.2,1.00054,2000,ve,5.7403
star,16,3,0.25,1.5,208,exact,0.0,0.0,,,1,,,,,,ve,0.006
star,16,3,0.25,1.5,208,mf,0.0017838958306525478,0.008030404773951907,0.0018272272416193641,0.0016539015977520988,1,6,,,,,ve,0.0015
star,16,3,0.25,1.5,208,lbp,1.8674455944079574e-07,3.4588306759009146e-07,1.9346468110468737e-07,1.6658419444912087e-07,1,19,2.8230054077704736e-07,,,,ve,0.0061
star,16,3,0.25,1.5,208,gibbs,0.0005664752899742264,0.0022296022608301186,0.0006187954166287446,0.00040951491001067156,1,2000,,7783.8,1.00036,2000,ve,5.8096
star,16,3,0.5,1.5,208,exact,0.0,0.0,,,1,,,,,,ve,0.0051
star,16,3,0.5,1.5,208,mf,0.01588829379766725,0.08403819257709319,0.016955632303185617,0.012686278281112143,1,13,,,,,ve,0.003
star,16,3,0.5,1.5,208,lbp,9.313414653215352e-08,1.7705524886502122e-07,9.58474714146731e-08,8.49941718845948e-08,1,22,1.531651225294972e-07,,,,ve,0.007
star,16,3,0.5,1.5,208,gibbs,0.0015993249708416784,0.006533638215138832,0.0017048991693932331,0.0012826023751870141,1,2000,,7244.5,1.00032,2000,ve,5.5991
star,16,3,0.75,1.5,208,exact,0.0,0.0,,,1,,,,,,ve,0.0051
star,16,3,0.75,1.5,208,mf,0.07281160325987354,0.3068240418454936,0.08005259964258381,0.05108861411174276,1,15,,,,,ve,0.0032
star,16,3,0.75,1.5,208,lbp,9.208827601696074e-08,1.7468171858991965e-07,9.503218245390914e-08,8.325655670611554e-08,1,23,1.6476359671058205e-07,,,,ve,0.0066
star,16,3,0.75,1.5,208,gibbs,0.0023265625399640057,0.008726052474135382,0.0024642520081623403,0.0019134941353690007,1,2000,,6420.7,1.0002,2000,ve,5.6649
star,16,3,1.0,1.5,208,exact,0.0,0.0,,,1,,,,,,ve,0.0051
star,16,3,1.0,1.5,208,mf,0.11134308726854901,0.379188621512507,0.12168589680175408,0.08031465866893378,1,9,,,,,ve,0.0017
star,16,3,1.0,1.5,208,lbp,1.3587198871708398e-07,2.553296087476342e-07,1.4077892318250032e-07,1.2115118532083496e-07,1,23,2.6550539389269545e-07,,,,ve,0.0072
star,16,3,1.0,1.5,208,gibbs,0.0015940945631945777,0.0060333049294101215,0.001686958260188787,0.0013155034722119492,1,2000,,5393.6,1.00001,2000,ve,5.8423
star,16,3,1.3,1.5,208,exact,0.0,0.0,,,1,,,,,,ve,0.0051
star,16,3,1.3,1.5,208,mf,0.12890885293644402,0.35574479913527723,0.1394983646743014,0.09714031772287189,1,6,,,,,ve,0.0013
star,16,3,1.3,1.5,208,lbp,9.513313068689952e-08,1.753264725345982e-07,9.892503374971107e-08,8.375742149846488e-08,1,24,1.9997374489655328e-07,,,,ve,0.0074
star,16,3,1.3,1.5,208,gibbs,0.004115229139019189,0.009374610437243164,0.0042153041385469756,0.003815004140435829,1,2000,,3263.0,1.0006,2000,ve,5.7369
star,16,3,1.75,1.5,208,exact,0.0,0.0,,,1,,,,,,ve,0.0052
star,16,3,1.75,1.5,208,mf,0.14451900719041955,0.31146724828056827,0.15397049774592808,0.1161645355238939,1,4,,,,,ve,0.001
star,16,3,1.75,1.5,208,lbp,6.985372133700742e-08,1.1467662988651206e-07,7.26786243308968e-08,6.137901235533927e-08,1,25,1.4668753800517464e-07,,,,ve,0.0074
star,16,3,1.75,1.5,208,gibbs,0.015312393743085052,0.033842426347827734,0.016096383222873458,0.012960425303719844,1,2000,,1348.1,1.00209,2000,ve,5.6704
star,16,3,2.5,1.5,208,exact,0.0,0.0,,,1,,,,,,ve,0.0052
star,16,3,2.5,1.5,208,mf,0.16810432457549174,0.27171444813861945,0.1757556483983327,0.1451503531069689,1,4,,,,,ve,0.001
star,16,3,2.5,1.5,208,lbp,6.073735056653234e-08,1.0808114381255507e-07,5.7762572409220114e-08,6.966168503846903e-08,1,26,1.6966756255509807e-07,,,,ve,0.008
star,16,3,2.5,1.5,208,gibbs,0.18315269796882788,0.29601750274645294,0.18991723860835674,0.16285907605024125,0,2000,,46.1,1.05393,2000,ve,5.6046
star,16,3,4.0,1.5,208,exact,0.0,0.0,,,1,,,,,,ve,0.0052
star,16,3,4.0,1.5,208,mf,0.237553117819322,0.2807088860699476,0.2420065293382614,0.22419288326250375,1,3,,,,,ve,0.0008
star,16,3,4.0,1.5,208,lbp,1.1452011580888061e-07,2.1503766385426448e-07,1.0923205834304529e-07,1.303842882063866e-07,1,27,2.453043446148939e-07,,,,ve,0.009
star,16,3,4.0,1.5,208,gibbs,0.63883413436293,0.7192910780712479,0.6456762401606821,0.6183078169696735,0,2000,,22.8,1.11285,2000,ve,5.632
star,16,3,0.0,0.5,209,exact,0.0,0.0,,,1,,,,,,ve,0.0064
star,16,3,0.0,0.5,209,mf,2.752247214854453e-16,8.743006318923108e-16,3.256220524698132e-16,1.240327285323417e-16,1,1,,,,,ve,0.0005
star,16,3,0.0,0.5,209,lbp,2.588532686809142e-16,6.800116025829084e-16,3.048053707580915e-16,1.209969624493823e-16,1,3,0.0,,,,ve,0.0012
star,16,3,0.0,0.5,209,gibbs,6.514754014030899e-15,1.970645868709653e-14,5.998818340217464e-15,8.062561035471205e-15,1,2000,,7974.6,1.00029,2000,ve,5.6959
star,16,3,0.1,0.5,209,exact,0.0,0.0,,,1,,,,,,ve,0.0051
star,16,3,0.1,0.5,209,mf,0.0004410155199204549,0.004198726527119945,0.0005437490236836791,0.0001328150086307824,1,4,,,,,ve,0.0008
star,16,3,0.1,0.5,209,lbp,1.7621228490472202e-07,2.2561803769693967e-07,1.9156910655774954e-07,1.3014181994563945e-07,1,17,2.439854598912383e-07,,,,ve,0.0049
star,16,3,0.1,0.5,209,gibbs,0.00010131917060545684,0.00045794049641014606,0.00011952290032775775,4.670798143855412e-05,1,2000,,7853.6,1.00006,2000,ve,5.8901
star,16,3,0.25,0.5,209,exact,0.0,0.0,,,1,,,,,,ve,0.0053
star,16,3,0.25,0.5,209,mf,0.0035638840746470414,0.027739156186973687,0.0043888704957599015,0.0010889248113084599,1,6,,,,,ve,0.0011
star,16,3,0.25,0.5,209,lbp,1.0700337121650463e-07,1.4212862242679591e-07,1.1339111404596164e-07,8.784014272813362e-08,1,20,1.6229490146235648e-07,,,,ve,0.0058
star,16,3,0.25,0.5,209,gibbs,0.00010352640009584057,0.0005746688171791858,0.00011991885252174218,5.434904281813573e-05,1,2000,,7558.2,1.00031,2000,ve,5.6344
star,16,3,0.5,0.5,209,exact,0.0,0.0,,,1,,,,,,ve,0.0059
star,16,3,0.5,0.5,209,mf,0.019120328122168073,0.0973013105617141,0.022370482694871897,0.009369864404056592,1,8,,,,,ve,0.0022
star,16,3,0.5,0.5,209,lbp,1.781508518716138e-07,2.517787897060586e-07,1.8476480220153772e-07,1.5830900088184205e-07,1,21,2.6041515138741644e-07,,,,ve,0.008
star,16,3,0.5,0.5,209,gibbs,0.00046178719468341367,0.001234661944679541,0.0005165902239124007,0.00029737810699645255,1,2000,,6526.1,1.00057,2000,ve,5.8182
star,16,3,0.75,0.5,209,exact,0.0,0.0,,,1,,,,,,ve,0.0054
star,16,3,0.75,0.5,209,mf,0.031552893036131235,0.11897170844354264,0.035620078580992566,0.019351336401547237,1,7,,,,,ve,0.0042
star,16,3,0.75,0.5,209,lbp,1.7157154351442935e-07,2.504941158526508e-07,1.7533074311978578e-07,1.6029394469836006e-07,1,22,2.2700426610677837e-07,,,,ve,0.035
star,16,3,0.75,0.5,209,gibbs,0.001084746120060706,0.002413798652658481,0.0011927180096183764,0.0007608304513876951,1,2000,,5719.5,1.00081,2000,ve,5.6762
star,16,3,1.0,0.5,209,exact,0.0,0.0,,,1,,,,,,ve,0.006
star,16,3,1.0,0.5,209,mf,0.030622349302461396,0.09227203408488985,0.03388512962611551,0.020834008331499086,1,5,,,,,ve,0.0015
star,16,3,1.0,0.5,209,lbp,1.265929831488087e-07,1.86872050451925e-07,1.2783411846242735e-07,1.2286957720795272e-07,1,23,1.7008951436192632e-07,,,,ve,0.0074
star,16,3,1.0,0.5,209,gibbs,0.0022965269837877467,0.00563958531075031,0.002483111670823672,0.0017367729226799708,1,2000,,5075.6,1.00134,2000,ve,5.6395
star,16,3,1.3,0.5,209,exact,0.0,0.0,,,1,,,,,,ve,0.0051
star,16,3,1.3,0.5,209,mf,0.023393655338073832,0.05717508179763757,0.025511726732359196,0.017039441155217737,1,4,,,,,ve,0.0012
star,16,3,1.3,0.5,209,lbp,1.5696271864500035e-07,2.3552710334134863e-07,1.5637567395823093e-07,1.5872385270530864e-07,1,23,2.4883085980587083e-07,,,,ve,0.0073
star,16,3,1.3,0.5,209,gibbs,0.0033287152238629,0.00839561196638984,0.003651286150341057,0.0023610024444284316,1,2000,,4165.3,1.00058,2000,ve,5.8192
star,16,3,1.75,0.5,209,exact,0.0,0.0,,,1,,,,,,ve,0.0053
star,16,3,1.75,0.5,209,mf,0.013204949404355,0.025520168372435748,0.014194554891196412,0.01023613294383077,1,3,,,,,ve,0.0009
star,16,3,1.75,0.5,209,lbp,8.806928302422653e-08,1.3325350847748219e-07,8.549912079721123e-08,9.577976970527244e-08,1,24,1.860217556659549e-07,,,,ve,0.0078
star,16,3,1.75,0.5,209,gibbs,0.002143004703849122,0.0037740821971580948,0.002309473131534099,0.0016435994207941894,1,2000,,2762.8,1.00158,2000,ve,5.8078
star,16,3,2.5,0.5,209,exact,0.0,0.0,,,1,,,,,,ve,0.0056
star,16,3,2.5,0.5,209,mf,0.004553505939656734,0.0067885995322911185,0.004812793420641869,0.003775643496701328,1,3,,,,,ve,0.0011
star,16,3,2.5,0.5,209,lbp,8.337025230436011e-08,1.4973791144165527e-07,7.41449369540939e-08,1.1104619835515875e-07,1,24,2.3573257956766014e-07,,,,ve,0.007
star,16,3,2.5,0.5,209,gibbs,0.004553121062628654,0.006782441484924174,0.0048122802507147905,0.003775643498370246,1,2000,,7654.0,1.00005,2000,ve,5.7937
star,16,3,4.0,0.5,209,exact,0.0,0.0,,,1,,,,,,ve,0.005
star,16,3,4.0,0.5,209,mf,0.0009765689883987788,0.0011189592626910025,0.0010054370800888386,0.0008899647133285991,1,3,,,,,ve,0.0008
star,16,3,4.0,0.5,209,lbp,1.0301053990152418e-07,4.6649275319519956e-07,6.015515757921328e-08,2.315766868684569e-07,1,24,2.1815201056707423e-07,,,,ve,0.0071
star,16,3,4.0,0.5,209,gibbs,0.2136590837764291,0.24931004787731686,0.21775103512379115,0.20138322973434292,0,2000,,6.8,1.57069,2000,ve,5.6068
star,16,3,0.0,1.5,209,exact,0.0,0.0,,,1,,,,,,ve,0.005
star,16,3,0.0,1.5,209,mf,1.8648277366750676e-16,5.204170427930421e-16,2.0729945537922845e-16,1.240327285323417e-16,1,1,,,,,ve,0.0006
star,16,3,0.0,1.5,209,lbp,2.0307106690653498e-16,6.938893903907228e-16,2.304291017255859e-16,1.209969624493823e-16,1,3,0.0,,,,ve,0.0011
star,16,3,0.0,1.5,209,gibbs,5.341240687586901e-15,1.970645868709653e-14,4.4341339049587996e-15,8.062561035471205e-15,1,2000,,7955.0,1.00024,2000,ve,5.7017
star,16,3,0.1,1.5,209,exact,0.0,0.0,,,1,,,,,,ve,0.0051
star,16,3,0.1,1.5,209,mf,0.00027971729265685455,0.0029100613982898753,0.00035162004589451196,6.400903294388229e-05,1,4,,,,,ve,0.001
star,16,3,0.1,1.5,209,lbp,1.5023096730247044e-07,2.3475684674326147e-07,1.5658325977297954e-07,1.3117408989094317e-07,1,17,2.3028777201838935e-07,,,,ve,0.0047
star,16,3,0.1,1.5,209,gibbs,6.814651061474823e-05,0.0003680568206871383,7.587383519332815e-05,4.4964536879008466e-05,1,2000,,7850.1,1.0002,2000,ve,5.627
star,16,3,0.25,1.5,209,exact,0.0,0.0,,,1,,,,,,ve,0.0051
star,16,3,0.25,1.5,209,mf,0.0017986485197499413,0.015338483419217161,0.002206400879072579,0.0005753914417820287,1,5,,,,,ve,0.001
star,16,3,0.25,1.5,209,lbp,1.3867446754873745e-07,2.1755561562669667e-07,1.4098987891812773e-07,1.3172823344056658e-07,1,19,2.253705999599731e-07,,,,ve,0.0062
star,16,3,0.25,1.5,209,gibbs,0.00015829365962372454,0.00032235695895066474,0.0001462005152021744,0.0001945730928883749,1,2000,,7610.9,1.00015,2000,ve,5.76
star,16,3,0.5,1.5,209,exact,0.0,0.0,,,1,,,,,,ve,0.0051
star,16,3,0.5,1.5,209,mf,0.006496103236845453,0.037065002892544066,0.007468288073163444,0.0035795487278914794,1,6,,,,,ve,0.0014
star,16,3,0.5,1.5,209,lbp,9.540177840765436e-08,1.5183843833643795e-07,9.460453077817287e-08,9.779352129609883e-08,1,21,1.508386213711077e-07,,,,ve,0.0065
star,16,3,0.5,1.5,209,gibbs,0.0002784775051801401,0.0005883473483094953,0.00025016625230301834,0.0003634112638115053,1,2000,,7331.4,1.00047,2000,ve,5.5893
star,16,3,0.75,1.5,209,exact,0.0,0.0,,,1,,,,,,ve,0.0051
star,16,3,0.75,1.5,209,mf,0.009021078667664401,0.038564950692013274,0.009950053800792058,0.006234153268281428,1,5,,,,,ve,0.0011
star,16,3,0.75,1.5,209,lbp,1.5476576387456426e-07,2.5348147664888687e-07,1.5101521374075933e-07,1.6601741427597905e-07,1,21,2.3702505980160993e-07,,,,ve,0.0062
star,16,3,0.75,1.5,209,gibbs,0.0005993395267478356,0.001062969018676846,0.0006364009831650025,0.0004881551574963351,1,2000,,7147.7,1.00065,2000,ve,5.6188
star,16,3,1.0,1.5,209,exact,0.0,0.0,,,1,,,,,,ve,0.0057
star,16,3,1.0,1.5,209,mf,0.008180734461365309,0.02803154152818641,0.008800587494444847,0.0063211753621266915,1,5,,,,,ve,0.0013
star,16,3,1.0,1.5,209,lbp,1.04615146219957e-07,1.754288367350476e-07,1.0079222985470949e-07,1.1608389531569951e-07,1,22,1.7492441750643906e-07,,,,ve,0.0073
star,16,3,1.0,1.5,209,gibbs,0.0014511278663776042,0.0027668289504214705,0.0014904663107804725,0.0013331125331689994,1,2000,,6514.6,1.00073,2000,ve,5.6082
star,16,3,1.3,1.5,209,exact,0.0,0.0,,,1,,,,,,ve,0.0051
star,16,3,1.3,1.5,209,mf,0.005787478821235932,0.016067130785763002,0.006117711574099361,0.004796780562645646,1,4,,,,,ve,0.001
star,16,3,1.3,1.5,209,lbp,1.2547915105698263e-07,2.1167645828518156e-07,1.1933646214517656e-07,1.4390721779240084e-07,1,22,2.4612112703437106e-07,,,,ve,0.0075
star,16,3,1.3,1.5,209,gibbs,0.00243390332914961,0.00493752550031549,0.0025365469991700455,0.002125972319088304,1,2000,,7071.8,1.00055,2000,ve,5.7186
star,16,3,1.75,1.5,209,exact,0.0,0.0,,,1,,,,,,ve,0.0055
star,16,3,1.75,1.5,209,mf,0.002901800259394119,0.006313365683537888,0.0030228710157775705,0.0025385879902437647,1,3,,,,,ve,0.0006
star,16,3,1.75,1.5,209,lbp,7.367850355714892e-08,1.2157918360261588e-07,6.84646439289052e-08,8.932008244188008e-08,1,23,1.7305577015847007e-07,,,,ve,0.0072
star,16,3,1.75,1.5,209,gibbs,0.002406796707220769,0.004589364328422889,0.0024999444884803664,0.0021273533634419755,1,2000,,7757.7,1.0005,2000,ve,5.633
star,16,3,2.5,1.5,209,exact,0.0,0.0,,,1,,,,,,ve,0.0051
star,16,3,2.5,1.5,209,mf,0.000803027359397464,0.0013137953376892151,0.000826551442365772,0.0007324551104925399,1,3,,,,,ve,0.0009
star,16,3,2.5,1.5,209,lbp,8.94699846681558e-08,1.8574365588316932e-07,7.732445126890863e-08,1.2590658486589731e-07,1,23,2.010845208122447e-07,,,,ve,0.0069
star,16,3,2.5,1.5,209,gibbs,0.0008027905847542239,0.0013100069207244527,0.000826235742045656,0.000732455112879928,1,2000,,8067.3,1.00029,2000,ve,5.7711
star,16,3,4.0,1.5,209,exact,0.0,0.0,,,1,,,,,,ve,0.0053
star,16,3,4.0,1.5,209,mf,9.83611521400908e-05,0.00011779630128205567,9.98804820443843e-05,9.38031624272103e-05,1,3,,,,,ve,0.0008
star,16,3,4.0,1.5,209,lbp,1.5819617105841902e-07,7.08114229575757e-07,9.921459060740015e-08,3.3514091241147563e-07,1,23,1.8412181934657212e-07,,,,ve,0.0076
star,16,3,4.0,1.5,209,gibbs,0.2049664396774436,0.24991897737323396,0.2059676959884551,0.2019626707444091,0,2000,,6.7,1.59119,2000,ve,5.6329
star,16,3,0.0,0.5,210,exact,0.0,0.0,,,1,,,,,,ve,0.0051
star,16,3,0.0,0.5,210,mf,2.6259376617598917e-16,5.551115123125783e-16,2.3910271910546993e-16,3.3306690738754696e-16,1,1,,,,,ve,0.0004
star,16,3,0.0,0.5,210,lbp,2.754957720285667e-16,5.551115123125783e-16,2.5630539357557325e-16,3.3306690738754696e-16,1,3,0.0,,,,ve,0.0011
star,16,3,0.0,0.5,210,gibbs,6.972829431906025e-15,1.749989042565403e-14,6.54438887341217e-15,8.25815110738759e-15,1,2000,,7800.3,1.00026,2000,ve,5.7281
star,16,3,0.1,0.5,210,exact,0.0,0.0,,,1,,,,,,ve,0.0051
star,16,3,0.1,0.5,210,mf,0.0002702163777112297,0.003018969937155948,0.00033618282785817505,7.231702727039354e-05,1,4,,,,,ve,0.0012
star,16,3,0.1,0.5,210,lbp,8.974234890846491e-08,1.270234654612845e-07,8.948871444086973e-08,9.050325231125048e-08,1,17,1.4734014303074972e-07,,,,ve,0.005
star,16,3,0.1,0.5,210,gibbs,3.229000759640184e-05,0.0003211958490014627,3.833747683233314e-05,1.4147599888607917e-05,1,2000,,7958.5,1.0002,2000,ve,5.617
star,16,3,0.25,0.5,210,exact,0.0,0.0,,,1,,,,,,ve,0.0053
star,16,3,0.25,0.5,210,mf,0.0023385503484331517,0.019277322289318072,0.002750888428698993,0.0011015361076356285,1,5,,,,,ve,0.0014
star,16,3,0.25,0.5,210,lbp,7.753222277693747e-08,1.2073148897284725e-07,7.87508096421775e-08,7.38764621812174e-08,1,18,1.9137236845212513e-07,,,,ve,0.0055
star,16,3,0.25,0.5,210,gibbs,0.00012408426216570917,0.0008383403343086467,0.0001404797968197633,7.489765820354677e-05,1,2000,,7767.2,1.00052,2000,ve,5.5909
star,16,3,0.5,0.5,210,exact,0.0,0.0,,,1,,,,,,ve,0.0053
star,16,3,0.5,0.5,210,mf,0.013447679248852054,0.07190100512081894,0.014900295112531783,0.009089831657812871,1,7,,,,,ve,0.0016
star,16,3,0.5,0.5,210,lbp,5.138750077174868e-08,1.1729780284575053e-07,5.467123791065102e-08,4.153628935504167e-08,1,20,1.5852380935710286e-07,,,,ve,0.0065
star,16,3,0.5,0.5,210,gibbs,0.0004577498940437322,0.0014837021860874648,0.00047993033114619,0.00039120858273635883,1,2000,,6948.9,1.00035,2000,ve,5.6743
star,16,3,0.75,0.5,210,exact,0.0,0.0,,,1,,,,,,ve,0.0051
star,16,3,0.75,0.5,210,mf,0.032018035744405524,0.12611326480446758,0.03446076483395162,0.024689848475767214,1,7,,,,,ve,0.0014
star,16,3,0.75,0.5,210,lbp,8.059714697646481e-08,1.9560989911529547e-07,8.411197574467039e-08,7.00526606718481e-08,1,21,2.790219975068453e-07,,,,ve,0.0064
star,16,3,0.75,0.5,210,gibbs,0.0008910867615012823,0.0028941691099321834,0.0009053721104254031,0.0008482307147289199,1,2000,,6523.9,0.99995,2000,ve,5.8099
star,16,3,1.0,0.5,210,exact,0.0,0.0,,,1,,,,,,ve,0.0052
star,16,3,1.0,0.5,210,mf,0.051039194312326314,0.15980086513143102,0.05412077296790039,0.04179445834560408,1,6,,,,,ve,0.0015
star,16,3,1.0,0.5,210,lbp,4.954991424197669e-08,1.1440221473965617e-07,5.024923324991581e-08,4.745195721815934e-08,1,23,1.8816117258735332e-07,,,,ve,0.0077
star,16,3,1.0,0.5,210,gibbs,0.004359049409255954,0.01150157048262862,0.004579397736418599,0.0036980044277680193,1,2000,,5385.8,0.99995,2000,ve,5.7882
star,16,3,1.3,0.5,210,exact,0.0,0.0,,,1,,,,,,ve,0.0052
star,16,3,1.3,0.5,210,mf,0.07432195045200268,0.18802733493802443,0.07808278872390208,0.06303943563630453,1,5,,,,,ve,0.0011
star,16,3,1.3,0.5,210,lbp,5.398230693541301e-08,1.1582106887800259e-07,5.3740307310971847e-08,5.470830580873651e-08,1,24,2.132637336171861e-07,,,,ve,0.008
star,16,3,1.3,0.5,210,gibbs,0.005980122917037178,0.01362299915382775,0.006202544999338785,0.005312856670132359,1,2000,,4206.9,1.00054,2000,ve,5.7495
star,16,3,1.75,0.5,210,exact,0.0,0.0,,,1,,,,,,ve,0.0051
star,16,3,1.75,0.5,210,mf,0.11489486204207264,0.2292546801027143,0.11996212027244696,0.0996930873509497,1,4,,,,,ve,0.0009
star,16,3,1.75,0.5,210,lbp,6.437931773990192e-08,1.259537477857342e-07,6.291554751717647e-08,6.87706284080783e-08,1,25,2.5084736648972594e-07,,,,ve,0.0073
star,16,3,1.75,0.5,210,gibbs,0.03749396695748128,0.07377437210522653,0.03908005617162521,0.03273569931504952,1,2000,,3038.7,1.00124,2000,ve,5.3964
star,16,3,2.5,0.5,210,exact,0.0,0.0,,,1,,,,,,ve,0.0052
star,16,3,2.5,0.5,210,mf,0.1962693869428062,0.29747107037152404,0.20383225234152105,0.17358079074666175,1,4,,,,,ve,0.0008
star,16,3,2.5,0.5,210,lbp,8.835881725659071e-08,1.7203095793033585e-07,8.436867000166659e-08,1.0032925902136308e-07,1,26,2.631059158875182e-07,,,,ve,0.0071
star,16,3,2.5,0.5,210,gibbs,0.10753051819779028,0.15361353731946034,0.10531914061812887,0.11416465093677455,0,2000,,139.8,1.02333,2000,ve,5.548
star,16,3,4.0,0.5,210,exact,0.0,0.0,,,1,,,,,,ve,0.0053
star,16,3,4.0,0.5,210,mf,0.3442346036188582,0.3926091878555785,0.35199223455134226,0.3209617108214062,1,4,,,,,ve,0.0014
star,16,3,4.0,0.5,210,lbp,8.615000030194608e-08,1.5581833089084451e-07,8.070181094106214e-08,1.0249456838459792e-07,1,28,1.921025146733868e-07,,,,ve,0.0103
star,16,3,4.0,0.5,210,gibbs,0.32041157852950464,0.3573908121442291,0.32178266567359504,0.31629831709723344,0,2000,,119.4,1.02698,2000,ve,5.4219
star,16,3,0.0,1.5,210,exact,0.0,0.0,,,1,,,,,,ve,0.0051
star,16,3,0.0,1.5,210,mf,4.776994771971133e-16,1.2247147740396258e-15,4.773380764729515e-16,4.787836793695988e-16,1,1,,,,,ve,0.0004
star,16,3,0.0,1.5,210,lbp,4.817110252353096e-16,1.2247147740396258e-15,4.826868071905466e-16,4.787836793695988e-16,1,3,0.0,,,,ve,0.0015
star,16,3,0.0,1.5,210,gibbs,7.234881096995771e-15,1.3426759704060487e-14,6.909981845974282e-15,8.20957885006024e-15,1,2000,,8004.6,1.00005,2000,ve,5.7728
star,16,3,0.1,1.5,210,exact,0.0,0.0,,,1,,,,,,ve,0.0065
star,16,3,0.1,1.5,210,mf,0.00011402493566956608,0.0013322460112175352,0.00014165020337787793,3.11491325446305e-05,1,4,,,,,ve,0.0016
star,16,3,0.1,1.5,210,lbp,9.356602473240211e-08,1.5180771175543617e-07,9.012772822741648e-08,1.0388091424735901e-07,1,17,1.6086139775772779e-07,,,,ve,0.0059
star,16,3,0.1,1.5,210,gibbs,2.9294094464695256e-05,0.0001385020381225047,3.064991484310058e-05,2.5226633329479293e-05,1,2000,,8093.6,0.99998,2000,ve,5.6913
star,16,3,0.25,1.5,210,exact,0.0,0.0,,,1,,,,,,ve,0.0051
star,16,3,0.25,1.5,210,mf,0.001033703792476132,0.009089907795062413,0.0012081969669263462,0.0005102242691254898,1,5,,,,,ve,0.0011
star,16,3,0.25,1.5,210,lbp,8.377482109823801e-08,1.2857079335903965e-07,8.128355038659538e-08,9.124863323316593e-08,1,18,2.0538200229403003e-07,,,,ve,0.0053
star,16,3,0.25,1.5,210,gibbs,7.876306992388963e-05,0.00047509558259148897,8.523445198791556e-05,5.934892373181183e-05,1,2000,,7972.5,0.99989,2000,ve,5.5873
star,16,3,0.5,1.5,210,exact,0.0,0.0,,,1,,,,,,ve,0.0064
star,16,3,0.5,1.5,210,mf,0.00637060509002705,0.03717325130932732,0.006953047001726917,0.004623279354927451,1,6,,,,,ve,0.0017
star,16,3,0.5,1.5,210,lbp,5.869149627293988e-08,1.3244057930558717e-07,5.590515588062168e-08,6.705051744989449e-08,1,19,2.1110530223911184e-07,,,,ve,0.0057
star,16,3,0.5,1.5,210,gibbs,0.0005641158013353912,0.0017473527003986616,0.0005734293704328245,0.0005361750940430913,1,2000,,7592.4,0.99982,2000,ve,5.3981
star,16,3,0.75,1.5,210,exact,0.0,0.0,,,1,,,,,,ve,0.0053
star,16,3,0.75,1.5,210,mf,0.01731109684657855,0.07451397522353206,0.01826922094606644,0.014436724548114867,1,6,,,,,ve,0.0012
star,16,3,0.75,1.5,210,lbp,8.624324331069208e-08,1.8639632768518988e-07,7.906052704349797e-08,1.0779139211227438e-07,1,21,2.6989042456460055e-07,,,,ve,0.0067
star,16,3,0.75,1.5,210,gibbs,0.001846863831588449,0.004299167970381285,0.001863383736874993,0.0017973041157288167,1,2000,,7024.4,0.99972,2000,ve,5.5506
star,16,3,1.0,1.5,210,exact,0.0,0.0,,,1,,,,,,ve,0.0059
star,16,3,1.0,1.5,210,mf,0.03274138389191354,0.11153685468431933,0.033803607021648564,0.02955471450270847,1,5,,,,,ve,0.0037
star,16,3,1.0,1.5,210,lbp,7.304837220891867e-08,1.4496640514394254e-07,6.731264212168908e-08,9.025556247060744e-08,1,23,2.2688419321070796e-07,,,,ve,0.0186
star,16,3,1.0,1.5,210,gibbs,0.0007226066335574508,0.002192881329855737,0.000742455463352491,0.0006630601441723308,1,2000,,5919.9,0.99978,2000,ve,5.6977
star,16,3,1.3,1.5,210,exact,0.0,0.0,,,1,,,,,,ve,0.0056
star,16,3,1.3,1.5,210,mf,0.0591279520989254,0.16064944652861,0.05968208064000752,0.05746556647567906,1,5,,,,,ve,0.0013
star,16,3,1.3,1.5,210,lbp,5.5254569868113876e-08,1.0178197018886892e-07,5.096571548984507e-08,6.812113300292029e-08,1,25,1.666015420065392e-07,,,,ve,0.0085
star,16,3,1.3,1.5,210,gibbs,0.002858981835522959,0.0063667796969137935,0.002854296599747532,0.00287303754284924,1,2000,,4803.8,0.99988,2000,ve,5.5061
star,16,3,1.75,1.5,210,exact,0.0,0.0,,,1,,,,,,ve,0.0057
star,16,3,1.75,1.5,210,mf,0.12666083302983136,0.2632579332274741,0.12530852247581556,0.1307177646918788,1,4,,,,,ve,0.0025
star,16,3,1.75,1.5,210,lbp,9.340587558281802e-08,1.5737346659508433e-07,8.643932139890179e-08,1.1430553813456673e-07,1,26,2.2856359865874865e-07,,,,ve,0.0301
star,16,3,1.75,1.5,210,gibbs,0.04231431840375839,0.07939897484527467,0.04104722092996877,0.04611561082512725,1,2000,,3670.9,1.00044,2000,ve,5.6971
star,16,3,2.5,1.5,210,exact,0.0,0.0,,,1,,,,,,ve,0.0051
star,16,3,2.5,1.5,210,mf,0.32587104787269816,0.502333152334133,0.3187894569340372,0.34711582068868124,1,4,,,,,ve,0.0009
star,16,3,2.5,1.5,210,lbp,1.6765968286576102e-07,2.5018972551332785e-07,1.575094782004192e-07,1.981102968617865e-07,1,27,2.3512357416599627e-07,,,,ve,0.0074
star,16,3,2.5,1.5,210,gibbs,0.06857485385372467,0.11058095691130607,0.06864525303501763,0.06836365630984578,0,2000,,39.4,1.0641,2000,ve,5.3572
star,16,3,4.0,1.5,210,exact,0.0,0.0,,,1,,,,,,ve,0.0055
star,16,3,4.0,1.5,210,mf,0.1981767795537548,0.22948171232868508,0.19414771594901326,0.21026397036797934,1,3,,,,,ve,0.0008
star,16,3,4.0,1.5,210,lbp,1.6556823306595678e-07,2.704701255670794e-07,1.633435600616936e-07,1.722422520787463e-07,1,28,2.1051517740122705e-07,,,,ve,0.0348
star,16,3,4.0,1.5,210,gibbs,0.23262964031397668,0.27051828767119657,0.2278745188570995,0.2468950046846083,0,2000,,10.3,1.2888,2000,ve,5.53
star,16,3,0.0,0.5,211,exact,0.0,0.0,,,1,,,,,,ve,0.0052
star,16,3,0.0,0.5,211,mf,2.918672248330978e-16,5.828670879282072e-16,3.016973245302997e-16,2.6237692574149207e-16,1,1,,,,,ve,0.0004
star,16,3,0.0,0.5,211,lbp,2.9609561330579126e-16,5.828670879282072e-16,3.103709419101837e-16,2.5326962749261384e-16,1,3,0.0,,,,ve,0.0013
star,16,3,0.0,0.5,211,gibbs,9.406646468701485e-15,1.7950918529408e-14,1.062720513441325e-14,5.744970471566191e-15,1,2000,,8148.2,1.00014,2000,ve,9.8432
star,16,3,0.1,0.5,211,exact,0.0,0.0,,,1,,,,,,ve,0.0051
star,16,3,0.1,0.5,211,mf,0.0003144284372162483,0.00113796126357266,0.0002704719027927952,0.0004462980404866075,1,4,,,,,ve,0.0049
star,16,3,0.1,0.5,211,lbp,6.720909109553686e-08,1.074617267116107e-07,6.967009884732585e-08,5.982606784016992e-08,1,17,1.4558450334156703e-07,,,,ve,0.0278
star,16,3,0.1,0.5,211,gibbs,0.00029365265557500676,0.0012866437725727754,0.0002280797857166111,0.0004903712651501938,1,2000,,8154.7,1.00009,2000,ve,13.4516
star,16,3,0.25,0.5,211,exact,0.0,0.0,,,1,,,,,,ve,0.0095
star,16,3,0.25,0.5,211,mf,0.0019267817903750456,0.007153698585559186,0.0016568392328657918,0.0027366094629028078,1,7,,,,,ve,0.0104
star,16,3,0.25,0.5,211,lbp,6.538801968728348e-08,1.0939778318300175e-07,7.088335258770978e-08,4.8902020986004574e-08,1,19,1.9846804560907927e-07,,,,ve,0.0448
star,16,3,0.25,0.5,211,gibbs,0.0005717628239346329,0.002740612511516685,0.00043815063668018063,0.0009725993856979898,1,2000,,8059.1,1.00011,2000,ve,14.7473
star,16,3,0.5,0.5,211,exact,0.0,0.0,,,1,,,,,,ve,0.007
star,16,3,0.5,0.5,211,mf,0.009368090894618902,0.041018897087521926,0.007633412777007594,0.014572125247452834,1,17,,,,,ve,0.0066
star,16,3,0.5,0.5,211,lbp,5.954356791502448e-08,1.237141950792553e-07,6.591885063234743e-08,4.041771976305564e-08,1,21,2.134796009412021e-07,,,,ve,0.0143
star,16,3,0.5,0.5,211,gibbs,0.0011627875059910797,0.0019416577061385897,0.0010840658733495539,0.0013989524039156576,1,2000,,7762.0,1.00021,2000,ve,14.067
star,16,3,0.75,0.5,211,exact,0.0,0.0,,,1,,,,,,ve,0.0051
star,16,3,0.75,0.5,211,mf,0.09994703858412418,0.35215729037312304,0.0829586856180551,0.15091209748233145,1,25,,,,,ve,0.004
star,16,3,0.75,0.5,211,lbp,6.96865496317635e-08,1.4127180406747764e-07,7.620614656224493e-08,5.012775884031921e-08,1,22,2.4106412310764824e-07,,,,ve,0.0052
star,16,3,0.75,0.5,211,gibbs,0.0008090623786333794,0.004032547773846892,0.0006098779067213257,0.0014066157943695401,1,2000,,7385.3,1.00076,2000,ve,14.7584
star,16,3,1.0,0.5,211,exact,0.0,0.0,,,1,,,,,,ve,0.0051
star,16,3,1.0,0.5,211,mf,0.1660990957617165,0.46383598760914907,0.14497863091817534,0.22946049029233997,1,11,,,,,ve,0.0027
star,16,3,1.0,0.5,211,lbp,6.703880912897688e-08,1.1992176388031517e-07,7.206753387401417e-08,5.1952634893864987e-08,1,23,2.0683862356207783e-07,,,,ve,0.0088
star,16,3,1.0,0.5,211,gibbs,0.0017184578704612864,0.003484662267469631,0.0015658480603297192,0.002176287300855988,1,2000,,6166.5,1.00031,2000,ve,15.315
star,16,3,1.3,0.5,211,exact,0.0,0.0,,,1,,,,,,ve,0.0051
star,16,3,1.3,0.5,211,mf,0.2101567311812323,0.47318179930884197,0.1909693399228367,0.2677189049564189,1,7,,,,,ve,0.0025
star,16,3,1.3,0.5,211,lbp,6.290251084473141e-08,1.0706574709445915e-07,6.623911396368258e-08,5.28927014878779e-08,1,24,1.5846097323191088e-07,,,,ve,0.0094
star,16,3,1.3,0.5,211,gibbs,0.005670366323121694,0.013190943509466478,0.005144821563615548,0.00724700060164013,1,2000,,5543.6,1.00056,2000,ve,15.5814
star,16,3,1.75,0.5,211,exact,0.0,0.0,,,1,,,,,,ve,0.0051
star,16,3,1.75,0.5,211,mf,0.25844917086237096,0.4587701214821271,0.24324522100238447,0.3040610204423304,1,5,,,,,ve,0.0016
star,16,3,1.75,0.5,211,lbp,1.3269230481389072e-07,2.442110627644267e-07,1.3749681463184893e-07,1.1827877536001608e-07,1,24,2.3534895698951175e-07,,,,ve,0.0172
star,16,3,1.75,0.5,211,gibbs,0.05834323476305029,0.10393392547328319,0.05496190529735728,0.06848722316012931,1,2000,,6934.1,1.00001,2000,ve,15.125
star,16,3,2.5,0.5,211,exact,0.0,0.0,,,1,,,,,,ve,0.0064
star,16,3,2.5,0.5,211,mf,0.28998170810235474,0.4002061538386288,0.28078107091085464,0.317583619676855,1,5,,,,,ve,0.0085
star,16,3,2.5,0.5,211,lbp,2.1504082577929808e-07,3.908526496343434e-07,2.303221683710536e-07,1.691967980040315e-07,1,25,2.5718862983747925e-07,,,,ve,0.0891
star,16,3,2.5,0.5,211,gibbs,0.056407532661109636,0.0783396770435363,0.054612280700212984,0.061793288543799535,1,2000,,8016.6,0.99999,2000,ve,14.6942
star,16,3,4.0,0.5,211,exact,0.0,0.0,,,1,,,,,,ve,0.0053
star,16,3,4.0,0.5,211,mf,0.6818434245276996,0.7516745452243064,0.6738394696485712,0.7058552891650851,1,4,,,,,ve,0.0261
star,16,3,4.0,0.5,211,lbp,2.2801472078589857e-07,3.3892444107827546e-07,2.430830940476607e-07,1.8280960100061216e-07,1,27,2.5017596483323246e-07,,,,ve,0.0742
star,16,3,4.0,0.5,211,gibbs,0.2294453449245203,0.2508883016196478,0.22694009507693017,0.23696109446729058,0,2000,,7.3,1.50444,2000,ve,15.5762
star,16,3,0.0,1.5,211,exact,0.0,0.0,,,1,,,,,,ve,0.0149
star,16,3,0.0,1.5,211,mf,2.6964108029714495e-16,5.134781488891349e-16,2.761101532596418e-16,2.502338614096544e-16,1,1,,,,,ve,0.0019
star,16,3,0.0,1.5,211,lbp,2.7246000594560726e-16,5.134781488891349e-16,2.8059152223924855e-16,2.480654570646834e-16,1,3,0.0,,,,ve,0.0188
star,16,3,0.0,1.5,211,gibbs,6.1256338543258515e-15,1.3378187446733136e-14,6.256569336689684e-15,5.732827407234353e-15,1,2000,,7616.6,0.99987,2000,ve,16.2379
star,16,3,0.1,1.5,211,exact,0.0,0.0,,,1,,,,,,ve,0.0054
star,16,3,0.1,1.5,211,mf,0.00029039851950603843,0.0009176697108839223,0.0002560038728273009,0.000393582459542251,1,4,,,,,ve,0.0109
star,16,3,0.1,1.5,211,lbp,6.765726272463116e-08,1.0816923683154567e-07,6.944703064459996e-08,6.228795896472475e-08,1,17,1.45109708360458e-07,,,,ve,0.0834
star,16,3,0.1,1.5,211,gibbs,0.00017632807009884351,0.00041955069873262675,0.0001565442888079763,0.00023567941397144515,1,2000,,7732.4,0.99989,2000,ve,15.6971
star,16,3,0.25,1.5,211,exact,0.0,0.0,,,1,,,,,,ve,0.0051
star,16,3,0.25,1.5,211,mf,0.0016947449189318948,0.004399147319541087,0.0015687319279273227,0.002072783891945611,1,6,,,,,ve,0.002
star,16,3,0.25,1.5,211,lbp,6.770710084496971e-08,1.0143016637188806e-07,7.330820675702e-08,5.090378310881882e-08,1,19,2.2334796290213177e-07,,,,ve,0.0085
star,16,3,0.25,1.5,211,gibbs,0.0005131918303712793,0.0015246521057314718,0.00044169322917176224,0.0007276876339698305,1,2000,,7683.8,0.99987,2000,ve,16.633
star,16,3,0.5,1.5,211,exact,0.0,0.0,,,1,,,,,,ve,0.0053
star,16,3,0.5,1.5,211,mf,0.006142928958289436,0.009263171157764781,0.006280676405212809,0.005729686617519316,1,12,,,,,ve,0.0057
star,16,3,0.5,1.5,211,lbp,6.299867404520798e-08,1.1558753621951356e-07,6.724502516776941e-08,5.025962067752368e-08,1,21,2.3888986439013493e-07,,,,ve,0.0243
star,16,3,0.5,1.5,211,gibbs,0.0005130247187521658,0.003156639937285468,0.00033679840692408505,0.001041703654236408,1,2000,,7293.6,1.00001,2000,ve,17.0972
star,16,3,0.75,1.5,211,exact,0.0,0.0,,,1,,,,,,ve,0.0067
star,16,3,0.75,1.5,211,mf,0.07035432260163063,0.2605951360258965,0.0546000053527477,0.11761727434827943,1,46,,,,,ve,0.0533
star,16,3,0.75,1.5,211,lbp,6.958780090934825e-08,1.350203029416852e-07,7.326619324737824e-08,5.855262389525828e-08,1,22,2.6409433201424193e-07,,,,ve,0.0369
star,16,3,0.75,1.5,211,gibbs,0.0017804820933808884,0.00812630515547285,0.0013578069309890025,0.003048507580556546,1,2000,,6217.2,0.99986,2000,ve,17.3748
star,16,3,1.0,1.5,211,exact,0.0,0.0,,,1,,,,,,ve,0.0056
star,16,3,1.0,1.5,211,mf,0.151623620354889,0.4559921297960165,0.12657240614295048,0.22677726299070455,1,12,,,,,ve,0.0018
star,16,3,1.0,1.5,211,lbp,6.223782312789064e-08,1.2090969947128882e-07,6.561910699177653e-08,5.209397153623299e-08,1,23,2.196027765744013e-07,,,,ve,0.0554
star,16,3,1.0,1.5,211,gibbs,0.000387055335813243,0.003955353571544906,0.0001435454517304132,0.0011175849880617325,1,2000,,5639.1,1.00053,2000,ve,16.5576
star,16,3,1.3,1.5,211,exact,0.0,0.0,,,1,,,,,,ve,0.0066
star,16,3,1.3,1.5,211,mf,0.1931788097248205,0.46957624284110727,0.1690611670368325,0.26553173778878447,1,7,,,,,ve,0.0169
star,16,3,1.3,1.5,211,lbp,5.795458696828521e-08,9.822683831074708e-08,6.212141005486164e-08,4.5454117708555904e-08,1,24,1.6070661934541874e-07,,,,ve,0.1464
star,16,3,1.3,1.5,211,gibbs,0.017083984396590014,0.04015394651874059,0.015033909084823391,0.023234210331889885,1,2000,,4225.6,1.00064,2000,ve,16.6148
star,16,3,1.75,1.5,211,exact,0.0,0.0,,,1,,,,,,ve,0.0053
star,16,3,1.75,1.5,211,mf,0.25019169685259635,0.476742539993148,0.22832792424470227,0.31578301467627845,1,5,,,,,ve,0.0027
star,16,3,1.75,1.5,211,lbp,1.3502730560584013e-07,2.29611834889204e-07,1.4235464024822501e-07,1.1304530167868549e-07,1,24,2.7097407140352914e-07,,,,ve,0.0496
star,16,3,1.75,1.5,211,gibbs,0.041202149361209764,0.07931998762326736,0.037586469320499506,0.052049189483340516,1,2000,,2575.4,1.00088,2000,ve,15.338
star,16,3,2.5,1.5,211,exact,0.0,0.0,,,1,,,,,,ve,0.0051
star,16,3,2.5,1.5,211,mf,0.3707517727826376,0.5395061112303745,0.3515984292228782,0.4282118034619158,1,4,,,,,ve,0.0183
star,16,3,2.5,1.5,211,lbp,1.2490412404650506e-07,2.1685093269316336e-07,1.3299663434809296e-07,1.0062659314174138e-07,1,26,1.6428088067677038e-07,,,,ve,0.088
star,16,3,2.5,1.5,211,gibbs,0.026239760664468332,0.039338851377199655,0.02466347096885878,0.03096862975129698,1,2000,,7947.9,1.00266,2000,ve,15.364
star,16,3,4.0,1.5,211,exact,0.0,0.0,,,1,,,,,,ve,0.0056
star,16,3,4.0,1.5,211,mf,0.6468728940453804,0.7272407470602095,0.6348844175278692,0.6828383235979142,1,3,,,,,ve,0.0218
star,16,3,4.0,1.5,211,lbp,1.4435707229918895e-07,2.3012857140562726e-07,1.5254219228090786e-07,1.198017123540322e-07,1,28,1.627784674829158e-07,,,,ve,0.106
star,16,3,4.0,1.5,211,gibbs,0.22047070432548838,0.24895432239765683,0.2169539033796891,0.23102110716288618,0,2000,,7.4,1.49203,2000,ve,23.0305
star,16,3,0.0,0.5,212,exact,0.0,0.0,,,1,,,,,,ve,0.0063
star,16,3,0.0,0.5,212,mf,2.467644144577008e-16,5.898059818321144e-16,2.2349020782167866e-16,3.165870343657673e-16,1,1,,,,,ve,0.0185
star,16,3,0.0,0.5,212,lbp,2.3570555229834866e-16,5.898059818321144e-16,2.023844055306275e-16,3.3566899260151217e-16,1,3,0.0,,,,ve,0.0506
star,16,3,0.0,0.5,212,gibbs,7.114100974980886e-15,1.45924938799169e-14,6.708753922760972e-15,8.330142131640628e-15,1,2000,,7798.0,0.99989,2000,ve,27.2998
star,16,3,0.1,0.5,212,exact,0.0,0.0,,,1,,,,,,ve,0.0054
star,16,3,0.1,0.5,212,mf,0.000325221642169132,0.001404216000102293,0.0003622525015121979,0.00021412906413993422,1,4,,,,,ve,0.0744
star,16,3,0.1,0.5,212,lbp,5.550548298934033e-08,1.1764268386532661e-07,4.879883911222451e-08,7.562541462068778e-08,1,17,1.374285765742833e-07,,,,ve,0.0844
star,16,3,0.1,0.5,212,gibbs,0.00022521123376616757,0.00044659519272347015,0.00020376809966741004,0.00028954063606244015,1,2000,,7774.7,0.99982,2000,ve,26.2041
star,16,3,0.25,0.5,212,exact,0.0,0.0,,,1,,,,,,ve,0.013
star,16,3,0.25,0.5,212,mf,0.0022095583730894763,0.010613460064831881,0.0025242480074915007,0.0012654894698834029,1,6,,,,,ve,0.0165
star,16,3,0.25,0.5,212,lbp,8.051740243357301e-08,1.807208746054667e-07,7.207363952645614e-08,1.0584869115492362e-07,1,19,1.9074346258030062e-07,,,,ve,0.1785
star,16,3,0.25,0.5,212,gibbs,0.0005311516883490558,0.0019870525026250974,0.0005098275276934396,0.0005951241703159044,1,2000,,7731.8,0.99995,2000,ve,26.4336
star,16,3,0.5,0.5,212,exact,0.0,0.0,,,1,,,,,,ve,0.0057
star,16,3,0.5,0.5,212,mf,0.012449684322385433,0.06785434748361113,0.01382472240892324,0.008324570062772018,1,12,,,,,ve,0.1001
star,16,3,0.5,0.5,212,lbp,8.321776954925246e-08,1.7939844935283e-07,7.626809207823594e-08,1.04066801962302e-07,1,21,1.7926375323051857e-07,,,,ve,0.0863
star,16,3,0.5,0.5,212,gibbs,0.003018530550451716,0.008400705029700514,0.0028099988766421466,0.003644125571880424,1,2000,,7795.7,1.00005,2000,ve,26.8562
star,16,3,0.75,0.5,212,exact,0.0,0.0,,,1,,,,,,ve,0.0057
star,16,3,0.75,0.5,212,mf,0.07237900455272497,0.30952025609067446,0.07183223711079774,0.07401930687850668,1,21,,,,,ve,0.0638
star,16,3,0.75,0.5,212,lbp,9.539990053898488e-08,1.9056317517723853e-07,8.854400659376316e-08,1.1596758237465005e-07,1,22,1.952287158601962e-07,,,,ve,0.0049
star,16,3,0.75,0.5,212,gibbs,0.003747055341754655,0.01116623943068551,0.0035303246363127924,0.004397247458080241,1,2000,,7731.6,1.00008,2000,ve,23.0204
star,16,3,1.0,0.5,212,exact,0.0,0.0,,,1,,,,,,ve,0.0056
star,16,3,1.0,0.5,212,mf,0.1389302426507321,0.4672794251619084,0.13313827467569342,0.15630614657584807,1,11,,,,,ve,0.0348
star,16,3,1.0,0.5,212,lbp,8.596332414098021e-08,1.57490603024113e-07,8.12420944843716e-08,1.0012701311080605e-07,1,23,1.8379066063500815e-07,,,,ve,0.1296
star,16,3,1.0,0.5,212,gibbs,0.003584477303771025,0.010502630395686482,0.0036272425552701915,0.0034561815492735264,1,2000,,6373.8,0.99978,2000,ve,24.2304
star,16,3,1.3,0.5,212,exact,0.0,0.0,,,1,,,,,,ve,0.008
star,16,3,1.3,0.5,212,mf,0.17870917858041396,0.4781114103512064,0.1688511606241073,0.20828323244933417,1,7,,,,,ve,0.0025
star,16,3,1.3,0.5,212,lbp,7.300393200463523e-08,1.1879431323358336e-07,7.096068594212902e-08,7.913367019215384e-08,1,24,1.7461115670025507e-07,,,,ve,0.1383
star,16,3,1.3,0.5,212,gibbs,0.012100016697720962,0.029386055662708854,0.011580464881649613,0.01365867214593501,1,2000,,5444.1,1.00026,2000,ve,23.7303
star,16,3,1.75,0.5,212,exact,0.0,0.0,,,1,,,,,,ve,0.0074
star,16,3,1.75,0.5,212,mf,0.2270722229857617,0.46454486884083107,0.21398371540445868,0.2663377457296708,1,5,,,,,ve,0.0413
star,16,3,1.75,0.5,212,lbp,6.622087682351362e-08,8.808471935184414e-08,6.781921887040927e-08,6.142585068282663e-08,1,25,1.6740031638651232e-07,,,,ve,0.0958
star,16,3,1.75,0.5,212,gibbs,0.012347899881326892,0.024366776129670364,0.012153484758325539,0.012931145250330954,1,2000,,2918.1,1.00161,2000,ve,21.8582
star,16,3,2.5,0.5,212,exact,0.0,0.0,,,1,,,,,,ve,0.0135
star,16,3,2.5,0.5,212,mf,0.29921587634201935,0.45137079536270425,0.28567380426780936,0.33984209256464915,1,4,,,,,ve,0.0488
star,16,3,2.5,0.5,212,lbp,6.875840828039076e-08,1.08185856759202e-07,7.457845081684095e-08,5.12982806710402e-08,1,26,1.5169942035875295e-07,,,,ve,0.195
star,16,3,2.5,0.5,212,gibbs,0.10883813957359775,0.16618934435456487,0.10835869802386433,0.11027646422279805,0,2000,,39.7,1.06188,2000,ve,21.5873
star,16,3,4.0,0.5,212,exact,0.0,0.0,,,1,,,,,,ve,0.0055
star,16,3,4.0,0.5,212,mf,0.3971436661151607,0.44763962105968325,0.390377422211366,0.417442397826545,1,3,,,,,ve,0.0109
star,16,3,4.0,0.5,212,lbp,9.052407452868165e-08,1.6910435415851133e-07,1.0279289499164994e-07,5.37176131397768e-08,1,27,1.5397207020484416e-07,,,,ve,0.1775
star,16,3,4.0,0.5,212,gibbs,0.3966384632548928,0.45891408569460035,0.4016681297869038,0.38154946365885967,0,2000,,12.4,1.22679,2000,ve,22.7024
star,16,3,0.0,1.5,212,exact,0.0,0.0,,,1,,,,,,ve,0.0213
star,16,3,0.0,1.5,212,mf,2.443791696782327e-16,5.551115123125783e-16,2.278270165116207e-16,2.940356291780688e-16,1,1,,,,,ve,0.0051
star,16,3,0.0,1.5,212,lbp,2.4101814294352764e-16,4.440892098500626e-16,2.1698499478676561e-16,3.131175874138137e-16,1,3,0.0,,,,ve,0.0125
star,16,3,0.0,1.5,212,gibbs,6.650496126026084e-15,1.518576930870097e-14,6.0958182945825e-15,8.314529620356836e-15,1,2000,,8060.3,1.00024,2000,ve,21.8955
star,16,3,0.1,1.5,212,exact,0.0,0.0,,,1,,,,,,ve,0.0055
star,16,3,0.1,1.5,212,mf,0.0003901563434522004,0.002273327002596248,0.00044626209507237077,0.00022183908859168926,1,4,,,,,ve,0.0112
star,16,3,0.1,1.5,212,lbp,1.102067989101332e-07,2.4479676345723345e-07,1.0166337021946918e-07,1.3583708498212527e-07,1,17,1.693721609075105e-07,,,,ve,0.1069
star,16,3,0.1,1.5,212,gibbs,0.00022966657272040735,0.00037309672172260167,0.00021620634696718085,0.0002700472499800868,1,2000,,7953.6,1.00021,2000,ve,22.956
star,16,3,0.25,1.5,212,exact,0.0,0.0,,,1,,,,,,ve,0.0232
star,16,3,0.25,1.5,212,mf,0.002316082673656449,0.010060891174326445,0.002547068970877886,0.0016231237819921375,1,6,,,,,ve,0.0423
star,16,3,0.25,1.5,212,lbp,1.0563379489398131e-07,1.9361705620030145e-07,9.445073343982795e-08,1.391829792564414e-07,1,20,1.8285129632644725e-07,,,,ve,0.1808
star,16,3,0.25,1.5,212,gibbs,0.0006212678044077048,0.0017805791397519921,0.0005983785373377842,0.0006899356056174668,1,2000,,7995.4,1.00034,2000,ve,23.9126
star,16,3,0.5,1.5,212,exact,0.0,0.0,,,1,,,,,,ve,0.0078
star,16,3,0.5,1.5,212,mf,0.011217747664364088,0.04517200428581171,0.012654336417739118,0.006907981404239,1,13,,,,,ve,0.0699
star,16,3,0.5,1.5,212,lbp,1.2052754082801653e-07,2.2102467880924515e-07,1.0640752311161701e-07,1.6288759397721508e-07,1,22,2.2010494038493533e-07,,,,ve,0.0194
star,16,3,0.5,1.5,212,gibbs,0.0019786846226053775,0.005256963730143657,0.0018894491141296923,0.002246391148032434,1,2000,,7628.4,1.00017,2000,ve,22.9544
star,16,3,0.75,1.5,212,exact,0.0,0.0,,,1,,,,,,ve,0.0182
star,16,3,0.75,1.5,212,mf,0.07221449555386414,0.30095490690941173,0.0729238683940272,0.07008637703337492,1,17,,,,,ve,0.1424
star,16,3,0.75,1.5,212,lbp,1.3746769221827538e-07,2.4580551449826515e-07,1.203693348561114e-07,1.8876276430476735e-07,1,23,2.4524915070989195e-07,,,,ve,0.0701
star,16,3,0.75,1.5,212,gibbs,0.0005180003006627693,0.0034258078149103643,0.000551981436607075,0.0004160568928298523,1,2000,,6519.3,1.00067,2000,ve,27.5537
star,16,3,1.0,1.5,212,exact,0.0,0.0,,,1,,,,,,ve,0.0344
star,16,3,1.0,1.5,212,mf,0.10224581510967531,0.34062777426835156,0.09950520966744143,0.11046763143637697,1,8,,,,,ve,0.0421
star,16,3,1.0,1.5,212,lbp,1.1579458826288438e-07,1.9990842598655023e-07,1.0045870989022418e-07,1.6180222338086497e-07,1,24,1.9841322940195028e-07,,,,ve,0.1808
star,16,3,1.0,1.5,212,gibbs,0.0012919680084114362,0.003152962412679289,0.001261202157615987,0.001384265560797784,1,2000,,4541.3,1.00054,2000,ve,24.6746
star,16,3,1.3,1.5,212,exact,0.0,0.0,,,1,,,,,,ve,0.0074
star,16,3,1.3,1.5,212,mf,0.09914549145291568,0.2655516430325626,0.09462609013805086,0.11270369539751009,1,5,,,,,ve,0.0201
star,16,3,1.3,1.5,212,lbp,1.6277918794458356e-07,2.6932675922797245e-07,1.4017064588894845e-07,2.3060481411148886e-07,1,24,2.6270507025305534e-07,,,,ve,0.0791
star,16,3,1.3,1.5,212,gibbs,0.007034880720569023,0.01851657784000739,0.0070497302531515845,0.006990332122821338,1,2000,,2489.8,1.00096,2000,ve,22.5092
star,16,3,1.75,1.5,212,exact,0.0,0.0,,,1,,,,,,ve,0.0058
star,16,3,1.75,1.5,212,mf,0.08349598644658121,0.17150809488196062,0.07912251201341941,0.09661640974606656,1,4,,,,,ve,0.047
star,16,3,1.75,1.5,212,lbp,1.0915081808597453e-07,1.809062565860664e-07,9.429983335298639e-08,1.5370377228493895e-07,1,25,1.797135508185832e-07,,,,ve,0.1036
star,16,3,1.75,1.5,212,gibbs,0.007720117780208593,0.016232407002912994,0.007647612857965651,0.007937632546937424,0,2000,,770.1,1.0107,2000,ve,20.0804
star,16,3,2.5,1.5,212,exact,0.0,0.0,,,1,,,,,,ve,0.0099
star,16,3,2.5,1.5,212,mf,0.06165812794775073,0.09343924540660953,0.058914204326115334,0.06988989881265693,1,3,,,,,ve,0.0129
star,16,3,2.5,1.5,212,lbp,1.339820922084266e-07,2.0351053241218775e-07,1.220063552497015e-07,1.699093030846019e-07,1,25,2.5575550144374404e-07,,,,ve,0.0898
star,16,3,2.5,1.5,212,gibbs,0.05992111405513781,0.09037315753476521,0.05731716674527557,0.06773295598472451,1,2000,,7423.3,1.00022,2000,ve,19.8981
star,16,3,4.0,1.5,212,exact,0.0,0.0,,,1,,,,,,ve,0.0059
star,16,3,4.0,1.5,212,mf,0.04394988780952073,0.05008859050486903,0.04303707709923762,0.04668831994037007,1,3,,,,,ve,0.0049
star,16,3,4.0,1.5,212,lbp,9.940916517283999e-08,2.8215100707218443e-07,1.0329870677216705e-07,8.774054037485879e-08,1,26,2.4558661881890487e-07,,,,ve,0.0798
star,16,3,4.0,1.5,212,gibbs,0.5999576123314507,0.6999114094939661,0.5884371705533001,0.634518937665902,0,2000,,7.1,1.5342,2000,ve,21.2556
star,16,3,0.0,0.5,213,exact,0.0,0.0,,,1,,,,,,ve,0.0061
star,16,3,0.0,0.5,213,mf,3.346932106462752e-16,7.632783294297951e-16,3.267062546422987e-16,3.5865407865820487e-16,1,1,,,,,ve,0.0122
star,16,3,0.0,0.5,213,lbp,3.520404454060433e-16,7.7021722333370235e-16,3.4578821287804356e-16,3.707971429900425e-16,1,3,0.0,,,,ve,0.0283
star,16,3,0.0,0.5,213,gibbs,7.824578658610637e-15,1.4280243654241076e-14,8.032347934931275e-15,7.20127082964872e-15,1,2000,,8126.0,0.99986,2000,ve,21.276
star,16,3,0.1,0.5,213,exact,0.0,0.0,,,1,,,,,,ve,0.0067
star,16,3,0.1,0.5,213,mf,0.0003118240789986652,0.00143468557153148,0.0003509412158386178,0.00019447266847880725,1,4,,,,,ve,0.0177
star,16,3,0.1,0.5,213,lbp,4.690338538621084e-08,1.3853910312000561e-07,5.4009762973760096e-08,2.5584252623563064e-08,1,17,1.4129587050382142e-07,,,,ve,0.1026
star,16,3,0.1,0.5,213,gibbs,4.032065605446232e-05,0.00016746352331713232,4.4269991042756675e-05,2.847265108957926e-05,1,2000,,8124.2,0.9999,2000,ve,20.0503
star,16,3,0.25,0.5,213,exact,0.0,0.0,,,1,,,,,,ve,0.0121
star,16,3,0.25,0.5,213,mf,0.0018808099310071527,0.008679663025859624,0.002197451605781237,0.0009308849066849015,1,6,,,,,ve,0.0078
star,16,3,0.25,0.5,213,lbp,1.1326942502389373e-07,1.8928976738830094e-07,1.2650770535276254e-07,7.355458403728726e-08,1,19,1.9020766534039169e-07,,,,ve,0.0854
star,16,3,0.25,0.5,213,gibbs,0.0001719618151870371,0.0003242475936540701,0.00017771790682877581,0.00015469354026182098,1,2000,,8129.9,0.99982,2000,ve,21.6174
star,16,3,0.5,0.5,213,exact,0.0,0.0,,,1,,,,,,ve,0.0092
star,16,3,0.5,0.5,213,mf,0.007833788686411408,0.030619623301950782,0.009418964580166085,0.0030782610051473753,1,12,,,,,ve,0.0022
star,16,3,0.5,0.5,213,lbp,7.784456613351993e-08,1.2458757193967163e-07,8.548059122169549e-08,5.493649086899324e-08,1,22,1.5530139418906685e-07,,,,ve,0.0044
star,16,3,0.5,0.5,213,gibbs,0.0006386356760079367,0.0021292862702531334,0.000704326217907006,0.00044156405031072887,1,2000,,7741.5,1.00026,2000,ve,19.5437
star,16,3,0.75,0.5,213,exact,0.0,0.0,,,1,,,,,,ve,0.0093
star,16,3,0.75,0.5,213,mf,0.020343436377767588,0.07096124309155386,0.024235440986505746,0.008667422551553127,1,45,,,,,ve,0.0382
star,16,3,0.75,0.5,213,lbp,1.0064638434844654e-07,1.5543157386166406e-07,1.0964406023456057e-07,7.365335669010445e-08,1,23,2.1743842537613745e-07,,,,ve,0.07
star,16,3,0.75,0.5,213,gibbs,0.0035483796209937767,0.01118946330573764,0.003824675066976524,0.0027194932830455353,1,2000,,7296.7,0.99999,2000,ve,15.7801
star,16,3,1.0,0.5,213,exact,0.0,0.0,,,1,,,,,,ve,0.0051
star,16,3,1.0,0.5,213,mf,0.18033366227063466,0.5717987286741304,0.19612539405605892,0.13295846691436192,1,14,,,,,ve,0.0311
star,16,3,1.0,0.5,213,lbp,9.88457612734325e-08,1.544766491529126e-07,1.0752262106338238e-07,7.281518190358285e-08,1,24,2.1492862534167045e-07,,,,ve,0.042
star,16,3,1.0,0.5,213,gibbs,0.004247896530655704,0.01174171221685169,0.004562673354534167,0.0033035660590203133,1,2000,,5632.0,1.00058,2000,ve,14.3017
star,16,3,1.3,0.5,213,exact,0.0,0.0,,,1,,,,,,ve,0.0051
star,16,3,1.3,0.5,213,mf,0.2030987855367086,0.520434702995499,0.2197042688965767,0.1532823354571044,1,7,,,,,ve,0.0022
star,16,3,1.3,0.5,213,lbp,8.820208049228982e-08,1.3796250454556347e-07,9.606479035688398e-08,6.461395089850733e-08,1,25,1.7898274146110893e-07,,,,ve,0.0139
star,16,3,1.3,0.5,213,gibbs,0.008753315291819334,0.01859748782014567,0.009403965625072902,0.006801364292058632,1,2000,,2562.6,1.00078,2000,ve,13.5916
star,16,3,1.75,0.5,213,exact,0.0,0.0,,,1,,,,,,ve,0.0051
star,16,3,1.75,0.5,213,mf,0.20275984955609533,0.4065523579070094,0.2175234773834228,0.15846896607411293,1,4,,,,,ve,0.0039
star,16,3,1.75,0.5,213,lbp,1.4856451156276557e-07,2.2884907957543277e-07,1.6246192203854537e-07,1.0687228013542618e-07,1,25,2.458315609965567e-07,,,,ve,0.0259
star,16,3,1.75,0.5,213,gibbs,0.00538892946273869,0.010836761637845402,0.005691943922199902,0.004479886084355051,1,2000,,596.7,1.00352,2000,ve,10.5056
star,16,3,2.5,0.5,213,exact,0.0,0.0,,,1,,,,,,ve,0.0078
star,16,3,2.5,0.5,213,mf,0.1829440763935315,0.2784230409973663,0.19328348284616306,0.15192585703563682,1,3,,,,,ve,0.0012
star,16,3,2.5,0.5,213,lbp,1.1812702149240593e-07,1.9884395005553834e-07,1.2851243043979685e-07,8.697079465023322e-08,1,26,1.4782750079600504e-07,,,,ve,0.0237
star,16,3,2.5,0.5,213,gibbs,0.12159101848849732,0.1851075196541393,0.12846972325803593,0.10095490417988143,0,2000,,79.3,1.03651,2000,ve,10.2882
star,16,3,4.0,0.5,213,exact,0.0,0.0,,,1,,,,,,ve,0.005
star,16,3,4.0,0.5,213,mf,0.16880060012836545,0.1933831171971258,0.1725813298615999,0.1574584109286621,1,3,,,,,ve,0.004
star,16,3,4.0,0.5,213,lbp,8.311439344491772e-08,2.4138362847425654e-07,8.231181297957875e-08,8.552213484093463e-08,1,27,1.6989936890698942e-07,,,,ve,0.0364
star,16,3,4.0,0.5,213,gibbs,0.4862655140184705,0.5566168828028033,0.49843738602570237,0.4497498979967751,0,2000,,16.4,1.16056,2000,ve,10.1985
star,16,3,0.0,1.5,213,exact,0.0,0.0,,,1,,,,,,ve,0.0062
star,16,3,0.0,1.5,213,mf,2.7468262039920255e-16,7.632783294297951e-16,2.4669213431286846e-16,3.5865407865820487e-16,1,1,,,,,ve,0.0006
star,16,3,0.0,1.5,213,lbp,2.6926160953677503e-16,7.7021722333370235e-16,2.354164317190192e-16,3.707971429900425e-16,1,3,0.0,,,,ve,0.0014
star,16,3,0.0,1.5,213,gibbs,4.708202144126927e-15,9.56179579958416e-15,3.877179248952996e-15,7.20127082964872e-15,1,2000,,7822.9,1.00083,2000,ve,10.5113
star,16,3,0.1,1.5,213,exact,0.0,0.0,,,1,,,,,,ve,0.0052
star,16,3,0.1,1.5,213,mf,0.00038449077192013884,0.002496682681509016,0.0004488981574512733,0.0001912686153267354,1,4,,,,,ve,0.0019
star,16,3,0.1,1.5,213,lbp,4.3009272908639366e-08,1.5132737346545966e-07,4.920836600711432e-08,2.44119936132145e-08,1,17,1.509856136228116e-07,,,,ve,0.011
star,16,3,0.1,1.5,213,gibbs,9.695125433446968e-05,0.00022546409069457152,9.213544255845486e-05,0.00011139868966251413,1,2000,,7947.9,1.00032,2000,ve,9.9891
star,16,3,0.25,1.5,213,exact,0.0,0.0,,,1,,,,,,ve,0.0051
star,16,3,0.25,1.5,213,mf,0.002500971796088235,0.016519921324746153,0.0028550646114885413,0.0014386933498873166,1,6,,,,,ve,0.006
star,16,3,0.25,1.5,213,lbp,1.0276924168790575e-07,1.6536731373834046e-07,1.0352759920925307e-07,1.004941691238638e-07,1,19,2.1140420874976584e-07,,,,ve,0.0163
star,16,3,0.25,1.5,213,gibbs,0.0001318763308945146,0.00044819148560922006,0.00012972422097167784,0.00013833266066302485,1,2000,,7879.5,1.00023,2000,ve,10.0495
star,16,3,0.5,1.5,213,exact,0.0,0.0,,,1,,,,,,ve,0.0051
star,16,3,0.5,1.5,213,mf,0.01117693382515869,0.07298209671091503,0.012029359359151883,0.008619657223179103,1,10,,,,,ve,0.003
star,16,3,0.5,1.5,213,lbp,8.08404673105609e-08,1.4621174074073984e-07,7.632232554541779e-08,9.439489260599024e-08,1,22,2.0352023022418564e-07,,,,ve,0.0088
star,16,3,0.5,1.5,213,gibbs,0.0004540662243257001,0.0008032530759084812,0.00043473348341441866,0.0005120644470595443,1,2000,,7773.1,1.00042,2000,ve,8.7886
star,16,3,0.75,1.5,213,exact,0.0,0.0,,,1,,,,,,ve,0.0072
star,16,3,0.75,1.5,213,mf,0.032942380327499125,0.18447161664088718,0.03446946347446497,0.0283611308866016,1,23,,,,,ve,0.0113
star,16,3,0.75,1.5,213,lbp,6.081311862724892e-08,1.1501122420924659e-07,5.6751418450841244e-08,7.299821915647195e-08,1,24,1.6340102781953192e-07,,,,ve,0.0166
star,16,3,0.75,1.5,213,gibbs,0.0008016712704723005,0.0021051169448084994,0.0007933041375503318,0.0008267726692382064,1,2000,,6861.0,1.00066,2000,ve,8.4022
star,16,3,1.0,1.5,213,exact,0.0,0.0,,,1,,,,,,ve,0.0054
star,16,3,1.0,1.5,213,mf,0.116000880458691,0.4454686922117977,0.11750924034254417,0.11147580080713151,1,23,,,,,ve,0.0063
star,16,3,1.0,1.5,213,lbp,6.328190537026584e-08,1.1723469173045842e-07,5.96255807991386e-08,7.425087908364755e-08,1,25,1.5800820662992265e-07,,,,ve,0.0119
star,16,3,1.0,1.5,213,gibbs,0.006023743314865402,0.018121220057646256,0.006006152490206889,0.006076515788840942,1,2000,,5102.1,1.00031,2000,ve,8.1807
star,16,3,1.3,1.5,213,exact,0.0,0.0,,,1,,,,,,ve,0.0051
star,16,3,1.3,1.5,213,mf,0.13104508822871852,0.4135056881200936,0.13266943995667152,0.12617203304485947,1,8,,,,,ve,0.0027
star,16,3,1.3,1.5,213,lbp,1.0652448886568425e-07,1.8747271028456136e-07,1.0196924043144016e-07,1.2019023416841648e-07,1,25,2.1785132753304737e-07,,,,ve,0.0114
star,16,3,1.3,1.5,213,gibbs,0.002335738275581605,0.004945982211908229,0.0022838666563346527,0.002491353133322461,1,2000,,2775.0,1.00045,2000,ve,7.7232
star,16,3,1.75,1.5,213,exact,0.0,0.0,,,1,,,,,,ve,0.0054
star,16,3,1.75,1.5,213,mf,0.10386348957247998,0.2532476976282504,0.10506371250182522,0.10026282078444435,1,4,,,,,ve,0.0024
star,16,3,1.75,1.5,213,lbp,1.5573525721584384e-07,2.6865292959699083e-07,1.5329494206251423e-07,1.6305620267583268e-07,1,25,2.6090378479892706e-07,,,,ve,0.0186
star,16,3,1.75,1.5,213,gibbs,0.01019514947269876,0.023787794682117773,0.01019595537498407,0.010192731765842832,1,2000,,831.7,1.00494,2000,ve,7.2709
star,16,3,2.5,1.5,213,exact,0.0,0.0,,,1,,,,,,ve,0.0058
star,16,3,2.5,1.5,213,mf,0.06585181424928667,0.11565675574013985,0.06660559143266566,0.06359048269914966,1,3,,,,,ve,0.0009
star,16,3,2.5,1.5,213,lbp,9.669427890806681e-08,1.7208084718625671e-07,9.839404962064952e-08,9.159496677031871e-08,1,26,1.909776374819927e-07,,,,ve,0.0096
star,16,3,2.5,1.5,213,gibbs,0.0523634005865535,0.09413505243902001,0.05260310859459294,0.05164427656243518,0,2000,,16.8,1.15675,2000,ve,7.4601
star,16,3,4.0,1.5,213,exact,0.0,0.0,,,1,,,,,,ve,0.0062
star,16,3,4.0,1.5,213,mf,0.04614871940269509,0.05586466405842068,0.04628413951590177,0.04574245906307511,1,3,,,,,ve,0.0011
star,16,3,4.0,1.5,213,lbp,5.538646521548673e-08,1.4560090893372957e-07,5.75359262542513e-08,4.8938082099193e-08,1,27,2.0690751312280042e-07,,,,ve,0.0107
star,16,3,4.0,1.5,213,gibbs,0.7716099257726672,0.9441353357062097,0.7747656075399739,0.7621428804707471,0,2000,,53.9,1.05104,2000,ve,7.5773
star,16,3,0.0,0.5,214,exact,0.0,0.0,,,1,,,,,,ve,0.0143
star,16,3,0.0,0.5,214,mf,2.7300210703185e-16,7.077671781985373e-16,3.090698993032011e-16,1.6479873021779667e-16,1,1,,,,,ve,0.0007
star,16,3,0.0,0.5,214,lbp,2.920840652675949e-16,7.077671781985373e-16,3.4029492187078364e-16,1.474514954580286e-16,1,3,0.0,,,,ve,0.0017
star,16,3,0.0,0.5,214,gibbs,7.959561829085082e-15,1.7159884624362576e-14,7.755081299354316e-15,8.57300341827738e-15,1,2000,,7922.7,0.99999,2000,ve,7.5639
star,16,3,0.1,0.5,214,exact,0.0,0.0,,,1,,,,,,ve,0.0051
star,16,3,0.1,0.5,214,mf,0.0004789320716218889,0.0047746565903975385,0.0005887790211663422,0.00014939122298852914,1,4,,,,,ve,0.0014
star,16,3,0.1,0.5,214,lbp,8.895966936836239e-08,1.2439711075118431e-07,8.628619450080459e-08,9.69800939710358e-08,1,17,1.5130780806060784e-07,,,,ve,0.0079
star,16,3,0.1,0.5,214,gibbs,0.00013996992243959334,0.0012008687023524825,0.0001630861121738309,7.06213532368806e-05,1,2000,,7854.8,1.00014,2000,ve,7.6666
star,16,3,0.25,0.5,214,exact,0.0,0.0,,,1,,,,,,ve,0.0053
star,16,3,0.25,0.5,214,mf,0.0041540416603779795,0.03108692058504065,0.004743248814912269,0.0023864201967751103,1,7,,,,,ve,0.0015
star,16,3,0.25,0.5,214,lbp,7.403632085037967e-08,1.3314004282394265e-07,7.348840282934861e-08,7.568007491347284e-08,1,19,1.381246121923141e-07,,,,ve,0.0052
star,16,3,0.25,0.5,214,gibbs,0.0005030603330536156,0.003184645276722617,0.0005574720093596247,0.00033982530413558844,1,2000,,7452.0,1.00023,2000,ve,7.8596
star,16,3,0.5,0.5,214,exact,0.0,0.0,,,1,,,,,,ve,0.0053
star,16,3,0.5,0.5,214,mf,0.027817302491172802,0.1303081592683462,0.029677910123106433,0.022235479595371914,1,10,,,,,ve,0.0027
star,16,3,0.5,0.5,214,lbp,1.3575136744722145e-07,2.0675478221154897e-07,1.384014593760191e-07,1.2780109166082854e-07,1,20,2.7794581358708825e-07,,,,ve,0.0078
star,16,3,0.5,0.5,214,gibbs,0.0013419624151373578,0.0061076782074865575,0.0013971921390818034,0.0011762732433040213,1,2000,,6722.4,1.00025,2000,ve,7.4498
star,16,3,0.75,0.5,214,exact,0.0,0.0,,,1,,,,,,ve,0.0051
star,16,3,0.75,0.5,214,mf,0.06710803790610384,0.22734573727133073,0.06934037403119454,0.060411029530831675,1,9,,,,,ve,0.0026
star,16,3,0.75,0.5,214,lbp,8.151159400904663e-08,1.4806818396384536e-07,8.419853950032755e-08,7.345075753520391e-08,1,22,1.9897757780329428e-07,,,,ve,0.0099
star,16,3,0.75,0.5,214,gibbs,0.003439312796816729,0.008217392857144548,0.003457427314464015,0.0033849692438748698,1,2000,,6504.7,1.00063,2000,ve,7.476
star,16,3,1.0,0.5,214,exact,0.0,0.0,,,1,,,,,,ve,0.0053
star,16,3,1.0,0.5,214,mf,0.09974513892868818,0.2653991598287736,0.10118128576612467,0.0954366984163787,1,6,,,,,ve,0.0019
star,16,3,1.0,0.5,214,lbp,7.627038598308428e-08,1.484359161869897e-07,7.948694184403057e-08,6.662071840024542e-08,1,23,1.9860016570172334e-07,,,,ve,0.0093
star,16,3,1.0,0.5,214,gibbs,0.00889790882820313,0.02066728534133188,0.009001728634772896,0.008586449408493829,1,2000,,6136.2,1.00067,2000,ve,7.3441
star,16,3,1.3,0.5,214,exact,0.0,0.0,,,1,,,,,,ve,0.0051
star,16,3,1.3,0.5,214,mf,0.13608141330467938,0.2900499066682482,0.1362922712314172,0.13544883952446587,1,5,,,,,ve,0.0016
star,16,3,1.3,0.5,214,lbp,6.854725528675481e-08,1.374319447827732e-07,7.162697426279716e-08,5.930809835862777e-08,1,24,1.7861645001948645e-07,,,,ve,0.0124
star,16,3,1.3,0.5,214,gibbs,0.016112408191762122,0.033053437812947166,0.01620441268259023,0.015836394719277808,1,2000,,6793.3,1.00047,2000,ve,7.4472
star,16,3,1.75,0.5,214,exact,0.0,0.0,,,1,,,,,,ve,0.0052
star,16,3,1.75,0.5,214,mf,0.19270717932699757,0.3234273211400046,0.19138112731633763,0.19668533535897728,1,4,,,,,ve,0.0013
star,16,3,1.75,0.5,214,lbp,6.40963281577626e-08,1.3046628633515966e-07,6.759461869042928e-08,5.360145655976256e-08,1,25,1.565092936361978e-07,,,,ve,0.0108
star,16,3,1.75,0.5,214,gibbs,0.04208169120744834,0.07072006906634216,0.04186810600684657,0.04272244680925366,1,2000,,8072.9,0.99994,2000,ve,7.3261
star,16,3,2.5,0.5,214,exact,0.0,0.0,,,1,,,,,,ve,0.0051
star,16,3,2.5,0.5,214,mf,0.27994809998843495,0.3675992190855074,0.2774759927656906,0.287364421656668,1,4,,,,,ve,0.0011
star,16,3,2.5,0.5,214,lbp,1.1393088362115995e-07,2.2941912421019228e-07,1.2339040119353577e-07,8.55523309040325e-08,1,25,2.504600464803275e-07,,,,ve,0.0099
star,16,3,2.5,0.5,214,gibbs,0.10099302492153142,0.13270914540043316,0.10006596200842276,0.10377421366085743,1,2000,,7949.0,1.00102,2000,ve,7.4083
star,16,3,4.0,0.5,214,exact,0.0,0.0,,,1,,,,,,ve,0.0051
star,16,3,4.0,0.5,214,mf,0.5554165887447837,0.5950375921163816,0.5533579287249567,0.5615925688042647,1,3,,,,,ve,0.0012
star,16,3,4.0,0.5,214,lbp,8.927459832835074e-08,2.153519351941191e-07,1.0317253225540897e-07,4.7580796547176066e-08,1,26,2.2205525929130943e-07,,,,ve,0.011
star,16,3,4.0,0.5,214,gibbs,0.3143781515204572,0.34500860798722177,0.3138176822545154,0.3160595593182825,0,2000,,6.5,1.63101,2000,ve,7.5419
star,16,3,0.0,1.5,214,exact,0.0,0.0,,,1,,,,,,ve,0.0054
star,16,3,0.0,1.5,214,mf,3.4889625910583533e-16,1.169203622808368e-15,3.570639154718928e-16,3.2439329000766293e-16,1,1,,,,,ve,0.0005
star,16,3,0.0,1.5,214,lbp,3.498720410610723e-16,1.169203622808368e-15,3.548955111269218e-16,3.3480163086352377e-16,1,3,0.0,,,,ve,0.0021
star,16,3,0.0,1.5,214,gibbs,7.9788064176467e-15,1.371819324802459e-14,7.736794422711727e-15,8.704842402451618e-15,1,2000,,7659.7,0.99971,2000,ve,7.4858
star,16,3,0.1,1.5,214,exact,0.0,0.0,,,1,,,,,,ve,0.0053
star,16,3,0.1,1.5,214,mf,0.00037938880520263556,0.002790819510946667,0.0004231356136389197,0.0002481483798937832,1,5,,,,,ve,0.0017
star,16,3,0.1,1.5,214,lbp,7.345676465855084e-08,1.390216411017997e-07,7.309251849455835e-08,7.454950315052833e-08,1,17,1.5759130167491975e-07,,,,ve,0.0073
star,16,3,0.1,1.5,214,gibbs,8.469915619009404e-05,0.0001468991417157596,8.308112659108191e-05,8.955324498713044e-05,1,2000,,7677.9,0.99979,2000,ve,7.1049
star,16,3,0.25,1.5,214,exact,0.0,0.0,,,1,,,,,,ve,0.0059
star,16,3,0.25,1.5,214,mf,0.0026936586167814643,0.01752073820478401,0.0030705715940957737,0.0015629196848385343,1,7,,,,,ve,0.0023
star,16,3,0.25,1.5,214,lbp,8.662170093357143e-08,1.4778848146657086e-07,8.450057713842798e-08,9.298507231900177e-08,1,19,2.3431543222374174e-07,,,,ve,0.0081
star,16,3,0.25,1.5,214,gibbs,0.000279547963675997,0.0013678193423074178,0.00029300371002430407,0.00023918072463107592,1,2000,,7603.0,0.99997,2000,ve,7.5002
star,16,3,0.5,1.5,214,exact,0.0,0.0,,,1,,,,,,ve,0.0056
star,16,3,0.5,1.5,214,mf,0.021699600016646475,0.09967548387714048,0.02303688708548581,0.01768773881012846,1,19,,,,,ve,0.005
star,16,3,0.5,1.5,214,lbp,8.241453540149208e-08,1.7274211507739556e-07,8.222831560570551e-08,8.297319478885179e-08,1,21,2.604186754573412e-07,,,,ve,0.0064
star,16,3,0.5,1.5,214,gibbs,0.0019833052553318966,0.006573935501439856,0.0020068039290677534,0.0019128092341243255,1,2000,,7907.5,1.00019,2000,ve,7.5416
star,16,3,0.75,1.5,214,exact,0.0,0.0,,,1,,,,,,ve,0.0055
star,16,3,0.75,1.5,214,mf,0.10941890773404947,0.36962419581063183,0.11163045070131654,0.10278427883224833,1,17,,,,,ve,0.0043
star,16,3,0.75,1.5,214,lbp,4.809172520246286e-08,1.0649377961760575e-07,4.925078234311054e-08,4.4614553780519817e-08,1,23,1.530962455142948e-07,,,,ve,0.0097
star,16,3,0.75,1.5,214,gibbs,0.002500838358391537,0.006547863468287314,0.0024866932029689493,0.0025432738246592996,1,2000,,7704.8,0.9999,2000,ve,7.5137
star,16,3,1.0,1.5,214,exact,0.0,0.0,,,1,,,,,,ve,0.0053
star,16,3,1.0,1.5,214,mf,0.1706350889929944,0.4577616077048292,0.1711508099451898,0.16908792613640827,1,10,,,,,ve,0.0029
star,16,3,1.0,1.5,214,lbp,8.147286001839523e-08,1.8599920690101635e-07,8.525828409387496e-08,7.011658779195601e-08,1,23,2.487603236733804e-07,,,,ve,0.0108
star,16,3,1.0,1.5,214,gibbs,0.00806890241547253,0.01873463979252255,0.008032199854152251,0.008179010099433367,1,2000,,7871.3,1.00056,2000,ve,7.5614
star,16,3,1.3,1.5,214,exact,0.0,0.0,,,1,,,,,,ve,0.0051
star,16,3,1.3,1.5,214,mf,0.2364977637756368,0.5127032692035968,0.23434829724154724,0.2429461633779055,1,7,,,,,ve,0.0023
star,16,3,1.3,1.5,214,lbp,6.784963057041173e-08,1.5684222404166448e-07,7.253247525253403e-08,5.3801096524044856e-08,1,24,1.9025569353292582e-07,,,,ve,0.0101
star,16,3,1.3,1.5,214,gibbs,0.0015790069228980327,0.0033513726529963207,0.0015741299836113658,0.0015936377407580332,1,2000,,7436.3,0.99977,2000,ve,7.2048
star,16,3,1.75,1.5,214,exact,0.0,0.0,,,1,,,,,,ve,0.007
star,16,3,1.75,1.5,214,mf,0.28032426255023446,0.4818459553688112,0.2756593720365299,0.2943189340913479,1,5,,,,,ve,0.0017
star,16,3,1.75,1.5,214,lbp,6.064912888868009e-08,1.3763788890563955e-07,6.631986870099138e-08,4.3636909451746225e-08,1,25,1.511446525714888e-07,,,,ve,0.0146
star,16,3,1.75,1.5,214,gibbs,0.020307533275138904,0.03470922403675337,0.019949426449282704,0.02138185375270751,1,2000,,8344.2,1.0003,2000,ve,7.4717
star,16,3,2.5,1.5,214,exact,0.0,0.0,,,1,,,,,,ve,0.0051
star,16,3,2.5,1.5,214,mf,0.32693477521588,0.44072944720796436,0.32099096090512247,0.34476621814815256,1,4,,,,,ve,0.0014
star,16,3,2.5,1.5,214,lbp,1.2788485844109177e-07,3.267932485728764e-07,1.4003624040650124e-07,9.143071254486337e-08,1,25,2.5245807200313664e-07,,,,ve,0.0106
star,16,3,2.5,1.5,214,gibbs,0.14147726197974386,0.19071581022033302,0.13890404914285767,0.14919690049040243,1,2000,,8075.6,1.00058,2000,ve,7.2152
star,16,3,4.0,1.5,214,exact,0.0,0.0,,,1,,,,,,ve,0.0053
star,16,3,4.0,1.5,214,mf,0.34987804771622466,0.38065338032623175,0.34674993059405823,0.35926239908272384,1,3,,,,,ve,0.0012
star,16,3,4.0,1.5,214,lbp,2.000013354532428e-07,4.7398367524625895e-07,2.131022268434184e-07,1.60698661282716e-07,1,26,1.9689762387198328e-07,,,,ve,0.0121
star,16,3,4.0,1.5,214,gibbs,0.2047960551379272,0.2499992113733811,0.19961578763150092,0.22033685765720606,0,2000,,6.4,1.65311,2000,ve,7.4058
star,16,3,0.0,0.5,215,exact,0.0,0.0,,,1,,,,,,ve,0.0051
star,16,3,0.0,0.5,215,mf,2.6281060661048627e-16,7.945033519973776e-16,2.4690897474736556e-16,3.1051550219984847e-16,1,1,,,,,ve,0.0007
star,16,3,0.0,0.5,215,lbp,2.6400322900022033e-16,8.344019919448442e-16,2.484991379336776e-16,3.1051550219984847e-16,1,3,0.0,,,,ve,0.002
star,16,3,0.0,0.5,215,gibbs,6.208304269977871e-15,1.3822276656583199e-14,6.9755399373372384e-15,3.9065972678997696e-15,1,2000,,7956.4,1.00001,2000,ve,7.286
star,16,3,0.1,0.5,215,exact,0.0,0.0,,,1,,,,,,ve,0.0054
star,16,3,0.1,0.5,215,mf,0.00028169693102404454,0.00045789446942321246,0.00027771936516672314,0.0002936296285960087,1,4,,,,,ve,0.0046
star,16,3,0.1,0.5,215,lbp,1.0524611926057822e-07,1.7422799712153714e-07,1.0709899687983496e-07,9.9687486402808e-08,1,18,1.5251151153083953e-07,,,,ve,0.0133
star,16,3,0.1,0.5,215,gibbs,0.0001709701695656824,0.0007909262003643839,0.00018573788185804072,0.00012666703268860748,1,2000,,7805.7,0.99985,2000,ve,7.3322
star,16,3,0.25,0.5,215,exact,0.0,0.0,,,1,,,,,,ve,0.0051
star,16,3,0.25,0.5,215,mf,0.002423812306538655,0.01012124269133626,0.0026976583704577217,0.001602274114781456,1,7,,,,,ve,0.0017
star,16,3,0.25,0.5,215,lbp,1.6476028458033533e-07,2.614632625096147e-07,1.5904782242940306e-07,1.8189767103313215e-07,1,20,2.4565240835938695e-07,,,,ve,0.0078
star,16,3,0.25,0.5,215,gibbs,0.00028988670627546573,0.0018738959429362816,0.00032494389589560717,0.00018471513741504138,1,2000,,7670.9,1.00012,2000,ve,7.5
star,16,3,0.5,0.5,215,exact,0.0,0.0,,,1,,,,,,ve,0.0052
star,16,3,0.5,0.5,215,mf,0.03006543784214639,0.13396964236377426,0.03364112314772504,0.019338381925410465,1,14,,,,,ve,0.0042
star,16,3,0.5,0.5,215,lbp,1.6132459047690675e-07,2.6423944394365906e-07,1.5104260998613362e-07,1.9217053194922618e-07,1,22,2.237455226650198e-07,,,,ve,0.0098
star,16,3,0.5,0.5,215,gibbs,0.0009402485618860285,0.0026672652016472543,0.0009738267007035049,0.0008395141454335987,1,2000,,6710.8,0.99999,2000,ve,7.5458
star,16,3,0.75,0.5,215,exact,0.0,0.0,,,1,,,,,,ve,0.0052
star,16,3,0.75,0.5,215,mf,0.0643245947483083,0.2177913444181631,0.06840257850537217,0.05209064347711671,1,9,,,,,ve,0.0026
star,16,3,0.75,0.5,215,lbp,1.589046331057373e-07,2.605135527682101e-07,1.467600398797777e-07,1.9533841278361608e-07,1,23,1.931871199123414e-07,,,,ve,0.0098
star,16,3,0.75,0.5,215,gibbs,0.0008349884850441091,0.002606930643755361,0.0008596056552566977,0.0007611369744063429,1,2000,,5214.7,1.00004,2000,ve,7.3845
star,16,3,1.0,0.5,215,exact,0.0,0.0,,,1,,,,,,ve,0.0051
star,16,3,1.0,0.5,215,mf,0.06280269097183028,0.1704463663290737,0.0654659227806363,0.05481299554541219,1,6,,,,,ve,0.0021
star,16,3,1.0,0.5,215,lbp,2.2490230984063612e-07,3.649574665930827e-07,2.0564572288976334e-07,2.826720706932545e-07,1,23,2.6126527596925797e-07,,,,ve,0.0108
star,16,3,1.0,0.5,215,gibbs,0.002169753534971448,0.005558987065612518,0.0022484475419558866,0.0019336715140181333,1,2000,,3807.6,1.00091,2000,ve,6.7063
star,16,3,1.3,0.5,215,exact,0.0,0.0,,,1,,,,,,ve,0.0051
star,16,3,1.3,0.5,215,mf,0.05009527537879908,0.11047258005552671,0.05154709743445374,0.045739809211835125,1,4,,,,,ve,0.001
star,16,3,1.3,0.5,215,lbp,1.4361016944473944e-07,2.2864671766521794e-07,1.297169287783354e-07,1.8528989144395158e-07,1,24,1.8813320490362884e-07,,,,ve,0.0088
star,16,3,1.3,0.5,215,gibbs,0.007871972957762985,0.016192330890363125,0.00807268257028184,0.007269844120206415,1,2000,,2711.6,1.00066,2000,ve,6.7606
star,16,3,1.75,0.5,215,exact,0.0,0.0,,,1,,,,,,ve,0.006
star,16,3,1.75,0.5,215,mf,0.03203329972701648,0.056150551235101695,0.03257116407871832,0.030419706671910955,1,3,,,,,ve,0.001
star,16,3,1.75,0.5,215,lbp,1.575296526206183e-07,2.4205278328047475e-07,1.3888713757607186e-07,2.1345719775425764e-07,1,24,2.576634475781603e-07,,,,ve,0.0093
star,16,3,1.75,0.5,215,gibbs,0.003866651356038973,0.006840741901720936,0.003933749629739066,0.003665356534938694,1,2000,,965.9,1.00445,2000,ve,6.9059
star,16,3,2.5,0.5,215,exact,0.0,0.0,,,1,,,,,,ve,0.0053
star,16,3,2.5,0.5,215,mf,0.014698968921400705,0.020132813513333302,0.01477821832275653,0.014461220717333224,1,3,,,,,ve,0.0012
star,16,3,2.5,0.5,215,lbp,7.831826564041543e-08,1.458291710686177e-07,6.492687897168522e-08,1.1849242564660606e-07,1,25,1.8644915789067795e-07,,,,ve,0.0092
star,16,3,2.5,0.5,215,gibbs,0.13998535020619837,0.1916195076958331,0.14073696271389985,0.13773051268309386,0,2000,,12.8,1.21468,2000,ve,6.6126
star,16,3,4.0,0.5,215,exact,0.0,0.0,,,1,,,,,,ve,0.0052
star,16,3,4.0,0.5,215,mf,0.005038090118160179,0.005504186311472422,0.005034053769969004,0.005050199162733705,1,3,,,,,ve,0.0009
star,16,3,4.0,0.5,215,lbp,7.481201167545473e-08,2.3332489462648404e-07,5.261891018155452e-08,1.413913161571554e-07,1,25,2.305393510537712e-07,,,,ve,0.0093
star,16,3,4.0,0.5,215,gibbs,0.22379201012690977,0.24449582434312553,0.22361266391389445,0.22433004876595566,0,2000,,7.3,1.50225,2000,ve,6.8906
star,16,3,0.0,1.5,215,exact,0.0,0.0,,,1,,,,,,ve,0.005
star,16,3,0.0,1.5,215,mf,2.530256820038046e-16,5.377642775528102e-16,2.338624086051233e-16,3.1051550219984847e-16,1,1,,,,,ve,0.0005
star,16,3,0.0,1.5,215,lbp,2.6234982068717994e-16,6.314393452555578e-16,2.462945935162904e-16,3.1051550219984847e-16,1,3,0.0,,,,ve,0.0012
star,16,3,0.0,1.5,215,gibbs,5.349860094858161e-15,1.0474260347947961e-14,5.8309477038442914e-15,3.9065972678997696e-15,1,2000,,7795.3,1.00023,2000,ve,5.9423
star,16,3,0.1,1.5,215,exact,0.0,0.0,,,1,,,,,,ve,0.0052
star,16,3,0.1,1.5,215,mf,0.00043798983278817106,0.0036005053604749064,0.0004900145071633562,0.00028191580966261537,1,4,,,,,ve,0.0016
star,16,3,0.1,1.5,215,lbp,1.3579975032066696e-07,3.4142119361823403e-07,1.342581968145646e-07,1.4042441083897406e-07,1,17,2.2125660248395462e-07,,,,ve,0.0063
star,16,3,0.1,1.5,215,gibbs,2.8952005133186035e-05,0.00013285361817940225,2.7965735527969136e-05,3.191081394883673e-05,1,2000,,7857.5,1.00027,2000,ve,6.8853
star,16,3,0.25,1.5,215,exact,0.0,0.0,,,1,,,,,,ve,0.0051
star,16,3,0.25,1.5,215,mf,0.002829024176682734,0.018938823315692407,0.0029570577928423034,0.002444923328204023,1,7,,,,,ve,0.0022
star,16,3,0.25,1.5,215,lbp,1.5478739633049553e-07,2.439072661758468e-07,1.4165556516101876e-07,1.9418288983892584e-07,1,20,2.619169274242772e-07,,,,ve,0.0092
star,16,3,0.25,1.5,215,gibbs,0.0001943971271864956,0.00035696128057593297,0.0002004509955635098,0.00017623552205545297,1,2000,,7925.2,1.0002,2000,ve,6.6303
star,16,3,0.5,1.5,215,exact,0.0,0.0,,,1,,,,,,ve,0.0051
star,16,3,0.5,1.5,215,mf,0.007564528828287085,0.011766518194063894,0.00735665770488142,0.008188142198504077,1,13,,,,,ve,0.003
star,16,3,0.5,1.5,215,lbp,1.0154023216393988e-07,1.694836655047327e-07,9.024512296141472e-08,1.3542555977151538e-07,1,23,1.6527199808713533e-07,,,,ve,0.0084
star,16,3,0.5,1.5,215,gibbs,0.0006921467332959724,0.0027240109650314586,0.0007007628325739132,0.0006662984354621499,1,2000,,7734.8,0.99988,2000,ve,6.6373
star,16,3,0.75,1.5,215,exact,0.0,0.0,,,1,,,,,,ve,0.0052
star,16,3,0.75,1.5,215,mf,0.07837183765320567,0.2875991450117342,0.08194653003560294,0.06764776050601388,1,14,,,,,ve,0.003
star,16,3,0.75,1.5,215,lbp,1.146310676728354e-07,1.9333028153378784e-07,1.0086495762582578e-07,1.5592939781386428e-07,1,24,1.6119147072668483e-07,,,,ve,0.0083
star,16,3,0.75,1.5,215,gibbs,0.0011956117116857508,0.004221527589752574,0.0012196095695803017,0.0011236181380020974,1,2000,,5984.3,1.00044,2000,ve,6.4036
star,16,3,1.0,1.5,215,exact,0.0,0.0,,,1,,,,,,ve,0.0054
star,16,3,1.0,1.5,215,mf,0.08168177266192257,0.24215878450784722,0.08299129987978199,0.07775319100834432,1,7,,,,,ve,0.0018
star,16,3,1.0,1.5,215,lbp,1.7067607686566762e-07,2.874249883030866e-07,1.4918201888612575e-07,2.351582508042932e-07,1,24,2.202826642205835e-07,,,,ve,0.0094
star,16,3,1.0,1.5,215,gibbs,0.005813080103207533,0.01705082362189094,0.005887469907258982,0.005589910691053185,1,2000,,3627.2,1.00054,2000,ve,6.5075
star,16,3,1.3,1.5,215,exact,0.0,0.0,,,1,,,,,,ve,0.0064
star,16,3,1.3,1.5,215,mf,0.059583092153003406,0.1431698477745133,0.059686961748137785,0.059271483367600256,1,5,,,,,ve,0.0013
star,16,3,1.3,1.5,215,lbp,1.0652005470980838e-07,1.777483689471837e-07,9.237018814976787e-08,1.4896965438992993e-07,1,25,1.5864888203154237e-07,,,,ve,0.0084
star,16,3,1.3,1.5,215,gibbs,0.003967971209247878,0.010219746697169138,0.003983711999373047,0.003920748838872371,1,2000,,1959.8,1.00092,2000,ve,6.6432
star,16,3,1.75,1.5,215,exact,0.0,0.0,,,1,,,,,,ve,0.005
star,16,3,1.75,1.5,215,mf,0.03137998132443092,0.059245906131559,0.031141576780330988,0.03209519495673071,1,4,,,,,ve,0.0011
star,16,3,1.75,1.5,215,lbp,1.0425671018362826e-07,1.702516564325296e-07,8.88204605307843e-08,1.5056545914216013e-07,1,25,2.176939553066859e-07,,,,ve,0.0089
star,16,3,1.75,1.5,215,gibbs,0.01665687637210185,0.030944218927265416,0.016516356212220907,0.017078436851744677,1,2000,,594.4,1.00438,2000,ve,6.3013
star,16,3,2.5,1.5,215,exact,0.0,0.0,,,1,,,,,,ve,0.0052
star,16,3,2.5,1.5,215,mf,0.010377829734730792,0.014929618088688385,0.010262549830118954,0.010723669448566302,1,3,,,,,ve,0.0009
star,16,3,2.5,1.5,215,lbp,8.52150976120716e-08,1.698533904775923e-07,6.866840427137529e-08,1.3485517763416055e-07,1,25,2.4114345120729297e-07,,,,ve,0.0083
star,16,3,2.5,1.5,215,gibbs,0.010377563608111512,0.014925360050903108,0.010262194994167648,0.0107236694499431,1,2000,,8063.5,1.00017,2000,ve,6.7138
star,16,3,4.0,1.5,215,exact,0.0,0.0,,,1,,,,,,ve,0.0051
star,16,3,4.0,1.5,215,mf,0.0023018482661617415,0.002551684240362238,0.002288724341886539,0.0023412200389873504,1,3,,,,,ve,0.0009
star,16,3,4.0,1.5,215,lbp,7.915717748481996e-08,2.6587444011683115e-07,5.4902053386301205e-08,1.5192254978037625e-07,1,25,1.9648667648475282e-07,,,,ve,0.0093
star,16,3,4.0,1.5,215,gibbs,0.44874341661075734,0.4974483213086469,0.44618479687487905,0.45641927581839215,0,2000,,6.1,1.71426,2000,ve,6.4606
star,16,3,0.0,0.5,216,exact,0.0,0.0,,,1,,,,,,ve,0.0052
star,16,3,0.0,0.5,216,mf,2.951198313505543e-16,7.147060721024445e-16,3.284409781182755e-16,1.951563910473908e-16,1,1,,,,,ve,0.0005
star,16,3,0.0,0.5,216,lbp,2.712673835558732e-16,5.412337245047638e-16,2.9432474975739825e-16,2.0209528495129803e-16,1,3,0.0,,,,ve,0.0014
star,16,3,0.0,0.5,216,gibbs,6.823751633189268e-15,1.3530843112619095e-14,7.639722188201858e-15,4.375839968151496e-15,1,2000,,7682.5,1.00009,2000,ve,6.35
star,16,3,0.1,0.5,216,exact,0.0,0.0,,,1,,,,,,ve,0.0051
star,16,3,0.1,0.5,216,mf,0.00035028702956503804,0.0019226290696819914,0.00036521588818922156,0.00030550045369248744,1,4,,,,,ve,0.0017
star,16,3,0.1,0.5,216,lbp,4.742159399385472e-08,1.2244889514845259e-07,4.449887399648097e-08,5.6189753985975976e-08,1,17,1.489781653596367e-07,,,,ve,0.0058
star,16,3,0.1,0.5,216,gibbs,0.00018147058585023246,0.00034746649917465067,0.0001843505927499843,0.00017283056515097692,1,2000,,7629.8,1.0002,2000,ve,6.4116
star,16,3,0.25,0.5,216,exact,0.0,0.0,,,1,,,,,,ve,0.0052
star,16,3,0.25,0.5,216,mf,0.002322844681824957,0.011362982027790569,0.0023207453266078,0.0023291427474764273,1,6,,,,,ve,0.0015
star,16,3,0.25,0.5,216,lbp,1.179415504131559e-07,2.1150434735550672e-07,1.0850373980345283e-07,1.4625498224226513e-07,1,19,2.1367629160495838e-07,,,,ve,0.0058
star,16,3,0.25,0.5,216,gibbs,0.0008359535037648982,0.0017530735738545133,0.0008321805852200288,0.0008472722593995067,1,2000,,7654.8,1.00055,2000,ve,6.3245
star,16,3,0.5,0.5,216,exact,0.0,0.0,,,1,,,,,,ve,0.0054
star,16,3,0.5,0.5,216,mf,0.010664962204417566,0.044394389556455485,0.0102166969768916,0.01200975788699546,1,10,,,,,ve,0.002
star,16,3,0.5,0.5,216,lbp,1.6866439082863748e-07,2.892078902749784e-07,1.58357114392269e-07,1.9958622013774296e-07,1,21,2.772008547147209e-07,,,,ve,0.0073
star,16,3,0.5,0.5,216,gibbs,0.0010984571902371222,0.0019116218382150552,0.0011066853947521097,0.00107377257669216,1,2000,,7614.4,1.00011,2000,ve,6.5888
star,16,3,0.75,0.5,216,exact,0.0,0.0,,,1,,,,,,ve,0.0052
star,16,3,0.75,0.5,216,mf,0.05899719228699844,0.23075251745493144,0.0603297660523938,0.05499947099081236,1,103,,,,,ve,0.0217
star,16,3,0.75,0.5,216,lbp,1.2103123146777785e-07,1.982404811973204e-07,1.1514283629534873e-07,1.3869641698506519e-07,1,23,1.8718926036997985e-07,,,,ve,0.0076
star,16,3,0.75,0.5,216,gibbs,0.0016608835627197872,0.00580791117568677,0.0017897643808355082,0.001274241108372624,1,2000,,7950.2,1.00034,2000,ve,6.5863
star,16,3,1.0,0.5,216,exact,0.0,0.0,,,1,,,,,,ve,0.0053
star,16,3,1.0,0.5,216,mf,0.19982855227568988,0.5833991603431223,0.2044560781588183,0.18594597462630455,1,14,,,,,ve,0.0036
star,16,3,1.0,0.5,216,lbp,1.2261358101062214e-07,1.8972860524324453e-07,1.1780806201255646e-07,1.3703013800481917e-07,1,24,1.9584471933065117e-07,,,,ve,0.01
star,16,3,1.0,0.5,216,gibbs,0.005591110051188987,0.015472348432717137,0.005708811630883222,0.005238005312106281,1,2000,,6943.4,1.00052,2000,ve,6.3205
star,16,3,1.3,0.5,216,exact,0.0,0.0,,,1,,,,,,ve,0.0054
star,16,3,1.3,0.5,216,mf,0.25023088463943016,0.5789187635363665,0.2663505656587862,0.20187184158136212,1,7,,,,,ve,0.0019
star,16,3,1.3,0.5,216,lbp,1.0972025354482988e-07,1.5606315333094312e-07,1.063872187084929e-07,1.1971935805384082e-07,1,25,1.7383533224002434e-07,,,,ve,0.0088
star,16,3,1.3,0.5,216,gibbs,0.015753049244955505,0.034307799385724716,0.01604502609359958,0.014877118699023271,1,2000,,4065.7,1.00161,2000,ve,6.4467
star,16,3,1.75,0.5,216,exact,0.0,0.0,,,1,,,,,,ve,0.0051
star,16,3,1.75,0.5,216,mf,0.2525582622540754,0.4518758899292315,0.2627395520098978,0.2220143929866084,1,4,,,,,ve,0.0009
star,16,3,1.75,0.5,216,lbp,1.858885251785486e-07,2.5350467734719384e-07,1.7926195949868884e-07,2.0576822221812785e-07,1,25,2.6990372598012513e-07,,,,ve,0.0076
star,16,3,1.75,0.5,216,gibbs,0.02873528576019412,0.05296044133881119,0.03036954634485266,0.02383250400621849,1,2000,,606.8,1.00875,2000,ve,5.0992
star,16,3,2.5,0.5,216,exact,0.0,0.0,,,1,,,,,,ve,0.0051
star,16,3,2.5,0.5,216,mf,0.22770703402814707,0.3108386425014384,0.23148805144461537,0.2163639817787422,1,3,,,,,ve,0.0006
star,16,3,2.5,0.5,216,lbp,1.4143772195221492e-07,1.9627463035409853e-07,1.2978491506101449e-07,1.763961426258162e-07,1,26,2.0857603910684475e-07,,,,ve,0.0067
star,16,3,2.5,0.5,216,gibbs,0.027883713815977797,0.03880597096244015,0.02791492222343092,0.027790088593618416,0,2000,,84.8,1.03357,2000,ve,4.7573
star,16,3,4.0,0.5,216,exact,0.0,0.0,,,1,,,,,,ve,0.0051
star,16,3,4.0,0.5,216,mf,0.1954453688829046,0.21289684831725025,0.19592225355084913,0.19401471487907088,1,3,,,,,ve,0.0007
star,16,3,4.0,0.5,216,lbp,1.982692998355514e-07,4.6674369721944053e-07,1.6473651679494288e-07,2.9886764895737696e-07,1,26,2.2696789192533373e-07,,,,ve,0.0068
star,16,3,4.0,0.5,216,gibbs,0.4801694784610745,0.5371031516824503,0.48998821700849127,0.4507132628188243,0,2000,,6.8,1.57699,2000,ve,4.7262
star,16,3,0.0,1.5,216,exact,0.0,0.0,,,1,,,,,,ve,0.0058
star,16,3,0.0,1.5,216,mf,2.2876665839444144e-16,5.204170427930421e-16,2.3997008084345833e-16,1.951563910473908e-16,1,1,,,,,ve,0.0004
star,16,3,0.0,1.5,216,lbp,2.198762005800603e-16,5.273559366969494e-16,2.2580317245631437e-16,2.0209528495129803e-16,1,3,0.0,,,,ve,0.0012
star,16,3,0.0,1.5,216,gibbs,6.2353551141813846e-15,1.8263168755083825e-14,6.8551934961913474e-15,4.375839968151496e-15,1,2000,,7524.8,0.99998,2000,ve,4.8612
star,16,3,0.1,1.5,216,exact,0.0,0.0,,,1,,,,,,ve,0.0051
star,16,3,0.1,1.5,216,mf,0.00040691987864078003,0.0036639116741838187,0.00046595914729167083,0.00022980207268810757,1,4,,,,,ve,0.0009
star,16,3,0.1,1.5,216,lbp,3.263611150338547e-08,1.04265201091025e-07,3.571734836337279e-08,2.3392400923423484e-08,1,17,1.6318353901478844e-07,,,,ve,0.0043
star,16,3,0.1,1.5,216,gibbs,0.00011878342518130912,0.0003007952319608459,0.00012374935335072944,0.00010388564067304821,1,2000,,7325.0,1.00016,2000,ve,4.6393
star,16,3,0.25,1.5,216,exact,0.0,0.0,,,1,,,,,,ve,0.0052
star,16,3,0.25,1.5,216,mf,0.00292337412897029,0.024052461391877417,0.0032572667150987914,0.0019216963705847856,1,6,,,,,ve,0.0015
star,16,3,0.25,1.5,216,lbp,7.155038717743646e-08,1.409292844159471e-07,6.098770290037583e-08,1.0323844000861837e-07,1,19,1.7225139353760355e-07,,,,ve,0.0048
star,16,3,0.25,1.5,216,gibbs,0.00040538090258186493,0.0008254225340015367,0.00037971378434942786,0.0004823822572791762,1,2000,,7274.5,1.00012,2000,ve,4.943
star,16,3,0.5,1.5,216,exact,0.0,0.0,,,1,,,,,,ve,0.0051
star,16,3,0.5,1.5,216,mf,0.017167911930801007,0.10942370886673962,0.018527906659915546,0.013087927743457364,1,10,,,,,ve,0.0019
star,16,3,0.5,1.5,216,lbp,6.905271361472547e-08,1.3034479225126905e-07,6.20392433295427e-08,9.009312447027379e-08,1,22,1.602776816267415e-07,,,,ve,0.0057
star,16,3,0.5,1.5,216,gibbs,0.000777501910050038,0.0028866761838837462,0.000831701891712232,0.0006149019650634564,1,2000,,6712.7,1.00032,2000,ve,4.5062
star,16,3,0.75,1.5,216,exact,0.0,0.0,,,1,,,,,,ve,0.0051
star,16,3,0.75,1.5,216,mf,0.058291013803879375,0.28180716411388085,0.0620848875865394,0.046909392455899326,1,14,,,,,ve,0.0024
star,16,3,0.75,1.5,216,lbp,1.1154721783605305e-07,2.002692948144258e-07,1.0222004811176466e-07,1.3952872700891822e-07,1,23,2.3433272566819596e-07,,,,ve,0.0057
star,16,3,0.75,1.5,216,gibbs,0.004143501727061592,0.013356760054697978,0.004377147637463543,0.0034425639958557373,1,2000,,7350.2,1.00005,2000,ve,4.8774
star,16,3,1.0,1.5,216,exact,0.0,0.0,,,1,,,,,,ve,0.005
star,16,3,1.0,1.5,216,mf,0.12279072041281587,0.47024828833590493,0.13027683265707388,0.10033238368004188,1,11,,,,,ve,0.0021
star,16,3,1.0,1.5,216,lbp,1.3203076261133519e-07,2.2276877878479873e-07,1.2261106135108327e-07,1.6028986639209097e-07,1,24,2.505191743495949e-07,,,,ve,0.0063
star,16,3,1.0,1.5,216,gibbs,0.007425771748510848,0.023098491235717084,0.007828478031718454,0.006217652898888029,1,2000,,7188.1,1.00001,2000,ve,4.648
star,16,3,1.3,1.5,216,exact,0.0,0.0,,,1,,,,,,ve,0.0058
star,16,3,1.3,1.5,216,mf,0.20623824001168897,0.6266973395295496,0.2179223388236953,0.17118594357567002,1,8,,,,,ve,0.0014
star,16,3,1.3,1.5,216,lbp,1.4049115272497196e-07,2.1605070858743414e-07,1.323804967059567e-07,1.6482312078201777e-07,1,25,2.396958823092099e-07,,,,ve,0.0068
star,16,3,1.3,1.5,216,gibbs,0.00289727297860833,0.0075590331741158395,0.0030574084229882943,0.0024168666454684384,1,2000,,5208.8,1.00035,2000,ve,4.9512
star,16,3,1.75,1.5,216,exact,0.0,0.0,,,1,,,,,,ve,0.0051
star,16,3,1.75,1.5,216,mf,0.2105612393992436,0.42361970768685575,0.21866787394345052,0.18624133576662275,1,5,,,,,ve,0.0011
star,16,3,1.75,1.5,216,lbp,1.3824735444129595e-07,2.0238058168198236e-07,1.3298228453530528e-07,1.5404256415926798e-07,1,26,2.004170612801559e-07,,,,ve,0.0067
star,16,3,1.75,1.5,216,gibbs,0.018222443012860613,0.036859681915814374,0.01903804090760144,0.015775649328638123,1,2000,,970.2,1.00138,2000,ve,4.7864
star,16,3,2.5,1.5,216,exact,0.0,0.0,,,1,,,,,,ve,0.0054
star,16,3,2.5,1.5,216,mf,0.1335292344524196,0.19825093322051912,0.13466932049882688,0.13010897631319782,1,3,,,,,ve,0.0007
star,16,3,2.5,1.5,216,lbp,1.0274712392748311e-07,1.4549588398665714e-07,9.637856241585575e-08,1.2185280846236518e-07,1,27,1.7086026427026724e-07,,,,ve,0.0069
star,16,3,2.5,1.5,216,gibbs,0.13936929981239357,0.20011366134028497,0.13716353702238313,0.14598658818242488,0,2000,,21.5,1.11611,2000,ve,4.7705
star,16,3,4.0,1.5,216,exact,0.0,0.0,,,1,,,,,,ve,0.0052
star,16,3,4.0,1.5,216,mf,0.05762720338323461,0.06512998289102348,0.05731484723679747,0.05856427182254601,1,3,,,,,ve,0.0008
star,16,3,4.0,1.5,216,lbp,6.154106972892264e-08,1.2256682842964883e-07,5.370192544660755e-08,8.505850257586791e-08,1,28,1.4644649570794144e-07,,,,ve,0.0074
star,16,3,4.0,1.5,216,gibbs,0.5960061662448611,0.6848700169736025,0.6017060187903888,0.5789066086082786,0,2000,,6.6,1.61961,2000,ve,4.6772
star,16,3,0.0,0.5,217,exact,0.0,0.0,,,1,,,,,,ve,0.0051
star,16,3,0.0,0.5,217,mf,2.70833702686879e-16,6.522560269672795e-16,2.6396708892780413e-16,2.914335439641036e-16,1,1,,,,,ve,0.0004
star,16,3,0.0,0.5,217,lbp,2.886146183156413e-16,6.522560269672795e-16,2.8767497643282053e-16,2.914335439641036e-16,1,3,0.0,,,,ve,0.0011
star,16,3,0.0,0.5,217,gibbs,8.437911827585687e-15,1.8818280267396403e-14,9.050341494750333e-15,6.600622826091751e-15,1,2000,,7709.2,1.00008,2000,ve,4.7679
star,16,3,0.1,0.5,217,exact,0.0,0.0,,,1,,,,,,ve,0.0053
star,16,3,0.1,0.5,217,mf,0.0004264856066647372,0.004577180533674778,0.0005331257117107208,0.00010656529152678652,1,5,,,,,ve,0.0011
star,16,3,0.1,0.5,217,lbp,6.636431139957905e-08,1.5261549273642983e-07,7.220918363537905e-08,4.8829694692179015e-08,1,17,1.2816540889692973e-07,,,,ve,0.0043
star,16,3,0.1,0.5,217,gibbs,0.00022968879759164488,0.00028516626493398783,0.00022383207254381114,0.0002472589727351461,1,2000,,7880.5,1.0001,2000,ve,4.7248
star,16,3,0.25,0.5,217,exact,0.0,0.0,,,1,,,,,,ve,0.0051
star,16,3,0.25,0.5,217,mf,0.0033717658673042034,0.028494723795782835,0.004046168180162361,0.00134855892872973,1,7,,,,,ve,0.0013
star,16,3,0.25,0.5,217,lbp,1.2295795349644492e-07,2.0455077152925494e-07,1.2565441328063476e-07,1.1486857414387541e-07,1,19,1.862051892120853e-07,,,,ve,0.0051
star,16,3,0.25,0.5,217,gibbs,0.0008258133625331538,0.0013130655162410798,0.0008172338649965451,0.0008515518551429797,1,2000,,7696.1,1.00019,2000,ve,4.774
star,16,3,0.5,0.5,217,exact,0.0,0.0,,,1,,,,,,ve,0.0051
star,16,3,0.5,0.5,217,mf,0.02808489346507243,0.13949240452508482,0.030589773751939064,0.02057025260447252,1,17,,,,,ve,0.0026
star,16,3,0.5,0.5,217,lbp,1.5153708140397404e-07,2.6390049768371115e-07,1.5265571950047926e-07,1.481811671144584e-07,1,21,2.4292107658752116e-07,,,,ve,0.0046
star,16,3,0.5,0.5,217,gibbs,0.0008836640508946079,0.0024892067767152345,0.000908269022039453,0.0008098491374600725,1,2000,,7037.8,1.0001,2000,ve,4.8662
star,16,3,0.75,0.5,217,exact,0.0,0.0,,,1,,,,,,ve,0.0051
star,16,3,0.75,0.5,217,mf,0.11519500682237868,0.39035748268528,0.11952578319446905,0.10220267770610758,1,16,,,,,ve,0.0028
star,16,3,0.75,0.5,217,lbp,9.497321618880637e-08,1.6448295969695437e-07,9.551518264597908e-08,9.334731681728825e-08,1,23,1.5860883412210924e-07,,,,ve,0.0054
star,16,3,0.75,0.5,217,gibbs,0.003850250249225639,0.01121998927626858,0.003946621996088393,0.0035611350086373755,1,2000,,6294.9,1.00035,2000,ve,4.8605
star,16,3,1.0,0.5,217,exact,0.0,0.0,,,1,,,,,,ve,0.006
star,16,3,1.0,0.5,217,mf,0.1871514875947709,0.49393900125679224,0.19078326516515473,0.1762561548836194,1,12,,,,,ve,0.0024
star,16,3,1.0,0.5,217,lbp,1.6173466404990552e-07,2.778794468902279e-07,1.6280177075195246e-07,1.5853334394376473e-07,1,23,2.749297585702415e-07,,,,ve,0.0058
star,16,3,1.0,0.5,217,gibbs,0.005954136813172652,0.013935563846569871,0.006027775852970485,0.005733219693779153,1,2000,,5138.6,1.00052,2000,ve,4.7888
star,16,3,1.3,0.5,217,exact,0.0,0.0,,,1,,,,,,ve,0.0056
star,16,3,1.3,0.5,217,mf,0.23192318643669765,0.49112962207179744,0.23382459138457412,0.22621897159306822,1,6,,,,,ve,0.0014
star,16,3,1.3,0.5,217,lbp,1.269264787044427e-07,2.206588480963001e-07,1.2815375189503242e-07,1.2324465913267357e-07,1,24,2.172445744963447e-07,,,,ve,0.0063
star,16,3,1.3,0.5,217,gibbs,0.001657964424699909,0.003594447966952151,0.001687328565829047,0.001569872001312496,1,2000,,2795.3,1.00071,2000,ve,4.6992
star,16,3,1.75,0.5,217,exact,0.0,0.0,,,1,,,,,,ve,0.0051
star,16,3,1.75,0.5,217,mf,0.25666564563026195,0.4274107667576428,0.25691483969559087,0.25591806343427537,1,4,,,,,ve,0.0008
star,16,3,1.75,0.5,217,lbp,9.00417622436275e-08,1.6282685760121707e-07,9.160313677282599e-08,8.535763865603202e-08,1,25,1.548585319977036e-07,,,,ve,0.0065
star,16,3,1.75,0.5,217,gibbs,0.019967962855945362,0.03321623501183516,0.0200304088027186,0.019780625015625646,1,2000,,958.1,1.00721,2000,ve,4.6349
star,16,3,2.5,0.5,217,exact,0.0,0.0,,,1,,,,,,ve,0.0061
star,16,3,2.5,0.5,217,mf,0.28813691137696873,0.3747618600146125,0.2874290650183547,0.2902604504528108,1,3,,,,,ve,0.0008
star,16,3,2.5,0.5,217,lbp,9.299142108740947e-08,2.1112426847047505e-07,9.549410312026732e-08,8.54833749888359e-08,1,25,1.7278293396039146e-07,,,,ve,0.0067
star,16,3,2.5,0.5,217,gibbs,0.27888082878235987,0.3752210557596095,0.2794383812078518,0.2772081715058842,0,2000,,30.0,1.08568,2000,ve,4.6603
star,16,3,4.0,0.5,217,exact,0.0,0.0,,,1,,,,,,ve,0.0051
star,16,3,4.0,0.5,217,mf,0.34047230099894826,0.36361319554558863,0.3399821992551675,0.34194260623029027,1,3,,,,,ve,0.0008
star,16,3,4.0,0.5,217,lbp,1.333920938238601e-07,2.3554227464306354e-07,1.302600799121291e-07,1.4278813555905316e-07,1,25,2.3328957843293807e-07,,,,ve,0.0062
star,16,3,4.0,0.5,217,gibbs,0.5831967575199797,0.6363868044544083,0.5839010708137224,0.5810838176387516,0,2000,,8.3,1.41505,2000,ve,4.9209
star,16,3,0.0,1.5,217,exact,0.0,0.0,,,1,,,,,,ve,0.0071
star,16,3,0.0,1.5,217,mf,2.6422006943471743e-16,6.106226635438361e-16,2.539924289409375e-16,2.949029909160572e-16,1,1,,,,,ve,0.0008
star,16,3,0.0,1.5,217,lbp,2.7050844203513336e-16,6.106226635438361e-16,2.6237692574149207e-16,2.949029909160572e-16,1,3,0.0,,,,ve,0.0021
star,16,3,0.0,1.5,217,gibbs,6.479300602990623e-15,1.3766765505351941e-14,6.51171824794794e-15,6.382047668118673e-15,1,2000,,7886.7,0.99988,2000,ve,4.8843
star,16,3,0.1,1.5,217,exact,0.0,0.0,,,1,,,,,,ve,0.0051
star,16,3,0.1,1.5,217,mf,0.00043767621417319753,0.0036438516310329655,0.0005384905072591244,0.0001352333349154168,1,4,,,,,ve,0.0008
star,16,3,0.1,1.5,217,lbp,7.53504794761585e-08,1.1575793081031183e-07,6.685805134000466e-08,1.0082776388462e-07,1,17,1.5408243025927248e-07,,,,ve,0.0041
star,16,3,0.1,1.5,217,gibbs,0.00018609596587349387,0.0004536057818628758,0.00018073812949802892,0.0002021694749998887,1,2000,,8013.3,0.99985,2000,ve,4.7075
star,16,3,0.25,1.5,217,exact,0.0,0.0,,,1,,,,,,ve,0.0066
star,16,3,0.25,1.5,217,mf,0.0032385056024174684,0.02525372101408782,0.003931181630715294,0.0011604775175239907,1,7,,,,,ve,0.0038
star,16,3,0.25,1.5,217,lbp,8.245368549692975e-08,1.4884167812145854e-07,7.250645802971596e-08,1.1229536789857109e-07,1,19,1.5965673949569492e-07,,,,ve,0.0078
star,16,3,0.25,1.5,217,gibbs,0.0005542266772767243,0.0016818067800042358,0.0005463316300716573,0.0005779118188919252,1,2000,,7893.6,0.99994,2000,ve,4.1639
star,16,3,0.5,1.5,217,exact,0.0,0.0,,,1,,,,,,ve,0.0057
star,16,3,0.5,1.5,217,mf,0.024687431131271698,0.13157372954410887,0.02652427820658414,0.019176889905334366,1,12,,,,,ve,0.002
star,16,3,0.5,1.5,217,lbp,7.990205265538761e-08,1.4399668894771178e-07,7.035286634351236e-08,1.085496115910134e-07,1,21,1.610081525327267e-07,,,,ve,0.0046
star,16,3,0.5,1.5,217,gibbs,0.0013288509258949292,0.0030465947640056917,0.0012906207237774945,0.0014435415322472337,1,2000,,7394.3,0.99978,2000,ve,3.879
star,16,3,0.75,1.5,217,exact,0.0,0.0,,,1,,,,,,ve,0.0055
star,16,3,0.75,1.5,217,mf,0.07330052624506031,0.28134707259015634,0.07430571210287984,0.07028496867160176,1,11,,,,,ve,0.0015
star,16,3,0.75,1.5,217,lbp,9.276274550806905e-08,1.5769801274545525e-07,8.130116819658403e-08,1.2714747744252408e-07,1,22,1.8711142324434604e-07,,,,ve,0.0036
star,16,3,0.75,1.5,217,gibbs,0.00037935671999840526,0.0012831041917590047,0.00038565183634572286,0.0003604713709564524,1,2000,,6330.1,1.00017,2000,ve,3.2905
star,16,3,1.0,1.5,217,exact,0.0,0.0,,,1,,,,,,ve,0.0056
star,16,3,1.0,1.5,217,mf,0.10272850116949575,0.3103341253376321,0.10151416580572499,0.10637150726080805,1,7,,,,,ve,0.001
star,16,3,1.0,1.5,217,lbp,8.673775383355453e-08,1.3604109115605834e-07,7.58562658358571e-08,1.1938221782664682e-07,1,23,1.6977477323987245e-07,,,,ve,0.0039
star,16,3,1.0,1.5,217,gibbs,0.0010856699326014674,0.003461542859758443,0.0010703041203040653,0.001131767369493674,1,2000,,4824.1,1.00102,2000,ve,3.1712
star,16,3,1.3,1.5,217,exact,0.0,0.0,,,1,,,,,,ve,0.0057
star,16,3,1.3,1.5,217,mf,0.11909876738200555,0.28797243326347277,0.11596348210611103,0.128504623209689,1,5,,,,,ve,0.0009
star,16,3,1.3,1.5,217,lbp,1.5002020569017914e-07,2.3478001789922764e-07,1.3205527439405737e-07,2.0391499957854442e-07,1,23,2.693744167725498e-07,,,,ve,0.0037
star,16,3,1.3,1.5,217,gibbs,0.00400320271054872,0.007415965176132154,0.003912380481700402,0.00427566939709367,1,2000,,3853.9,1.00062,2000,ve,3.2221
star,16,3,1.75,1.5,217,exact,0.0,0.0,,,1,,,,,,ve,0.0063
star,16,3,1.75,1.5,217,mf,0.13010674202725214,0.24455956285395278,0.1256523755875009,0.14346984134650587,1,4,,,,,ve,0.0008
star,16,3,1.75,1.5,217,lbp,1.4342901030815584e-07,2.2968443935678096e-07,1.2837614116103374e-07,1.8858761774952215e-07,1,24,2.1395801064194586e-07,,,,ve,0.004
star,16,3,1.75,1.5,217,gibbs,0.010130718149448196,0.018971857044667237,0.009788142736107336,0.011158444389470775,1,2000,,792.5,1.0091,2000,ve,3.2477
star,16,3,2.5,1.5,217,exact,0.0,0.0,,,1,,,,,,ve,0.0062
star,16,3,2.5,1.5,217,mf,0.12850935887329956,0.182927529781227,0.12457599762695008,0.140309442612348,1,3,,,,,ve,0.0007
star,16,3,2.5,1.5,217,lbp,1.4697790679771587e-07,2.4764694130097187e-07,1.3475925105751034e-07,1.8363387401833242e-07,1,25,1.8219032860145035e-07,,,,ve,0.0039
star,16,3,2.5,1.5,217,gibbs,0.13256897822743352,0.19314374056840958,0.1282863465993452,0.1454168731116984,0,2000,,33.3,1.07549,2000,ve,3.268
star,16,3,4.0,1.5,217,exact,0.0,0.0,,,1,,,,,,ve,0.0055
star,16,3,4.0,1.5,217,mf,0.10436244955406383,0.11504534328998837,0.10311010104906854,0.10811949506904975,1,3,,,,,ve,0.0005
star,16,3,4.0,1.5,217,lbp,1.5784066269834045e-07,2.8302612157388163e-07,1.5163084316498847e-07,1.7647012129839643e-07,1,26,2.4624461469890946e-07,,,,ve,0.004
star,16,3,4.0,1.5,217,gibbs,0.4268257524828709,0.485316874920443,0.42414687146983737,0.4348623955219716,0,2000,,8.0,1.42813,2000,ve,3.2273
star,16,3,0.0,0.5,218,exact,0.0,0.0,,,1,,,,,,ve,0.0059
star,16,3,0.0,0.5,218,mf,3.165870343657673e-16,6.522560269672795e-16,2.9374650859873935e-16,3.8510861166685117e-16,1,1,,,,,ve,0.0003
star,16,3,0.0,0.5,218,lbp,3.178880769727499e-16,6.522560269672795e-16,2.9548123207471616e-16,3.8510861166685117e-16,1,3,0.0,,,,ve,0.0006
star,16,3,0.0,0.5,218,gibbs,7.315870999280438e-15,1.6459056340067946e-14,8.351681614800674e-15,4.208439152719734e-15,1,2000,,7688.5,1.00028,2000,ve,3.2492
star,16,3,0.1,0.5,218,exact,0.0,0.0,,,1,,,,,,ve,0.0059
star,16,3,0.1,0.5,218,mf,0.0003652854317348305,0.0020943113165051708,0.000253349257927593,0.0007010939531565431,1,4,,,,,ve,0.0006
star,16,3,0.1,0.5,218,lbp,8.153405497870851e-08,1.1888066988111068e-07,7.573434565675413e-08,9.893318294457165e-08,1,17,1.5669545266883134e-07,,,,ve,0.0031
star,16,3,0.1,0.5,218,gibbs,0.00010765199173025592,0.0005454354781702364,7.969827174465702e-05,0.0001915131516870526,1,2000,,7810.2,1.00026,2000,ve,3.3107
star,16,3,0.25,0.5,218,exact,0.0,0.0,,,1,,,,,,ve,0.0059
star,16,3,0.25,0.5,218,mf,0.002716404325963217,0.016681543952156305,0.001951404617319372,0.005011403451894752,1,7,,,,,ve,0.001
star,16,3,0.25,0.5,218,lbp,1.0525456485858606e-07,1.878838785593362e-07,1.0215577126056197e-07,1.1455094565265833e-07,1,19,2.1679887501901973e-07,,,,ve,0.0032
star,16,3,0.25,0.5,218,gibbs,0.0002951373020115632,0.0007898705040508963,0.0002761550188585652,0.00035208415147055735,1,2000,,7719.6,1.00044,2000,ve,3.2286
star,16,3,0.5,0.5,218,exact,0.0,0.0,,,1,,,,,,ve,0.0053
star,16,3,0.5,0.5,218,mf,0.021927524015476055,0.11501812943503484,0.016956913356652396,0.036839355991947015,1,14,,,,,ve,0.0017
star,16,3,0.5,0.5,218,lbp,1.0592700044214677e-07,1.9578785531021436e-07,1.0394872377473875e-07,1.1186183044437081e-07,1,21,2.2907182734011045e-07,,,,ve,0.0033
star,16,3,0.5,0.5,218,gibbs,0.0011269289783070457,0.0026006905971392574,0.0010627869595664296,0.0013193550345288949,1,2000,,7060.2,1.00036,2000,ve,3.2966
star,16,3,0.75,0.5,218,exact,0.0,0.0,,,1,,,,,,ve,0.0057
star,16,3,0.75,0.5,218,mf,0.08192657222125274,0.31421690290328025,0.06834661609353149,0.12266644060441653,1,13,,,,,ve,0.0018
star,16,3,0.75,0.5,218,lbp,1.2195908610107293e-07,2.2105108150177744e-07,1.1934537259159517e-07,1.298002266295062e-07,1,22,2.592214862207065e-07,,,,ve,0.0035
star,16,3,0.75,0.5,218,gibbs,0.0029368158486306048,0.00626256490110752,0.0027867789500001148,0.003386926544522075,1,2000,,6046.4,1.00036,2000,ve,2.672
star,16,3,1.0,0.5,218,exact,0.0,0.0,,,1,,,,,,ve,0.0068
star,16,3,1.0,0.5,218,mf,0.11386045229508338,0.3459151637566642,0.09964418491987441,0.15650925442071031,1,8,,,,,ve,0.0009
star,16,3,1.0,0.5,218,lbp,1.1171547203053843e-07,1.9618482894473432e-07,1.0901518744875552e-07,1.198163257758872e-07,1,23,2.2429244833643835e-07,,,,ve,0.0032
star,16,3,1.0,0.5,218,gibbs,0.005134790865876176,0.014098754171519692,0.004666835120031596,0.006538658103409919,1,2000,,4377.9,1.00037,2000,ve,2.6914
star,16,3,1.3,0.5,218,exact,0.0,0.0,,,1,,,,,,ve,0.0072
star,16,3,1.3,0.5,218,mf,0.12747077753774527,0.310990895412788,0.11578859807021784,0.1625173159403276,1,5,,,,,ve,0.0008
star,16,3,1.3,0.5,218,lbp,9.642510615220489e-08,1.633594740937938e-07,9.400185151962313e-08,1.0369487004995015e-07,1,24,1.7356024328840647e-07,,,,ve,0.005
star,16,3,1.3,0.5,218,gibbs,0.005367878110689049,0.012855452275425651,0.004459614542314877,0.008092668815811563,1,2000,,2271.3,1.00024,2000,ve,2.6337
star,16,3,1.75,0.5,218,exact,0.0,0.0,,,1,,,,,,ve,0.0057
star,16,3,1.75,0.5,218,mf,0.13326335217220037,0.25355294171139886,0.12492201398655006,0.1582873667291512,1,4,,,,,ve,0.0006
star,16,3,1.75,0.5,218,lbp,1.6624325246467802e-07,2.770775147722948e-07,1.6270565056411614e-07,1.7685605816636363e-07,1,24,2.3999311693501113e-07,,,,ve,0.0031
star,16,3,1.75,0.5,218,gibbs,0.013497341291357323,0.02599570190131866,0.012458695627600443,0.016613278282627958,1,2000,,1055.1,1.00161,2000,ve,2.6276
star,16,3,2.5,0.5,218,exact,0.0,0.0,,,1,,,,,,ve,0.0056
star,16,3,2.5,0.5,218,mf,0.12761095636701553,0.1843251773880555,0.12277742782338515,0.14211154199790657,1,3,,,,,ve,0.0005
star,16,3,2.5,0.5,218,lbp,1.4815594998897862e-07,2.52375684392514e-07,1.4697124161901684e-07,1.5171007509886397e-07,1,25,1.7364556148535826e-07,,,,ve,0.0035
star,16,3,2.5,0.5,218,gibbs,0.09858458074686924,0.1444604188477114,0.09420694682053153,0.11171748252588241,0,2000,,46.8,1.05211,2000,ve,2.7301
star,16,3,4.0,0.5,218,exact,0.0,0.0,,,1,,,,,,ve,0.0059
star,16,3,4.0,0.5,218,mf,0.11446503549498549,0.12746946120733402,0.11288788187406358,0.11919649635775122,1,3,,,,,ve,0.0005
star,16,3,4.0,0.5,218,lbp,1.152818510774924e-07,2.7611646875175255e-07,1.1893491308233191e-07,1.0432266506297388e-07,1,26,1.7810801600237625e-07,,,,ve,0.0037
star,16,3,4.0,0.5,218,gibbs,0.5516070319567532,0.622530538791832,0.5404599063287542,0.5850484088407499,0,2000,,8.9,1.36512,2000,ve,2.6267
star,16,3,0.0,1.5,218,exact,0.0,0.0,,,1,,,,,,ve,0.0061
star,16,3,0.0,1.5,218,mf,3.0769657655138616e-16,6.38378239159465e-16,2.8189256484623115e-16,3.8510861166685117e-16,1,1,,,,,ve,0.0002
star,16,3,0.0,1.5,218,lbp,3.0964814046186007e-16,6.38378239159465e-16,2.8449465006019636e-16,3.8510861166685117e-16,1,3,0.0,,,,ve,0.0006
star,16,3,0.0,1.5,218,gibbs,5.58873693851103e-15,1.0005885009434223e-14,6.048836200441461e-15,4.208439152719734e-15,1,2000,,7317.2,1.00046,2000,ve,2.6565
star,16,3,0.1,1.5,218,exact,0.0,0.0,,,1,,,,,,ve,0.0053
star,16,3,0.1,1.5,218,mf,0.0003187886940095744,0.0014533046394552968,0.00024179196238242334,0.0005497788888910275,1,4,,,,,ve,0.0005
star,16,3,0.1,1.5,218,lbp,5.8855579961958684e-08,1.2139670628463772e-07,4.7933500620390056e-08,9.162181798666458e-08,1,17,1.6631334354144656e-07,,,,ve,0.0018
star,16,3,0.1,1.5,218,gibbs,0.00010157142822984005,0.0006172467280055605,6.712705512837605e-05,0.00020490454753423204,1,2000,,7314.8,1.00059,2000,ve,2.6008
star,16,3,0.25,1.5,218,exact,0.0,0.0,,,1,,,,,,ve,0.0059
star,16,3,0.25,1.5,218,mf,0.0018790563252975424,0.007161532142901592,0.0015834553989133818,0.002765859104450024,1,6,,,,,ve,0.0008
star,16,3,0.25,1.5,218,lbp,9.159149878769021e-08,1.960407092441857e-07,8.682060130375813e-08,1.0590419123948647e-07,1,19,2.3702929052848987e-07,,,,ve,0.0025
star,16,3,0.25,1.5,218,gibbs,0.00042562600943933947,0.0012990335646461543,0.00036909628828447004,0.0005952151729039477,1,2000,,7403.6,1.00054,2000,ve,2.6258
star,16,3,0.5,1.5,218,exact,0.0,0.0,,,1,,,,,,ve,0.0059
star,16,3,0.5,1.5,218,mf,0.007216883554626864,0.022559894315400994,0.006767892904000224,0.008563855506506783,1,9,,,,,ve,0.001
star,16,3,0.5,1.5,218,lbp,1.0038895082608483e-07,2.1858860607161523e-07,9.800131166803026e-08,1.0755186830024854e-07,1,21,2.69705535183018e-07,,,,ve,0.0027
star,16,3,0.5,1.5,218,gibbs,0.0003809074590959192,0.0009767637070380586,0.00034699202949712915,0.0004826537478922893,1,2000,,6899.3,1.00044,2000,ve,2.6884
star,16,3,0.75,1.5,218,exact,0.0,0.0,,,1,,,,,,ve,0.006
star,16,3,0.75,1.5,218,mf,0.06597762747327196,0.27446377192911586,0.052903618187451325,0.10519965533073387,1,34,,,,,ve,0.0032
star,16,3,0.75,1.5,218,lbp,6.169456466157503e-08,1.31776485856952e-07,6.020994001604216e-08,6.614843859817365e-08,1,23,1.6363826560450434e-07,,,,ve,0.003
star,16,3,0.75,1.5,218,gibbs,0.002727860178030969,0.008810084571154314,0.0022515620218293455,0.004156754646635841,1,2000,,6338.4,1.00062,2000,ve,2.5982
star,16,3,1.0,1.5,218,exact,0.0,0.0,,,1,,,,,,ve,0.0059
star,16,3,1.0,1.5,218,mf,0.1389542054804247,0.4587197595392503,0.11613929344670186,0.20739894158159325,1,11,,,,,ve,0.0012
star,16,3,1.0,1.5,218,lbp,5.647182092262393e-08,1.1794857039410661e-07,5.4836860782549644e-08,6.137670134284678e-08,1,24,1.4348753196724573e-07,,,,ve,0.0031
star,16,3,1.0,1.5,218,gibbs,0.005838258909533069,0.015716540527920958,0.005031225201488194,0.008259360033667697,1,2000,,5178.7,1.00048,2000,ve,2.6783
star,16,3,1.3,1.5,218,exact,0.0,0.0,,,1,,,,,,ve,0.0066
star,16,3,1.3,1.5,218,mf,0.16412680750308556,0.43551376262112207,0.1430319707988409,0.22741131761581956,1,6,,,,,ve,0.0007
star,16,3,1.3,1.5,218,lbp,9.264507721412369e-08,1.877051218424422e-07,8.972609814991359e-08,1.01402014406754e-07,1,24,2.1717637754825603e-07,,,,ve,0.0054
star,16,3,1.3,1.5,218,gibbs,0.005986985818066975,0.01643362237922931,0.00509647452744181,0.008658519689942468,1,2000,,3170.7,1.00189,2000,ve,2.6175
star,16,3,1.75,1.5,218,exact,0.0,0.0,,,1,,,,,,ve,0.0059
star,16,3,1.75,1.5,218,mf,0.18280357846592152,0.3758257000496715,0.1657598075994076,0.23393489106546328,1,4,,,,,ve,0.0006
star,16,3,1.75,1.5,218,lbp,7.945065605847448e-08,1.5409757572922012e-07,7.751206687141934e-08,8.526642361963988e-08,1,25,1.6298155358640543e-07,,,,ve,0.0033
star,16,3,1.75,1.5,218,gibbs,0.019651520981166827,0.040105476830102835,0.017754689712379246,0.025342014787529572,1,2000,,548.6,1.00585,2000,ve,2.5975
star,16,3,2.5,1.5,218,exact,0.0,0.0,,,1,,,,,,ve,0.0059
star,16,3,2.5,1.5,218,mf,0.204332892910716,0.31364222299988703,0.19216482360489992,0.24083710082816426,1,3,,,,,ve,0.0005
star,16,3,2.5,1.5,218,lbp,1.2471619210949777e-07,2.635503194570177e-07,1.2873411176438868e-07,1.1266243314482505e-07,1,25,2.103797901442661e-07,,,,ve,0.0032
star,16,3,2.5,1.5,218,gibbs,0.3034246972741366,0.46074062166041685,0.28671103036552076,0.3535656979999843,0,2000,,102.7,1.02747,2000,ve,2.712
star,16,3,4.0,1.5,218,exact,0.0,0.0,,,1,,,,,,ve,0.0056
star,16,3,4.0,1.5,218,mf,0.25397326583419805,0.2924646944176685,0.24760684830309443,0.27307251842750907,1,3,,,,,ve,0.0005
star,16,3,4.0,1.5,218,lbp,6.594265723047906e-08,1.998933625013688e-07,7.765405823474796e-08,3.080845421767238e-08,1,27,1.5533739095019428e-07,,,,ve,0.0035
star,16,3,4.0,1.5,218,gibbs,0.40448469916720153,0.4916145132258273,0.3839252451644222,0.4661630611755391,0,2000,,7.4,1.49343,2000,ve,2.5938
star,16,3,0.0,0.5,219,exact,0.0,0.0,,,1,,,,,,ve,0.0055
star,16,3,0.0,0.5,219,mf,2.813504637599884e-16,5.967448757360216e-16,2.7336350775601187e-16,3.0531133177191805e-16,1,1,,,,,ve,0.0003
star,16,3,0.0,0.5,219,lbp,2.815673041944855e-16,5.967448757360216e-16,2.820371251358959e-16,2.8015784137025435e-16,1,3,0.0,,,,ve,0.0005
star,16,3,0.0,0.5,219,gibbs,5.787904877596617e-15,1.5432100042289676e-14,5.2174699745795765e-15,7.499209586647737e-15,1,2000,,8079.5,0.99991,2000,ve,2.6444
star,16,3,0.1,0.5,219,exact,0.0,0.0,,,1,,,,,,ve,0.0055
star,16,3,0.1,0.5,219,mf,0.00019073850375958404,0.0020820985269226454,0.00023438076469036026,5.9811720967255406e-05,1,4,,,,,ve,0.0006
star,16,3,0.1,0.5,219,lbp,7.786870441668908e-08,1.4792984473488424e-07,7.615545299397818e-08,8.300845868482176e-08,1,17,1.5834074273968213e-07,,,,ve,0.0024
star,16,3,0.1,0.5,219,gibbs,2.7218439075424642e-05,4.052978960551734e-05,2.4602095010030963e-05,3.506747127160568e-05,1,2000,,8167.2,0.99991,2000,ve,2.604
star,16,3,0.25,0.5,219,exact,0.0,0.0,,,1,,,,,,ve,0.0058
star,16,3,0.25,0.5,219,mf,0.0013981839574570725,0.013250032732914453,0.001660044444365634,0.0006126024967313872,1,5,,,,,ve,0.0006
star,16,3,0.25,0.5,219,lbp,8.444318932738105e-08,1.4314532607861974e-07,8.056221243368453e-08,9.608612000847061e-08,1,18,2.0301848263626354e-07,,,,ve,0.0025
star,16,3,0.25,0.5,219,gibbs,0.00010406166325971366,0.00020834198318524753,9.712957779638169e-05,0.0001248579196497096,1,2000,,8080.4,1.00024,2000,ve,2.5616
star,16,3,0.5,0.5,219,exact,0.0,0.0,,,1,,,,,,ve,0.0056
star,16,3,0.5,0.5,219,mf,0.007692020305240168,0.05051142492549826,0.008657049440044336,0.004796932900827661,1,6,,,,,ve,0.0007
star,16,3,0.5,0.5,219,lbp,5.195802957119137e-08,9.522648367066289e-08,5.1834321222541065e-08,5.232915461714227e-08,1,20,1.709164005325725e-07,,,,ve,0.0026
star,16,3,0.5,0.5,219,gibbs,0.000644758763552058,0.000927705341922172,0.0005795684630256568,0.0008403296651312616,1,2000,,7861.1,1.0006,2000,ve,2.641
star,16,3,0.75,0.5,219,exact,0.0,0.0,,,1,,,,,,ve,0.006
star,16,3,0.75,0.5,219,mf,0.01993303747745041,0.09604781620407872,0.0216817760708716,0.014686821697186853,1,6,,,,,ve,0.0007
star,16,3,0.75,0.5,219,lbp,4.2622528755064445e-08,8.282443114682181e-08,4.258630345927982e-08,4.273120464241831e-08,1,22,2.0923622773283412e-07,,,,ve,0.003
star,16,3,0.75,0.5,219,gibbs,0.0011402612925303832,0.0018264166807472927,0.001072817245675518,0.0013425934330949796,1,2000,,7386.5,0.99983,2000,ve,2.5714
star,16,3,1.0,0.5,219,exact,0.0,0.0,,,1,,,,,,ve,0.0057
star,16,3,1.0,0.5,219,mf,0.035966363884629884,0.13539004048772854,0.03818019471302369,0.029324871399448466,1,6,,,,,ve,0.0007
star,16,3,1.0,0.5,219,lbp,3.284281695865518e-08,5.745040869767348e-08,3.2691631191480074e-08,3.3296374260180506e-08,1,24,1.5543962056385752e-07,,,,ve,0.0032
star,16,3,1.0,0.5,219,gibbs,0.001812151709677837,0.00619317696350416,0.0019077090064024773,0.0015254798195039158,1,2000,,7470.4,1.00006,2000,ve,2.6325
star,16,3,1.3,0.5,219,exact,0.0,0.0,,,1,,,,,,ve,0.0097
star,16,3,1.3,0.5,219,mf,0.0609241565480028,0.18108977019418965,0.06357558105975555,0.05296988301274454,1,5,,,,,ve,0.0011
star,16,3,1.3,0.5,219,lbp,4.505060557165753e-08,7.797527883102173e-08,4.4640052165318085e-08,4.628226579067585e-08,1,25,1.9256584954385758e-07,,,,ve,0.004
star,16,3,1.3,0.5,219,gibbs,0.0030535069480969925,0.00959083944354823,0.0031146421100751534,0.0028701014621625096,1,2000,,6821.9,1.00016,2000,ve,2.7513
star,16,3,1.75,0.5,219,exact,0.0,0.0,,,1,,,,,,ve,0.0056
star,16,3,1.75,0.5,219,mf,0.1194673315722188,0.2673170338837406,0.12289395867371562,0.10918745026772833,1,4,,,,,ve,0.0005
star,16,3,1.75,0.5,219,lbp,6.817671775695075e-08,1.1243118112902462e-07,6.773087409042237e-08,6.951424875653589e-08,1,26,2.2364302765254251e-07,,,,ve,0.0034
star,16,3,1.75,0.5,219,gibbs,0.015757686873448522,0.030299811113469587,0.015215119290485149,0.017385389622338647,1,2000,,1774.8,1.00236,2000,ve,2.6136
star,16,3,2.5,0.5,219,exact,0.0,0.0,,,1,,,,,,ve,0.006
star,16,3,2.5,0.5,219,mf,0.2691666721910342,0.4319258652002966,0.27215266861784654,0.26020868291059707,1,4,,,,,ve,0.0006
star,16,3,2.5,0.5,219,lbp,9.714547379361099e-08,1.5404752097547547e-07,9.842199988326893e-08,9.331589552463715e-08,1,27,1.677232229768677e-07,,,,ve,0.0037
star,16,3,2.5,0.5,219,gibbs,0.15388905943734757,0.23157183543201965,0.15265272830027948,0.15759805284855186,0,2000,,288.5,1.00757,2000,ve,2.7252
star,16,3,4.0,0.5,219,exact,0.0,0.0,,,1,,,,,,ve,0.0055
star,16,3,4.0,0.5,219,mf,0.4032267747470489,0.45869901864076523,0.3997837364032957,0.41355588977830854,1,3,,,,,ve,0.0004
star,16,3,4.0,0.5,219,lbp,1.4518823974476146e-07,3.88415884337856e-07,1.5886343298348918e-07,1.0416266002857832e-07,1,27,1.6446751793797176e-07,,,,ve,0.0035
star,16,3,4.0,0.5,219,gibbs,0.6154969746542275,0.6928793203944321,0.6035675228904936,0.6512853299454289,0,2000,,66.4,1.04289,2000,ve,2.6062
star,16,3,0.0,1.5,219,exact,0.0,0.0,,,1,,,,,,ve,0.0058
star,16,3,0.0,1.5,219,mf,2.651416412813301e-16,6.106226635438361e-16,2.5175174445113413e-16,3.0531133177191805e-16,1,1,,,,,ve,0.0002
star,16,3,0.0,1.5,219,lbp,2.4931228956304174e-16,6.106226635438361e-16,2.3903043896063753e-16,2.8015784137025435e-16,1,3,0.0,,,,ve,0.0006
star,16,3,0.0,1.5,219,gibbs,6.185183658649618e-15,1.6736612096224235e-14,5.747175015983578e-15,7.499209586647737e-15,1,2000,,7505.8,1.00002,2000,ve,2.6064
star,16,3,0.1,1.5,219,exact,0.0,0.0,,,1,,,,,,ve,0.006
star,16,3,0.1,1.5,219,mf,8.233566801456289e-05,0.0009169045631110409,0.00010088038074258143,2.6701529830507227e-05,1,4,,,,,ve,0.0006
star,16,3,0.1,1.5,219,lbp,7.624238399590779e-08,1.6146336065392397e-07,7.239781983506624e-08,8.777607647843244e-08,1,17,1.6282274628576232e-07,,,,ve,0.0025
star,16,3,0.1,1.5,219,gibbs,3.3161393940539996e-05,5.505224721261137e-05,3.093990908213112e-05,3.982584851576661e-05,1,2000,,7474.1,0.99999,2000,ve,2.7147
star,16,3,0.25,1.5,219,exact,0.0,0.0,,,1,,,,,,ve,0.0053
star,16,3,0.25,1.5,219,mf,0.000640641336139569,0.006170719366217136,0.0007499912446159852,0.00031259161071032007,1,4,,,,,ve,0.0005
star,16,3,0.25,1.5,219,lbp,8.33914880231032e-08,1.5825837272609444e-07,7.839420697551096e-08,9.838333116587994e-08,1,18,2.0788618093625644e-07,,,,ve,0.0024
star,16,3,0.25,1.5,219,gibbs,0.0001249754204002662,0.0001829386308118859,0.00011265623917611519,0.00016193296407271927,1,2000,,7535.2,0.99992,2000,ve,2.5949
star,16,3,0.5,1.5,219,exact,0.0,0.0,,,1,,,,,,ve,0.0057
star,16,3,0.5,1.5,219,mf,0.003814202204558472,0.025473102311878524,0.004196812043214309,0.0026663726885909605,1,5,,,,,ve,0.0006
star,16,3,0.5,1.5,219,lbp,6.05794745617554e-08,9.369937255254701e-08,6.108086470066245e-08,5.907530414503426e-08,1,19,2.1367926383852875e-07,,,,ve,0.0026
star,16,3,0.5,1.5,219,gibbs,0.0003119821875124788,0.0005645816278786516,0.0003001926307332122,0.0003473508578502784,1,2000,,8000.5,0.9999,2000,ve,2.6644
star,16,3,0.75,1.5,219,exact,0.0,0.0,,,1,,,,,,ve,0.006
star,16,3,0.75,1.5,219,mf,0.010560253425456346,0.05318269682245742,0.01120235655205104,0.00863394404567226,1,6,,,,,ve,0.0007
star,16,3,0.75,1.5,219,lbp,2.005940433842581e-08,6.815081323580108e-08,2.01640059017671e-08,1.9745599648401946e-08,1,22,1.7346945124785407e-07,,,,ve,0.0029
star,16,3,0.75,1.5,219,gibbs,0.0012840563103864062,0.002656688762944408,0.0012280738794711403,0.0014520036031322042,1,2000,,7605.1,0.99998,2000,ve,2.611
star,16,3,1.0,1.5,219,exact,0.0,0.0,,,1,,,,,,ve,0.0058
star,16,3,1.0,1.5,219,mf,0.020829376062350698,0.0832505040504051,0.0215333785138116,0.018717368707967977,1,5,,,,,ve,0.0006
star,16,3,1.0,1.5,219,lbp,1.8652174400298318e-08,5.55632996279698e-08,1.8367293206946894e-08,1.9506817980352587e-08,1,24,1.5026618549462967e-07,,,,ve,0.0033
star,16,3,1.0,1.5,219,gibbs,0.001509061689844935,0.003982287137877917,0.0014488527188936385,0.0016896886026988248,1,2000,,7341.5,0.99978,2000,ve,2.6041
star,16,3,1.3,1.5,219,exact,0.0,0.0,,,1,,,,,,ve,0.0057
star,16,3,1.3,1.5,219,mf,0.03884548466762079,0.12424157734687666,0.03941645604130279,0.0371325705465748,1,5,,,,,ve,0.0006
star,16,3,1.3,1.5,219,lbp,2.915881459731955e-08,7.569224395181928e-08,2.8478908454964504e-08,3.119853302438469e-08,1,25,2.0754729729288712e-07,,,,ve,0.0034
star,16,3,1.3,1.5,219,gibbs,0.002957301055887095,0.008760919573769333,0.0029891417307542924,0.0028617790312855038,1,2000,,7407.8,0.99977,2000,ve,2.6767
star,16,3,1.75,1.5,219,exact,0.0,0.0,,,1,,,,,,ve,0.0055
star,16,3,1.75,1.5,219,mf,0.08456372359778896,0.20761021011803094,0.08443823881625738,0.08494017794238376,1,4,,,,,ve,0.0005
star,16,3,1.75,1.5,219,lbp,5.08437348363392e-08,1.151091016012018e-07,4.962085589914778e-08,5.451237164791345e-08,1,26,2.4280550503519294e-07,,,,ve,0.0033
star,16,3,1.75,1.5,219,gibbs,0.022286772983901533,0.04669405147973849,0.02134479741301468,0.02511269969656209,1,2000,,7117.0,1.00075,2000,ve,2.5965
star,16,3,2.5,1.5,219,exact,0.0,0.0,,,1,,,,,,ve,0.0062
star,16,3,2.5,1.5,219,mf,0.2169348016066609,0.3816794432117851,0.213610237338578,0.2269084944109097,1,3,,,,,ve,0.0004
star,16,3,2.5,1.5,219,lbp,8.590082911793476e-08,1.7183884862270737e-07,8.527426976076673e-08,8.778050718943886e-08,1,27,1.7600094742720174e-07,,,,ve,0.0033
star,16,3,2.5,1.5,219,gibbs,0.024160927084929312,0.03656716115124063,0.022878953974501483,0.028006846416212806,0,2000,,119.2,1.02468,2000,ve,2.7034
star,16,3,4.0,1.5,219,exact,0.0,0.0,,,1,,,,,,ve,0.0059
star,16,3,4.0,1.5,219,mf,0.46430884268906975,0.5630660955832737,0.4576514310843122,0.48428107750334237,1,4,,,,,ve,0.0005
star,16,3,4.0,1.5,219,lbp,9.183681084568365e-08,1.996027138850831e-07,9.5709336186157e-08,8.021923482426363e-08,1,28,1.429982423584164e-07,,,,ve,0.0036
star,16,3,4.0,1.5,219,gibbs,0.5064325890853424,0.5877981965317094,0.49475929099279287,0.5414524833629909,1,2000,,7961.6,0.99986,2000,ve,2.5936
