structure,n,C,beta,alpha,draw_seed,method,tv_mean,tv_max,tv_mean_informative,tv_mean_uninformative,converged,iters,final_residual,ess_min,rhat_max,gibbs_kept,exact_method,wall_seconds
grid,16,3,0.0,0.5,200,exact,0.0,0.0,,,1,,,,,,ve,0.0076
grid,16,3,0.0,0.5,200,mf,2.2112303307841863e-16,7.216449660063518e-16,2.2659825404947043e-16,2.0469737016526324e-16,1,1,,,,,ve,0.0014
grid,16,3,0.0,0.5,200,lbp,2.312061132825338e-16,8.743006318923108e-16,2.3845219780197862e-16,2.0946785972419946e-16,1,3,0.0,,,,ve,0.0017
grid,16,3,0.0,0.5,200,gibbs,6.185536024355676e-15,1.504352198367087e-14,5.553934048774245e-15,8.080341951099967e-15,1,2000,,8034.9,1.00107,2000,ve,9.4424
grid,16,3,0.1,0.5,200,exact,0.0,0.0,,,1,,,,,,ve,0.0156
grid,16,3,0.1,0.5,200,mf,0.0005734183080106014,0.0012572288670968084,0.0006250412425589043,0.0004185495043656927,1,4,,,,,ve,0.0032
grid,16,3,0.1,0.5,200,lbp,5.274538667482788e-07,1.5462008264750804e-06,6.224843629057224e-07,2.423623782759482e-07,1,17,2.1110425857395754e-07,,,,ve,0.0104
grid,16,3,0.1,0.5,200,gibbs,0.00036195123734670165,0.0009309007287858911,0.0003310590084081739,0.0004546279241622849,1,2000,,7833.2,1.00097,2000,ve,8.1309
grid,16,3,0.25,0.5,200,exact,0.0,0.0,,,1,,,,,,ve,0.0359
grid,16,3,0.25,0.5,200,mf,0.0036598259714797285,0.00813131849575061,0.003946218420793593,0.002800648623538134,1,5,,,,,ve,0.0062
grid,16,3,0.25,0.5,200,lbp,1.952779107046752e-05,5.753735945946987e-05,2.2916301216522135e-05,9.362260632303672e-06,1,19,2.3303810964270255e-07,,,,ve,0.0299
grid,16,3,0.25,0.5,200,gibbs,0.0007890792122503815,0.00231495272021625,0.0006771696710713139,0.0011248078357875843,1,2000,,7631.9,1.0003,2000,ve,7.8566
grid,16,3,0.5,0.5,200,exact,0.0,0.0,,,1,,,,,,ve,0.0097
grid,16,3,0.5,0.5,200,mf,0.014891096037709644,0.03299286459384949,0.015774209655012136,0.012241755185802176,1,7,,,,,ve,0.0038
grid,16,3,0.5,0.5,200,lbp,0.00030535297424391005,0.0008549410419673347,0.00035298080806811104,0.00016246947277130707,1,22,2.178404633346176e-07,,,,ve,0.0103
grid,16,3,0.5,0.5,200,gibbs,0.001581172669181825,0.0043854657043319555,0.0013992986444503468,0.0021267947433762594,1,2000,,6966.8,1.00012,2000,ve,8.388
grid,16,3,0.75,0.5,200,exact,0.0,0.0,,,1,,,,,,ve,0.0129
grid,16,3,0.75,0.5,200,mf,0.033677983991064434,0.0718951567885027,0.034969301804035104,0.029804030552152395,1,9,,,,,ve,0.0059
grid,16,3,0.75,0.5,200,lbp,0.001552048479558291,0.00394298503891936,0.0017507091205093606,0.0009560665567050828,1,24,3.175428240909106e-07,,,,ve,0.0129
grid,16,3,0.75,0.5,200,gibbs,0.0023657670053193625,0.007014783077423599,0.0023912903713756086,0.0022891969071506253,1,2000,,6460.4,0.99991,2000,ve,7.6164
grid,16,3,1.0,0.5,200,exact,0.0,0.0,,,1,,,,,,ve,0.0097
grid,16,3,1.0,0.5,200,mf,0.05955483737357316,0.11843754275642969,0.05996297602843737,0.05833042140898051,1,14,,,,,ve,0.0076
grid,16,3,1.0,0.5,200,lbp,0.005022291069254813,0.011274088122987386,0.00551173096845665,0.003553971371649303,1,29,4.850031939951371e-07,,,,ve,0.014
grid,16,3,1.0,0.5,200,gibbs,0.005290902075784296,0.011704053782000078,0.005287232047785002,0.005301912159782179,1,2000,,5910.1,1.00007,2000,ve,8.4163
grid,16,3,1.3,0.5,200,exact,0.0,0.0,,,1,,,,,,ve,0.0091
grid,16,3,1.3,0.5,200,mf,0.10323112936524942,0.17617430019550043,0.09833681700610149,0.11791406644269321,1,23,,,,,ve,0.0108
grid,16,3,1.3,0.5,200,lbp,0.015202661050896356,0.028033656020035408,0.016163148062676755,0.012321200015555155,1,46,5.524043314997229e-07,,,,ve,0.0173
grid,16,3,1.3,0.5,200,gibbs,0.0033170697991614035,0.008071884293547174,0.002949474153394771,0.0044198567364613,1,2000,,5891.5,1.00026,2000,ve,7.6862
grid,16,3,1.75,0.5,200,exact,0.0,0.0,,,1,,,,,,ve,0.0099
grid,16,3,1.75,0.5,200,mf,0.19241116884990483,0.29639579189958587,0.18199613718726018,0.2236562638378387,1,30,,,,,ve,0.0154
grid,16,3,1.75,0.5,200,lbp,0.06373707174261026,0.12901616746787947,0.06184986630251432,0.06939868806289809,1,148,8.765072557759268e-07,,,,ve,0.0663
grid,16,3,1.75,0.5,200,gibbs,0.012494576484129894,0.022703979735079385,0.013276064813166219,0.010150111497020919,1,2000,,2317.8,1.00206,2000,ve,9.45
grid,16,3,2.5,0.5,200,exact,0.0,0.0,,,1,,,,,,ve,0.0154
grid,16,3,2.5,0.5,200,mf,0.17339707133057264,0.2303444616686561,0.17432860176038836,0.17060248004112544,1,15,,,,,ve,0.0101
grid,16,3,2.5,0.5,200,lbp,0.14699180853371982,0.17573326973542713,0.14850572226833536,0.1424500673298731,1,57,3.877482590008974e-07,,,,ve,0.0304
grid,16,3,2.5,0.5,200,gibbs,0.041197213072499364,0.0475835130007972,0.040671037291811075,0.04277574041456424,0,2000,,255.9,1.02833,2000,ve,9.0124
grid,16,3,4.0,0.5,200,exact,0.0,0.0,,,1,,,,,,ve,0.0143
grid,16,3,4.0,0.5,200,mf,0.11031571406493766,0.11060289742350665,0.11030666224109724,0.11034286953645903,1,10,,,,,ve,0.0079
grid,16,3,4.0,0.5,200,lbp,0.11016611968204656,0.11028072067788106,0.11016566869592398,0.11016747264041435,1,38,3.0006864204512596e-07,,,,ve,0.0267
grid,16,3,4.0,0.5,200,gibbs,0.8891164432084868,0.8897879410245821,0.8890732951636701,0.8892458873429374,0,2000,,4.5,2.98993,2000,ve,9.9196
grid,16,3,0.0,1.5,200,exact,0.0,0.0,,,1,,,,,,ve,0.012
grid,16,3,0.0,1.5,200,mf,3.791454997181809e-16,1.0824674490095276e-15,3.3928299984313054e-16,4.98732999343332e-16,1,1,,,,,ve,0.0009
grid,16,3,0.0,1.5,200,lbp,3.6879136897094433e-16,1.0824674490095276e-15,3.1926139972456486e-16,5.173812767100827e-16,1,3,0.0,,,,ve,0.002
grid,16,3,0.0,1.5,200,gibbs,5.294972359876082e-15,1.4210854715202004e-14,4.379526255537947e-15,8.04131067289049e-15,1,2000,,7654.4,1.0006,2000,ve,10.0715
grid,16,3,0.1,1.5,200,exact,0.0,0.0,,,1,,,,,,ve,0.0146
grid,16,3,0.1,1.5,200,mf,0.00043152700985681677,0.0010379751782119313,0.0004518815795913976,0.0003704633006530742,1,4,,,,,ve,0.0037
grid,16,3,0.1,1.5,200,lbp,4.037324739973656e-07,1.3613441084431993e-06,4.499430292006854e-07,2.651008083874064e-07,1,17,2.3248881203530303e-07,,,,ve,0.0104
grid,16,3,0.1,1.5,200,gibbs,0.00031523768797531333,0.0008332845733767802,0.000248690490211106,0.0005148792812679354,1,2000,,7690.6,1.00058,2000,ve,8.7276
grid,16,3,0.25,1.5,200,exact,0.0,0.0,,,1,,,,,,ve,0.0098
grid,16,3,0.25,1.5,200,mf,0.0026989156174008714,0.0062540969354371295,0.0027557580869191993,0.0025283882088458867,1,5,,,,,ve,0.0032
grid,16,3,0.25,1.5,200,lbp,1.3767511486792596e-05,4.8067956722784924e-05,1.5064321461349364e-05,9.877081563122291e-06,1,20,1.9534480605321036e-07,,,,ve,0.0102
grid,16,3,0.25,1.5,200,gibbs,0.0006428504600019612,0.0017234415433723255,0.0005195847242898542,0.0010126476671382819,1,2000,,7244.6,1.00035,2000,ve,8.2372
grid,16,3,0.5,1.5,200,exact,0.0,0.0,,,1,,,,,,ve,0.0098
grid,16,3,0.5,1.5,200,mf,0.010823410111492602,0.023222708650117555,0.010450377469348302,0.011942508037925499,1,8,,,,,ve,0.0042
grid,16,3,0.5,1.5,200,lbp,0.00020537866440162222,0.0006487595314535344,0.0002110670173685089,0.00018831360550096215,1,24,2.2075971767288038e-07,,,,ve,0.011
grid,16,3,0.5,1.5,200,gibbs,0.0007268528870677424,0.0028964179103943555,0.0006808863794199064,0.000864752410011251,1,2000,,6979.0,1.00051,2000,ve,7.8075
grid,16,3,0.75,1.5,200,exact,0.0,0.0,,,1,,,,,,ve,0.0109
grid,16,3,0.75,1.5,200,mf,0.02517336991106945,0.050920692747881836,0.02344187175617472,0.030367864375753638,1,12,,,,,ve,0.0064
grid,16,3,0.75,1.5,200,lbp,0.0009812946667980393,0.0027674457317435133,0.0009489394104587371,0.0010783604358159463,1,28,3.4971907209024877e-07,,,,ve,0.011
grid,16,3,0.75,1.5,200,gibbs,0.0012193904584326181,0.0044242339600882585,0.0011613520885586975,0.0013935055680543802,1,2000,,6593.4,1.00074,2000,ve,8.5343
grid,16,3,1.0,1.5,200,exact,0.0,0.0,,,1,,,,,,ve,0.0098
grid,16,3,1.0,1.5,200,mf,0.044535320484039936,0.10676142216327549,0.04088502051006373,0.055486220405968574,1,18,,,,,ve,0.0093
grid,16,3,1.0,1.5,200,lbp,0.0029642666049500806,0.007586136221506093,0.00274608623972436,0.003618807700627242,1,34,4.7355467258647366e-07,,,,ve,0.0157
grid,16,3,1.0,1.5,200,gibbs,0.0018738021068743726,0.004136347207250202,0.0017914487887103544,0.0021208620613664274,1,2000,,6136.5,1.00031,2000,ve,7.7368
grid,16,3,1.3,1.5,200,exact,0.0,0.0,,,1,,,,,,ve,0.0101
grid,16,3,1.3,1.5,200,mf,0.07178701749657555,0.21115052529958717,0.06640577061184755,0.08793075815075956,1,23,,,,,ve,0.0109
grid,16,3,1.3,1.5,200,lbp,0.00839684132502653,0.020061072270948978,0.007700322341299428,0.010486398276207835,1,45,4.7236279843154705e-07,,,,ve,0.0214
grid,16,3,1.3,1.5,200,gibbs,0.002816331327243543,0.007403300718139452,0.0026220411890718835,0.003399201741758521,1,2000,,4939.9,1.00043,2000,ve,8.4466
grid,16,3,1.75,1.5,200,exact,0.0,0.0,,,1,,,,,,ve,0.0108
grid,16,3,1.75,1.5,200,mf,0.11997807320936231,0.240089966446178,0.10759063450943274,0.15714038930915103,1,35,,,,,ve,0.0174
grid,16,3,1.75,1.5,200,lbp,0.027244224013580873,0.06115124334147855,0.025822921325282366,0.0315081320784764,1,64,5.826049106483211e-07,,,,ve,0.0297
grid,16,3,1.75,1.5,200,gibbs,0.006401622476326816,0.013038477834209507,0.0059153035177900186,0.007860579351937201,1,2000,,2367.1,1.00117,2000,ve,7.8784
grid,16,3,2.5,1.5,200,exact,0.0,0.0,,,1,,,,,,ve,0.0132
grid,16,3,2.5,1.5,200,mf,0.08583840749733056,0.2928838693164385,0.09815876370842697,0.04887733886404132,1,17,,,,,ve,0.0239
grid,16,3,2.5,1.5,200,lbp,0.02522084976327314,0.0680591127558653,0.027508375800744108,0.01835827165086023,1,59,4.355453565585421e-07,,,,ve,0.056
grid,16,3,2.5,1.5,200,gibbs,0.004435586645534022,0.010924586863464633,0.0042656820969229105,0.004945300291367357,1,2000,,657.2,1.00439,2000,ve,7.9553
grid,16,3,4.0,1.5,200,exact,0.0,0.0,,,1,,,,,,ve,0.0112
grid,16,3,4.0,1.5,200,mf,0.006180595977271013,0.00878305012670379,0.006306838111506347,0.00580186957456501,1,8,,,,,ve,0.0041
grid,16,3,4.0,1.5,200,lbp,0.005738523625136093,0.005921703056854219,0.00575440178213191,0.005690889154148641,1,38,3.1416341694789907e-07,,,,ve,0.015
grid,16,3,4.0,1.5,200,gibbs,0.4937177115211252,0.49435387954670834,0.49359953958961134,0.4940722273156669,0,2000,,4.5,2.95792,2000,ve,8.7205
grid,16,3,0.0,0.5,201,exact,0.0,0.0,,,1,,,,,,ve,0.0153
grid,16,3,0.0,0.5,201,mf,2.8037468180475145e-16,7.632783294297951e-16,2.752427915216534e-16,2.957703526540456e-16,1,1,,,,,ve,0.001
grid,16,3,0.0,0.5,201,lbp,2.7755575615628914e-16,7.771561172376096e-16,2.7350806804567657e-16,2.896988204881268e-16,1,3,0.0,,,,ve,0.0019
grid,16,3,0.0,0.5,201,gibbs,9.757602711935043e-15,1.8013368574543165e-14,9.866818010776749e-15,9.429956815409923e-15,1,2000,,8182.1,0.99973,2000,ve,8.0122
grid,16,3,0.1,0.5,201,exact,0.0,0.0,,,1,,,,,,ve,0.0098
grid,16,3,0.1,0.5,201,mf,0.0005530741766378913,0.0013948342010425899,0.000463361467867001,0.0008222123029505623,1,4,,,,,ve,0.0021
grid,16,3,0.1,0.5,201,lbp,8.339588086999673e-07,1.9213420485580945e-06,6.933954724121574e-07,1.255648817563397e-06,1,17,1.7860733309005283e-07,,,,ve,0.0066
grid,16,3,0.1,0.5,201,gibbs,0.00026728354396049047,0.0005525019443080315,0.00023435566791912832,0.0003660671720845769,1,2000,,8011.7,0.99996,2000,ve,8.6654
grid,16,3,0.25,0.5,201,exact,0.0,0.0,,,1,,,,,,ve,0.0097
grid,16,3,0.25,0.5,201,mf,0.0037151890231841562,0.009807684998951259,0.0029358098841070716,0.00605332644041541,1,6,,,,,ve,0.0035
grid,16,3,0.25,0.5,201,lbp,3.190243682983109e-05,0.000100700296433609,2.3606940955625717e-05,5.678892445244721e-05,1,20,2.773141612455454e-07,,,,ve,0.0088
grid,16,3,0.25,0.5,201,gibbs,0.0007018817564051706,0.0015444237632137175,0.0005703914779332308,0.0010963525918209899,1,2000,,6946.4,0.99997,2000,ve,7.7897
grid,16,3,0.5,0.5,201,exact,0.0,0.0,,,1,,,,,,ve,0.0098
grid,16,3,0.5,0.5,201,mf,0.021465220898202665,0.047596472890306676,0.016029144282638595,0.037773450744894854,1,10,,,,,ve,0.0051
grid,16,3,0.5,0.5,201,lbp,0.0006700902310722424,0.0020443496041562745,0.0004443418211017205,0.0013473354609838083,1,27,3.609111416946753e-07,,,,ve,0.0113
grid,16,3,0.5,0.5,201,gibbs,0.001518542717570191,0.0031970293866987083,0.001246072833830104,0.0023359523687904527,1,2000,,5689.4,1.00058,2000,ve,8.5825
grid,16,3,0.75,0.5,201,exact,0.0,0.0,,,1,,,,,,ve,0.0092
grid,16,3,0.75,0.5,201,mf,0.07365297813396471,0.14058733004689353,0.0620219344607791,0.10854610915352148,1,15,,,,,ve,0.0073
grid,16,3,0.75,0.5,201,lbp,0.004849523770597846,0.011695381376864537,0.0033540008034047223,0.009336092672177217,1,36,5.151348754228735e-07,,,,ve,0.0167
grid,16,3,0.75,0.5,201,gibbs,0.003960523921337824,0.007183505853720448,0.003758556446023463,0.004566426347280907,1,2000,,4259.4,0.9999,2000,ve,7.7125
grid,16,3,1.0,0.5,201,exact,0.0,0.0,,,1,,,,,,ve,0.0116
grid,16,3,1.0,0.5,201,mf,0.12500678800879675,0.2015828694026239,0.12074809369284951,0.1377828709566384,1,17,,,,,ve,0.0109
grid,16,3,1.0,0.5,201,lbp,0.0187919894134218,0.03719307855344618,0.014653275249144166,0.031208131906254703,1,48,5.166830484015783e-07,,,,ve,0.0255
grid,16,3,1.0,0.5,201,gibbs,0.0020486199290163827,0.006535974318261681,0.0023445130066043034,0.0011609406962526216,1,2000,,2782.4,1.00092,2000,ve,22.9047
grid,16,3,1.3,0.5,201,exact,0.0,0.0,,,1,,,,,,ve,0.0147
grid,16,3,1.3,0.5,201,mf,0.13248094384101575,0.22988216413504053,0.14094384535317614,0.1070922393045346,1,35,,,,,ve,0.0238
grid,16,3,1.3,0.5,201,lbp,0.04449592275011538,0.08337910846042679,0.03952284144676454,0.05941516666016795,1,56,6.404821075722822e-07,,,,ve,0.036
grid,16,3,1.3,0.5,201,gibbs,0.00853324888001819,0.01221338520067975,0.00816172934848467,0.009647807474618747,1,2000,,2101.2,1.00108,2000,ve,7.6847
grid,16,3,1.75,0.5,201,exact,0.0,0.0,,,1,,,,,,ve,0.0112
grid,16,3,1.75,0.5,201,mf,0.13162707224114556,0.31033216507140965,0.1520306451090907,0.07041635363731016,1,13,,,,,ve,0.0118
grid,16,3,1.75,0.5,201,lbp,0.06464988076671509,0.10241817878925488,0.06453737343341033,0.0649874027666294,1,52,4.822927658354459e-07,,,,ve,0.0697
grid,16,3,1.75,0.5,201,gibbs,0.01950561167341361,0.023082901320807515,0.01865717442850138,0.0220509234081503,1,2000,,887.0,1.00551,2000,ve,8.161
grid,16,3,2.5,0.5,201,exact,0.0,0.0,,,1,,,,,,ve,0.0089
grid,16,3,2.5,0.5,201,mf,0.06876919928966925,0.08917916265725015,0.0704424871756065,0.06374933563185745,1,8,,,,,ve,0.0047
grid,16,3,2.5,0.5,201,lbp,0.06334159633679416,0.06651691347019399,0.06329622277040609,0.06347771703595839,1,40,3.0908472270496645e-07,,,,ve,0.0202
grid,16,3,2.5,0.5,201,gibbs,0.2040261488776574,0.20768722761913994,0.2029836208268649,0.20715373303003484,0,2000,,9.0,1.35615,2000,ve,8.4095
grid,16,3,4.0,0.5,201,exact,0.0,0.0,,,1,,,,,,ve,0.0116
grid,16,3,4.0,0.5,201,mf,0.06272523554301661,0.06286495563823746,0.06272829219919107,0.06271606557449319,1,6,,,,,ve,0.0037
grid,16,3,4.0,0.5,201,lbp,0.06268951176883676,0.0627200123825447,0.06268152295898621,0.06271347819838845,1,34,1.663351075764652e-07,,,,ve,0.017
grid,16,3,4.0,0.5,201,gibbs,0.4370908209215179,0.437285557925543,0.4370281827405959,0.43727873546428375,0,2000,,4.2,5.02114,2000,ve,7.3325
grid,16,3,0.0,1.5,201,exact,0.0,0.0,,,1,,,,,,ve,0.0085
grid,16,3,0.0,1.5,201,mf,2.349466107776088e-16,6.938893903907228e-16,2.1467203015212988e-16,2.957703526540456e-16,1,1,,,,,ve,0.0006
grid,16,3,0.0,1.5,201,lbp,2.3657291403633707e-16,7.216449660063518e-16,2.1886427855240717e-16,2.896988204881268e-16,1,3,0.0,,,,ve,0.0014
grid,16,3,0.0,1.5,201,gibbs,6.863325012484989e-15,1.6361911825413245e-14,6.007781078176677e-15,9.429956815409923e-15,1,2000,,7940.0,1.00006,2000,ve,8.4528
grid,16,3,0.1,1.5,201,exact,0.0,0.0,,,1,,,,,,ve,0.0092
grid,16,3,0.1,1.5,201,mf,0.000604782233905768,0.0014055918201311135,0.0005441592823936972,0.0007866510884419805,1,4,,,,,ve,0.0026
grid,16,3,0.1,1.5,201,lbp,7.511290652321414e-07,1.5809776951203336e-06,6.353455584989035e-07,1.0984795854318552e-06,1,17,1.9625541514134426e-07,,,,ve,0.0077
grid,16,3,0.1,1.5,201,gibbs,0.0002324203681477626,0.0004905708325753273,0.00019547852509539548,0.0003432458973048639,1,2000,,7786.0,1.00012,2000,ve,6.5903
grid,16,3,0.25,1.5,201,exact,0.0,0.0,,,1,,,,,,ve,0.0105
grid,16,3,0.25,1.5,201,mf,0.004107146378316319,0.009829568127526847,0.003499217930713771,0.005930931721123964,1,6,,,,,ve,0.003
grid,16,3,0.25,1.5,201,lbp,2.9959809820006384e-05,8.388283170934763e-05,2.3928732968551043e-05,4.8053040374372406e-05,1,20,2.9275797885919275e-07,,,,ve,0.0078
grid,16,3,0.25,1.5,201,gibbs,0.0007067187168356461,0.001808962282552784,0.0005735257519595255,0.001106297611464008,1,2000,,6978.9,1.00026,2000,ve,7.3164
grid,16,3,0.5,1.5,201,exact,0.0,0.0,,,1,,,,,,ve,0.0091
grid,16,3,0.5,1.5,201,mf,0.02165212018865676,0.047183815370895145,0.01688766941482404,0.03594547251015493,1,10,,,,,ve,0.0043
grid,16,3,0.5,1.5,201,lbp,0.0005980106016410115,0.001648338662145886,0.00042680169119817664,0.001111637332969516,1,26,3.6238997092041814e-07,,,,ve,0.0107
grid,16,3,0.5,1.5,201,gibbs,0.0020388874160219414,0.004033626887773534,0.0017636626804481091,0.0028645616227434374,1,2000,,6534.2,1.00049,2000,ve,6.4486
grid,16,3,0.75,1.5,201,exact,0.0,0.0,,,1,,,,,,ve,0.0125
grid,16,3,0.75,1.5,201,mf,0.05859389218795033,0.11181976942990793,0.046861278209864195,0.09379173412220873,1,14,,,,,ve,0.0058
grid,16,3,0.75,1.5,201,lbp,0.0037751525946230265,0.009246481306835586,0.002601142695550533,0.007297182291840507,1,34,4.3577877933964615e-07,,,,ve,0.0116
grid,16,3,0.75,1.5,201,gibbs,0.0018997355954082171,0.0042332046652287375,0.0020477024452686464,0.0014558350458269299,1,2000,,4586.4,1.00038,2000,ve,7.3353
grid,16,3,1.0,1.5,201,exact,0.0,0.0,,,1,,,,,,ve,0.0085
grid,16,3,1.0,1.5,201,mf,0.093347774261068,0.15801741287594218,0.0830397615463296,0.1242718124052832,1,18,,,,,ve,0.0073
grid,16,3,1.0,1.5,201,lbp,0.013593875419332246,0.02765693182659791,0.01001549740051771,0.024329009475775848,1,44,4.572842570715885e-07,,,,ve,0.0153
grid,16,3,1.0,1.5,201,gibbs,0.003903254523203211,0.007250231542155705,0.003996540733418319,0.003623395892557885,1,2000,,3384.6,1.00086,2000,ve,6.4071
grid,16,3,1.3,1.5,201,exact,0.0,0.0,,,1,,,,,,ve,0.0092
grid,16,3,1.3,1.5,201,mf,0.128140798079249,0.2587755052718869,0.1333106696792673,0.11263118327919411,1,28,,,,,ve,0.0115
grid,16,3,1.3,1.5,201,lbp,0.036217927383194834,0.06496591147855763,0.030307660731601543,0.05394872733797472,1,53,5.89540130158106e-07,,,,ve,0.0195
grid,16,3,1.3,1.5,201,gibbs,0.005825440772511162,0.011692065799639155,0.006175579442948037,0.004775024761200536,1,2000,,2334.9,0.99999,2000,ve,6.684
grid,16,3,1.75,1.5,201,exact,0.0,0.0,,,1,,,,,,ve,0.0112
grid,16,3,1.75,1.5,201,mf,0.16378647145334532,0.3369599783889109,0.18714744075541467,0.09370356354713724,1,12,,,,,ve,0.0055
grid,16,3,1.75,1.5,201,lbp,0.0802691628159436,0.12926238908015703,0.0789429956091479,0.08424766443633067,1,56,5.191703968954187e-07,,,,ve,0.02
grid,16,3,1.75,1.5,201,gibbs,0.03374562283242819,0.03975815947795162,0.03237259686754744,0.03786470072707044,1,2000,,1288.0,1.00093,2000,ve,6.5332
grid,16,3,2.5,1.5,201,exact,0.0,0.0,,,1,,,,,,ve,0.0093
grid,16,3,2.5,1.5,201,mf,0.11536116943891948,0.13424355138184904,0.11706740343572199,0.11024246744851196,1,8,,,,,ve,0.0045
grid,16,3,2.5,1.5,201,lbp,0.10895696465922566,0.11456589726025956,0.10873733993082979,0.10961583884441325,1,42,3.4606520349367287e-07,,,,ve,0.0168
grid,16,3,2.5,1.5,201,gibbs,0.10741795757349801,0.1102335919205446,0.10678439123256522,0.10931865659629633,1,2000,,3113.1,0.9998,2000,ve,7.2476
grid,16,3,4.0,1.5,201,exact,0.0,0.0,,,1,,,,,,ve,0.0083
grid,16,3,4.0,1.5,201,mf,0.11557801194287634,0.11567467436382416,0.1155710248245917,0.11559897329773033,1,6,,,,,ve,0.0025
grid,16,3,4.0,1.5,201,lbp,0.11553981826380398,0.11560248280405151,0.11552224500423154,0.11559253804252131,1,34,2.8939992746668253e-07,,,,ve,0.0122
grid,16,3,4.0,1.5,201,gibbs,0.3841749497450217,0.38440632160348254,0.3841007925866271,0.38439742122020565,0,2000,,4.2,5.29081,2000,ve,6.293
grid,16,3,0.0,0.5,202,exact,0.0,0.0,,,1,,,,,,ve,0.0092
grid,16,3,0.0,0.5,202,mf,2.1337098754514727e-16,6.938893903907228e-16,1.8995222061946038e-16,2.8362728832220796e-16,1,1,,,,,ve,0.0007
grid,16,3,0.0,0.5,202,lbp,2.233456475320139e-16,6.938893903907228e-16,2.0556473190325164e-16,2.7668839441830073e-16,1,3,0.0,,,,ve,0.0013
grid,16,3,0.0,0.5,202,gibbs,5.804926851704639e-15,1.529332216421153e-14,5.852378766787088e-15,5.6625711064572926e-15,1,2000,,7822.1,1.00066,2000,ve,7.3033
grid,16,3,0.1,0.5,202,exact,0.0,0.0,,,1,,,,,,ve,0.0098
grid,16,3,0.1,0.5,202,mf,0.0004797247145542547,0.0010106335533173333,0.0005386774379398558,0.0003028665443974513,1,4,,,,,ve,0.0018
grid,16,3,0.1,0.5,202,lbp,5.273845095045892e-07,1.6792325486375548e-06,5.887597033807946e-07,3.4325892787597304e-07,1,17,1.8196779177914735e-07,,,,ve,0.0065
grid,16,3,0.1,0.5,202,gibbs,0.0001921279943624542,0.0005102017711422907,0.00020120341584163823,0.00016490172992490205,1,2000,,7735.4,1.00083,2000,ve,6.226
grid,16,3,0.25,0.5,202,exact,0.0,0.0,,,1,,,,,,ve,0.0092
grid,16,3,0.25,0.5,202,mf,0.0030630553409865978,0.006228913730317497,0.0034306260510316585,0.001960343210851416,1,5,,,,,ve,0.0023
grid,16,3,0.25,0.5,202,lbp,1.7531283844818464e-05,5.238904844574732e-05,1.9925162174301975e-05,1.0349648856367933e-05,1,20,2.871821512262507e-07,,,,ve,0.0074
grid,16,3,0.25,0.5,202,gibbs,0.0006676665978570446,0.0014731655905395047,0.0006765886382509937,0.0006409004766751976,1,2000,,7662.6,1.00061,2000,ve,6.8523
grid,16,3,0.5,0.5,202,exact,0.0,0.0,,,1,,,,,,ve,0.0151
grid,16,3,0.5,0.5,202,mf,0.012782224621312031,0.025561701555786916,0.013611299692060532,0.010294999409066533,1,9,,,,,ve,0.0053
grid,16,3,0.5,0.5,202,lbp,0.0003167331593601528,0.0008298781712856862,0.0003477142919981908,0.00022378976144603888,1,27,2.5925136032389773e-07,,,,ve,0.0142
grid,16,3,0.5,0.5,202,gibbs,0.002011616715012188,0.004786444480692251,0.0020610940853226876,0.0018631846040806886,1,2000,,6467.9,1.00028,2000,ve,6.7229
grid,16,3,0.75,0.5,202,exact,0.0,0.0,,,1,,,,,,ve,0.0083
grid,16,3,0.75,0.5,202,mf,0.04383743854268922,0.09419836369815054,0.0467725771455185,0.035032022734201376,1,17,,,,,ve,0.007
grid,16,3,0.75,0.5,202,lbp,0.0019157316253634632,0.005002510708939124,0.0019804808810616344,0.0017214838582689496,1,35,4.1457300814506937e-07,,,,ve,0.0126
grid,16,3,0.75,0.5,202,gibbs,0.004483833364228737,0.011331044293845516,0.004833850427541304,0.00343378217429104,1,2000,,4755.6,1.00037,2000,ve,6.6151
grid,16,3,1.0,0.5,202,exact,0.0,0.0,,,1,,,,,,ve,0.0117
grid,16,3,1.0,0.5,202,mf,0.08015774831731581,0.17072165533963798,0.09121929220438103,0.0469731166561202,1,15,,,,,ve,0.0201
grid,16,3,1.0,0.5,202,lbp,0.008672820189506051,0.019264825053905275,0.009429514819004012,0.0064027363010121605,1,44,4.789226810131275e-07,,,,ve,0.0708
grid,16,3,1.0,0.5,202,gibbs,0.0037562049005229964,0.00798829414050995,0.003877225097237723,0.003393144310378819,1,2000,,2812.2,1.00125,2000,ve,7.1818
grid,16,3,1.3,0.5,202,exact,0.0,0.0,,,1,,,,,,ve,0.0084
grid,16,3,1.3,0.5,202,mf,0.07003741530979544,0.14881437897083494,0.08169805676998922,0.03505549092921409,1,12,,,,,ve,0.0045
grid,16,3,1.3,0.5,202,lbp,0.013997517428548364,0.026162477133790725,0.015532028338763304,0.009393984697903552,1,46,4.124647490222344e-07,,,,ve,0.0161
grid,16,3,1.3,0.5,202,gibbs,0.0026039556736694993,0.004520147480175915,0.0027958175741195405,0.0020283699723193773,1,2000,,2718.7,1.00143,2000,ve,6.3402
grid,16,3,1.75,0.5,202,exact,0.0,0.0,,,1,,,,,,ve,0.0091
grid,16,3,1.75,0.5,202,mf,0.03617281587923419,0.07504445584003132,0.037218395086271505,0.03303607825812225,1,21,,,,,ve,0.0085
grid,16,3,1.75,0.5,202,lbp,0.007499978401863271,0.01255279280552503,0.008007550727022101,0.005977261426386779,1,41,3.3350168271439884e-07,,,,ve,0.0154
grid,16,3,1.75,0.5,202,gibbs,0.002237452993312135,0.006534072994242086,0.002278413431056263,0.0021145716800797516,1,2000,,2795.7,1.00154,2000,ve,7.3685
grid,16,3,2.5,0.5,202,exact,0.0,0.0,,,1,,,,,,ve,0.0084
grid,16,3,2.5,0.5,202,mf,0.017611176743425053,0.09941153369100589,0.006521011474022976,0.050881672551631285,1,7,,,,,ve,0.0027
grid,16,3,2.5,0.5,202,lbp,0.003061750177111457,0.003436534130877247,0.003100017658825751,0.002946947731968572,1,37,2.7051840778558045e-07,,,,ve,0.0134
grid,16,3,2.5,0.5,202,gibbs,0.002781816255551029,0.003753735928618919,0.0027182835028108435,0.0029724145137715874,1,2000,,3018.7,1.00081,2000,ve,6.3635
grid,16,3,4.0,0.5,202,exact,0.0,0.0,,,1,,,,,,ve,0.0092
grid,16,3,4.0,0.5,202,mf,0.0029312831357084035,0.004017513124828039,0.0027809642641344425,0.0033822397504302847,1,4,,,,,ve,0.002
grid,16,3,4.0,0.5,202,lbp,0.002755850180245422,0.0027592398061159653,0.002757452230366738,0.002751044029881477,1,35,2.25365257344734e-07,,,,ve,0.0127
grid,16,3,4.0,0.5,202,gibbs,0.7464121940229373,0.7472408530969765,0.7468243768703268,0.745175645480769,0,2000,,4.3,7.82597,2000,ve,7.2876
grid,16,3,0.0,1.5,202,exact,0.0,0.0,,,1,,,,,,ve,0.0089
grid,16,3,0.0,1.5,202,mf,3.645087703896266e-16,9.471590178833367e-16,3.4072860273977784e-16,4.358492733391728e-16,1,1,,,,,ve,0.0007
grid,16,3,0.0,1.5,202,lbp,3.848375611237298e-16,9.402201239794294e-16,3.6089476314800823e-16,4.566659550508945e-16,1,3,0.0,,,,ve,0.0014
grid,16,3,0.0,1.5,202,gibbs,4.709069505864916e-15,1.4981071938535706e-14,4.316787089823452e-15,5.8859167539893065e-15,1,2000,,7887.4,1.00052,2000,ve,6.4642
grid,16,3,0.1,1.5,202,exact,0.0,0.0,,,1,,,,,,ve,0.0133
grid,16,3,0.1,1.5,202,mf,0.00046142827998639523,0.0012054357613587516,0.0005283122256775683,0.00026077644291287597,1,4,,,,,ve,0.0026
grid,16,3,0.1,1.5,202,lbp,3.2263772206577584e-07,1.048847529314112e-06,3.6191693609094005e-07,2.0480007999028327e-07,1,17,1.730419467160793e-07,,,,ve,0.0067
grid,16,3,0.1,1.5,202,gibbs,0.00018875440855831594,0.0005593654664187847,0.0001925326939195515,0.0001774195524746093,1,2000,,7979.8,1.00023,2000,ve,7.3422
grid,16,3,0.25,1.5,202,exact,0.0,0.0,,,1,,,,,,ve,0.0129
grid,16,3,0.25,1.5,202,mf,0.0029341938614059317,0.007988281599658593,0.003358461513350442,0.0016613909055723996,1,5,,,,,ve,0.003
grid,16,3,0.25,1.5,202,lbp,1.0657327813427841e-05,3.817453453178882e-05,1.2624676616102554e-05,4.755281405403704e-06,1,19,2.5726743663190277e-07,,,,ve,0.009
grid,16,3,0.25,1.5,202,gibbs,0.0005404817151845235,0.0016808408423923567,0.0005280728421073736,0.0005777083344159729,1,2000,,8051.5,1.00029,2000,ve,6.6135
grid,16,3,0.5,1.5,202,exact,0.0,0.0,,,1,,,,,,ve,0.0083
grid,16,3,0.5,1.5,202,mf,0.011943291779381094,0.03518033021052086,0.013650914415285119,0.0068204238716690225,1,7,,,,,ve,0.003
grid,16,3,0.5,1.5,202,lbp,0.00021543772741461803,0.0007379271884201677,0.00025877994335921583,8.541107958082465e-05,1,24,2.3736386706163515e-07,,,,ve,0.0087
grid,16,3,0.5,1.5,202,gibbs,0.0009514533798658823,0.0024387381777927573,0.0009516890057533325,0.0009507465022035324,1,2000,,7606.8,1.00075,2000,ve,6.4728
grid,16,3,0.75,1.5,202,exact,0.0,0.0,,,1,,,,,,ve,0.0143
grid,16,3,0.75,1.5,202,mf,0.0269129578589534,0.07999169920407942,0.030566891540001532,0.015951156815809,1,13,,,,,ve,0.0267
grid,16,3,0.75,1.5,202,lbp,0.001313791385190029,0.003923308771366214,0.0015793697828532184,0.000517056192200461,1,30,4.2627024310348816e-07,,,,ve,0.0391
grid,16,3,0.75,1.5,202,gibbs,0.0016773504615676792,0.0050520929694175196,0.0017616919422124065,0.0014243260196334971,1,2000,,6900.1,0.9999,2000,ve,7.3737
grid,16,3,1.0,1.5,202,exact,0.0,0.0,,,1,,,,,,ve,0.009
grid,16,3,1.0,1.5,202,mf,0.07575138741209503,0.17100154029135015,0.08132590129916327,0.05902784575089032,1,40,,,,,ve,0.0157
grid,16,3,1.0,1.5,202,lbp,0.004398805349478041,0.015541083031181228,0.005086157259838375,0.002336749618397041,1,42,5.288787432444764e-07,,,,ve,0.0132
grid,16,3,1.0,1.5,202,gibbs,0.0032542533205708706,0.007963032932964569,0.003601101834555217,0.002213707778617833,1,2000,,4322.8,1.00002,2000,ve,6.3642
grid,16,3,1.3,1.5,202,exact,0.0,0.0,,,1,,,,,,ve,0.009
grid,16,3,1.3,1.5,202,mf,0.12159623506719686,0.2729864387104559,0.1353800620882516,0.0802447540040326,1,18,,,,,ve,0.0074
grid,16,3,1.3,1.5,202,lbp,0.02394809319943817,0.05578528467800254,0.027264008958721664,0.0140003459215877,1,60,6.555628443427608e-07,,,,ve,0.0217
grid,16,3,1.3,1.5,202,gibbs,0.006081953700387627,0.013466533477376464,0.0069744965887103315,0.003404325035419516,1,2000,,2299.7,1.00051,2000,ve,7.3906
grid,16,3,1.75,1.5,202,exact,0.0,0.0,,,1,,,,,,ve,0.0085
grid,16,3,1.75,1.5,202,mf,0.0756241436389367,0.22091088529715175,0.08455746043920011,0.04882419323814642,1,42,,,,,ve,0.0132
grid,16,3,1.75,1.5,202,lbp,0.02320128500762652,0.04266161679725583,0.025074946256330805,0.01758030126151367,1,51,5.022521053499318e-07,,,,ve,0.0168
grid,16,3,1.75,1.5,202,gibbs,0.0023518698801074244,0.005748960658823144,0.0021891310160261235,0.0028400864723513277,1,2000,,1514.5,1.0023,2000,ve,6.4523
grid,16,3,2.5,1.5,202,exact,0.0,0.0,,,1,,,,,,ve,0.0115
grid,16,3,2.5,1.5,202,mf,0.030247254258641852,0.1319290758109874,0.018315243792409775,0.06604328565733808,1,8,,,,,ve,0.0041
grid,16,3,2.5,1.5,202,lbp,0.00479532164845985,0.008095319484230909,0.0045613312755463774,0.005497292767200268,1,43,2.95798293137306e-07,,,,ve,0.0177
grid,16,3,2.5,1.5,202,gibbs,0.01103727404221037,0.013711229176233894,0.01138842669290109,0.009983816090138205,1,2000,,430.3,1.00918,2000,ve,6.5833
grid,16,3,4.0,1.5,202,exact,0.0,0.0,,,1,,,,,,ve,0.0067
grid,16,3,4.0,1.5,202,mf,0.0029902760780200236,0.00411557212485213,0.002847430933792984,0.003418811510701141,1,4,,,,,ve,0.0021
grid,16,3,4.0,1.5,202,lbp,0.0027503308909694554,0.0027574555791558273,0.0027513441257870225,0.0027472911865167554,1,38,2.4666887288304906e-07,,,,ve,0.0126
grid,16,3,4.0,1.5,202,gibbs,0.746050561048389,0.7472458939104278,0.7463934179247942,0.745021990419173,0,2000,,4.3,6.55684,2000,ve,5.3763
grid,16,3,0.0,0.5,203,exact,0.0,0.0,,,1,,,,,,ve,0.0067
grid,16,3,0.0,0.5,203,mf,2.618348246552493e-16,6.106226635438361e-16,2.9302370715041565e-16,1.682681771697503e-16,1,1,,,,,ve,0.0005
grid,16,3,0.0,0.5,203,lbp,2.531612072753653e-16,6.106226635438361e-16,2.820371251358959e-16,1.6653345369377348e-16,1,3,0.0,,,,ve,0.0009
grid,16,3,0.0,0.5,203,gibbs,8.489140380235627e-15,1.609823385706477e-14,9.832051261112381e-15,4.460407737605365e-15,1,2000,,7834.4,1.0,2000,ve,5.5679
grid,16,3,0.1,0.5,203,exact,0.0,0.0,,,1,,,,,,ve,0.0065
grid,16,3,0.1,0.5,203,mf,0.0006087066569160117,0.0011299465761244118,0.0005173485377817719,0.0008827810143187311,1,4,,,,,ve,0.0017
grid,16,3,0.1,0.5,203,lbp,7.597110729817163e-07,1.9835232106350797e-06,5.786336461956922e-07,1.3029433533397888e-06,1,17,1.7507976568520434e-07,,,,ve,0.0056
grid,16,3,0.1,0.5,203,gibbs,0.00023755403957233522,0.0008404129219742734,0.00025780121515395845,0.00017681251282746554,1,2000,,7620.6,0.99986,2000,ve,5.416
grid,16,3,0.25,0.5,203,exact,0.0,0.0,,,1,,,,,,ve,0.0071
grid,16,3,0.25,0.5,203,mf,0.003915050198267321,0.007270703878663881,0.0033630686312927215,0.005570994899191116,1,5,,,,,ve,0.0019
grid,16,3,0.25,0.5,203,lbp,2.8670578076347053e-05,6.958321052093382e-05,2.153299002493504e-05,5.0083342230583094e-05,1,20,1.8302645998780065e-07,,,,ve,0.0061
grid,16,3,0.25,0.5,203,gibbs,0.0006511437457335244,0.0018936581605344949,0.0007663848649783153,0.00030542038799915173,1,2000,,7339.7,1.00004,2000,ve,5.5761
grid,16,3,0.5,0.5,203,exact,0.0,0.0,,,1,,,,,,ve,0.0066
grid,16,3,0.5,0.5,203,mf,0.01766163320515269,0.035353300174598645,0.016121517894624335,0.022281979136737746,1,8,,,,,ve,0.0036
grid,16,3,0.5,0.5,203,lbp,0.0005269103908504853,0.0013824855501170033,0.0004212136624790394,0.0008440005759648233,1,24,3.6425556498853595e-07,,,,ve,0.0087
grid,16,3,0.5,0.5,203,gibbs,0.001940961135608373,0.0046584945877030815,0.001912473833972426,0.0020264230405162144,1,2000,,6857.5,1.00029,2000,ve,5.4122
grid,16,3,0.75,0.5,203,exact,0.0,0.0,,,1,,,,,,ve,0.0072
grid,16,3,0.75,0.5,203,mf,0.0468402123917131,0.0944184174251789,0.04650361393543027,0.04785000776056156,1,13,,,,,ve,0.0044
grid,16,3,0.75,0.5,203,lbp,0.0031313685190453326,0.007864358769881391,0.002693020684055936,0.0044464120240135215,1,33,4.6733303710189134e-07,,,,ve,0.0107
grid,16,3,0.75,0.5,203,gibbs,0.0023557137708393227,0.004616296344747186,0.0024872148673005545,0.001961210481455626,1,2000,,6217.0,1.00117,2000,ve,5.4898
grid,16,3,1.0,0.5,203,exact,0.0,0.0,,,1,,,,,,ve,0.0066
grid,16,3,1.0,0.5,203,mf,0.09681910007563332,0.1980123305618503,0.1039617423600963,0.07539117322224448,1,30,,,,,ve,0.0097
grid,16,3,1.0,0.5,203,lbp,0.011357871023855168,0.024826811390802117,0.010366892508480025,0.014330806569980595,1,51,6.082013571107048e-07,,,,ve,0.0141
grid,16,3,1.0,0.5,203,gibbs,0.003198771147040253,0.006160826480263363,0.00350275285641544,0.002286826018914691,1,2000,,5138.7,1.00094,2000,ve,5.3658
grid,16,3,1.3,0.5,203,exact,0.0,0.0,,,1,,,,,,ve,0.0068
grid,16,3,1.3,0.5,203,mf,0.1906025365873162,0.44724753041020027,0.2114318468139138,0.12811460590752338,1,27,,,,,ve,0.0092
grid,16,3,1.3,0.5,203,lbp,0.04989375566482428,0.09378006436472758,0.04488139802433855,0.06493082858628146,1,121,7.980019696152141e-07,,,,ve,0.0344
grid,16,3,1.3,0.5,203,gibbs,0.006041137893724136,0.014193092953556065,0.006578938254971384,0.004427736809982389,1,2000,,1448.1,1.00354,2000,ve,5.4961
grid,16,3,1.75,0.5,203,exact,0.0,0.0,,,1,,,,,,ve,0.0065
grid,16,3,1.75,0.5,203,mf,0.2989688518807673,0.8414843497531432,0.30512474369445786,0.2805011764396955,1,41,,,,,ve,0.013
grid,16,3,1.75,0.5,203,lbp,0.0802748208448955,0.11042486928725236,0.07929324858473331,0.08321953762538203,1,58,4.6110884166505883e-07,,,,ve,0.0182
grid,16,3,1.75,0.5,203,gibbs,0.03356833277929636,0.039163493292768095,0.032919845709664226,0.03551379398819276,0,2000,,307.4,1.01576,2000,ve,5.3076
grid,16,3,2.5,0.5,203,exact,0.0,0.0,,,1,,,,,,ve,0.0067
grid,16,3,2.5,0.5,203,mf,0.01979016256516211,0.026888495403442104,0.02007835878169957,0.018925573915549738,1,8,,,,,ve,0.0028
grid,16,3,2.5,0.5,203,lbp,0.018193454050543675,0.019191720940962904,0.01807469210353012,0.018549739891584344,1,39,2.3604309840052906e-07,,,,ve,0.0125
grid,16,3,2.5,0.5,203,gibbs,0.6037807671785071,0.6282845322354826,0.5985885811014928,0.6193573254095498,0,2000,,7.2,1.52119,2000,ve,5.4153
grid,16,3,4.0,0.5,203,exact,0.0,0.0,,,1,,,,,,ve,0.0066
grid,16,3,4.0,0.5,203,mf,0.011752608049357577,0.011825917597475345,0.011750519415136213,0.011758873952021666,1,5,,,,,ve,0.0021
grid,16,3,4.0,0.5,203,lbp,0.011739497321238114,0.011760712656915242,0.011733937968963284,0.011756175378062603,1,34,2.513736158255009e-07,,,,ve,0.0105
grid,16,3,4.0,0.5,203,gibbs,0.7369676558402987,0.7382893015484344,0.7366063746533995,0.7380514994009963,0,2000,,5.0,2.89467,2000,ve,5.4055
grid,16,3,0.0,1.5,203,exact,0.0,0.0,,,1,,,,,,ve,0.0068
grid,16,3,0.0,1.5,203,mf,2.480654570646834e-16,6.661338147750939e-16,2.463307335887066e-16,2.5326962749261384e-16,1,1,,,,,ve,0.0005
grid,16,3,0.0,1.5,203,lbp,2.3787395664331967e-16,6.800116025829084e-16,2.402592014227878e-16,2.3071822230491534e-16,1,3,0.0,,,,ve,0.001
grid,16,3,0.0,1.5,203,gibbs,5.783459648689426e-15,1.7555401576885288e-14,6.2042385118310506e-15,4.5211230592645535e-15,1,2000,,7527.7,1.0,2000,ve,5.5092
grid,16,3,0.1,1.5,203,exact,0.0,0.0,,,1,,,,,,ve,0.0068
grid,16,3,0.1,1.5,203,mf,0.0005460160968423118,0.0009146976236650752,0.0004981860866648297,0.0006895061273747582,1,4,,,,,ve,0.0016
grid,16,3,0.1,1.5,203,lbp,4.790524025837981e-07,1.1772671737325657e-06,4.010498131720227e-07,7.130601708191242e-07,1,17,2.0483325863240864e-07,,,,ve,0.0056
grid,16,3,0.1,1.5,203,gibbs,0.00018344935554840953,0.0005493025177428085,0.00019539423277143558,0.00014761472387933138,1,2000,,7362.0,1.0004,2000,ve,5.4162
grid,16,3,0.25,1.5,203,exact,0.0,0.0,,,1,,,,,,ve,0.0069
grid,16,3,0.25,1.5,203,mf,0.0034475470510723144,0.005922277463112469,0.0031515322242418424,0.004335591531563732,1,5,,,,,ve,0.002
grid,16,3,0.25,1.5,203,lbp,1.7386314609622356e-05,4.993347703639156e-05,1.4546001784873077e-05,2.5907253083870194e-05,1,20,1.9960705910371246e-07,,,,ve,0.0066
grid,16,3,0.25,1.5,203,gibbs,0.0004394505659984019,0.0013759564288663567,0.0004552050290873219,0.0003921871767316419,1,2000,,7119.6,1.00066,2000,ve,5.5168
grid,16,3,0.5,1.5,203,exact,0.0,0.0,,,1,,,,,,ve,0.0069
grid,16,3,0.5,1.5,203,mf,0.013747831015887831,0.027300405891786297,0.012567087344972,0.017290062028635332,1,7,,,,,ve,0.0025
grid,16,3,0.5,1.5,203,lbp,0.0003101963248892904,0.0010864132853534193,0.00025898399944101065,0.0004638333012341295,1,24,3.4518803526673025e-07,,,,ve,0.007
grid,16,3,0.5,1.5,203,gibbs,0.0010626325598508475,0.0022800922785024894,0.00120153213018829,0.0006459338488385199,1,2000,,6919.9,1.00043,2000,ve,5.4012
grid,16,3,0.75,1.5,203,exact,0.0,0.0,,,1,,,,,,ve,0.0065
grid,16,3,0.75,1.5,203,mf,0.030060586871051728,0.0750572164424918,0.027176924294180223,0.03871157460166625,1,14,,,,,ve,0.0051
grid,16,3,0.75,1.5,203,lbp,0.0017996744911490037,0.007138234802682577,0.0015094731091194902,0.002670278637237544,1,33,3.624641666810646e-07,,,,ve,0.0103
grid,16,3,0.75,1.5,203,gibbs,0.001605341533925113,0.0033611216537397515,0.0017928356322335617,0.0010428592389997667,1,2000,,6422.8,1.00101,2000,ve,5.559
grid,16,3,1.0,1.5,203,exact,0.0,0.0,,,1,,,,,,ve,0.0068
grid,16,3,1.0,1.5,203,mf,0.07604658952555542,0.16328845043593793,0.06317786596347695,0.11465276021179083,1,71,,,,,ve,0.023
grid,16,3,1.0,1.5,203,lbp,0.006456621237257949,0.02082276639391175,0.005830212061340062,0.00833584876501161,1,49,5.189635320368424e-07,,,,ve,0.0159
grid,16,3,1.0,1.5,203,gibbs,0.003959447697197997,0.011323100147370417,0.0037110476761479765,0.004704647760348056,1,2000,,4276.7,1.00275,2000,ve,5.4065
grid,16,3,1.3,1.5,203,exact,0.0,0.0,,,1,,,,,,ve,0.0066
grid,16,3,1.3,1.5,203,mf,0.15962173145424902,0.3250603764354314,0.14478726212130055,0.20412513945309443,1,20,,,,,ve,0.0061
grid,16,3,1.3,1.5,203,lbp,0.039187625484482416,0.07363271443708456,0.03471148968082653,0.052616032895450075,1,76,6.995211110916166e-07,,,,ve,0.0245
grid,16,3,1.3,1.5,203,gibbs,0.004678400408668483,0.012348181990702964,0.004256841372602445,0.005943077516866596,1,2000,,1393.3,1.00383,2000,ve,5.5068
grid,16,3,1.75,1.5,203,exact,0.0,0.0,,,1,,,,,,ve,0.007
grid,16,3,1.75,1.5,203,mf,0.037529020257721944,0.1273792708929618,0.04002801029613839,0.030032050142472615,1,10,,,,,ve,0.004
grid,16,3,1.75,1.5,203,lbp,0.014430362726553871,0.025193942364732498,0.01321396430975115,0.018079557976962035,1,46,3.700213834223476e-07,,,,ve,0.0131
grid,16,3,1.75,1.5,203,gibbs,0.004326742575582769,0.008480564623900396,0.0038717764748783484,0.005691640877696032,1,2000,,1240.4,1.00457,2000,ve,5.2941
grid,16,3,2.5,1.5,203,exact,0.0,0.0,,,1,,,,,,ve,0.0087
grid,16,3,2.5,1.5,203,mf,0.003165115991028208,0.016585701411550746,0.003785563557510632,0.0013037732915809352,1,6,,,,,ve,0.0043
grid,16,3,2.5,1.5,203,lbp,0.0007627918968527514,0.0009511778491598664,0.0007437079618903478,0.0008200437017399624,1,35,3.07057247739273e-07,,,,ve,0.0114
grid,16,3,2.5,1.5,203,gibbs,0.0008071036803446981,0.001415059955371634,0.0007795315368658261,0.0008898201107813142,1,2000,,4720.9,1.00007,2000,ve,5.4744
grid,16,3,4.0,1.5,203,exact,0.0,0.0,,,1,,,,,,ve,0.0083
grid,16,3,4.0,1.5,203,mf,0.0002500747914137762,0.00039589384059246816,0.0002566212216190264,0.00023043550079802552,1,5,,,,,ve,0.002
grid,16,3,4.0,1.5,203,lbp,0.0002253721371108523,0.00022653764580974557,0.00022505540781077445,0.00022632232501108575,1,33,1.602385505394821e-07,,,,ve,0.01
grid,16,3,4.0,1.5,203,gibbs,0.49746798277467463,0.4997737570889572,0.49675064055719914,0.49962000942710094,0,2000,,4.6,5.15059,2000,ve,5.5492
grid,16,3,0.0,0.5,204,exact,0.0,0.0,,,1,,,,,,ve,0.0066
grid,16,3,0.0,0.5,204,mf,3.1325311268537437e-16,6.38378239159465e-16,3.22839266893767e-16,2.8449465006019636e-16,1,1,,,,,ve,0.0007
grid,16,3,0.0,0.5,204,lbp,3.410900034639397e-16,7.077671781985373e-16,3.5648567431323386e-16,2.949029909160572e-16,1,3,0.0,,,,ve,0.001
grid,16,3,0.0,0.5,204,gibbs,8.086928479297817e-15,1.897787482718627e-14,8.412939037546105e-15,7.108896804552955e-15,1,2000,,7806.2,1.00022,2000,ve,5.554
grid,16,3,0.1,0.5,204,exact,0.0,0.0,,,1,,,,,,ve,0.0065
grid,16,3,0.1,0.5,204,mf,0.0004971206356306967,0.0010413906502701638,0.0005066237941179983,0.00046861116016879215,1,4,,,,,ve,0.0013
grid,16,3,0.1,0.5,204,lbp,5.957939776743822e-07,1.5756672969678698e-06,6.106031074082442e-07,5.513665884727958e-07,1,17,1.6770318783665417e-07,,,,ve,0.0055
grid,16,3,0.1,0.5,204,gibbs,0.00018261618786437767,0.0004483292099560776,0.0001501714007667425,0.0002799505491572832,1,2000,,7938.2,1.00009,2000,ve,5.4812
grid,16,3,0.25,0.5,204,exact,0.0,0.0,,,1,,,,,,ve,0.0069
grid,16,3,0.25,0.5,204,mf,0.0029377280776513824,0.0069329383159053605,0.0030407235044129523,0.002628741797366673,1,6,,,,,ve,0.002
grid,16,3,0.25,0.5,204,lbp,2.1634428019664013e-05,7.128643584232777e-05,2.3021685078383947e-05,1.7472656843504214e-05,1,19,2.175659279401998e-07,,,,ve,0.0061
grid,16,3,0.25,0.5,204,gibbs,0.0004922896110827885,0.0011421955060129663,0.00040561169095049723,0.0007523233714796622,1,2000,,7692.4,0.99995,2000,ve,5.5022
grid,16,3,0.5,0.5,204,exact,0.0,0.0,,,1,,,,,,ve,0.0065
grid,16,3,0.5,0.5,204,mf,0.012971423039395667,0.03243214222857947,0.01268914813107379,0.013818247764361302,1,9,,,,,ve,0.0035
grid,16,3,0.5,0.5,204,lbp,0.0003791481892256194,0.0014456254065511667,0.0003977289341385531,0.0003234059544868183,1,24,2.7989013640095095e-07,,,,ve,0.0068
grid,16,3,0.5,0.5,204,gibbs,0.0013163680913773248,0.002916798146267663,0.001093348996024703,0.0019854253774351897,1,2000,,6856.2,0.99999,2000,ve,5.3918
grid,16,3,0.75,0.5,204,exact,0.0,0.0,,,1,,,,,,ve,0.0068
grid,16,3,0.75,0.5,204,mf,0.046003031264520156,0.11736231378565595,0.04437484826621372,0.05088758025943947,1,17,,,,,ve,0.006
grid,16,3,0.75,0.5,204,lbp,0.002500714527139356,0.009235429960397935,0.002538190623965881,0.0023882862366597785,1,32,5.271012680219123e-07,,,,ve,0.0075
grid,16,3,0.75,0.5,204,gibbs,0.0030320195769268834,0.00864810528535985,0.002358389319541598,0.005052910349082739,1,2000,,6166.3,1.00044,2000,ve,5.4849
grid,16,3,1.0,0.5,204,exact,0.0,0.0,,,1,,,,,,ve,0.0069
grid,16,3,1.0,0.5,204,mf,0.1305136809577226,0.24873438888976315,0.13019506237093426,0.13146953671808756,1,52,,,,,ve,0.0163
grid,16,3,1.0,0.5,204,lbp,0.011930965879676955,0.036803901395506,0.012424150555221567,0.010451411853043123,1,49,6.328737290894892e-07,,,,ve,0.0152
grid,16,3,1.0,0.5,204,gibbs,0.005507285486437247,0.01485360971230515,0.004864647889095651,0.007435198278462035,1,2000,,4377.1,1.00026,2000,ve,5.4755
grid,16,3,1.3,0.5,204,exact,0.0,0.0,,,1,,,,,,ve,0.0071
grid,16,3,1.3,0.5,204,mf,0.3354586570060317,0.5610347612282944,0.30039246100401645,0.4406572450120778,1,21,,,,,ve,0.0068
grid,16,3,1.3,0.5,204,lbp,0.06617812980118234,0.14164354895164943,0.06556141903182834,0.06802826210924434,1,99,8.167163683681089e-07,,,,ve,0.0304
grid,16,3,1.3,0.5,204,gibbs,0.010333179158684189,0.01934212667757873,0.00928366046367833,0.013481735243701765,1,2000,,2200.5,1.00058,2000,ve,5.6568
grid,16,3,1.75,0.5,204,exact,0.0,0.0,,,1,,,,,,ve,0.0067
grid,16,3,1.75,0.5,204,mf,0.3598602339440313,0.45944768410621206,0.3480700482361277,0.39523079106774217,1,28,,,,,ve,0.0097
grid,16,3,1.75,0.5,204,lbp,0.2873371919662801,0.3662825825373718,0.273223792238456,0.3296773911497524,1,77,5.857092846284218e-07,,,,ve,0.0234
grid,16,3,1.75,0.5,204,gibbs,0.029777625930242156,0.03757304263031666,0.028876949525661666,0.032479655143983606,1,2000,,600.4,1.0078,2000,ve,5.5775
grid,16,3,2.5,0.5,204,exact,0.0,0.0,,,1,,,,,,ve,0.0066
grid,16,3,2.5,0.5,204,mf,0.33774746641413333,0.37072779872397676,0.3379139316153194,0.33724807081057495,1,9,,,,,ve,0.0033
grid,16,3,2.5,0.5,204,lbp,0.3277657156375949,0.3378807226156181,0.32548316667782673,0.3346133625168991,1,44,3.0936295614125697e-07,,,,ve,0.014
grid,16,3,2.5,0.5,204,gibbs,0.0371568779942055,0.040639683659414325,0.036565145555077345,0.03893207531158995,0,2000,,16.9,1.15888,2000,ve,5.4105
grid,16,3,4.0,0.5,204,exact,0.0,0.0,,,1,,,,,,ve,0.0068
grid,16,3,4.0,0.5,204,mf,0.33192676578678193,0.3323858467445244,0.3319025885603558,0.3319992974660603,1,5,,,,,ve,0.0021
grid,16,3,4.0,0.5,204,lbp,0.3318256505859526,0.3320023693238565,0.331771433094747,0.3319883030595693,1,37,2.0175493632701436e-07,,,,ve,0.012
grid,16,3,4.0,0.5,204,gibbs,0.41777095308707335,0.4180064114777685,0.4176991092736566,0.4179864845273236,0,2000,,4.3,4.16986,2000,ve,5.5201
grid,16,3,0.0,1.5,204,exact,0.0,0.0,,,1,,,,,,ve,0.0067
grid,16,3,0.0,1.5,204,mf,2.6383382241076947e-16,5.967448757360216e-16,2.569468798609605e-16,2.8449465006019636e-16,1,1,,,,,ve,0.0005
grid,16,3,0.0,1.5,204,lbp,2.544012635101456e-16,6.245004513516506e-16,2.40900687708175e-16,2.949029909160572e-16,1,3,0.0,,,,ve,0.001
grid,16,3,0.0,1.5,204,gibbs,7.246414297605586e-15,1.5432100042289676e-14,7.292253461956463e-15,7.108896804552955e-15,1,2000,,7577.9,0.99989,2000,ve,5.4653
grid,16,3,0.1,1.5,204,exact,0.0,0.0,,,1,,,,,,ve,0.0065
grid,16,3,0.1,1.5,204,mf,0.0005055278658554543,0.0011751834933460235,0.0005239070049003013,0.000450390448720913,1,4,,,,,ve,0.0014
grid,16,3,0.1,1.5,204,lbp,5.017024259426414e-07,1.1813596039293717e-06,4.968237242623511e-07,5.163385309835122e-07,1,17,1.6930885377020033e-07,,,,ve,0.0052
grid,16,3,0.1,1.5,204,gibbs,0.0001712236312815559,0.00040889171046780415,0.00015774312449294258,0.0002116651516473958,1,2000,,7654.2,0.99985,2000,ve,5.4158
grid,16,3,0.25,1.5,204,exact,0.0,0.0,,,1,,,,,,ve,0.008
grid,16,3,0.25,1.5,204,mf,0.0030715714811569836,0.007664977833091124,0.0033372590820019373,0.0022745086786221218,1,6,,,,,ve,0.003
grid,16,3,0.25,1.5,204,lbp,1.91558841271974e-05,5.6762228898429856e-05,2.013819832922611e-05,1.620894152111127e-05,1,19,2.095376690491868e-07,,,,ve,0.0076
grid,16,3,0.25,1.5,204,gibbs,0.00035902849671442996,0.0010938147122884906,0.00031719569029791994,0.00048452691596395994,1,2000,,7551.9,0.99982,2000,ve,5.3885
grid,16,3,0.5,1.5,204,exact,0.0,0.0,,,1,,,,,,ve,0.0096
grid,16,3,0.5,1.5,204,mf,0.01366452832203166,0.03575235032571278,0.01392137845656744,0.012893977918424324,1,9,,,,,ve,0.0105
grid,16,3,0.5,1.5,204,lbp,0.0003760529740475423,0.0011692857440024802,0.0003789772255418968,0.0003672802195644788,1,24,2.809653559809888e-07,,,,ve,0.0398
grid,16,3,0.5,1.5,204,gibbs,0.0013532247469910325,0.003313936576369164,0.0011132208913693061,0.002073236313856211,1,2000,,6641.7,0.99993,2000,ve,5.4718
grid,16,3,0.75,1.5,204,exact,0.0,0.0,,,1,,,,,,ve,0.0068
grid,16,3,0.75,1.5,204,mf,0.0424626475479495,0.10695208918513743,0.038911428954677085,0.053116303327766706,1,17,,,,,ve,0.0067
grid,16,3,0.75,1.5,204,lbp,0.0022333139542131987,0.007246596168682954,0.002166309852288106,0.002434326259988479,1,31,3.8302595772865544e-07,,,,ve,0.0105
grid,16,3,0.75,1.5,204,gibbs,0.004160212776182587,0.009387792141020132,0.003592595240165208,0.005863065384234721,1,2000,,5619.0,1.00023,2000,ve,5.4873
grid,16,3,1.0,1.5,204,exact,0.0,0.0,,,1,,,,,,ve,0.007
grid,16,3,1.0,1.5,204,mf,0.1674570136657821,0.33496506212928867,0.1395409613663655,0.2512051705640319,1,37,,,,,ve,0.0125
grid,16,3,1.0,1.5,204,lbp,0.009010231823493716,0.02758112726391561,0.008671543916162691,0.010026295545486796,1,44,5.891367868549047e-07,,,,ve,0.0136
grid,16,3,1.0,1.5,204,gibbs,0.00660991375274143,0.0127512272394609,0.005925723202630549,0.008662485403074072,1,2000,,4290.0,1.00015,2000,ve,5.422
grid,16,3,1.3,1.5,204,exact,0.0,0.0,,,1,,,,,,ve,0.0065
grid,16,3,1.3,1.5,204,mf,0.2759234021483191,0.46403447055536806,0.2490163221290458,0.35664464220613906,1,14,,,,,ve,0.0046
grid,16,3,1.3,1.5,204,lbp,0.0552105845967287,0.11122856639519992,0.05080924733317845,0.06841459638737946,1,89,7.494279506969903e-07,,,,ve,0.0252
grid,16,3,1.3,1.5,204,gibbs,0.0063219510959856735,0.010981190018344404,0.005592144103858057,0.008511372072368522,1,2000,,2007.4,1.00027,2000,ve,5.5752
grid,16,3,1.75,1.5,204,exact,0.0,0.0,,,1,,,,,,ve,0.0071
grid,16,3,1.75,1.5,204,mf,0.5769859714097809,0.7568039994249953,0.5441433065246186,0.6755139660652678,1,25,,,,,ve,0.0086
grid,16,3,1.75,1.5,204,lbp,0.22626583725614674,0.32421439536566976,0.21239124464458195,0.2678896150908411,1,71,6.100175247159001e-07,,,,ve,0.0218
grid,16,3,1.75,1.5,204,gibbs,0.032886359869308476,0.04666151250824524,0.031224753043045006,0.03787118034809891,1,2000,,629.0,1.00097,2000,ve,5.3865
grid,16,3,2.5,1.5,204,exact,0.0,0.0,,,1,,,,,,ve,0.0065
grid,16,3,2.5,1.5,204,mf,0.6606668191010606,0.9485863477703906,0.6846807187224297,0.5886251202369537,1,18,,,,,ve,0.0063
grid,16,3,2.5,1.5,204,lbp,0.4857454568180471,0.5523389102849987,0.46818233611282506,0.5384348189337133,1,47,4.0336485718217574e-07,,,,ve,0.0146
grid,16,3,2.5,1.5,204,gibbs,0.2980026718374833,0.33829399658805004,0.2876480234222791,0.32906661708309587,0,2000,,55.9,1.04698,2000,ve,5.4764
grid,16,3,4.0,1.5,204,exact,0.0,0.0,,,1,,,,,,ve,0.0066
grid,16,3,4.0,1.5,204,mf,0.6003039417563899,0.9271433565581331,0.654769277864334,0.4369079334325576,1,6,,,,,ve,0.0022
grid,16,3,4.0,1.5,204,lbp,0.789756127586811,0.7932262469539799,0.7886294318313952,0.793136214853059,1,40,2.460713948160276e-07,,,,ve,0.0118
grid,16,3,4.0,1.5,204,gibbs,0.22001292419040236,0.220404249254129,0.2198990522988554,0.22035453986504347,0,2000,,4.7,2.67828,2000,ve,5.6262
grid,16,3,0.0,0.5,205,exact,0.0,0.0,,,1,,,,,,ve,0.0069
grid,16,3,0.0,0.5,205,mf,2.6313586726223193e-16,4.787836793695988e-16,2.872412955638263e-16,1.9081958235744878e-16,1,1,,,,,ve,0.0006
grid,16,3,0.0,0.5,205,lbp,2.574980159653073e-16,4.3021142204224816e-16,2.9128898367443884e-16,1.5612511283791264e-16,1,3,0.0,,,,ve,0.0012
grid,16,3,0.0,0.5,205,gibbs,8.572027636322144e-15,2.128158760328347e-14,7.403655235179348e-15,1.2077144839750531e-14,1,2000,,7267.9,0.99998,2000,ve,5.4115
grid,16,3,0.1,0.5,205,exact,0.0,0.0,,,1,,,,,,ve,0.0068
grid,16,3,0.1,0.5,205,mf,0.00045358064851451106,0.0009983466098581611,0.00045917148844453436,0.00043680812872444116,1,4,,,,,ve,0.0017
grid,16,3,0.1,0.5,205,lbp,8.126363690112975e-07,1.6601004706878753e-06,7.941697625204446e-07,8.680361884838561e-07,1,17,1.596593354191711e-07,,,,ve,0.0055
grid,16,3,0.1,0.5,205,gibbs,0.00025062545190131865,0.000407437680387035,0.0002534890963665091,0.00024203451850574736,1,2000,,7566.1,0.99989,2000,ve,5.4183
grid,16,3,0.25,0.5,205,exact,0.0,0.0,,,1,,,,,,ve,0.0068
grid,16,3,0.25,0.5,205,mf,0.0028991919379914638,0.006592050510642676,0.002956460515647476,0.002727386205023427,1,5,,,,,ve,0.002
grid,16,3,0.25,0.5,205,lbp,3.113276538402885e-05,5.945645675371758e-05,3.158182094477729e-05,2.9785598701783517e-05,1,19,1.941714365405467e-07,,,,ve,0.0062
grid,16,3,0.25,0.5,205,gibbs,0.0006509216858914017,0.001071238639072816,0.0006643289216993201,0.0006106999784676465,1,2000,,7280.4,1.00003,2000,ve,5.6456
grid,16,3,0.5,0.5,205,exact,0.0,0.0,,,1,,,,,,ve,0.0068
grid,16,3,0.5,0.5,205,mf,0.012463995506834837,0.028729801835734446,0.012850952940494932,0.011303123205854543,1,10,,,,,ve,0.0032
grid,16,3,0.5,0.5,205,lbp,0.0005435648372578923,0.0010436091479005122,0.0005578899506328492,0.0005005894971330214,1,23,3.430448109464912e-07,,,,ve,0.0075
grid,16,3,0.5,0.5,205,gibbs,0.0015687710147037422,0.002456309744954116,0.0015918286843296457,0.001499598005826032,1,2000,,7077.7,0.99997,2000,ve,5.6807
grid,16,3,0.75,0.5,205,exact,0.0,0.0,,,1,,,,,,ve,0.0067
grid,16,3,0.75,0.5,205,mf,0.044521848630746666,0.0853313785561884,0.044398918239878016,0.04489063980335259,1,42,,,,,ve,0.0147
grid,16,3,0.75,0.5,205,lbp,0.003093392912206647,0.005770371469704702,0.0032654806800823566,0.0025771296085795176,1,33,5.211315054487464e-07,,,,ve,0.0099
grid,16,3,0.75,0.5,205,gibbs,0.0038455729013162363,0.006712909032135166,0.003922344204358566,0.003615258992189247,1,2000,,6026.6,1.00003,2000,ve,5.5816
grid,16,3,1.0,0.5,205,exact,0.0,0.0,,,1,,,,,,ve,0.0076
grid,16,3,1.0,0.5,205,mf,0.25753557410221434,0.4122865829238613,0.2501889497277852,0.27957544722550165,1,31,,,,,ve,0.0111
grid,16,3,1.0,0.5,205,lbp,0.01207296541823454,0.024518030976618976,0.01273641581326649,0.010082614233138693,1,62,7.372419944529085e-07,,,,ve,0.0194
grid,16,3,1.0,0.5,205,gibbs,0.0069554692225489,0.012302382462706166,0.00698430269053171,0.006868968818600465,1,2000,,4155.8,1.00095,2000,ve,5.5102
grid,16,3,1.3,0.5,205,exact,0.0,0.0,,,1,,,,,,ve,0.0065
grid,16,3,1.3,0.5,205,mf,0.3683711369920313,0.458030756315999,0.36011116150965594,0.39315106343915734,1,22,,,,,ve,0.0073
grid,16,3,1.3,0.5,205,lbp,0.14717492835128432,0.2407840812953181,0.14612607957005877,0.15032147469496093,1,195,8.749916162731353e-07,,,,ve,0.061
grid,16,3,1.3,0.5,205,gibbs,0.013397429387514714,0.021137667892107834,0.01347770427152375,0.013156604735487605,1,2000,,2016.3,1.00218,2000,ve,5.446
grid,16,3,1.75,0.5,205,exact,0.0,0.0,,,1,,,,,,ve,0.007
grid,16,3,1.75,0.5,205,mf,0.37246546853100493,0.44834380386061456,0.3765323145690885,0.36026493041675434,1,17,,,,,ve,0.0072
grid,16,3,1.75,0.5,205,lbp,0.30960375033929965,0.36079800278778235,0.30701964202556026,0.3173560752805179,1,66,4.699590575585333e-07,,,,ve,0.0244
grid,16,3,1.75,0.5,205,gibbs,0.03826941707211589,0.047218018302047436,0.03806484442105012,0.03888313502531322,0,2000,,419.0,1.02008,2000,ve,5.6248
grid,16,3,2.5,0.5,205,exact,0.0,0.0,,,1,,,,,,ve,0.0066
grid,16,3,2.5,0.5,205,mf,0.24666513191546513,0.2690963090616518,0.24790079393940567,0.2429581458436435,1,10,,,,,ve,0.0035
grid,16,3,2.5,0.5,205,lbp,0.23974407201716808,0.24526851538242858,0.2394678131775302,0.24057284853608168,1,45,2.6444855871776696e-07,,,,ve,0.0137
grid,16,3,2.5,0.5,205,gibbs,0.22017554223710856,0.2273869010587498,0.21977329530862924,0.22138228302254642,0,2000,,10.5,1.28261,2000,ve,5.4022
grid,16,3,4.0,0.5,205,exact,0.0,0.0,,,1,,,,,,ve,0.007
grid,16,3,4.0,0.5,205,mf,0.5393188597824199,0.9839828823337666,0.5558586979614349,0.48969934524537445,1,10,,,,,ve,0.003
grid,16,3,4.0,0.5,205,lbp,0.20872165545271595,0.2088358813187312,0.20872780993752393,0.20870319199829201,1,38,2.7913987125927076e-07,,,,ve,0.0107
grid,16,3,4.0,0.5,205,gibbs,0.05469128841780856,0.054988223844258506,0.05469419898636221,0.05468255671214762,0,2000,,4.4,3.33435,2000,ve,5.609
grid,16,3,0.0,1.5,205,exact,0.0,0.0,,,1,,,,,,ve,0.0065
grid,16,3,0.0,1.5,205,mf,2.6638847377968844e-16,6.245004513516506e-16,2.9157810425376834e-16,1.9081958235744878e-16,1,1,,,,,ve,0.0006
grid,16,3,0.0,1.5,205,lbp,2.4882439858542327e-16,5.412337245047638e-16,2.7972416050126014e-16,1.5612511283791264e-16,1,3,0.0,,,,ve,0.0013
grid,16,3,0.0,1.5,205,gibbs,8.528388498879602e-15,1.7555401576885288e-14,7.345469718589293e-15,1.2077144839750531e-14,1,2000,,7427.1,1.00026,2000,ve,5.496
grid,16,3,0.1,1.5,205,exact,0.0,0.0,,,1,,,,,,ve,0.0066
grid,16,3,0.1,1.5,205,mf,0.000578225384309572,0.0012994082316382105,0.0006445102055901258,0.00037937092046791063,1,4,,,,,ve,0.0016
grid,16,3,0.1,1.5,205,lbp,6.959715101311783e-07,1.5862648715531114e-06,6.823539198650991e-07,7.368242809294157e-07,1,17,1.673086265085999e-07,,,,ve,0.0052
grid,16,3,0.1,1.5,205,gibbs,0.00017970812922931794,0.0004788615914940314,0.00017329293423374204,0.00019895371421604566,1,2000,,7670.8,1.0004,2000,ve,6.1189
grid,16,3,0.25,1.5,205,exact,0.0,0.0,,,1,,,,,,ve,0.0073
grid,16,3,0.25,1.5,205,mf,0.0037424792779800486,0.008671056272284379,0.004204801773167636,0.0023555117924172857,1,6,,,,,ve,0.0187
grid,16,3,0.25,1.5,205,lbp,2.7274824265302805e-05,7.260411086049828e-05,2.8529314377807e-05,2.351135392779022e-05,1,19,3.087549895197661e-07,,,,ve,0.0467
grid,16,3,0.25,1.5,205,gibbs,0.0005365605424501169,0.0013721248852757995,0.0004380536427616672,0.0008320812415154658,1,2000,,7708.1,1.00033,2000,ve,10.6802
grid,16,3,0.5,1.5,205,exact,0.0,0.0,,,1,,,,,,ve,0.0068
grid,16,3,0.5,1.5,205,mf,0.01585925332574277,0.039809695782251374,0.01871020123375299,0.0073064096017121105,1,10,,,,,ve,0.0184
grid,16,3,0.5,1.5,205,lbp,0.0005072404108052066,0.0014467099889202278,0.0005648307605801335,0.0003344693614804259,1,26,3.1796353655577647e-07,,,,ve,0.0395
grid,16,3,0.5,1.5,205,gibbs,0.0015518041480643095,0.004316326066827678,0.0012328521814286562,0.0025086600479712687,1,2000,,7025.5,0.99991,2000,ve,12.3527
grid,16,3,0.75,1.5,205,exact,0.0,0.0,,,1,,,,,,ve,0.0129
grid,16,3,0.75,1.5,205,mf,0.05142866380320717,0.11065051994709592,0.056298529482455416,0.03681906676546244,1,21,,,,,ve,0.0478
grid,16,3,0.75,1.5,205,lbp,0.0029886984928833233,0.00935307564051524,0.0035329355195735774,0.0013559874128125614,1,36,4.343776807136379e-07,,,,ve,0.0638
grid,16,3,0.75,1.5,205,gibbs,0.0023774100297741375,0.004259283953412574,0.0022956730177777847,0.0026226210657631956,1,2000,,5301.4,1.00064,2000,ve,11.7376
grid,16,3,1.0,1.5,205,exact,0.0,0.0,,,1,,,,,,ve,0.0066
grid,16,3,1.0,1.5,205,mf,0.1433512800666593,0.269014555233347,0.13793436556913535,0.15960202355923106,1,19,,,,,ve,0.0253
grid,16,3,1.0,1.5,205,lbp,0.01731508682428664,0.03727421622683944,0.01834203904140443,0.014234230172933267,1,52,6.314972453846934e-07,,,,ve,0.0611
grid,16,3,1.0,1.5,205,gibbs,0.002860633886404799,0.009309811587099676,0.002336713989432397,0.004432393577322004,1,2000,,2640.0,1.00299,2000,ve,11.7926
grid,16,3,1.3,1.5,205,exact,0.0,0.0,,,1,,,,,,ve,0.0066
grid,16,3,1.3,1.5,205,mf,0.16158155156276074,0.25002648871133304,0.15364164419490314,0.18540127366633358,1,16,,,,,ve,0.0168
grid,16,3,1.3,1.5,205,lbp,0.05976003756172548,0.0940280942725308,0.05935834793551962,0.060965106440343066,1,62,6.482552163400435e-07,,,,ve,0.0697
grid,16,3,1.3,1.5,205,gibbs,0.013515458476665614,0.02464694851204007,0.012918806397821114,0.015305414713199112,1,2000,,1767.5,1.00253,2000,ve,11.1087
grid,16,3,1.75,1.5,205,exact,0.0,0.0,,,1,,,,,,ve,0.0101
grid,16,3,1.75,1.5,205,mf,0.1123712332151044,0.1668089006026073,0.10702412542134827,0.1284125565963727,1,21,,,,,ve,0.0447
grid,16,3,1.75,1.5,205,lbp,0.07476533564318025,0.09498507497740176,0.07399272264087646,0.07708317465009158,1,46,4.0686273050649646e-07,,,,ve,0.0275
grid,16,3,1.75,1.5,205,gibbs,0.004828832308745248,0.008847320014479743,0.005043107058496369,0.004186008059491883,1,2000,,1209.5,1.00362,2000,ve,11.2626
grid,16,3,2.5,1.5,205,exact,0.0,0.0,,,1,,,,,,ve,0.0073
grid,16,3,2.5,1.5,205,mf,0.13895927545462156,0.23407737425937133,0.1418554130974513,0.13027086252613232,1,10,,,,,ve,0.0158
grid,16,3,2.5,1.5,205,lbp,0.1232064363213678,0.12790268843910035,0.12291960318346595,0.12406693573507331,1,39,2.2495413309897572e-07,,,,ve,0.0366
grid,16,3,2.5,1.5,205,gibbs,0.12234414576586376,0.12600847623506634,0.12214315325994289,0.12294712328362642,0,2000,,118.6,1.21811,2000,ve,11.7974
grid,16,3,4.0,1.5,205,exact,0.0,0.0,,,1,,,,,,ve,0.0068
grid,16,3,4.0,1.5,205,mf,0.16928767240992765,0.17086776440260376,0.1693248079623827,0.16917626575256245,1,6,,,,,ve,0.006
grid,16,3,4.0,1.5,205,lbp,0.16901363333043185,0.16927360642975614,0.16897497865541533,0.1691295973554814,1,35,1.8666559697955165e-07,,,,ve,0.0302
grid,16,3,4.0,1.5,205,gibbs,0.08352283895114711,0.08359262701308343,0.08352007318940151,0.08353113623638388,0,2000,,5.4,1.97862,2000,ve,10.9558
grid,16,3,0.0,0.5,206,exact,0.0,0.0,,,1,,,,,,ve,0.0074
grid,16,3,0.0,0.5,206,mf,2.2133987351291573e-16,5.967448757360216e-16,2.2920033926343564e-16,1.97758476261356e-16,1,1,,,,,ve,0.0018
grid,16,3,0.0,0.5,206,lbp,2.0621525320674294e-16,6.522560269672795e-16,2.0903417885520525e-16,1.97758476261356e-16,1,3,0.0,,,,ve,0.0094
grid,16,3,0.0,0.5,206,gibbs,4.975457979644604e-15,1.1823875212257917e-14,4.862791303887152e-15,5.31345800691696e-15,1,2000,,7402.2,1.00037,2000,ve,11.0794
grid,16,3,0.1,0.5,206,exact,0.0,0.0,,,1,,,,,,ve,0.0066
grid,16,3,0.1,0.5,206,mf,0.0005690080536872972,0.0011375985410443934,0.0005503435071638338,0.0006250016932576874,1,4,,,,,ve,0.003
grid,16,3,0.1,0.5,206,lbp,3.8533524195739433e-07,8.60427959652188e-07,3.801433293756957e-07,4.009109797024901e-07,1,18,1.6258821361470055e-07,,,,ve,0.0116
grid,16,3,0.1,0.5,206,gibbs,0.00022195689041136415,0.0004077311090736925,0.00022237412027078263,0.00022070520083310868,1,2000,,7317.2,1.00051,2000,ve,11.5316
grid,16,3,0.25,0.5,206,exact,0.0,0.0,,,1,,,,,,ve,0.0073
grid,16,3,0.25,0.5,206,mf,0.003699619010577776,0.007099837571381232,0.0035364688510960266,0.004189069489023025,1,5,,,,,ve,0.008
grid,16,3,0.25,0.5,206,lbp,1.5301945144162758e-05,4.073651687928892e-05,1.4623388725627058e-05,1.7337614399769857e-05,1,21,2.0020177793345084e-07,,,,ve,0.0314
grid,16,3,0.25,0.5,206,gibbs,0.0005462310890374477,0.0010151978645571921,0.0005473588337027178,0.0005428478550416373,1,2000,,7040.5,1.00061,2000,ve,11.7743
grid,16,3,0.5,0.5,206,exact,0.0,0.0,,,1,,,,,,ve,0.0067
grid,16,3,0.5,0.5,206,mf,0.013187453774899896,0.02401811407289863,0.012335368223127858,0.015743710430216017,1,7,,,,,ve,0.0077
grid,16,3,0.5,0.5,206,lbp,0.0002255471077235667,0.0006063030736245256,0.00021556450783100103,0.0002554949074012637,1,25,3.4853179947669233e-07,,,,ve,0.023
grid,16,3,0.5,0.5,206,gibbs,0.0010034440857079915,0.0025522348858079275,0.0009822010978048545,0.0010671730494174027,1,2000,,6252.9,1.00058,2000,ve,10.4778
grid,16,3,0.75,0.5,206,exact,0.0,0.0,,,1,,,,,,ve,0.0072
grid,16,3,0.75,0.5,206,mf,0.020975334069177707,0.051420928408766345,0.01995810032834055,0.024027035291689182,1,10,,,,,ve,0.0076
grid,16,3,0.75,0.5,206,lbp,0.0008696735895644203,0.0023135645058181553,0.0008698839150638507,0.0008690426130661295,1,30,4.10079387780371e-07,,,,ve,0.0235
grid,16,3,0.75,0.5,206,gibbs,0.0014009621612328317,0.004973055988141864,0.00149919976092891,0.0011062493621445965,1,2000,,5364.8,1.00023,2000,ve,11.4541
grid,16,3,1.0,0.5,206,exact,0.0,0.0,,,1,,,,,,ve,0.007
grid,16,3,1.0,0.5,206,mf,0.029795089662347576,0.051954571861520346,0.03239570854830135,0.021993233004486253,1,17,,,,,ve,0.0234
grid,16,3,1.0,0.5,206,lbp,0.0017932635573495717,0.004918298825252054,0.001958348866733022,0.0012980076291992217,1,35,3.9528304007774295e-07,,,,ve,0.0492
grid,16,3,1.0,0.5,206,gibbs,0.0009173446701805555,0.0034187985128718568,0.0009642573365388884,0.0007766066711055572,1,2000,,4783.0,1.00053,2000,ve,12.3912
grid,16,3,1.3,0.5,206,exact,0.0,0.0,,,1,,,,,,ve,0.0086
grid,16,3,1.3,0.5,206,mf,0.03902518518827641,0.11789631079334166,0.04801588840141482,0.012053075548861217,1,12,,,,,ve,0.013
grid,16,3,1.3,0.5,206,lbp,0.0022460959015853117,0.007320208152407463,0.0026940355531914744,0.0009022769467668252,1,38,3.266932759315999e-07,,,,ve,0.0508
grid,16,3,1.3,0.5,206,gibbs,0.0009214279949971834,0.0027170985709240878,0.0010548477749612866,0.0005211686551048742,1,2000,,4235.2,0.99994,2000,ve,11.5816
grid,16,3,1.75,0.5,206,exact,0.0,0.0,,,1,,,,,,ve,0.0069
grid,16,3,1.75,0.5,206,mf,0.013014704556356727,0.04512817796289143,0.01648419728659169,0.0026062263656518357,1,7,,,,,ve,0.0089
grid,16,3,1.75,0.5,206,lbp,0.0008370988964820114,0.002971116356334653,0.0010629766426915293,0.00015946565785345852,1,35,3.8755660780598333e-07,,,,ve,0.0517
grid,16,3,1.75,0.5,206,gibbs,0.0005539869480185452,0.0017609461173226388,0.0006851140745176995,0.00016060556852108218,1,2000,,4355.6,1.00002,2000,ve,11.4016
grid,16,3,2.5,0.5,206,exact,0.0,0.0,,,1,,,,,,ve,0.0071
grid,16,3,2.5,0.5,206,mf,0.0011664634118912806,0.005171522583117881,0.0014985512782896143,0.00017019981269627914,1,5,,,,,ve,0.0019
grid,16,3,2.5,0.5,206,lbp,4.2237417089554405e-05,0.00015264161498517855,5.4712506239999106e-05,4.812149638220317e-06,1,31,2.685797582113736e-07,,,,ve,0.0432
grid,16,3,2.5,0.5,206,gibbs,0.00010664878960562714,0.0003798582896673353,0.00013329744942232644,2.670281015552921e-05,1,2000,,5388.1,1.00162,2000,ve,10.89
grid,16,3,4.0,0.5,206,exact,0.0,0.0,,,1,,,,,,ve,0.0067
grid,16,3,4.0,0.5,206,mf,1.1245070745890118e-05,5.962684435096655e-05,1.4403374911291691e-05,1.7701582496854043e-06,1,4,,,,,ve,0.0062
grid,16,3,4.0,0.5,206,lbp,6.913634480742825e-07,9.330505424201156e-07,7.185230027372029e-07,6.098847840855208e-07,1,30,1.729597132182903e-07,,,,ve,0.0421
grid,16,3,4.0,0.5,206,gibbs,5.44268432273633e-06,2.589027799685737e-05,6.767906290463927e-06,1.4670184195535416e-06,1,2000,,6692.9,1.00056,2000,ve,13.2026
grid,16,3,0.0,1.5,206,exact,0.0,0.0,,,1,,,,,,ve,0.0091
grid,16,3,0.0,1.5,206,mf,2.47984141901747e-16,5.551115123125783e-16,2.64726030448544e-16,1.97758476261356e-16,1,1,,,,,ve,0.0061
grid,16,3,0.0,1.5,206,lbp,2.358139725155972e-16,6.175615574477433e-16,2.484991379336776e-16,1.97758476261356e-16,1,3,0.0,,,,ve,0.0088
grid,16,3,0.0,1.5,206,gibbs,5.851927015881886e-15,1.177877240188252e-14,6.031416685536861e-15,5.31345800691696e-15,1,2000,,7347.3,1.00112,2000,ve,11.8497
grid,16,3,0.1,1.5,206,exact,0.0,0.0,,,1,,,,,,ve,0.0068
grid,16,3,0.1,1.5,206,mf,0.000545649272403787,0.0011669983898977276,0.0005552076315433548,0.0005169741949850835,1,4,,,,,ve,0.0105
grid,16,3,0.1,1.5,206,lbp,3.5843419920222647e-07,7.917842154980814e-07,3.855122614705734e-07,2.772000123971857e-07,1,17,2.7060902929587627e-07,,,,ve,0.0438
grid,16,3,0.1,1.5,206,gibbs,0.00018128500033229587,0.00037498916244253777,0.0001637382120189526,0.00023392536527232569,1,2000,,7362.8,1.00097,2000,ve,10.2208
grid,16,3,0.25,1.5,206,exact,0.0,0.0,,,1,,,,,,ve,0.0067
grid,16,3,0.25,1.5,206,mf,0.0033825077927073536,0.007197378529098141,0.0033330098227271517,0.0035310017026479595,1,5,,,,,ve,0.0096
grid,16,3,0.25,1.5,206,lbp,1.3409929847404755e-05,3.614537268618531e-05,1.3760322796138483e-05,1.2358751001203573e-05,1,20,2.653865180390902e-07,,,,ve,0.0301
grid,16,3,0.25,1.5,206,gibbs,0.0004593423132594705,0.0009714249328296003,0.00045634576064666337,0.000468331971097892,1,2000,,7261.2,1.00057,2000,ve,11.4309
grid,16,3,0.5,1.5,206,exact,0.0,0.0,,,1,,,,,,ve,0.0068
grid,16,3,0.5,1.5,206,mf,0.01264763333516,0.027768104125038558,0.011964251554026792,0.014697778678559634,1,8,,,,,ve,0.0024
grid,16,3,0.5,1.5,206,lbp,0.00022509511423947793,0.0006518137025532632,0.00022960951779368798,0.00021155190357684782,1,25,3.201484223280815e-07,,,,ve,0.0442
grid,16,3,0.5,1.5,206,gibbs,0.0011839597255835492,0.0025070418678751205,0.0012329000058992799,0.0010371388846363572,1,2000,,6681.1,1.00043,2000,ve,12.2555
grid,16,3,0.75,1.5,206,exact,0.0,0.0,,,1,,,,,,ve,0.008
grid,16,3,0.75,1.5,206,mf,0.023393445678087245,0.05503646937567985,0.021943748746105718,0.027742536474031826,1,12,,,,,ve,0.016
grid,16,3,0.75,1.5,206,lbp,0.0010744421967688613,0.0037807277020565303,0.0010894386829902556,0.0010294527381046787,1,32,3.339834233062611e-07,,,,ve,0.0287
grid,16,3,0.75,1.5,206,gibbs,0.0017362721943097038,0.003043713903066299,0.0018918202610147261,0.0012696279941946356,1,2000,,6210.8,1.00018,2000,ve,10.4858
grid,16,3,1.0,1.5,206,exact,0.0,0.0,,,1,,,,,,ve,0.0066
grid,16,3,1.0,1.5,206,mf,0.03200185555639368,0.07230327324367009,0.03180964670487102,0.03257848211096163,1,24,,,,,ve,0.0705
grid,16,3,1.0,1.5,206,lbp,0.002406816637838687,0.011523309663814419,0.0023115194797188087,0.0026927081121983203,1,39,3.6536226699634966e-07,,,,ve,0.0204
grid,16,3,1.0,1.5,206,gibbs,0.0013476180462921644,0.005398481580866168,0.0013881773926303423,0.0012259400072776308,1,2000,,4703.6,1.00094,2000,ve,10.6066
grid,16,3,1.3,1.5,206,exact,0.0,0.0,,,1,,,,,,ve,0.0095
grid,16,3,1.3,1.5,206,mf,0.047628887522591645,0.16333541082306052,0.056909768387456094,0.01978624492799829,1,12,,,,,ve,0.0164
grid,16,3,1.3,1.5,206,lbp,0.0044842112988534785,0.013812240059436013,0.004940210557826779,0.0031162135219335763,1,42,3.786880787837177e-07,,,,ve,0.0451
grid,16,3,1.3,1.5,206,gibbs,0.0024775335419774088,0.00848725082562915,0.002943018391151183,0.0010810789944560879,1,2000,,3626.0,1.00113,2000,ve,12.4244
grid,16,3,1.75,1.5,206,exact,0.0,0.0,,,1,,,,,,ve,0.01
grid,16,3,1.75,1.5,206,mf,0.0132677754643419,0.048102435595711826,0.016312082752356544,0.004134853600297968,1,7,,,,,ve,0.0049
grid,16,3,1.75,1.5,206,lbp,0.0012190078492641371,0.0037061078217295353,0.0014137019154545846,0.0006349256506927943,1,37,2.6479715908855894e-07,,,,ve,0.0219
grid,16,3,1.75,1.5,206,gibbs,0.0003120697488581772,0.0008084575784913076,0.00037092481740434247,0.00013550454321968123,1,2000,,4244.7,1.00006,2000,ve,11.3534
grid,16,3,2.5,1.5,206,exact,0.0,0.0,,,1,,,,,,ve,0.0082
grid,16,3,2.5,1.5,206,mf,0.0011560342362092694,0.006549165554506214,0.001452631184724415,0.00026624339066383146,1,6,,,,,ve,0.0032
grid,16,3,2.5,1.5,206,lbp,3.735277248952534e-05,0.00011161284317514667,4.367168338757701e-05,1.8396039795370312e-05,1,31,2.6241937600701704e-07,,,,ve,0.0133
grid,16,3,2.5,1.5,206,gibbs,7.157435692278869e-05,0.0002449094046529177,8.835070440728073e-05,2.12453144693125e-05,1,2000,,5420.6,1.00015,2000,ve,11.6401
grid,16,3,4.0,1.5,206,exact,0.0,0.0,,,1,,,,,,ve,0.0076
grid,16,3,4.0,1.5,206,mf,1.2389703914105549e-05,7.488937175858195e-05,1.5350634329199878e-05,3.5069126688225563e-06,1,5,,,,,ve,0.0078
grid,16,3,4.0,1.5,206,lbp,1.6758209893631346e-06,1.7804455806054434e-06,1.6857157883043077e-06,1.6461365925396154e-06,1,30,1.981899424574607e-07,,,,ve,0.0395
grid,16,3,4.0,1.5,206,gibbs,4.711128009303952e-06,2.5214086426754065e-05,5.263168059546284e-06,3.0550078585769564e-06,1,2000,,6455.6,1.00023,2000,ve,10.8914
grid,16,3,0.0,0.5,207,exact,0.0,0.0,,,1,,,,,,ve,0.0087
grid,16,3,0.0,0.5,207,mf,2.7424893953020835e-16,4.996003610813204e-16,2.4083744258144673e-16,3.7448343037649323e-16,1,1,,,,,ve,0.0023
grid,16,3,0.0,0.5,207,lbp,2.9961927036636915e-16,5.273559366969494e-16,2.6425620950713363e-16,4.0570845294407576e-16,1,3,0.0,,,,ve,0.0058
grid,16,3,0.0,0.5,207,gibbs,5.521624824034177e-15,1.2418885364517962e-14,4.3450486264529076e-15,9.051353416777985e-15,1,2000,,7674.4,1.0001,2000,ve,10.9374
grid,16,3,0.1,0.5,207,exact,0.0,0.0,,,1,,,,,,ve,0.0073
grid,16,3,0.1,0.5,207,mf,0.0005620539791336,0.0009842706780980176,0.000491675874395595,0.0007731882933476153,1,4,,,,,ve,0.0064
grid,16,3,0.1,0.5,207,lbp,6.22712392940952e-07,1.7019092453524065e-06,5.429168773358507e-07,8.620989397562558e-07,1,17,1.658963419970405e-07,,,,ve,0.0201
grid,16,3,0.1,0.5,207,gibbs,0.00017684982313480947,0.0004742074792187939,0.0001860210257927057,0.00014933621516112082,1,2000,,7720.4,1.00041,2000,ve,9.5049
grid,16,3,0.25,0.5,207,exact,0.0,0.0,,,1,,,,,,ve,0.0076
grid,16,3,0.25,0.5,207,mf,0.0033958744635885236,0.00645569705004459,0.0029735092028127415,0.00466297024591587,1,5,,,,,ve,0.0033
grid,16,3,0.25,0.5,207,lbp,2.430142185232191e-05,7.016460543106395e-05,2.1478066702012525e-05,3.277148730325007e-05,1,18,3.184017055013477e-07,,,,ve,0.0105
grid,16,3,0.25,0.5,207,gibbs,0.0004451018365391204,0.001052354743246553,0.0004726920441455288,0.0003623312137198953,1,2000,,7722.3,1.00015,2000,ve,9.253
grid,16,3,0.5,0.5,207,exact,0.0,0.0,,,1,,,,,,ve,0.0081
grid,16,3,0.5,0.5,207,mf,0.0135494774161132,0.029138123777067586,0.012159449285567647,0.017719561807749855,1,9,,,,,ve,0.0092
grid,16,3,0.5,0.5,207,lbp,0.00043187775478997455,0.0012328932018003391,0.0003838378051057882,0.0005759976038425337,1,24,3.1373245995558463e-07,,,,ve,0.0335
grid,16,3,0.5,0.5,207,gibbs,0.0013830140876864964,0.003038000820514121,0.0012738459730789683,0.0017105184315090811,1,2000,,7342.0,0.99997,2000,ve,9.7014
grid,16,3,0.75,0.5,207,exact,0.0,0.0,,,1,,,,,,ve,0.0067
grid,16,3,0.75,0.5,207,mf,0.035930278830484504,0.07669946515150981,0.03367394148607953,0.042699290863699405,1,17,,,,,ve,0.0148
grid,16,3,0.75,0.5,207,lbp,0.0024577889361646153,0.006522658455275651,0.0022563648805033407,0.003062061103148438,1,33,3.9738216717211117e-07,,,,ve,0.0301
grid,16,3,0.75,0.5,207,gibbs,0.0038717556337066195,0.007882798586317186,0.0037920439886765015,0.004110890568796974,1,2000,,6720.3,1.00015,2000,ve,10.558
grid,16,3,1.0,0.5,207,exact,0.0,0.0,,,1,,,,,,ve,0.0072
grid,16,3,1.0,0.5,207,mf,0.1320481607845616,0.3213017839726082,0.13012211639985177,0.13782629393869109,1,59,,,,,ve,0.0555
grid,16,3,1.0,0.5,207,lbp,0.009869443955607567,0.02369531581584891,0.009287022721461343,0.011616707658046241,1,50,6.64535706351721e-07,,,,ve,0.0483
grid,16,3,1.0,0.5,207,gibbs,0.004787360474052487,0.01012391768737013,0.004361477556051944,0.006065009228054118,1,2000,,4815.3,1.00047,2000,ve,9.0337
grid,16,3,1.3,0.5,207,exact,0.0,0.0,,,1,,,,,,ve,0.0072
grid,16,3,1.3,0.5,207,mf,0.32837756906794613,0.47251055054166,0.3117137894932659,0.37836890779198695,1,27,,,,,ve,0.0257
grid,16,3,1.3,0.5,207,lbp,0.0651239310812709,0.1467550299779134,0.06442176868668241,0.06723041826503641,1,116,8.187256017033739e-07,,,,ve,0.0725
grid,16,3,1.3,0.5,207,gibbs,0.004840044354329769,0.009671563356177706,0.004875964198111469,0.004732284822984668,1,2000,,2131.0,1.00168,2000,ve,8.5333
grid,16,3,1.75,0.5,207,exact,0.0,0.0,,,1,,,,,,ve,0.0078
grid,16,3,1.75,0.5,207,mf,0.1747213274483499,0.2549197350381597,0.17415805938597903,0.17641113163546257,1,13,,,,,ve,0.0106
grid,16,3,1.75,0.5,207,lbp,0.1256391560192645,0.17373944020391716,0.12326025139803831,0.13277586988294307,1,61,4.588422221063482e-07,,,,ve,0.041
grid,16,3,1.75,0.5,207,gibbs,0.016401354159417684,0.025730687326176928,0.016438315315568258,0.01629047069096596,1,2000,,423.2,1.00743,2000,ve,6.6612
grid,16,3,2.5,0.5,207,exact,0.0,0.0,,,1,,,,,,ve,0.0092
grid,16,3,2.5,0.5,207,mf,0.0322680373889916,0.04181387403565436,0.03276913743975431,0.03076473723670345,1,10,,,,,ve,0.0047
grid,16,3,2.5,0.5,207,lbp,0.028120473862193275,0.030531404355504735,0.0281217682886549,0.02811659058280839,1,41,3.1739642725181483e-07,,,,ve,0.0145
grid,16,3,2.5,0.5,207,gibbs,0.024441981341494796,0.025768042525534756,0.02454383281115587,0.024136426932511577,0,2000,,85.0,1.03466,2000,ve,6.4022
grid,16,3,4.0,0.5,207,exact,0.0,0.0,,,1,,,,,,ve,0.007
grid,16,3,4.0,0.5,207,mf,0.019972526006053516,0.020068537410085876,0.019978680660819998,0.019954062041754088,1,8,,,,,ve,0.0032
grid,16,3,4.0,0.5,207,lbp,0.019935361492574265,0.019952771148601924,0.019935703059707464,0.019934336791174657,1,36,1.865952481416855e-07,,,,ve,0.0132
grid,16,3,4.0,0.5,207,gibbs,0.7290490857936125,0.7300497007091278,0.7293435189733977,0.7281657862542574,0,2000,,4.6,2.99229,2000,ve,6.3395
grid,16,3,0.0,1.5,207,exact,0.0,0.0,,,1,,,,,,ve,0.0067
grid,16,3,0.0,1.5,207,mf,3.9351117850361383e-16,1.1726730697603216e-15,3.668940151690947e-16,4.733626685071712e-16,1,1,,,,,ve,0.0009
grid,16,3,0.0,1.5,207,lbp,4.016426947972551e-16,1.1796119636642288e-15,3.6501473140345314e-16,5.11526584978661e-16,1,3,0.0,,,,ve,0.0018
grid,16,3,0.0,1.5,207,gibbs,6.214213171817917e-15,1.3534312559571049e-14,5.297990055922834e-15,8.962882519503168e-15,1,2000,,8020.5,1.00017,2000,ve,6.0238
grid,16,3,0.1,1.5,207,exact,0.0,0.0,,,1,,,,,,ve,0.0066
grid,16,3,0.1,1.5,207,mf,0.0005341505640350072,0.0009963303373479102,0.0004929170041924521,0.0006578512435626727,1,4,,,,,ve,0.0017
grid,16,3,0.1,1.5,207,lbp,4.2785327887670185e-07,1.2957592714288313e-06,4.2305681923534427e-07,4.422426578007746e-07,1,17,1.8122202111170438e-07,,,,ve,0.0059
grid,16,3,0.1,1.5,207,gibbs,0.00023814676188643963,0.0005022782637321699,0.00023904658057530918,0.000235447305819831,1,2000,,8077.6,0.99983,2000,ve,5.7469
grid,16,3,0.25,1.5,207,exact,0.0,0.0,,,1,,,,,,ve,0.0067
grid,16,3,0.25,1.5,207,mf,0.0034637461179394336,0.006508529993482767,0.003228129950154512,0.004170594621294198,1,5,,,,,ve,0.0021
grid,16,3,0.25,1.5,207,lbp,1.6348369488454332e-05,4.393067464995848e-05,1.6318524133303936e-05,1.643790555390552e-05,1,19,2.062987666251459e-07,,,,ve,0.0064
grid,16,3,0.25,1.5,207,gibbs,0.0005641708656128439,0.0011389002811063517,0.0005168843157149231,0.0007060305153066063,1,2000,,7787.4,0.9999,2000,ve,5.8232
grid,16,3,0.5,1.5,207,exact,0.0,0.0,,,1,,,,,,ve,0.0067
grid,16,3,0.5,1.5,207,mf,0.015017869844529515,0.033603208867508366,0.014045218018894343,0.017935825321435027,1,8,,,,,ve,0.003
grid,16,3,0.5,1.5,207,lbp,0.0003181513415292489,0.0007435880668865483,0.0003121575401363044,0.0003361327457080826,1,23,3.468249331617379e-07,,,,ve,0.0074
grid,16,3,0.5,1.5,207,gibbs,0.00105223542396403,0.002184844717654566,0.0009332652141558801,0.00140914605338848,1,2000,,7584.0,1.00004,2000,ve,5.6316
grid,16,3,0.75,1.5,207,exact,0.0,0.0,,,1,,,,,,ve,0.0252
grid,16,3,0.75,1.5,207,mf,0.0388779907116785,0.09271996096408541,0.035071135111202495,0.05029855751310654,1,13,,,,,ve,0.0042
grid,16,3,0.75,1.5,207,lbp,0.001983149950798811,0.004991370092654143,0.0018910259980731037,0.0022595218089759323,1,30,3.487167571369909e-07,,,,ve,0.0092
grid,16,3,0.75,1.5,207,gibbs,0.002971576138982937,0.007314865586290464,0.002463445373806581,0.004495968434512006,1,2000,,6764.3,1.00019,2000,ve,5.6686
grid,16,3,1.0,1.5,207,exact,0.0,0.0,,,1,,,,,,ve,0.0067
grid,16,3,1.0,1.5,207,mf,0.09753100585177635,0.2498920472064606,0.08604997393204405,0.13197410161097317,1,23,,,,,ve,0.008
grid,16,3,1.0,1.5,207,lbp,0.007453255915233676,0.020582171123971274,0.0069313659408944475,0.009018925838251358,1,42,4.970932955261631e-07,,,,ve,0.0129
grid,16,3,1.0,1.5,207,gibbs,0.004999607174796246,0.011293689477785161,0.004439046193555277,0.0066812901185191505,1,2000,,5473.2,1.00039,2000,ve,5.7077
grid,16,3,1.3,1.5,207,exact,0.0,0.0,,,1,,,,,,ve,0.0068
grid,16,3,1.3,1.5,207,mf,0.24211956352874853,0.5247886330062599,0.22163715344788784,0.30356679377133045,1,37,,,,,ve,0.0131
grid,16,3,1.3,1.5,207,lbp,0.01977273182932595,0.05090123682620926,0.019210964429151274,0.02145803402984997,1,89,7.690795668646722e-07,,,,ve,0.0279
grid,16,3,1.3,1.5,207,gibbs,0.003774565138970242,0.009754176755950597,0.0035867015235408173,0.004338155985258518,1,2000,,2599.0,0.99999,2000,ve,5.6664
grid,16,3,1.75,1.5,207,exact,0.0,0.0,,,1,,,,,,ve,0.0068
grid,16,3,1.75,1.5,207,mf,0.5343034843716202,0.8403194641756693,0.5195021286255918,0.5787075516097058,1,66,,,,,ve,0.0229
grid,16,3,1.75,1.5,207,lbp,0.10079903127450941,0.15865961710331922,0.09597760519695299,0.1152633095071786,1,66,5.506759338524958e-07,,,,ve,0.0196
grid,16,3,1.75,1.5,207,gibbs,0.007874415791528252,0.015158422314571606,0.007670321602587471,0.008486698358350591,1,2000,,547.5,1.00743,2000,ve,5.8804
grid,16,3,2.5,1.5,207,exact,0.0,0.0,,,1,,,,,,ve,0.007
grid,16,3,2.5,1.5,207,mf,0.7520592650440214,0.9935167367480118,0.7463114846023077,0.7693026063691626,1,16,,,,,ve,0.0058
grid,16,3,2.5,1.5,207,lbp,0.00551366915585947,0.007075650748960484,0.005502955987081196,0.005545808662194293,1,42,2.638028627766076e-07,,,,ve,0.0134
grid,16,3,2.5,1.5,207,gibbs,0.005522338258943507,0.008015292053101638,0.005489308535728194,0.005621427428589447,1,2000,,4000.6,0.99978,2000,ve,5.7721
grid,16,3,4.0,1.5,207,exact,0.0,0.0,,,1,,,,,,ve,0.007
grid,16,3,4.0,1.5,207,mf,0.0007722487193165218,0.0009046265560800918,0.0007814083149253721,0.0007447699324899715,1,12,,,,,ve,0.0095
grid,16,3,4.0,1.5,207,lbp,0.0007276649606258217,0.0007308950315628425,0.0007280128288613728,0.0007266213559191684,1,37,2.601952844155653e-07,,,,ve,0.0137
grid,16,3,4.0,1.5,207,gibbs,0.9938180537596383,0.9995527652070313,0.9948376373535889,0.9907593029777868,1,2000,,1518.4,1.00218,2000,ve,5.594
grid,16,3,0.0,0.5,208,exact,0.0,0.0,,,1,,,,,,ve,0.0067
grid,16,3,0.0,0.5,208,mf,2.3397082882237186e-16,4.85722573273506e-16,2.7292982688701767e-16,1.1709383462843448e-16,1,1,,,,,ve,0.0006
grid,16,3,0.0,0.5,208,lbp,2.6150956400350367e-16,5.273559366969494e-16,2.9259002628142145e-16,1.682681771697503e-16,1,3,0.0,,,,ve,0.001
grid,16,3,0.0,0.5,208,gibbs,8.56259507742152e-15,1.667416205108907e-14,9.019694713341408e-15,7.191296169661854e-15,1,2000,,7479.8,1.00067,2000,ve,5.7358
grid,16,3,0.1,0.5,208,exact,0.0,0.0,,,1,,,,,,ve,0.0066
grid,16,3,0.1,0.5,208,mf,0.0006332641348187752,0.000995609823392682,0.0006063196194449385,0.0007140976809402854,1,4,,,,,ve,0.0019
grid,16,3,0.1,0.5,208,lbp,6.241370600734274e-07,1.3127180948195594e-06,6.025079084892929e-07,6.890245148258312e-07,1,17,2.326548991793409e-07,,,,ve,0.0055
grid,16,3,0.1,0.5,208,gibbs,0.0003179730080633118,0.0006960729191685527,0.00034111912371923475,0.0002485346610955428,1,2000,,7123.0,1.00077,2000,ve,5.6414
grid,16,3,0.25,0.5,208,exact,0.0,0.0,,,1,,,,,,ve,0.0065
grid,16,3,0.25,0.5,208,mf,0.004382974321216674,0.006887044312833046,0.004053219940773002,0.005372237462547691,1,6,,,,,ve,0.0026
grid,16,3,0.25,0.5,208,lbp,2.642584812178315e-05,5.3045788397629995e-05,2.237500778344848e-05,3.857836913678716e-05,1,20,2.3562083367734132e-07,,,,ve,0.0066
grid,16,3,0.25,0.5,208,gibbs,0.0009689677157329833,0.0027515947603947224,0.0009611508089847383,0.0009924184359777185,1,2000,,7222.5,1.00061,2000,ve,5.6191
grid,16,3,0.5,0.5,208,exact,0.0,0.0,,,1,,,,,,ve,0.0067
grid,16,3,0.5,0.5,208,mf,0.02080481922052045,0.03464035287916009,0.01871233713878127,0.027082265465738005,1,9,,,,,ve,0.0034
grid,16,3,0.5,0.5,208,lbp,0.00048259007010474544,0.0009169908737142046,0.0003835449048594664,0.0007797255658405825,1,24,3.385264454869308e-07,,,,ve,0.0082
grid,16,3,0.5,0.5,208,gibbs,0.0014926055269808894,0.002424290036144215,0.0015443953158769581,0.001337236160292683,1,2000,,5468.4,1.00109,2000,ve,5.7663
grid,16,3,0.75,0.5,208,exact,0.0,0.0,,,1,,,,,,ve,0.007
grid,16,3,0.75,0.5,208,mf,0.055118952680816596,0.09532530218872222,0.05143031478318547,0.06618486637370999,1,12,,,,,ve,0.0048
grid,16,3,0.75,0.5,208,lbp,0.0027978340162869856,0.005291492534957719,0.0022323887201834984,0.004494169904597448,1,30,4.510098786658645e-07,,,,ve,0.0113
grid,16,3,0.75,0.5,208,gibbs,0.0016456644372081076,0.004244617056715014,0.0016866250270902658,0.0015227826675616334,1,2000,,4422.0,1.00049,2000,ve,5.6632
grid,16,3,1.0,0.5,208,exact,0.0,0.0,,,1,,,,,,ve,0.0065
grid,16,3,1.0,0.5,208,mf,0.0963874993722799,0.16503802893696842,0.09447629064046427,0.10212112556772682,1,15,,,,,ve,0.0052
grid,16,3,1.0,0.5,208,lbp,0.010187497105301983,0.01809973031663461,0.008696763861931757,0.014659696835412673,1,38,4.367726880727396e-07,,,,ve,0.0115
grid,16,3,1.0,0.5,208,gibbs,0.003669831545338343,0.008049417865020739,0.003730485068067526,0.003487870977150796,1,2000,,3507.3,1.00131,2000,ve,5.821
grid,16,3,1.3,0.5,208,exact,0.0,0.0,,,1,,,,,,ve,0.0066
grid,16,3,1.3,0.5,208,mf,0.12769414277345384,0.22579653700799485,0.1299354248232828,0.120970296623967,1,26,,,,,ve,0.0098
grid,16,3,1.3,0.5,208,lbp,0.03108288697783151,0.05077766126638596,0.028597353058922564,0.03853948873455837,1,46,5.697139460192346e-07,,,,ve,0.0146
grid,16,3,1.3,0.5,208,gibbs,0.004258391024528364,0.00920067629645907,0.004701970340670173,0.002927653076102935,1,2000,,2461.0,1.00221,2000,ve,5.7943
grid,16,3,1.75,0.5,208,exact,0.0,0.0,,,1,,,,,,ve,0.0068
grid,16,3,1.75,0.5,208,mf,0.189602326969981,0.26843346470436885,0.19857126046939097,0.16269552647175112,1,14,,,,,ve,0.0047
grid,16,3,1.75,0.5,208,lbp,0.10303294911400471,0.15870756682026615,0.0999696279813889,0.1122229125118521,1,57,5.670808853053266e-07,,,,ve,0.0185
grid,16,3,1.75,0.5,208,gibbs,0.017267541150937753,0.031215570233449168,0.017394983978417138,0.016885212668499607,1,2000,,1393.3,1.00232,2000,ve,5.6899
grid,16,3,2.5,0.5,208,exact,0.0,0.0,,,1,,,,,,ve,0.0068
grid,16,3,2.5,0.5,208,mf,0.5355514480077455,0.6982321092347703,0.5366288742609403,0.5323191692481613,1,9,,,,,ve,0.0034
grid,16,3,2.5,0.5,208,lbp,0.4858410787715924,0.6512388993836814,0.4811271988223931,0.4999827186191904,1,92,8.335169865425485e-07,,,,ve,0.0311
grid,16,3,2.5,0.5,208,gibbs,0.26390413095298515,0.27383200633643545,0.262836600744411,0.26710672157870774,0,2000,,82.6,1.03956,2000,ve,5.7624
grid,16,3,4.0,0.5,208,exact,0.0,0.0,,,1,,,,,,ve,0.0069
grid,16,3,4.0,0.5,208,mf,0.699274145513773,0.8638335013805152,0.6989516496633653,0.7002416330649959,1,7,,,,,ve,0.0023
grid,16,3,4.0,0.5,208,lbp,0.5378710007359602,0.5385903971358359,0.5380426416236247,0.5373560780729669,1,44,3.1074589798563146e-07,,,,ve,0.0142
grid,16,3,4.0,0.5,208,gibbs,0.46133449071502736,0.46198293983139616,0.4614833714743615,0.4608878484370251,0,2000,,4.4,3.86064,2000,ve,6.1421
grid,16,3,0.0,1.5,208,exact,0.0,0.0,,,1,,,,,,ve,0.0081
grid,16,3,0.0,1.5,208,mf,1.9851741778209586e-16,4.3021142204224816e-16,2.2565861216664967e-16,1.1709383462843448e-16,1,1,,,,,ve,0.001
grid,16,3,0.0,1.5,208,lbp,2.1998462079730885e-16,4.163336342344337e-16,2.3722343533982837e-16,1.682681771697503e-16,1,3,0.0,,,,ve,0.0013
grid,16,3,0.0,1.5,208,gibbs,6.6822632496799095e-15,1.5001888620247428e-14,6.512585609685928e-15,7.191296169661854e-15,1,2000,,7337.2,1.00067,2000,ve,5.7359
grid,16,3,0.1,1.5,208,exact,0.0,0.0,,,1,,,,,,ve,0.0067
grid,16,3,0.1,1.5,208,mf,0.0005246292228803546,0.0010978288831332596,0.00047279303620491493,0.0006801377829066734,1,4,,,,,ve,0.0017
grid,16,3,0.1,1.5,208,lbp,4.5332177672839473e-07,1.9223169746493407e-06,4.061696974542543e-07,5.947780145508161e-07,1,18,1.6061632313046914e-07,,,,ve,0.0058
grid,16,3,0.1,1.5,208,gibbs,0.0002427735001147164,0.0005496412744572937,0.00023508987432163688,0.00026582437749395494,1,2000,,7170.4,1.00086,2000,ve,5.6022
grid,16,3,0.25,1.5,208,exact,0.0,0.0,,,1,,,,,,ve,0.0071
grid,16,3,0.25,1.5,208,mf,0.0037302154480818367,0.006982828614272414,0.003326760252425848,0.0049405810350498045,1,6,,,,,ve,0.0023
grid,16,3,0.25,1.5,208,lbp,2.1346783642991205e-05,7.80876416220308e-05,1.8233556542331917e-05,3.0686464944969065e-05,1,21,1.7437147609156156e-07,,,,ve,0.007
grid,16,3,0.25,1.5,208,gibbs,0.000581332755919678,0.0013193515219474955,0.0005710921436265524,0.000612054592799055,1,2000,,6825.4,1.00058,2000,ve,5.9027
grid,16,3,0.5,1.5,208,exact,0.0,0.0,,,1,,,,,,ve,0.0123
grid,16,3,0.5,1.5,208,mf,0.01617071023266246,0.031143497546781765,0.014451142136088937,0.02132941452238303,1,9,,,,,ve,0.0047
grid,16,3,0.5,1.5,208,lbp,0.0003564291162874454,0.0011501403498443245,0.0003027425413942471,0.0005174888409670403,1,26,2.4439227513939343e-07,,,,ve,0.0108
grid,16,3,0.5,1.5,208,gibbs,0.0008044797468796883,0.0017504480374748305,0.0008156970326345941,0.0007708278896149706,1,2000,,5656.1,1.0007,2000,ve,5.8513
grid,16,3,0.75,1.5,208,exact,0.0,0.0,,,1,,,,,,ve,0.0073
grid,16,3,0.75,1.5,208,mf,0.03380960238469757,0.06785841630895659,0.03128543337429785,0.041382109415896706,1,12,,,,,ve,0.0051
grid,16,3,0.75,1.5,208,lbp,0.001656354193154394,0.004688330331252521,0.0014365040549234754,0.0023159046078471504,1,31,3.2496205842891257e-07,,,,ve,0.0105
grid,16,3,0.75,1.5,208,gibbs,0.0015527473392413474,0.0040114639251368975,0.0015304783888000417,0.001619554190565265,1,2000,,4901.0,0.99995,2000,ve,5.8181
grid,16,3,1.0,1.5,208,exact,0.0,0.0,,,1,,,,,,ve,0.0067
grid,16,3,1.0,1.5,208,mf,0.044555541208800856,0.10745456892704586,0.04186395539230564,0.052630298658286515,1,15,,,,,ve,0.0055
grid,16,3,1.0,1.5,208,lbp,0.0041432464044023586,0.01006229479557165,0.0037133717533728125,0.005432870357490998,1,35,4.503725433147032e-07,,,,ve,0.0107
grid,16,3,1.0,1.5,208,gibbs,0.0017038055756190393,0.00597864032824745,0.0017696359117955263,0.001506314567089578,1,2000,,4207.4,1.00101,2000,ve,5.8536
grid,16,3,1.3,1.5,208,exact,0.0,0.0,,,1,,,,,,ve,0.0065
grid,16,3,1.3,1.5,208,mf,0.049936637616727356,0.15702410352545987,0.049825058635013485,0.050271374561868976,1,15,,,,,ve,0.0055
grid,16,3,1.3,1.5,208,lbp,0.00722583457732104,0.014467907593566585,0.00667718799227416,0.008871774332461682,1,39,3.9028504772442574e-07,,,,ve,0.0119
grid,16,3,1.3,1.5,208,gibbs,0.0017148163866350808,0.00364534763189861,0.0016231237448324047,0.001989894312043109,1,2000,,3637.6,1.00014,2000,ve,5.6789
grid,16,3,1.75,1.5,208,exact,0.0,0.0,,,1,,,,,,ve,0.0069
grid,16,3,1.75,1.5,208,mf,0.05368881623767925,0.1818653737670271,0.05924368962348551,0.03702419608026048,1,18,,,,,ve,0.0066
grid,16,3,1.75,1.5,208,lbp,0.009625293606960895,0.015925534804636966,0.009005906090540397,0.011483456156222392,1,40,3.6014876458878575e-07,,,,ve,0.0126
grid,16,3,1.75,1.5,208,gibbs,0.0033048340524526564,0.011852641709781592,0.003528591250831366,0.002633562457316528,1,2000,,2945.5,1.00044,2000,ve,5.768
grid,16,3,2.5,1.5,208,exact,0.0,0.0,,,1,,,,,,ve,0.0066
grid,16,3,2.5,1.5,208,mf,0.07945209652336102,0.24104567249979653,0.08541156062497197,0.061573704218528105,1,10,,,,,ve,0.0038
grid,16,3,2.5,1.5,208,lbp,0.04579130119864866,0.06965938594790481,0.04451025619054926,0.04963443622294685,1,39,4.4189749118239696e-07,,,,ve,0.0123
grid,16,3,2.5,1.5,208,gibbs,0.01813712724523052,0.03345967300711421,0.01835929254534769,0.017470631344879008,1,2000,,1040.1,1.00251,2000,ve,5.9226
grid,16,3,4.0,1.5,208,exact,0.0,0.0,,,1,,,,,,ve,0.0065
grid,16,3,4.0,1.5,208,mf,0.5053050241761103,0.6814346407314986,0.5047733493071375,0.5069000487830295,1,7,,,,,ve,0.0026
grid,16,3,4.0,1.5,208,lbp,0.49472975609517295,0.6806446728841821,0.49218539974105874,0.5023628251575156,1,53,5.091867337769784e-07,,,,ve,0.0151
grid,16,3,4.0,1.5,208,gibbs,0.46449819389908736,0.4661919146898787,0.4645192732682326,0.4644349557916515,0,2000,,4.4,3.43604,2000,ve,5.5608
grid,16,3,0.0,0.5,209,exact,0.0,0.0,,,1,,,,,,ve,0.0065
grid,16,3,0.0,0.5,209,mf,2.3359135806200193e-16,5.204170427930421e-16,2.7011090123855535e-16,1.240327285323417e-16,1,1,,,,,ve,0.0006
grid,16,3,0.0,0.5,209,lbp,2.2003883090593312e-16,5.065392549852277e-16,2.487159783681747e-16,1.3400738851920835e-16,1,3,0.0,,,,ve,0.0011
grid,16,3,0.0,0.5,209,gibbs,6.467916480179525e-15,1.970645868709653e-14,5.936368295082299e-15,8.062561035471205e-15,1,2000,,8154.5,0.99973,2000,ve,5.6867
grid,16,3,0.1,0.5,209,exact,0.0,0.0,,,1,,,,,,ve,0.0069
grid,16,3,0.1,0.5,209,mf,0.0005051174043153299,0.0009815593000388478,0.0005027964912457335,0.0005120801435241195,1,4,,,,,ve,0.0018
grid,16,3,0.1,0.5,209,lbp,4.4699850830238336e-07,1.528831520831997e-06,3.3758260030595486e-07,7.752462322916688e-07,1,17,1.694199932567031e-07,,,,ve,0.0061
grid,16,3,0.1,0.5,209,gibbs,0.00024445789341370983,0.0005120669240309683,0.0002691457607574671,0.00017039429138243807,1,2000,,8175.3,0.99999,2000,ve,5.7543
grid,16,3,0.25,0.5,209,exact,0.0,0.0,,,1,,,,,,ve,0.0079
grid,16,3,0.25,0.5,209,mf,0.0032355870986750432,0.00590497502391793,0.003231593883258129,0.0032475667449257863,1,6,,,,,ve,0.0024
grid,16,3,0.25,0.5,209,lbp,1.7155428498024424e-05,5.731289589126082e-05,1.2679611333209564e-05,3.0582879992469e-05,1,20,1.7774296956485358e-07,,,,ve,0.0062
grid,16,3,0.25,0.5,209,gibbs,0.0006357083420859913,0.0017388822956267286,0.00069413387476484,0.0004604317440494452,1,2000,,8159.9,0.99985,2000,ve,5.8327
grid,16,3,0.5,0.5,209,exact,0.0,0.0,,,1,,,,,,ve,0.0065
grid,16,3,0.5,0.5,209,mf,0.013991555797766344,0.02775936373478204,0.014259901116108897,0.013186519842738687,1,9,,,,,ve,0.0026
grid,16,3,0.5,0.5,209,lbp,0.00030508090505565694,0.000824420026358054,0.00023619113289227202,0.0005117502215458117,1,25,2.523883076421818e-07,,,,ve,0.0064
grid,16,3,0.5,0.5,209,gibbs,0.001124802704986718,0.003170440453188395,0.001204566657836423,0.0008855108464376031,1,2000,,7104.4,1.00062,2000,ve,5.6907
grid,16,3,0.75,0.5,209,exact,0.0,0.0,,,1,,,,,,ve,0.0068
grid,16,3,0.75,0.5,209,mf,0.03517535230262858,0.07443047279863585,0.03721422930622025,0.02905872129185358,1,17,,,,,ve,0.0064
grid,16,3,0.75,0.5,209,lbp,0.0018390057055543978,0.004444480697257161,0.001543108995708453,0.0027266958350922322,1,32,4.513521430493661e-07,,,,ve,0.0107
grid,16,3,0.75,0.5,209,gibbs,0.0014768381636140334,0.003908405669557871,0.0014622356854583735,0.0015206455980810128,1,2000,,5621.9,1.0012,2000,ve,5.8727
grid,16,3,1.0,0.5,209,exact,0.0,0.0,,,1,,,,,,ve,0.0066
grid,16,3,1.0,0.5,209,mf,0.08451277754652808,0.1779313705345824,0.07930511267931686,0.10013577214816172,1,39,,,,,ve,0.0139
grid,16,3,1.0,0.5,209,lbp,0.007047443816589813,0.021961080085865288,0.006341482968329256,0.00916532636137148,1,47,5.117385959985121e-07,,,,ve,0.0155
grid,16,3,1.0,0.5,209,gibbs,0.002669371879701632,0.005721149892419883,0.00228077592442345,0.003835159745536179,1,2000,,3399.1,1.00162,2000,ve,5.6223
grid,16,3,1.3,0.5,209,exact,0.0,0.0,,,1,,,,,,ve,0.0066
grid,16,3,1.3,0.5,209,mf,0.2584385895282621,0.4260747507821794,0.24271010957482186,0.30562402938858285,1,25,,,,,ve,0.0104
grid,16,3,1.3,0.5,209,lbp,0.025787935133545943,0.055268158623678704,0.022263086916424712,0.03636247978490966,1,95,7.34177651895429e-07,,,,ve,0.0303
grid,16,3,1.3,0.5,209,gibbs,0.014517863592849813,0.022705369802541054,0.013431966015092084,0.01777555632612301,1,2000,,1449.8,1.00058,2000,ve,5.8428
grid,16,3,1.75,0.5,209,exact,0.0,0.0,,,1,,,,,,ve,0.0066
grid,16,3,1.75,0.5,209,mf,0.05645656156926962,0.11960531061199342,0.05160823048266727,0.07100155482907666,1,18,,,,,ve,0.0062
grid,16,3,1.75,0.5,209,lbp,0.036107430789754244,0.06567408605954017,0.033457909595911856,0.04405599437128142,1,59,5.357584607068588e-07,,,,ve,0.0183
grid,16,3,1.75,0.5,209,gibbs,0.012294541743655168,0.01961304717514453,0.011349294379171695,0.015130283837105591,1,2000,,1126.9,1.00386,2000,ve,5.5814
grid,16,3,2.5,0.5,209,exact,0.0,0.0,,,1,,,,,,ve,0.0065
grid,16,3,2.5,0.5,209,mf,0.7621115214552475,0.9987824455999161,0.6867146878392506,0.9883020223032386,1,16,,,,,ve,0.0055
grid,16,3,2.5,0.5,209,lbp,0.0014250034414625837,0.002553513419129635,0.0013726114442158294,0.001582179433202846,1,37,3.04621080582379e-07,,,,ve,0.0108
grid,16,3,2.5,0.5,209,gibbs,0.00112541440219019,0.0020485645436736054,0.0011169380268195772,0.001150843528302028,1,2000,,2023.0,1.00323,2000,ve,5.8213
grid,16,3,4.0,0.5,209,exact,0.0,0.0,,,1,,,,,,ve,0.009
grid,16,3,4.0,0.5,209,mf,0.0005050304889871607,0.0005183652507149668,0.0005047023183232525,0.0005060150009788852,1,8,,,,,ve,0.003
grid,16,3,4.0,0.5,209,lbp,0.0004983602581233946,0.000500723537449028,0.0004981583390181768,0.000498966015439048,1,32,2.763387335624756e-07,,,,ve,0.0107
grid,16,3,4.0,0.5,209,gibbs,0.24886137659084023,0.2497775765411548,0.2486009139098414,0.24964276463383667,0,2000,,4.3,4.10194,2000,ve,5.6054
grid,16,3,0.0,1.5,209,exact,0.0,0.0,,,1,,,,,,ve,0.0068
grid,16,3,0.0,1.5,209,mf,1.7986914041534519e-16,5.204170427930421e-16,1.9587919249571448e-16,1.3183898417423734e-16,1,1,,,,,ve,0.0005
grid,16,3,0.0,1.5,209,lbp,1.8789223649173792e-16,5.065392549852277e-16,2.0585385248258112e-16,1.3400738851920835e-16,1,3,0.0,,,,ve,0.0014
grid,16,3,0.0,1.5,209,gibbs,5.3515406082255135e-15,1.970645868709653e-14,4.445265047262985e-15,8.070367291113101e-15,1,2000,,8162.1,0.99992,2000,ve,5.9068
grid,16,3,0.1,1.5,209,exact,0.0,0.0,,,1,,,,,,ve,0.0068
grid,16,3,0.1,1.5,209,mf,0.0004572649330621917,0.0007397361477654314,0.0004629606697349418,0.0004401777230439415,1,4,,,,,ve,0.0018
grid,16,3,0.1,1.5,209,lbp,2.969123658074955e-07,9.524728860899057e-07,2.3908516856946713e-07,4.7039395752158063e-07,1,17,2.1306042408131276e-07,,,,ve,0.0059
grid,16,3,0.1,1.5,209,gibbs,0.00016350972121296782,0.0005964306233361832,0.00017258825133508924,0.00013627413084660355,1,2000,,7977.7,1.00015,2000,ve,5.6091
grid,16,3,0.25,1.5,209,exact,0.0,0.0,,,1,,,,,,ve,0.0066
grid,16,3,0.25,1.5,209,mf,0.0028519113735321145,0.00464945719168106,0.0029423589471459857,0.0025805686526905007,1,5,,,,,ve,0.0021
grid,16,3,0.25,1.5,209,lbp,1.007681402097712e-05,3.2429058055304105e-05,8.189482545444673e-06,1.573880844757446e-05,1,20,1.9976380333242005e-07,,,,ve,0.0068
grid,16,3,0.25,1.5,209,gibbs,0.0003891484720657796,0.0008147268839452937,0.00037537204728468323,0.00043047774640906874,1,2000,,7975.3,1.00011,2000,ve,5.7209
grid,16,3,0.5,1.5,209,exact,0.0,0.0,,,1,,,,,,ve,0.0065
grid,16,3,0.5,1.5,209,mf,0.01110202837406039,0.018272998215928576,0.011919169832159904,0.00865060399976185,1,8,,,,,ve,0.0029
grid,16,3,0.5,1.5,209,lbp,0.00016547214502292106,0.0004492794421831828,0.00014055568158817414,0.00024022153532716182,1,24,3.0257301170122375e-07,,,,ve,0.0082
grid,16,3,0.5,1.5,209,gibbs,0.0008129642054075855,0.0022192034403958616,0.0007690913659613947,0.0009445827237461581,1,2000,,7792.7,1.00003,2000,ve,5.6401
grid,16,3,0.75,1.5,209,exact,0.0,0.0,,,1,,,,,,ve,0.0067
grid,16,3,0.75,1.5,209,mf,0.024211835435425037,0.044861499436576496,0.027201771404708797,0.01524202752757375,1,14,,,,,ve,0.0046
grid,16,3,0.75,1.5,209,lbp,0.0008764956211766632,0.0021377849534722293,0.0007864616687550497,0.0011465974784415037,1,29,4.4306143104355655e-07,,,,ve,0.0083
grid,16,3,0.75,1.5,209,gibbs,0.001308568351906781,0.0043495334784312,0.0012561462255378131,0.0014658347310136845,1,2000,,6365.8,1.00037,2000,ve,5.8023
grid,16,3,1.0,1.5,209,exact,0.0,0.0,,,1,,,,,,ve,0.0065
grid,16,3,1.0,1.5,209,mf,0.060295118674112455,0.12259020691522934,0.055270285264648465,0.07536961890250446,1,25,,,,,ve,0.0082
grid,16,3,1.0,1.5,209,lbp,0.0033023173850246215,0.011202742919029816,0.003091778515152627,0.003933933994640603,1,38,4.97749512384793e-07,,,,ve,0.0121
grid,16,3,1.0,1.5,209,gibbs,0.0018748070830890188,0.004351748618488277,0.0019243261130910641,0.001726249993082882,1,2000,,4707.8,1.00114,2000,ve,5.7814
grid,16,3,1.3,1.5,209,exact,0.0,0.0,,,1,,,,,,ve,0.0068
grid,16,3,1.3,1.5,209,mf,0.11045422878883887,0.27250105301727573,0.0889492209739839,0.1749692522334037,1,45,,,,,ve,0.0169
grid,16,3,1.3,1.5,209,lbp,0.012075866806846025,0.0551620139570459,0.010020869739987835,0.0182408580074206,1,63,6.007684895115162e-07,,,,ve,0.0224
grid,16,3,1.3,1.5,209,gibbs,0.003269241385188041,0.006550644363225827,0.003054770566923933,0.003912653839980366,1,2000,,2460.6,1.0013,2000,ve,5.7533
grid,16,3,1.75,1.5,209,exact,0.0,0.0,,,1,,,,,,ve,0.0065
grid,16,3,1.75,1.5,209,mf,0.07045283599144601,0.1825766930583522,0.06433498109452769,0.088806400682201,1,16,,,,,ve,0.0063
grid,16,3,1.75,1.5,209,lbp,0.039855283662649274,0.0846381014217735,0.03710575941274775,0.048103856412353846,1,68,6.080053074342118e-07,,,,ve,0.0221
grid,16,3,1.75,1.5,209,gibbs,0.003166665770757136,0.009540721209792947,0.0031977245124998736,0.0030734895455289224,1,2000,,1058.4,1.00246,2000,ve,5.7625
grid,16,3,2.5,1.5,209,exact,0.0,0.0,,,1,,,,,,ve,0.0067
grid,16,3,2.5,1.5,209,mf,0.0017927741331156958,0.0042720772312518866,0.0017105647953039897,0.002039402146550815,1,21,,,,,ve,0.0077
grid,16,3,2.5,1.5,209,lbp,0.0009128435523874424,0.002451947091612823,0.0008593571297070775,0.0010733028204285375,1,38,2.3114178171468325e-07,,,,ve,0.0116
grid,16,3,2.5,1.5,209,gibbs,0.0010543020528042276,0.002938152903872529,0.0009181240564525812,0.0014628360418591667,1,2000,,2191.7,1.00213,2000,ve,6.0049
grid,16,3,4.0,1.5,209,exact,0.0,0.0,,,1,,,,,,ve,0.0068
grid,16,3,4.0,1.5,209,mf,0.7819174759828114,0.999987080720123,0.7093956452486953,0.9994829681851594,1,33,,,,,ve,0.011
grid,16,3,4.0,1.5,209,lbp,2.6269644674188085e-05,2.830060017633987e-05,2.620751574632182e-05,2.6456031457786878e-05,1,32,2.6396965713271214e-07,,,,ve,0.0098
grid,16,3,4.0,1.5,209,gibbs,0.2483640231807905,0.2499877985185998,0.24783727281895604,0.24994427426629395,0,2000,,4.3,3.81522,2000,ve,5.6452
grid,16,3,0.0,0.5,210,exact,0.0,0.0,,,1,,,,,,ve,0.0067
grid,16,3,0.0,0.5,210,mf,2.5847379792054426e-16,4.996003610813204e-16,2.382353573674815e-16,3.191891195797325e-16,1,1,,,,,ve,0.0007
grid,16,3,0.0,0.5,210,lbp,2.706168622523819e-16,6.38378239159465e-16,2.498001805406602e-16,3.3306690738754696e-16,1,3,0.0,,,,ve,0.0012
grid,16,3,0.0,0.5,210,gibbs,6.9487601436768465e-15,1.749989042565403e-14,6.540052064722228e-15,8.174884380540703e-15,1,2000,,8104.2,1.00027,2000,ve,5.7363
grid,16,3,0.1,0.5,210,exact,0.0,0.0,,,1,,,,,,ve,0.0069
grid,16,3,0.1,0.5,210,mf,0.0004891879885408092,0.0011397244334914753,0.0004853187989452736,0.000500795557327416,1,4,,,,,ve,0.0018
grid,16,3,0.1,0.5,210,lbp,5.996627708849392e-07,1.8804524666796857e-06,5.246214285233782e-07,8.247867979696219e-07,1,17,1.4983035040438963e-07,,,,ve,0.0055
grid,16,3,0.1,0.5,210,gibbs,0.00025827377235652677,0.0006357612516185024,0.0002291670374491552,0.00034559397707864146,1,2000,,8058.0,1.00041,2000,ve,5.907
grid,16,3,0.25,0.5,210,exact,0.0,0.0,,,1,,,,,,ve,0.0065
grid,16,3,0.25,0.5,210,mf,0.003022326116675144,0.0068215227443551435,0.002976691859518874,0.0031592288881439547,1,6,,,,,ve,0.0021
grid,16,3,0.25,0.5,210,lbp,2.3195430552088825e-05,6.928947266780783e-05,2.0190499438326712e-05,3.221022389337516e-05,1,19,1.8671685270144067e-07,,,,ve,0.006
grid,16,3,0.25,0.5,210,gibbs,0.0005374532381023622,0.0013834591308858613,0.0004852256452328411,0.0006941360167109253,1,2000,,7850.4,1.00031,2000,ve,5.8285
grid,16,3,0.5,0.5,210,exact,0.0,0.0,,,1,,,,,,ve,0.0069
grid,16,3,0.5,0.5,210,mf,0.013537854124840501,0.029194835657478296,0.01307558272939322,0.014924668311182342,1,11,,,,,ve,0.0044
grid,16,3,0.5,0.5,210,lbp,0.0003924133982868385,0.0010217763587663485,0.00034900144353762946,0.0005226492625344656,1,23,3.1092064550763965e-07,,,,ve,0.0073
grid,16,3,0.5,0.5,210,gibbs,0.0014212356435858498,0.002809630335859667,0.0013635390049128177,0.0015943255596049463,1,2000,,7284.7,1.00026,2000,ve,5.7157
grid,16,3,0.75,0.5,210,exact,0.0,0.0,,,1,,,,,,ve,0.0069
grid,16,3,0.75,0.5,210,mf,0.04628901267210233,0.10178235946538061,0.042298676213068424,0.058260022049204066,1,24,,,,,ve,0.0079
grid,16,3,0.75,0.5,210,lbp,0.002198845785833517,0.004936981977229728,0.0020205614790572784,0.0027336987061622312,1,30,4.799897373453099e-07,,,,ve,0.0092
grid,16,3,0.75,0.5,210,gibbs,0.0022391858557428276,0.004915444313492008,0.0022964164321494893,0.002067494126522841,1,2000,,6658.2,1.00076,2000,ve,5.7831
grid,16,3,1.0,0.5,210,exact,0.0,0.0,,,1,,,,,,ve,0.0073
grid,16,3,1.0,0.5,210,mf,0.1531077872154264,0.3133688423065655,0.13708125432016308,0.20118738590121626,1,26,,,,,ve,0.0088
grid,16,3,1.0,0.5,210,lbp,0.008508526237471132,0.016940339090456107,0.007829131283984075,0.010546711097932301,1,45,6.248169984179874e-07,,,,ve,0.0117
grid,16,3,1.0,0.5,210,gibbs,0.005090843470690732,0.008052256299157026,0.005456494468149424,0.003993890478314659,1,2000,,5652.6,1.00132,2000,ve,5.3511
grid,16,3,1.3,0.5,210,exact,0.0,0.0,,,1,,,,,,ve,0.0069
grid,16,3,1.3,0.5,210,mf,0.3346236336952892,0.5780634298132566,0.3155989011392127,0.39169783136351877,1,40,,,,,ve,0.0137
grid,16,3,1.3,0.5,210,lbp,0.03790169305323083,0.07635455419652115,0.03390778876714584,0.04988340591148578,1,101,8.097913642979293e-07,,,,ve,0.0325
grid,16,3,1.3,0.5,210,gibbs,0.008054165920440557,0.01422092278958223,0.008015792702737246,0.00816928557355049,1,2000,,4191.0,1.00136,2000,ve,5.4606
grid,16,3,1.75,0.5,210,exact,0.0,0.0,,,1,,,,,,ve,0.0065
grid,16,3,1.75,0.5,210,mf,0.5947175371516589,0.7111397292746755,0.5843443519154841,0.6258370928601831,1,15,,,,,ve,0.0053
grid,16,3,1.75,0.5,210,lbp,0.37323994380679937,0.5200342115596839,0.3705697694520044,0.38125046687118425,1,99,6.334500106675023e-07,,,,ve,0.0321
grid,16,3,1.75,0.5,210,gibbs,0.050301204162393906,0.06553396632459176,0.04910918164937935,0.05387727170143757,1,2000,,1476.0,1.00483,2000,ve,5.6712
grid,16,3,2.5,0.5,210,exact,0.0,0.0,,,1,,,,,,ve,0.0065
grid,16,3,2.5,0.5,210,mf,0.6977741276441204,0.7180549397779397,0.6959151816590975,0.7033509655991892,1,7,,,,,ve,0.0025
grid,16,3,2.5,0.5,210,lbp,0.7144691667333225,0.7526990146361465,0.7216634008453706,0.6928864643971786,1,52,3.4795765979644955e-07,,,,ve,0.0158
grid,16,3,2.5,0.5,210,gibbs,0.37565230545069606,0.3936248547382254,0.37469321654840876,0.3785295721575578,0,2000,,9.3,1.34835,2000,ve,5.523
grid,16,3,4.0,0.5,210,exact,0.0,0.0,,,1,,,,,,ve,0.008
grid,16,3,4.0,0.5,210,mf,0.7397122265994336,0.7405303082995693,0.7395935335557681,0.7400683057304307,1,5,,,,,ve,0.0018
grid,16,3,4.0,0.5,210,lbp,0.7395896678675419,0.7404850294773963,0.7394633238384883,0.7399686999547023,1,51,2.5443782369904966e-07,,,,ve,0.0154
grid,16,3,4.0,0.5,210,gibbs,0.5466114412781777,0.5471527563574605,0.546525053756263,0.5468706038439223,0,2000,,4.9,2.34576,2000,ve,5.8933
grid,16,3,0.0,1.5,210,exact,0.0,0.0,,,1,,,,,,ve,0.0065
grid,16,3,0.0,1.5,210,mf,4.518954654919582e-16,1.0824674490095276e-15,4.47124975933022e-16,4.662069341687669e-16,1,1,,,,,ve,0.0006
grid,16,3,0.0,1.5,210,lbp,4.404029224636119e-16,1.124100812432971e-15,4.540638698369293e-16,3.9942008034365983e-16,1,3,0.0,,,,ve,0.0011
grid,16,3,0.0,1.5,210,gibbs,7.262202991742406e-15,1.3426759704060487e-14,6.947133840418118e-15,8.207410445715269e-15,1,2000,,8141.1,1.00042,2000,ve,5.5193
grid,16,3,0.1,1.5,210,exact,0.0,0.0,,,1,,,,,,ve,0.0067
grid,16,3,0.1,1.5,210,mf,0.00046877631343486645,0.0010720730606341,0.00046974312905318053,0.0004658758665799243,1,4,,,,,ve,0.0017
grid,16,3,0.1,1.5,210,lbp,5.207274773333663e-07,1.7931637286815877e-06,4.2232934563149065e-07,8.159218724389933e-07,1,17,2.0978400600002445e-07,,,,ve,0.0051
grid,16,3,0.1,1.5,210,gibbs,0.00013066555624384284,0.000299075754053843,0.00012628076618550525,0.00014381992641885558,1,2000,,8076.8,1.00032,2000,ve,5.5702
grid,16,3,0.25,1.5,210,exact,0.0,0.0,,,1,,,,,,ve,0.0065
grid,16,3,0.25,1.5,210,mf,0.003085952736324138,0.006503904471277444,0.00312377532071057,0.0029724849831648395,1,5,,,,,ve,0.0016
grid,16,3,0.25,1.5,210,lbp,2.0790968061992787e-05,5.988770563529304e-05,1.7375643292256732e-05,3.103694237120095e-05,1,19,2.638805738919281e-07,,,,ve,0.0064
grid,16,3,0.25,1.5,210,gibbs,0.0004099792324090487,0.0010314178988816008,0.00038571303966625936,0.0004827778106374168,1,2000,,7661.2,1.00037,2000,ve,5.4808
grid,16,3,0.5,1.5,210,exact,0.0,0.0,,,1,,,,,,ve,0.007
grid,16,3,0.5,1.5,210,mf,0.013259909885147362,0.02635213594183458,0.013486925133149875,0.01257886414113982,1,9,,,,,ve,0.0033
grid,16,3,0.5,1.5,210,lbp,0.00035081681242663356,0.0008368419580142075,0.0003059573621533998,0.00048539516324633486,1,23,3.495079357596076e-07,,,,ve,0.0076
grid,16,3,0.5,1.5,210,gibbs,0.0010083524230837114,0.0024095235508469898,0.0009269771862261806,0.001252478133656304,1,2000,,7320.4,1.00018,2000,ve,5.7512
grid,16,3,0.75,1.5,210,exact,0.0,0.0,,,1,,,,,,ve,0.0078
grid,16,3,0.75,1.5,210,mf,0.03294683959004803,0.06972919042165313,0.0325878296015911,0.034023869555418806,1,18,,,,,ve,0.0066
grid,16,3,0.75,1.5,210,lbp,0.0017734139558591075,0.003598362402500133,0.0016346983559256151,0.002189560755659584,1,30,4.5690752198401796e-07,,,,ve,0.0103
grid,16,3,0.75,1.5,210,gibbs,0.0012223749770939455,0.0029613798800957204,0.0012488141456721091,0.0011430574713594543,1,2000,,6809.5,1.00035,2000,ve,5.5462
grid,16,3,1.0,1.5,210,exact,0.0,0.0,,,1,,,,,,ve,0.0067
grid,16,3,1.0,1.5,210,mf,0.08469372338315169,0.19800753159340823,0.0781419560269499,0.10434902545175705,1,55,,,,,ve,0.0176
grid,16,3,1.0,1.5,210,lbp,0.005227394896731588,0.012968388066227146,0.0052921987844452185,0.005032983233590695,1,43,5.218627660563691e-07,,,,ve,0.012
grid,16,3,1.0,1.5,210,gibbs,0.0023257258655870294,0.005457857122556267,0.0019144313286906342,0.0035596094762762156,1,2000,,5651.0,1.00011,2000,ve,5.949
grid,16,3,1.3,1.5,210,exact,0.0,0.0,,,1,,,,,,ve,0.0069
grid,16,3,1.3,1.5,210,mf,0.19848110706895666,0.4492449661240746,0.16869759113354996,0.2878316548751769,1,42,,,,,ve,0.0138
grid,16,3,1.3,1.5,210,lbp,0.02175025528647931,0.051451635777725074,0.022167825457946964,0.020497544772076326,1,73,6.59641108291531e-07,,,,ve,0.0221
grid,16,3,1.3,1.5,210,gibbs,0.0058792327768899914,0.012990076226621749,0.005707457271934088,0.006394559291757697,1,2000,,3660.7,1.00033,2000,ve,5.3202
grid,16,3,1.75,1.5,210,exact,0.0,0.0,,,1,,,,,,ve,0.0079
grid,16,3,1.75,1.5,210,mf,0.33420559982445247,0.7033656279218137,0.28919086323832655,0.46924980958283014,1,31,,,,,ve,0.0111
grid,16,3,1.75,1.5,210,lbp,0.11502180385853297,0.2079817137706303,0.1090207736434096,0.1330248945039031,1,80,6.260144912451082e-07,,,,ve,0.0246
grid,16,3,1.75,1.5,210,gibbs,0.013813633149072843,0.022166715206743997,0.014076176328761736,0.013026003610006165,1,2000,,1148.3,1.00054,2000,ve,5.6938
grid,16,3,2.5,1.5,210,exact,0.0,0.0,,,1,,,,,,ve,0.0071
grid,16,3,2.5,1.5,210,mf,0.11860870507103459,0.1566869167131211,0.11601761676270021,0.12638196999603774,1,14,,,,,ve,0.0049
grid,16,3,2.5,1.5,210,lbp,0.09593325140352593,0.10788619933909281,0.0946101923707362,0.09990242850189507,1,47,3.8535579782728036e-07,,,,ve,0.0129
grid,16,3,2.5,1.5,210,gibbs,0.08257530598915677,0.09369028214797402,0.08255961339701161,0.08262238376559228,1,2000,,1951.8,1.00091,2000,ve,9.9041
grid,16,3,4.0,1.5,210,exact,0.0,0.0,,,1,,,,,,ve,0.0066
grid,16,3,4.0,1.5,210,mf,0.12263502793452681,0.12343924026103877,0.12257667754965702,0.1228100790891361,1,6,,,,,ve,0.0245
grid,16,3,4.0,1.5,210,lbp,0.1223731403242594,0.12269843609823627,0.12230180708965253,0.12258714002808001,1,36,2.6149425691457395e-07,,,,ve,0.0609
grid,16,3,4.0,1.5,210,gibbs,0.21719631323354507,0.2177469241729602,0.21730021204376646,0.216884616802881,0,2000,,5.9,1.79811,2000,ve,13.5289
grid,16,3,0.0,0.5,211,exact,0.0,0.0,,,1,,,,,,ve,0.0083
grid,16,3,0.0,0.5,211,mf,2.9544509200229996e-16,5.828670879282072e-16,3.077688566962185e-16,2.5847379792054426e-16,1,1,,,,,ve,0.0026
grid,16,3,0.0,0.5,211,lbp,2.757126124630638e-16,5.967448757360216e-16,2.6989406080405825e-16,2.931682674400804e-16,1,3,0.0,,,,ve,0.0054
grid,16,3,0.0,0.5,211,gibbs,9.350376375949487e-15,1.7950918529408e-14,1.0629807219627215e-14,5.5120838449163045e-15,1,2000,,7715.0,1.00011,2000,ve,14.692
grid,16,3,0.1,0.5,211,exact,0.0,0.0,,,1,,,,,,ve,0.0078
grid,16,3,0.1,0.5,211,mf,0.0005498021102792917,0.0011448653630215938,0.000582107537497646,0.0004528858286242288,1,4,,,,,ve,0.017
grid,16,3,0.1,0.5,211,lbp,6.774182097611268e-07,1.5330455627876605e-06,6.807918789054843e-07,6.672972023280543e-07,1,17,2.138257935713206e-07,,,,ve,0.0874
grid,16,3,0.1,0.5,211,gibbs,0.000400659059119927,0.0009159633433760694,0.0003897012094590629,0.0004335326081025192,1,2000,,7388.2,0.99999,2000,ve,14.5494
grid,16,3,0.25,0.5,211,exact,0.0,0.0,,,1,,,,,,ve,0.015
grid,16,3,0.25,0.5,211,mf,0.0035385514759740484,0.0074503577185718525,0.003779366755164585,0.002816105638402438,1,5,,,,,ve,0.0251
grid,16,3,0.25,0.5,211,lbp,2.4453391525391282e-05,6.933559821009627e-05,2.5273000812059106e-05,2.199456366538781e-05,1,20,2.28263752233282e-07,,,,ve,0.048
grid,16,3,0.25,0.5,211,gibbs,0.0009898011244273389,0.002221227069181139,0.0009586559492022429,0.0010832366501026267,1,2000,,7350.7,1.00006,2000,ve,14.8996
grid,16,3,0.5,0.5,211,exact,0.0,0.0,,,1,,,,,,ve,0.0082
grid,16,3,0.5,0.5,211,mf,0.016846321327841664,0.0323769684021719,0.016744590619717368,0.017151513452214558,1,8,,,,,ve,0.024
grid,16,3,0.5,0.5,211,lbp,0.0004273591403624649,0.001255084606035961,0.0004207475784112193,0.0004471938262162016,1,25,2.50448323468877e-07,,,,ve,0.0576
grid,16,3,0.5,0.5,211,gibbs,0.0018797498925687958,0.006201513099975728,0.0016088142737780084,0.002692556748941158,1,2000,,6220.0,1.0006,2000,ve,15.7525
grid,16,3,0.75,0.5,211,exact,0.0,0.0,,,1,,,,,,ve,0.0066
grid,16,3,0.75,0.5,211,mf,0.046724646467677114,0.08790736533470543,0.04485554962274831,0.05233193700246352,1,13,,,,,ve,0.114
grid,16,3,0.75,0.5,211,lbp,0.0024026586850195942,0.007012189077663478,0.00224553166958172,0.0028740397313332167,1,30,3.5017482996613225e-07,,,,ve,0.0294
grid,16,3,0.75,0.5,211,gibbs,0.002694351965298658,0.008281969421725682,0.0022657497406220178,0.003980158639328579,1,2000,,4913.3,1.00112,2000,ve,14.978
grid,16,3,1.0,0.5,211,exact,0.0,0.0,,,1,,,,,,ve,0.0078
grid,16,3,1.0,0.5,211,mf,0.09698267086232562,0.18549510821470533,0.09575661447709906,0.10066084001800527,1,21,,,,,ve,0.0632
grid,16,3,1.0,0.5,211,lbp,0.00867693762951831,0.02392793600066259,0.008029688298633155,0.01061868562217378,1,38,4.827606717161537e-07,,,,ve,0.0518
grid,16,3,1.0,0.5,211,gibbs,0.004839288959212548,0.013362621421663251,0.004411656566903626,0.006122186136139312,1,2000,,3818.6,1.00129,2000,ve,15.0861
grid,16,3,1.3,0.5,211,exact,0.0,0.0,,,1,,,,,,ve,0.0148
grid,16,3,1.3,0.5,211,mf,0.16713264442670017,0.3688403952523901,0.1702828645922835,0.15768198392995014,1,24,,,,,ve,0.0554
grid,16,3,1.3,0.5,211,lbp,0.027140636084267453,0.07267390188241374,0.02509908805308871,0.0332652801778037,1,62,6.743650164398041e-07,,,,ve,0.0701
grid,16,3,1.3,0.5,211,gibbs,0.010034699201363993,0.022332804797235678,0.010115634265622911,0.009791894008587243,1,2000,,2883.5,1.0036,2000,ve,15.3537
grid,16,3,1.75,0.5,211,exact,0.0,0.0,,,1,,,,,,ve,0.0095
grid,16,3,1.75,0.5,211,mf,0.30791558468815033,0.61501504716072,0.31126259798330186,0.297874544802696,1,16,,,,,ve,0.0419
grid,16,3,1.75,0.5,211,lbp,0.1610905607081689,0.2875416751932827,0.16835011220498255,0.139311906217728,1,155,8.268007183342974e-07,,,,ve,0.1327
grid,16,3,1.75,0.5,211,gibbs,0.018491041061741556,0.0233727494412211,0.019077252237215077,0.016732407535320997,1,2000,,1047.3,1.00537,2000,ve,15.7638
grid,16,3,2.5,0.5,211,exact,0.0,0.0,,,1,,,,,,ve,0.015
grid,16,3,2.5,0.5,211,mf,0.4699148373412628,0.8391614747929158,0.466331099493358,0.4806660508849774,1,10,,,,,ve,0.0768
grid,16,3,2.5,0.5,211,lbp,0.1471925981193114,0.15966769209846324,0.14762915223892245,0.1458829357604783,1,50,3.3929916198882637e-07,,,,ve,0.1337
grid,16,3,2.5,0.5,211,gibbs,0.045807221004557905,0.04945522261437815,0.04580620368237537,0.04581027297110555,0,2000,,23.9,1.1051,2000,ve,15.5584
grid,16,3,4.0,0.5,211,exact,0.0,0.0,,,1,,,,,,ve,0.007
grid,16,3,4.0,0.5,211,mf,0.49594088853642837,0.8514934233888153,0.4945913925510869,0.49998937649245284,1,7,,,,,ve,0.0415
grid,16,3,4.0,0.5,211,lbp,0.1489658130149109,0.14903965139636102,0.14897185538868662,0.14894768589358376,1,37,2.636088847207674e-07,,,,ve,0.0259
grid,16,3,4.0,0.5,211,gibbs,0.4988428307362467,0.49943525566643676,0.49926881658819094,0.49756487318041365,0,2000,,4.4,4.23368,2000,ve,15.9679
grid,16,3,0.0,1.5,211,exact,0.0,0.0,,,1,,,,,,ve,0.0138
grid,16,3,0.0,1.5,211,mf,2.717010644248674e-16,5.134781488891349e-16,2.761101532596418e-16,2.5847379792054426e-16,1,1,,,,,ve,0.0026
grid,16,3,0.0,1.5,211,lbp,2.837357085394565e-16,5.689893001203927e-16,2.8059152223924855e-16,2.931682674400804e-16,1,3,0.0,,,,ve,0.0043
grid,16,3,0.0,1.5,211,gibbs,6.070447963746339e-15,1.3378187446733136e-14,6.256569336689684e-15,5.5120838449163045e-15,1,2000,,7983.4,0.99995,2000,ve,16.7146
grid,16,3,0.1,1.5,211,exact,0.0,0.0,,,1,,,,,,ve,0.0109
grid,16,3,0.1,1.5,211,mf,0.0004958116815937691,0.0011248879107264576,0.0005197172489307878,0.000424094979582713,1,4,,,,,ve,0.0211
grid,16,3,0.1,1.5,211,lbp,5.760058265237415e-07,1.3197514153254208e-06,5.872690566816196e-07,5.422161360501068e-07,1,17,1.9613604268498008e-07,,,,ve,0.0635
grid,16,3,0.1,1.5,211,gibbs,0.00033322368473150105,0.0008718744190838318,0.000303067798054496,0.0004236913447625162,1,2000,,7704.9,0.99993,2000,ve,17.7588
grid,16,3,0.25,1.5,211,exact,0.0,0.0,,,1,,,,,,ve,0.0115
grid,16,3,0.25,1.5,211,mf,0.003051380460338958,0.007051480380721027,0.003192835883667786,0.002627014190352475,1,5,,,,,ve,0.0038
grid,16,3,0.25,1.5,211,lbp,1.977150709193536e-05,6.124303637733419e-05,1.9893917883735955e-05,1.9404274716533585e-05,1,20,2.25899738692803e-07,,,,ve,0.0104
grid,16,3,0.25,1.5,211,gibbs,0.0006529031618928388,0.0020217970811474695,0.0006086572393217903,0.000785640929605984,1,2000,,7429.4,1.00037,2000,ve,17.5509
grid,16,3,0.5,1.5,211,exact,0.0,0.0,,,1,,,,,,ve,0.0078
grid,16,3,0.5,1.5,211,mf,0.014192054574239544,0.02889615607763351,0.013851151136512434,0.015214764887420877,1,8,,,,,ve,0.0235
grid,16,3,0.5,1.5,211,lbp,0.00034798511096387853,0.0010801608893306336,0.0003298799251856409,0.00040230066829859135,1,25,2.6014734033630305e-07,,,,ve,0.0515
grid,16,3,0.5,1.5,211,gibbs,0.0010213968220915562,0.0028227255116402006,0.0008875125500881319,0.0014230496381018292,1,2000,,6120.1,1.00067,2000,ve,17.1869
grid,16,3,0.75,1.5,211,exact,0.0,0.0,,,1,,,,,,ve,0.007
grid,16,3,0.75,1.5,211,mf,0.0435765114866636,0.08104662426293376,0.041759026518224086,0.04902896639198212,1,13,,,,,ve,0.0698
grid,16,3,0.75,1.5,211,lbp,0.0020015239129692513,0.0058323877282731446,0.0018582629601649498,0.0024313067713821563,1,30,2.7767247096077696e-07,,,,ve,0.0327
grid,16,3,0.75,1.5,211,gibbs,0.0021332001755562952,0.004622235862836957,0.0019081980593035873,0.002808206524314418,1,2000,,4690.8,1.00162,2000,ve,16.9752
grid,16,3,1.0,1.5,211,exact,0.0,0.0,,,1,,,,,,ve,0.0066
grid,16,3,1.0,1.5,211,mf,0.09078744796835705,0.17002567381037748,0.08979285537272101,0.09377122575526518,1,17,,,,,ve,0.1008
grid,16,3,1.0,1.5,211,lbp,0.007038506192850354,0.018895296549371082,0.006571255422376461,0.008440258504272036,1,35,4.13397883092248e-07,,,,ve,0.0069
grid,16,3,1.0,1.5,211,gibbs,0.0027893642762174993,0.00639232557868312,0.0028332387119099334,0.002657740969140197,1,2000,,3691.4,1.00188,2000,ve,14.7848
grid,16,3,1.3,1.5,211,exact,0.0,0.0,,,1,,,,,,ve,0.0076
grid,16,3,1.3,1.5,211,mf,0.1377353525236497,0.28917517038006324,0.14120577332471393,0.12732409012045715,1,16,,,,,ve,0.0602
grid,16,3,1.3,1.5,211,lbp,0.022198388849467197,0.057034316607736744,0.02090620994580337,0.02607492556045867,1,49,6.163086164745479e-07,,,,ve,0.0828
grid,16,3,1.3,1.5,211,gibbs,0.0032120753961107328,0.0052982651727185165,0.003396142428100553,0.0026598743001412725,1,2000,,2960.8,1.00249,2000,ve,15.2776
grid,16,3,1.75,1.5,211,exact,0.0,0.0,,,1,,,,,,ve,0.0067
grid,16,3,1.75,1.5,211,mf,0.24162118447594866,0.48261411026403095,0.24737551418431422,0.22435819535085183,1,12,,,,,ve,0.0335
grid,16,3,1.75,1.5,211,lbp,0.067357574398611,0.17930110648276643,0.060165929379363624,0.08893250945635311,1,166,8.54431825902946e-07,,,,ve,0.1621
grid,16,3,1.75,1.5,211,gibbs,0.016012800212870874,0.0340866538260829,0.015542364464650868,0.017424107457530896,1,2000,,1717.6,1.00152,2000,ve,25.4071
grid,16,3,2.5,1.5,211,exact,0.0,0.0,,,1,,,,,,ve,0.0105
grid,16,3,2.5,1.5,211,mf,0.4607520620289298,0.8246472902094228,0.45872831855935864,0.4668232924376435,1,7,,,,,ve,0.006
grid,16,3,2.5,1.5,211,lbp,0.14803103768363055,0.17220187577572052,0.14831653523746413,0.14717454502212976,1,57,3.940817668579566e-07,,,,ve,0.1846
grid,16,3,2.5,1.5,211,gibbs,0.12889938729619488,0.13165710772696493,0.12879451445314968,0.12921400582533055,0,2000,,37.8,1.07546,2000,ve,26.3081
grid,16,3,4.0,1.5,211,exact,0.0,0.0,,,1,,,,,,ve,0.0071
grid,16,3,4.0,1.5,211,mf,0.496220646131343,0.8518081508799107,0.4949739750019142,0.4999606595196291,1,6,,,,,ve,0.0481
grid,16,3,4.0,1.5,211,lbp,0.14854096925203955,0.14866739052296887,0.14853689626464564,0.14855318821422125,1,39,1.9029750880639185e-07,,,,ve,0.2343
grid,16,3,4.0,1.5,211,gibbs,0.4988028836015942,0.49943667979990425,0.49920398928225457,0.49759956655961296,0,2000,,4.4,4.67102,2000,ve,25.4166
grid,16,3,0.0,0.5,212,exact,0.0,0.0,,,1,,,,,,ve,0.0092
grid,16,3,0.0,0.5,212,mf,2.693158196453993e-16,6.38378239159465e-16,2.535587480719433e-16,3.165870343657673e-16,1,1,,,,,ve,0.0128
grid,16,3,0.0,0.5,212,lbp,2.5673907444456745e-16,6.314393452555578e-16,2.402592014227878e-16,3.0617869350990645e-16,1,3,0.0,,,,ve,0.0205
grid,16,3,0.0,0.5,212,gibbs,7.16093850883226e-15,1.45924938799169e-14,6.771203967896137e-15,8.330142131640628e-15,1,2000,,7954.1,1.00054,2000,ve,26.0133
grid,16,3,0.1,0.5,212,exact,0.0,0.0,,,1,,,,,,ve,0.0136
grid,16,3,0.1,0.5,212,mf,0.0005157056587366904,0.0012094142262729195,0.0005775503544493465,0.0003301715715987221,1,4,,,,,ve,0.0471
grid,16,3,0.1,0.5,212,lbp,5.417422164037417e-07,2.1394894845587487e-06,6.330558456546625e-07,2.678013286509795e-07,1,17,1.5941750347581163e-07,,,,ve,0.1721
grid,16,3,0.1,0.5,212,gibbs,0.0001936966033865826,0.00045257997979519793,0.00017105089266976925,0.0002616337355370226,1,2000,,8105.1,1.00033,2000,ve,28.1445
grid,16,3,0.25,0.5,212,exact,0.0,0.0,,,1,,,,,,ve,0.0124
grid,16,3,0.25,0.5,212,mf,0.0031664527422165254,0.007744489202329258,0.0035514551785403616,0.0020114454332450186,1,5,,,,,ve,0.0714
grid,16,3,0.25,0.5,212,lbp,1.954718250820513e-05,8.228979252578039e-05,2.3303523338795602e-05,8.278160016433715e-06,1,19,2.632000152269498e-07,,,,ve,0.0492
grid,16,3,0.25,0.5,212,gibbs,0.0005858040955059221,0.001707857857959967,0.0005327078708860948,0.000745092769365404,1,2000,,8133.3,1.00028,2000,ve,24.2809
grid,16,3,0.5,0.5,212,exact,0.0,0.0,,,1,,,,,,ve,0.036
grid,16,3,0.5,0.5,212,mf,0.012883265318983917,0.02910925236526418,0.01413911590043041,0.009115713574644437,1,9,,,,,ve,0.1685
grid,16,3,0.5,0.5,212,lbp,0.0003446630184798223,0.0013437621183244076,0.0004034444608582314,0.00016831869134459505,1,24,3.2093522039922107e-07,,,,ve,0.0574
grid,16,3,0.5,0.5,212,gibbs,0.0015936523042896875,0.005527895387857966,0.0014470564100517213,0.0020334399870035862,1,2000,,7541.5,1.00055,2000,ve,23.463
grid,16,3,0.75,0.5,212,exact,0.0,0.0,,,1,,,,,,ve,0.0072
grid,16,3,0.75,0.5,212,mf,0.03702264771903786,0.0636653302773152,0.03868196334204809,0.03204470085000716,1,21,,,,,ve,0.136
grid,16,3,0.75,0.5,212,lbp,0.0019075674782277141,0.004875325803901671,0.0020812736061312687,0.001386449094517051,1,33,4.215357420345178e-07,,,,ve,0.0885
grid,16,3,0.75,0.5,212,gibbs,0.0029544155691489,0.005323881208325637,0.0029404052593929625,0.0029964464984167114,1,2000,,5635.2,1.00028,2000,ve,23.4712
grid,16,3,1.0,0.5,212,exact,0.0,0.0,,,1,,,,,,ve,0.0106
grid,16,3,1.0,0.5,212,mf,0.14963945689248148,0.30321873548881356,0.1572269381099324,0.1268770132401287,1,21,,,,,ve,0.0696
grid,16,3,1.0,0.5,212,lbp,0.009559790326571137,0.017264210685369624,0.00970646027097595,0.009119780493356693,1,49,5.743930783785878e-07,,,,ve,0.1446
grid,16,3,1.0,0.5,212,gibbs,0.002982353578197223,0.005522803331703671,0.0029626681800682063,0.0030414097725842727,1,2000,,3960.8,0.99996,2000,ve,22.0736
grid,16,3,1.3,0.5,212,exact,0.0,0.0,,,1,,,,,,ve,0.0069
grid,16,3,1.3,0.5,212,mf,0.201882620234885,0.3544781489016008,0.20234990949378254,0.20048075245819233,1,26,,,,,ve,0.1398
grid,16,3,1.3,0.5,212,lbp,0.06389781188044928,0.11611128395673873,0.06431635383394847,0.06264218601995171,1,82,7.65903437338622e-07,,,,ve,0.0936
grid,16,3,1.3,0.5,212,gibbs,0.016439995964203882,0.030037187839852174,0.0163657164559679,0.016662834488911836,1,2000,,2168.9,1.0002,2000,ve,22.4188
grid,16,3,1.75,0.5,212,exact,0.0,0.0,,,1,,,,,,ve,0.007
grid,16,3,1.75,0.5,212,mf,0.3724446709748621,0.5185643604038298,0.3714848199419302,0.37532422407365784,1,20,,,,,ve,0.0667
grid,16,3,1.75,0.5,212,lbp,0.26048789026487695,0.33944700021098445,0.2598711542148893,0.2623380984148396,1,67,6.173812341359053e-07,,,,ve,0.0309
grid,16,3,1.75,0.5,212,gibbs,0.02930352248086363,0.03839724191682873,0.02923612666306823,0.02950570993424982,1,2000,,923.1,1.00454,2000,ve,22.9482
grid,16,3,2.5,0.5,212,exact,0.0,0.0,,,1,,,,,,ve,0.0084
grid,16,3,2.5,0.5,212,mf,0.4452173972149423,0.5296325325952431,0.4921936087744229,0.30428876253650056,1,20,,,,,ve,0.188
grid,16,3,2.5,0.5,212,lbp,0.5161645274966493,0.532794387780782,0.5168049839715753,0.5142431580718713,1,46,3.421500581746173e-07,,,,ve,0.0803
grid,16,3,2.5,0.5,212,gibbs,0.21136113924805366,0.2167146014821224,0.21169126776960798,0.21037075368339067,0,2000,,8.4,1.40138,2000,ve,22.4847
grid,16,3,4.0,0.5,212,exact,0.0,0.0,,,1,,,,,,ve,0.0121
grid,16,3,4.0,0.5,212,mf,0.4546173996205086,0.4548858683582345,0.45461496910642313,0.4546246911627648,1,16,,,,,ve,0.0515
grid,16,3,4.0,0.5,212,lbp,0.5768818276920158,0.5773399573879889,0.5769504890488134,0.5766758436216233,1,38,2.865175980915069e-07,,,,ve,0.1967
grid,16,3,4.0,0.5,212,gibbs,0.2176171672936144,0.21778204882478486,0.21762380495153932,0.21759725431983973,0,2000,,4.2,4.33243,2000,ve,21.8871
grid,16,3,0.0,1.5,212,exact,0.0,0.0,,,1,,,,,,ve,0.0488
grid,16,3,0.0,1.5,212,mf,2.495833401061631e-16,5.48172618408671e-16,2.2724877535296173e-16,3.165870343657673e-16,1,1,,,,,ve,0.0143
grid,16,3,0.0,1.5,212,lbp,2.387413183813081e-16,5.863365348801608e-16,2.1626219333844196e-16,3.0617869350990645e-16,1,3,0.0,,,,ve,0.0371
grid,16,3,0.0,1.5,212,gibbs,6.6253426356244205e-15,1.518576930870097e-14,6.057076136952351e-15,8.330142131640628e-15,1,2000,,6618.6,1.00041,2000,ve,25.0982
grid,16,3,0.1,1.5,212,exact,0.0,0.0,,,1,,,,,,ve,0.0085
grid,16,3,0.1,1.5,212,mf,0.0005815520796164112,0.0010097724137623845,0.0006664078662003913,0.00032698471986447077,1,4,,,,,ve,0.0383
grid,16,3,0.1,1.5,212,lbp,5.732049524816586e-07,1.0956602306336216e-06,6.543975423246862e-07,3.296271829525757e-07,1,17,1.5261164199031896e-07,,,,ve,0.0648
grid,16,3,0.1,1.5,212,gibbs,0.0001958716883890038,0.0005538055435871381,0.00018894793641892801,0.00021664294429923122,1,2000,,7045.1,1.00021,2000,ve,23.7633
grid,16,3,0.25,1.5,212,exact,0.0,0.0,,,1,,,,,,ve,0.0183
grid,16,3,0.25,1.5,212,mf,0.003558902445270563,0.00619810372712748,0.004071586169764694,0.0020208512717881716,1,5,,,,,ve,0.0599
grid,16,3,0.25,1.5,212,lbp,2.028849670526441e-05,4.100808425461233e-05,2.370770256426239e-05,1.0030879128270463e-05,1,19,2.140274991124791e-07,,,,ve,0.1196
grid,16,3,0.25,1.5,212,gibbs,0.0006687052911291901,0.0017436730181004181,0.0006988460416723343,0.0005782830394997574,1,2000,,6907.5,1.0003,2000,ve,25.968
grid,16,3,0.5,1.5,212,exact,0.0,0.0,,,1,,,,,,ve,0.0072
grid,16,3,0.5,1.5,212,mf,0.014282261135478865,0.027024205572794575,0.0158529919856225,0.00957006858504797,1,9,,,,,ve,0.1539
grid,16,3,0.5,1.5,212,lbp,0.0003577497598091456,0.0006632705048939397,0.00040489516359646597,0.00021631354844718446,1,23,3.225140790541481e-07,,,,ve,0.061
grid,16,3,0.5,1.5,212,gibbs,0.0013984332909218037,0.0032333223743519768,0.0014570096506417555,0.0012227042117619472,1,2000,,6875.1,1.00027,2000,ve,25.1165
grid,16,3,0.75,1.5,212,exact,0.0,0.0,,,1,,,,,,ve,0.0224
grid,16,3,0.75,1.5,212,mf,0.03637768788766409,0.07311885240527345,0.0385480532748378,0.029866591726142946,1,17,,,,,ve,0.1406
grid,16,3,0.75,1.5,212,lbp,0.0021353312691908283,0.004158850691682835,0.002312187355346924,0.00160476301072254,1,29,3.5220885413744796e-07,,,,ve,0.0833
grid,16,3,0.75,1.5,212,gibbs,0.002986126899472049,0.0057953142064278255,0.0027291936724802156,0.0037569265804475484,1,2000,,6184.5,0.99999,2000,ve,21.7303
grid,16,3,1.0,1.5,212,exact,0.0,0.0,,,1,,,,,,ve,0.0068
grid,16,3,1.0,1.5,212,mf,0.10033704225965319,0.21581849497661254,0.10505030799637775,0.08619724504947951,1,31,,,,,ve,0.1134
grid,16,3,1.0,1.5,212,lbp,0.008328928033515738,0.019831921468823076,0.008778662121808575,0.006979725768637228,1,36,4.2846271636198807e-07,,,,ve,0.1421
grid,16,3,1.0,1.5,212,gibbs,0.005402007834109601,0.01082438422080545,0.004891635256245088,0.00693312556770314,1,2000,,4581.8,1.00154,2000,ve,20.3301
grid,16,3,1.3,1.5,212,exact,0.0,0.0,,,1,,,,,,ve,0.0081
grid,16,3,1.3,1.5,212,mf,0.1968528537107715,0.3411999403742803,0.21374982625741248,0.14616193607084838,0,500,,,,,ve,0.6133
grid,16,3,1.3,1.5,212,lbp,0.031007582584467317,0.07910416698001564,0.03435232499368432,0.0209733553568163,1,82,7.571533938155461e-07,,,,ve,0.1691
grid,16,3,1.3,1.5,212,gibbs,0.005364772950385994,0.011809924362594384,0.005107851170082018,0.006135538291297921,1,2000,,2582.9,1.00158,2000,ve,21.6038
grid,16,3,1.75,1.5,212,exact,0.0,0.0,,,1,,,,,,ve,0.0069
grid,16,3,1.75,1.5,212,mf,0.27224287322038976,0.6298557538000648,0.33106937900818734,0.09576335585699679,1,93,,,,,ve,0.2155
grid,16,3,1.75,1.5,212,lbp,0.1998779162843935,0.2736099337299529,0.19701042842855632,0.20848037985190515,1,90,6.704548580760417e-07,,,,ve,0.1812
grid,16,3,1.75,1.5,212,gibbs,0.0038553064631230215,0.007730547224861918,0.0034735874849497667,0.005000463397642783,0,2000,,298.8,1.00867,2000,ve,20.9631
grid,16,3,2.5,1.5,212,exact,0.0,0.0,,,1,,,,,,ve,0.009
grid,16,3,2.5,1.5,212,mf,0.062113334962011706,0.07717709206565553,0.062353907765037825,0.06139161655293335,1,8,,,,,ve,0.0418
grid,16,3,2.5,1.5,212,lbp,0.059663906095334736,0.06594644946846157,0.05964753664611932,0.05971301444298098,1,44,3.747549297550279e-07,,,,ve,0.2298
grid,16,3,2.5,1.5,212,gibbs,0.25099430948243834,0.26180791658114483,0.2510017260958361,0.250972059642245,0,2000,,6.8,1.58919,2000,ve,20.5318
grid,16,3,4.0,1.5,212,exact,0.0,0.0,,,1,,,,,,ve,0.0368
grid,16,3,4.0,1.5,212,mf,0.04019254657144592,0.0403094742840541,0.04018867802555649,0.04020415220911422,1,5,,,,,ve,0.0317
grid,16,3,4.0,1.5,212,lbp,0.04017589818724998,0.04022684908869887,0.04016978605029021,0.0401942345981293,1,35,2.5625427724218497e-07,,,,ve,0.0878
grid,16,3,4.0,1.5,212,gibbs,0.4593211999571714,0.4597829643516963,0.4592503822103122,0.4595336531977492,0,2000,,4.3,4.18188,2000,ve,21.6131
grid,16,3,0.0,0.5,213,exact,0.0,0.0,,,1,,,,,,ve,0.0071
grid,16,3,0.0,0.5,213,mf,3.294890402183448e-16,7.632783294297951e-16,3.1976736073839146e-16,3.5865407865820487e-16,1,1,,,,,ve,0.0284
grid,16,3,0.0,0.5,213,lbp,3.5973828083069037e-16,8.118505867571457e-16,3.3899387926380104e-16,4.2197148553135833e-16,1,3,0.0,,,,ve,0.0336
grid,16,3,0.0,0.5,213,gibbs,7.808966147326846e-15,1.4030443473700416e-14,8.011531253219554e-15,7.20127082964872e-15,1,2000,,7148.1,0.99991,2000,ve,20.671
grid,16,3,0.1,0.5,213,exact,0.0,0.0,,,1,,,,,,ve,0.0493
grid,16,3,0.1,0.5,213,mf,0.0005877368365348824,0.0011463644837936895,0.0005685093840971698,0.0006454191938480205,1,4,,,,,ve,0.053
grid,16,3,0.1,0.5,213,lbp,7.648212010244937e-07,1.8733633081469137e-06,7.880449174743736e-07,6.951500516748539e-07,1,17,1.916771343868362e-07,,,,ve,0.1008
grid,16,3,0.1,0.5,213,gibbs,0.00024366708313676314,0.0007523757841564234,0.00020125956754436748,0.0003708896299139501,1,2000,,7126.8,1.00018,2000,ve,17.6277
grid,16,3,0.25,0.5,213,exact,0.0,0.0,,,1,,,,,,ve,0.0105
grid,16,3,0.25,0.5,213,mf,0.0037252887285686553,0.007254204817091062,0.0036588326967397448,0.003924656824055387,1,6,,,,,ve,0.0199
grid,16,3,0.25,0.5,213,lbp,2.9814112337050763e-05,7.470001100242513e-05,3.070321675674217e-05,2.714679907797656e-05,1,20,2.0320212851254738e-07,,,,ve,0.0583
grid,16,3,0.25,0.5,213,gibbs,0.0008763154717074563,0.002127183413210873,0.0007504518931389366,0.0012539062074130155,1,2000,,7272.3,0.99998,2000,ve,15.2094
grid,16,3,0.5,0.5,213,exact,0.0,0.0,,,1,,,,,,ve,0.0098
grid,16,3,0.5,0.5,213,mf,0.016086513140649104,0.03103394190936013,0.015408392005358498,0.018120876546520927,1,10,,,,,ve,0.0343
grid,16,3,0.5,0.5,213,lbp,0.0005020694866358992,0.0013182857742398205,0.0005187517130102868,0.0004520228075127362,1,24,3.082670930187881e-07,,,,ve,0.0337
grid,16,3,0.5,0.5,213,gibbs,0.0016467434914914916,0.003966799684268114,0.0015633720083732296,0.0018968579408462781,1,2000,,6453.8,0.99998,2000,ve,14.514
grid,16,3,0.75,0.5,213,exact,0.0,0.0,,,1,,,,,,ve,0.0067
grid,16,3,0.75,0.5,213,mf,0.05270295108211044,0.10782245497259534,0.04684373153299103,0.0702806097294687,1,22,,,,,ve,0.0965
grid,16,3,0.75,0.5,213,lbp,0.0029337190577737593,0.007374689149413589,0.0027967493564694363,0.0033446281616867296,1,31,5.303451954818961e-07,,,,ve,0.0098
grid,16,3,0.75,0.5,213,gibbs,0.002362291683994268,0.006941526217790588,0.00226767328293669,0.002646146887167001,1,2000,,5976.7,1.00033,2000,ve,11.995
grid,16,3,1.0,0.5,213,exact,0.0,0.0,,,1,,,,,,ve,0.0067
grid,16,3,1.0,0.5,213,mf,0.14554558376827173,0.3052494280531559,0.1405085500345567,0.16065668496941682,1,22,,,,,ve,0.0285
grid,16,3,1.0,0.5,213,lbp,0.01210810261888371,0.026873838080268116,0.011303848857639853,0.014520863902615273,1,46,5.832290359553127e-07,,,,ve,0.0579
grid,16,3,1.0,0.5,213,gibbs,0.004587974527265689,0.009130400327998153,0.004796738160939907,0.003961683626243036,1,2000,,3908.4,1.00064,2000,ve,10.5504
grid,16,3,1.3,0.5,213,exact,0.0,0.0,,,1,,,,,,ve,0.0066
grid,16,3,1.3,0.5,213,mf,0.232441187118756,0.3807972322918762,0.24551112772307962,0.19323136530578505,1,22,,,,,ve,0.0387
grid,16,3,1.3,0.5,213,lbp,0.05469635020759982,0.11203724331840026,0.054090828631936476,0.05651291493458985,1,83,7.21754801868979e-07,,,,ve,0.0674
grid,16,3,1.3,0.5,213,gibbs,0.007900589267667218,0.011707592970585087,0.007926861991121073,0.007821771097305651,1,2000,,2946.2,1.00083,2000,ve,10.5527
grid,16,3,1.75,0.5,213,exact,0.0,0.0,,,1,,,,,,ve,0.0066
grid,16,3,1.75,0.5,213,mf,0.3512004884849402,0.5391446152194423,0.3817222524524151,0.25963519658251527,1,14,,,,,ve,0.0217
grid,16,3,1.75,0.5,213,lbp,0.2592309654675425,0.43173134954215897,0.2713548993413369,0.22285916384615923,1,111,7.416912366497996e-07,,,,ve,0.0679
grid,16,3,1.75,0.5,213,gibbs,0.018386579367452464,0.032522153182942055,0.01914295864584237,0.01611744153228274,1,2000,,2209.9,1.00146,2000,ve,10.6064
grid,16,3,2.5,0.5,213,exact,0.0,0.0,,,1,,,,,,ve,0.0074
grid,16,3,2.5,0.5,213,mf,0.6247739010774818,0.8369739180421014,0.6794464737734667,0.4607561829895268,1,12,,,,,ve,0.0199
grid,16,3,2.5,0.5,213,lbp,0.7271457462578454,0.8346351090788354,0.7476947107273767,0.6654988528492513,1,103,7.115896876186412e-07,,,,ve,0.0916
grid,16,3,2.5,0.5,213,gibbs,0.09998407511687313,0.10632426153602588,0.09980433361330054,0.10052329962759088,0,2000,,45.8,1.06024,2000,ve,10.3197
grid,16,3,4.0,0.5,213,exact,0.0,0.0,,,1,,,,,,ve,0.0083
grid,16,3,4.0,0.5,213,mf,0.181335460241963,0.18227235310633783,0.18138764332226562,0.18117891100105527,1,10,,,,,ve,0.013
grid,16,3,4.0,0.5,213,lbp,0.18119551625793032,0.18158942938662412,0.18120141450823715,0.18117782150700976,1,41,2.3883785216227693e-07,,,,ve,0.0342
grid,16,3,4.0,0.5,213,gibbs,0.5674930946025716,0.5685939896798076,0.5674426780635696,0.5676443442195773,0,2000,,4.5,3.08766,2000,ve,10.5097
grid,16,3,0.0,1.5,213,exact,0.0,0.0,,,1,,,,,,ve,0.0077
grid,16,3,0.0,1.5,213,mf,2.660090030193185e-16,7.632783294297951e-16,2.351273111396897e-16,3.5865407865820487e-16,1,1,,,,,ve,0.003
grid,16,3,0.0,1.5,213,lbp,2.833562377790866e-16,8.118505867571457e-16,2.37151155194996e-16,4.2197148553135833e-16,1,3,0.0,,,,ve,0.0061
grid,16,3,0.0,1.5,213,gibbs,4.720345208458765e-15,9.56179579958416e-15,3.8933700013954464e-15,7.20127082964872e-15,1,2000,,8405.1,1.00032,2000,ve,8.9678
grid,16,3,0.1,1.5,213,exact,0.0,0.0,,,1,,,,,,ve,0.0068
grid,16,3,0.1,1.5,213,mf,0.0005463919730961612,0.0007334145168152936,0.0005574230243534643,0.0005132988193242518,1,4,,,,,ve,0.0035
grid,16,3,0.1,1.5,213,lbp,3.7145510772552655e-07,1.0332683620523087e-06,4.0964006934262297e-07,2.569002228742373e-07,1,17,2.1367508262759571e-07,,,,ve,0.0103
grid,16,3,0.1,1.5,213,gibbs,0.00027657726119540544,0.0009100586311515217,0.00022905485542642858,0.00041914447850233605,1,2000,,8381.6,1.00025,2000,ve,8.9378
grid,16,3,0.25,1.5,213,exact,0.0,0.0,,,1,,,,,,ve,0.0077
grid,16,3,0.25,1.5,213,mf,0.003439947131629325,0.004939588838243431,0.0034628757429004293,0.0033711612978160124,1,5,,,,,ve,0.0037
grid,16,3,0.25,1.5,213,lbp,1.4277444463975158e-05,3.983106616956e-05,1.5523101162133355e-05,1.0540474369500567e-05,1,20,1.8476361851593737e-07,,,,ve,0.0143
grid,16,3,0.25,1.5,213,gibbs,0.0004423977599531209,0.0013299275610179004,0.00037275801982194394,0.0006513169803466518,1,2000,,8206.9,1.00016,2000,ve,8.5637
grid,16,3,0.5,1.5,213,exact,0.0,0.0,,,1,,,,,,ve,0.0083
grid,16,3,0.5,1.5,213,mf,0.013419516152100096,0.02314241671557158,0.013474908188931546,0.013253340041605742,1,8,,,,,ve,0.0048
grid,16,3,0.5,1.5,213,lbp,0.0002550813721569949,0.0007304971948517841,0.00028594602023780907,0.00016248742791455232,1,23,2.59971580318652e-07,,,,ve,0.0118
grid,16,3,0.5,1.5,213,gibbs,0.0008270528767765177,0.0022583062263856687,0.0007953382417784236,0.0009221967817708001,1,2000,,7801.2,1.00024,2000,ve,7.6866
grid,16,3,0.75,1.5,213,exact,0.0,0.0,,,1,,,,,,ve,0.0069
grid,16,3,0.75,1.5,213,mf,0.029931757975288364,0.06362633789656293,0.029323467701098626,0.03175662879785755,1,17,,,,,ve,0.0106
grid,16,3,0.75,1.5,213,lbp,0.0014019417575243478,0.003281581253285447,0.0015615141706120498,0.0009232245182612417,1,29,3.300213396451035e-07,,,,ve,0.0194
grid,16,3,0.75,1.5,213,gibbs,0.001448768304727757,0.0034903052714877134,0.0015433942551740007,0.0011648904533890258,1,2000,,7211.7,1.00051,2000,ve,7.5218
grid,16,3,1.0,1.5,213,exact,0.0,0.0,,,1,,,,,,ve,0.0069
grid,16,3,1.0,1.5,213,mf,0.08949925588336669,0.26122005134527315,0.07862664736474105,0.12211708143924363,1,26,,,,,ve,0.0153
grid,16,3,1.0,1.5,213,lbp,0.00485278658560751,0.01270634714770106,0.004788782287202894,0.005044799480821355,1,39,5.039144436169707e-07,,,,ve,0.0195
grid,16,3,1.0,1.5,213,gibbs,0.001830035548948296,0.0038798638673270547,0.0019164310530286107,0.0015708490367073516,1,2000,,5506.6,1.00063,2000,ve,7.6088
grid,16,3,1.3,1.5,213,exact,0.0,0.0,,,1,,,,,,ve,0.0071
grid,16,3,1.3,1.5,213,mf,0.17091715313810837,0.3460816020610733,0.17381784185547625,0.16221508698600473,1,28,,,,,ve,0.0134
grid,16,3,1.3,1.5,213,lbp,0.024160628291993308,0.056757105550586516,0.02361048941654446,0.02581104491833986,1,63,6.778277850671977e-07,,,,ve,0.026
grid,16,3,1.3,1.5,213,gibbs,0.0020836695514470753,0.0056831383067350305,0.002240452534789688,0.0016133206014192357,1,2000,,2933.1,1.00066,2000,ve,7.7697
grid,16,3,1.75,1.5,213,exact,0.0,0.0,,,1,,,,,,ve,0.0072
grid,16,3,1.75,1.5,213,mf,0.23757962306360542,0.42893714528194854,0.25348049177619264,0.18987701692584383,1,13,,,,,ve,0.006
grid,16,3,1.75,1.5,213,lbp,0.15367705345046004,0.2932923565263702,0.15813262157459798,0.14031034907804618,1,100,7.572853735759999e-07,,,,ve,0.0415
grid,16,3,1.75,1.5,213,gibbs,0.029750723493844444,0.056850351814393255,0.030634687630294023,0.0270988310844957,1,2000,,1805.2,1.00066,2000,ve,7.5572
grid,16,3,2.5,1.5,213,exact,0.0,0.0,,,1,,,,,,ve,0.007
grid,16,3,2.5,1.5,213,mf,0.5490524380782215,0.7873385879012379,0.5958715443538483,0.40859511925134107,1,13,,,,,ve,0.0075
grid,16,3,2.5,1.5,213,lbp,0.5388942551368922,0.7845357229866553,0.5766611797548943,0.4255934812828859,1,71,6.017349281073336e-07,,,,ve,0.0372
grid,16,3,2.5,1.5,213,gibbs,0.09297122635478228,0.12778154840217432,0.09803793612738589,0.07777109703697152,0,2000,,176.3,1.02495,2000,ve,7.7681
grid,16,3,4.0,1.5,213,exact,0.0,0.0,,,1,,,,,,ve,0.0066
grid,16,3,4.0,1.5,213,mf,0.7186926500310071,0.9535059132338177,0.7907283456592936,0.5025855631461476,1,13,,,,,ve,0.0069
grid,16,3,4.0,1.5,213,lbp,0.05706415867677955,0.05743092062166269,0.05708090302430674,0.05701392563419801,1,42,1.6637641198080644e-07,,,,ve,0.0197
grid,16,3,4.0,1.5,213,gibbs,0.6901645721221936,0.6930436809464582,0.6898331324911166,0.6911588910154243,0,2000,,4.7,2.63977,2000,ve,7.8966
grid,16,3,0.0,0.5,214,exact,0.0,0.0,,,1,,,,,,ve,0.0073
grid,16,3,0.0,0.5,214,mf,2.70833702686879e-16,6.591949208711867e-16,3.0617869350990645e-16,1.6479873021779667e-16,1,1,,,,,ve,0.0012
grid,16,3,0.0,0.5,214,lbp,2.905661822261152e-16,7.494005416219807e-16,3.301757015942523e-16,1.717376241217039e-16,1,3,0.0,,,,ve,0.002
grid,16,3,0.0,0.5,214,gibbs,7.917494784792645e-15,1.6417422976644502e-14,7.6989919069644e-15,8.57300341827738e-15,1,2000,,8155.8,1.00013,2000,ve,7.4747
grid,16,3,0.1,0.5,214,exact,0.0,0.0,,,1,,,,,,ve,0.0077
grid,16,3,0.1,0.5,214,mf,0.0006464436131668873,0.0012742429011111563,0.0006855941816832984,0.0005289919076176541,1,4,,,,,ve,0.0024
grid,16,3,0.1,0.5,214,lbp,9.525340908553368e-07,2.2469090395216273e-06,1.0275190997305918e-06,7.275790642295721e-07,1,17,2.029034176231903e-07,,,,ve,0.0082
grid,16,3,0.1,0.5,214,gibbs,0.00036033944964282557,0.0006750339835930041,0.000378602369832764,0.0003055506890730104,1,2000,,8041.6,1.00021,2000,ve,7.5417
grid,16,3,0.25,0.5,214,exact,0.0,0.0,,,1,,,,,,ve,0.0072
grid,16,3,0.25,0.5,214,mf,0.004352894521380985,0.008110210125368594,0.004636657605467036,0.0035016052691228313,1,5,,,,,ve,0.0051
grid,16,3,0.25,0.5,214,lbp,3.941054086383671e-05,8.27326548964169e-05,4.296747507116118e-05,2.8739738241863322e-05,1,20,1.6292968324504997e-07,,,,ve,0.0131
grid,16,3,0.25,0.5,214,gibbs,0.0009951755270376868,0.002124225678267491,0.0009853009363227883,0.0010247992991823818,1,2000,,7549.5,1.00016,2000,ve,7.2543
grid,16,3,0.5,0.5,214,exact,0.0,0.0,,,1,,,,,,ve,0.007
grid,16,3,0.5,0.5,214,mf,0.02062175332778785,0.034597220611232576,0.021791961903923213,0.01711112759938175,1,9,,,,,ve,0.0039
grid,16,3,0.5,0.5,214,lbp,0.0007284228703634055,0.0013785810187038165,0.0008011042727374193,0.0005103786632413643,1,24,2.4189574265864877e-07,,,,ve,0.0113
grid,16,3,0.5,0.5,214,gibbs,0.0027641192487889276,0.004500221492435889,0.003043441113317062,0.0019261536552045233,1,2000,,6281.4,1.00028,2000,ve,7.3911
grid,16,3,0.75,0.5,214,exact,0.0,0.0,,,1,,,,,,ve,0.0065
grid,16,3,0.75,0.5,214,mf,0.0614767990670419,0.11519534854234786,0.06220065599770628,0.05930522827504876,1,20,,,,,ve,0.0097
grid,16,3,0.75,0.5,214,lbp,0.004412097346408749,0.00834985949761615,0.004639725179414405,0.003729213847391781,1,31,5.143652428984957e-07,,,,ve,0.0146
grid,16,3,0.75,0.5,214,gibbs,0.004789042892698407,0.010301790427035738,0.004885020210459197,0.004501110939416033,1,2000,,5554.1,1.0001,2000,ve,7.4934
grid,16,3,1.0,0.5,214,exact,0.0,0.0,,,1,,,,,,ve,0.0066
grid,16,3,1.0,0.5,214,mf,0.14426908111350573,0.26296017670133304,0.14670103621959077,0.13697321579525057,1,26,,,,,ve,0.0131
grid,16,3,1.0,0.5,214,lbp,0.016824666397856142,0.030593179411321697,0.017040208443738356,0.016178040260209497,1,52,6.586637311678523e-07,,,,ve,0.024
grid,16,3,1.0,0.5,214,gibbs,0.0027078452136001293,0.005413650142852014,0.0027155168992836452,0.0026848301565495798,1,2000,,4674.7,1.00024,2000,ve,7.4971
grid,16,3,1.3,0.5,214,exact,0.0,0.0,,,1,,,,,,ve,0.0076
grid,16,3,1.3,0.5,214,mf,0.21755509106377274,0.3786972531801251,0.22318250521178037,0.2006728486197498,1,25,,,,,ve,0.0121
grid,16,3,1.3,0.5,214,lbp,0.06975697899109023,0.12718612439696284,0.07105412361902823,0.06586554510727628,1,131,8.298387022542819e-07,,,,ve,0.0545
grid,16,3,1.3,0.5,214,gibbs,0.013768466738819835,0.02458157143674626,0.01392599671173024,0.013295876820088613,1,2000,,3274.8,1.00157,2000,ve,7.6063
grid,16,3,1.75,0.5,214,exact,0.0,0.0,,,1,,,,,,ve,0.0065
grid,16,3,1.75,0.5,214,mf,0.4104961419432963,0.5418837842183989,0.40957055363125355,0.41327290687942453,1,31,,,,,ve,0.015
grid,16,3,1.75,0.5,214,lbp,0.323864391575838,0.3860139345936028,0.3291171880444303,0.30810600217006123,1,89,6.73117407867796e-07,,,,ve,0.0388
grid,16,3,1.75,0.5,214,gibbs,0.02865153944345419,0.03541774971041276,0.029145793650594585,0.027168776822033024,1,2000,,1054.0,1.00681,2000,ve,7.5586
grid,16,3,2.5,0.5,214,exact,0.0,0.0,,,1,,,,,,ve,0.0068
grid,16,3,2.5,0.5,214,mf,0.4032137115064217,0.4168646434800339,0.4031778668149934,0.4033212455807065,1,16,,,,,ve,0.0084
grid,16,3,2.5,0.5,214,lbp,0.397330499299129,0.40760320814150447,0.3982897960142406,0.39445260915379415,1,48,2.9075090657304514e-07,,,,ve,0.0259
grid,16,3,2.5,0.5,214,gibbs,0.04807417855711708,0.04941012481066831,0.048156088059873314,0.04782845004884838,0,2000,,11.6,1.25453,2000,ve,7.2325
grid,16,3,4.0,0.5,214,exact,0.0,0.0,,,1,,,,,,ve,0.0071
grid,16,3,4.0,0.5,214,mf,0.591260986481263,0.9981974887689773,0.5879322911682151,0.6012470724204066,1,10,,,,,ve,0.0066
grid,16,3,4.0,0.5,214,lbp,0.4140575593905883,0.4142937853433158,0.4140821723658763,0.4139837204647244,1,38,1.9243668714086226e-07,,,,ve,0.0192
grid,16,3,4.0,0.5,214,gibbs,0.0856639986557515,0.08572756132820235,0.08566918638005265,0.08564843548284802,0,2000,,4.4,3.68549,2000,ve,7.5556
grid,16,3,0.0,1.5,214,exact,0.0,0.0,,,1,,,,,,ve,0.0065
grid,16,3,0.0,1.5,214,mf,3.363195139050035e-16,8.465450562766819e-16,3.9349310846740576e-16,1.6479873021779667e-16,1,1,,,,,ve,0.0007
grid,16,3,0.0,1.5,214,lbp,3.371868756429919e-16,8.465450562766819e-16,3.9233662615008785e-16,1.717376241217039e-16,1,3,0.0,,,,ve,0.0018
grid,16,3,0.0,1.5,214,gibbs,7.824199187850267e-15,1.3190837311327641e-14,7.574597777707895e-15,8.57300341827738e-15,1,2000,,8062.9,1.00005,2000,ve,7.7314
grid,16,3,0.1,1.5,214,exact,0.0,0.0,,,1,,,,,,ve,0.0075
grid,16,3,0.1,1.5,214,mf,0.00053558614360904,0.00105304874824131,0.0005398309064182433,0.0005228518551814304,1,4,,,,,ve,0.0022
grid,16,3,0.1,1.5,214,lbp,9.962067217344724e-07,2.865305645506633e-06,1.026396789787478e-06,9.05636517575456e-07,1,17,1.9487635161130612e-07,,,,ve,0.0084
grid,16,3,0.1,1.5,214,gibbs,0.0003803488751505745,0.0009477536755200505,0.0003868140916566712,0.00036095322563228435,1,2000,,7915.5,0.99995,2000,ve,7.5135
grid,16,3,0.25,1.5,214,exact,0.0,0.0,,,1,,,,,,ve,0.0071
grid,16,3,0.25,1.5,214,mf,0.0034218684463781816,0.006439776176555709,0.00340429032022586,0.0034746028248351466,1,6,,,,,ve,0.0048
grid,16,3,0.25,1.5,214,lbp,3.832222654206118e-05,0.00010495600947447309,3.9119697959387845e-05,3.59298122900812e-05,1,19,3.013062729873006e-07,,,,ve,0.0097
grid,16,3,0.25,1.5,214,gibbs,0.0011197566350999322,0.0025028641226745377,0.0011746640165994405,0.0009550344906014072,1,2000,,7715.9,1.00006,2000,ve,7.4695
grid,16,3,0.5,1.5,214,exact,0.0,0.0,,,1,,,,,,ve,0.0067
grid,16,3,0.5,1.5,214,mf,0.013980997988727623,0.02666351676580128,0.013834296817504546,0.014421101502396852,1,12,,,,,ve,0.027
grid,16,3,0.5,1.5,214,lbp,0.0006071318189825481,0.0015862860010447573,0.0006077397370647726,0.0006053080647358744,1,25,3.8581794253866875e-07,,,,ve,0.0137
grid,16,3,0.5,1.5,214,gibbs,0.002155491093912011,0.004153139442127703,0.002187810323409765,0.0020585334054187467,1,2000,,7023.7,1.00032,2000,ve,7.3036
grid,16,3,0.75,1.5,214,exact,0.0,0.0,,,1,,,,,,ve,0.0066
grid,16,3,0.75,1.5,214,mf,0.060769007085535565,0.12272213588567502,0.06311408918192113,0.0537337607963789,1,42,,,,,ve,0.0206
grid,16,3,0.75,1.5,214,lbp,0.0031264784453496285,0.007421223716860166,0.0032731470294590664,0.0026864726930213136,1,37,5.409425690716674e-07,,,,ve,0.019
grid,16,3,0.75,1.5,214,gibbs,0.0034127332369852754,0.006071765874371679,0.0038166219856993334,0.0022010669908431027,1,2000,,5643.0,1.00032,2000,ve,7.5134
grid,16,3,1.0,1.5,214,exact,0.0,0.0,,,1,,,,,,ve,0.007
grid,16,3,1.0,1.5,214,mf,0.17532165587448062,0.36058913398624176,0.183221030806319,0.1516235310789655,1,27,,,,,ve,0.0154
grid,16,3,1.0,1.5,214,lbp,0.016392392090384338,0.03547342494508669,0.01708894815486282,0.014302723896948906,1,63,6.621205467793878e-07,,,,ve,0.0306
grid,16,3,1.0,1.5,214,gibbs,0.009086292110942957,0.01481833892002615,0.009504085978572132,0.007832910508055431,1,2000,,4225.3,1.00078,2000,ve,7.2701
grid,16,3,1.3,1.5,214,exact,0.0,0.0,,,1,,,,,,ve,0.0068
grid,16,3,1.3,1.5,214,mf,0.21351326932507464,0.38174406150152335,0.2174679955079478,0.20164909077645515,1,32,,,,,ve,0.0162
grid,16,3,1.3,1.5,214,lbp,0.09776417456679273,0.17093839592386,0.10147737981112441,0.08662455883379773,1,108,7.473961293191778e-07,,,,ve,0.0534
grid,16,3,1.3,1.5,214,gibbs,0.01598957394168577,0.022714267085526294,0.01630021603040417,0.015057647675530576,1,2000,,2454.2,1.00143,2000,ve,7.5028
grid,16,3,1.75,1.5,214,exact,0.0,0.0,,,1,,,,,,ve,0.0066
grid,16,3,1.75,1.5,214,mf,0.3341317800535862,0.5783251704785928,0.3436214640053455,0.3056627281983083,1,22,,,,,ve,0.0116
grid,16,3,1.75,1.5,214,lbp,0.28240699989787177,0.37630934779505454,0.28416414169689713,0.2771355745007955,1,73,6.686269924394139e-07,,,,ve,0.0291
grid,16,3,1.75,1.5,214,gibbs,0.05438446132170566,0.07420884363602674,0.05470442941593103,0.05342455703902953,1,2000,,1701.7,1.00292,2000,ve,7.3215
grid,16,3,2.5,1.5,214,exact,0.0,0.0,,,1,,,,,,ve,0.0089
grid,16,3,2.5,1.5,214,mf,0.4618753905260867,0.5873322682720119,0.46460567325561747,0.45368454233749433,1,15,,,,,ve,0.0132
grid,16,3,2.5,1.5,214,lbp,0.5732600316872414,0.5959735218791455,0.5729546444752834,0.5741761933231154,1,51,4.1030076297632334e-07,,,,ve,0.0299
grid,16,3,2.5,1.5,214,gibbs,0.37345301125123453,0.3886958792321801,0.373292137479088,0.37393563256767426,0,2000,,16.6,1.16733,2000,ve,7.4351
grid,16,3,4.0,1.5,214,exact,0.0,0.0,,,1,,,,,,ve,0.0069
grid,16,3,4.0,1.5,214,mf,0.34364475673056405,0.3439714802080797,0.3436206845897229,0.3437169731530874,1,11,,,,,ve,0.007
grid,16,3,4.0,1.5,214,lbp,0.6554352801302572,0.6560649866822249,0.6554008378002678,0.6555386071202255,1,40,2.1703561403629834e-07,,,,ve,0.0211
grid,16,3,4.0,1.5,214,gibbs,0.4056690556256666,0.40606542022816283,0.4056423829758546,0.4057490735751028,0,2000,,4.6,2.84002,2000,ve,7.598
grid,16,3,0.0,0.5,215,exact,0.0,0.0,,,1,,,,,,ve,0.0068
grid,16,3,0.0,0.5,215,mf,2.306098020876668e-16,5.39499001028787e-16,2.0397456871693956e-16,3.1051550219984847e-16,1,1,,,,,ve,0.0018
grid,16,3,0.0,0.5,215,lbp,2.2898349882893854e-16,5.412337245047638e-16,2.0354088784794536e-16,3.0531133177191805e-16,1,3,0.0,,,,ve,0.0024
grid,16,3,0.0,0.5,215,gibbs,6.100642994250061e-15,1.3822276656583199e-14,6.831991569700158e-15,3.9065972678997696e-15,1,2000,,8304.9,1.00031,2000,ve,7.6341
grid,16,3,0.1,0.5,215,exact,0.0,0.0,,,1,,,,,,ve,0.0066
grid,16,3,0.1,0.5,215,mf,0.0006152251423961394,0.0012186428365657809,0.0005848809986074205,0.0007062575737622964,1,4,,,,,ve,0.0023
grid,16,3,0.1,0.5,215,lbp,8.964606679076961e-07,1.7424343427135947e-06,8.598687285382248e-07,1.00623648601611e-06,1,17,2.156388345109228e-07,,,,ve,0.0075
grid,16,3,0.1,0.5,215,gibbs,0.00018024561390731837,0.0006297556016841843,0.00017694384166342625,0.00019015093063899473,1,2000,,7915.3,1.00032,2000,ve,7.4571
grid,16,3,0.25,0.5,215,exact,0.0,0.0,,,1,,,,,,ve,0.0066
grid,16,3,0.25,0.5,215,mf,0.004024008611275328,0.007783166251612093,0.0037857287789335773,0.004738848108300581,1,6,,,,,ve,0.0028
grid,16,3,0.25,0.5,215,lbp,3.515355956209247e-05,7.23402570522308e-05,3.379665781461275e-05,3.922426480453163e-05,1,21,2.2319070064336088e-07,,,,ve,0.0106
grid,16,3,0.25,0.5,215,gibbs,0.00041885840754845585,0.0010990861604438379,0.00040616281922115907,0.0004569451725303462,1,2000,,7459.5,1.00049,2000,ve,6.9677
grid,16,3,0.5,0.5,215,exact,0.0,0.0,,,1,,,,,,ve,0.0066
grid,16,3,0.5,0.5,215,mf,0.01834581016163475,0.044002587820429144,0.01826237871208931,0.018596104510271085,1,11,,,,,ve,0.0066
grid,16,3,0.5,0.5,215,lbp,0.0006582294196324852,0.0016031890731901203,0.0006681477128939335,0.0006284745398481405,1,28,2.991590852263748e-07,,,,ve,0.0117
grid,16,3,0.5,0.5,215,gibbs,0.0009254487695880281,0.0024755686622301015,0.0009578677006960736,0.0008281919762638916,1,2000,,6183.1,1.00032,2000,ve,6.8459
grid,16,3,0.75,0.5,215,exact,0.0,0.0,,,1,,,,,,ve,0.0079
grid,16,3,0.75,0.5,215,mf,0.049011867793233896,0.11344998959196242,0.055269882616071485,0.030237823324721108,1,16,,,,,ve,0.008
grid,16,3,0.75,0.5,215,lbp,0.004101179979200488,0.010522723425309733,0.004582721713950565,0.0026565547749502587,1,38,4.1622746094205354e-07,,,,ve,0.0171
grid,16,3,0.75,0.5,215,gibbs,0.0021613578615751958,0.004351480398128882,0.0022733893241546543,0.0018252634738368202,1,2000,,4483.9,1.00077,2000,ve,6.7914
grid,16,3,1.0,0.5,215,exact,0.0,0.0,,,1,,,,,,ve,0.0068
grid,16,3,1.0,0.5,215,mf,0.09479897579636525,0.14980269142899494,0.09450787377428842,0.0956722818625958,1,18,,,,,ve,0.0078
grid,16,3,1.0,0.5,215,lbp,0.013826696050963996,0.026682695802966585,0.014675458633791065,0.011280408302482791,1,46,5.412825943573729e-07,,,,ve,0.0189
grid,16,3,1.0,0.5,215,gibbs,0.00674445032507327,0.011387254009903255,0.006592997024703093,0.007198810226183806,1,2000,,3266.0,1.00115,2000,ve,6.8634
grid,16,3,1.3,0.5,215,exact,0.0,0.0,,,1,,,,,,ve,0.0065
grid,16,3,1.3,0.5,215,mf,0.07629596805831378,0.15627915050147903,0.06812563820222733,0.10080695762657307,1,11,,,,,ve,0.0054
grid,16,3,1.3,0.5,215,lbp,0.01595765472381753,0.023319464148938613,0.016058834978057285,0.01565411396109826,1,44,5.052706479879987e-07,,,,ve,0.0188
grid,16,3,1.3,0.5,215,gibbs,0.00913408242153864,0.014280025581441164,0.008662086671110637,0.010550069672822654,1,2000,,2895.4,1.00094,2000,ve,6.6302
grid,16,3,1.75,0.5,215,exact,0.0,0.0,,,1,,,,,,ve,0.0066
grid,16,3,1.75,0.5,215,mf,0.023334310494669046,0.05489668537697887,0.020011627147430395,0.033302360536384995,1,8,,,,,ve,0.0034
grid,16,3,1.75,0.5,215,lbp,0.006546812975462006,0.007772404524308978,0.006468197254685851,0.006782660137790473,1,38,3.81766846802023e-07,,,,ve,0.0147
grid,16,3,1.75,0.5,215,gibbs,0.0053835792669911006,0.008010475940472599,0.005346665685408477,0.005494320011738973,1,2000,,3429.7,1.00028,2000,ve,5.8927
grid,16,3,2.5,0.5,215,exact,0.0,0.0,,,1,,,,,,ve,0.0075
grid,16,3,2.5,0.5,215,mf,0.004760790740672462,0.008015638630584588,0.0044430029538073965,0.005714154101267655,1,6,,,,,ve,0.0023
grid,16,3,2.5,0.5,215,lbp,0.0033535772421907986,0.0034196009249625476,0.003344778593098167,0.0033799731894686934,1,34,2.075859362182797e-07,,,,ve,0.0119
grid,16,3,2.5,0.5,215,gibbs,0.24226920604290755,0.24648740833774624,0.24171494861584872,0.24393197832408403,0,2000,,5.3,2.03082,2000,ve,7.0386
grid,16,3,4.0,0.5,215,exact,0.0,0.0,,,1,,,,,,ve,0.0069
grid,16,3,4.0,0.5,215,mf,0.0030320065503730894,0.003064128305384171,0.0030287842996814343,0.0030416733024480544,1,6,,,,,ve,0.0035
grid,16,3,4.0,0.5,215,lbp,0.0030201007346148234,0.0030214017612103616,0.003019744043525523,0.0030211708078827235,1,31,2.5440851358915495e-07,,,,ve,0.0176
grid,16,3,4.0,0.5,215,gibbs,0.24686846905623544,0.2469785585472235,0.24683873517122237,0.2469576707112747,0,2000,,4.1,5.64888,2000,ve,6.5979
grid,16,3,0.0,1.5,215,exact,0.0,0.0,,,1,,,,,,ve,0.0065
grid,16,3,0.0,1.5,215,mf,2.381179021321289e-16,4.996003610813204e-16,2.139853687762224e-16,3.1051550219984847e-16,1,1,,,,,ve,0.0011
grid,16,3,0.0,1.5,215,lbp,2.239690637811931e-16,5.412337245047638e-16,1.9685497445095143e-16,3.0531133177191805e-16,1,3,0.0,,,,ve,0.0019
grid,16,3,0.0,1.5,215,gibbs,5.36227420973312e-15,1.0474260347947961e-14,5.847499857010903e-15,3.9065972678997696e-15,1,2000,,8222.8,1.0005,2000,ve,6.6791
grid,16,3,0.1,1.5,215,exact,0.0,0.0,,,1,,,,,,ve,0.0071
grid,16,3,0.1,1.5,215,mf,0.000641008544763395,0.0012172391052414156,0.0006658567296747832,0.0005664639900292302,1,4,,,,,ve,0.002
grid,16,3,0.1,1.5,215,lbp,4.5839537260661733e-07,1.1423876350724615e-06,4.6173279414668246e-07,4.48383107986422e-07,1,18,1.469074895621425e-07,,,,ve,0.0081
grid,16,3,0.1,1.5,215,gibbs,0.00015012701613080845,0.0004443140184938743,0.00014551203556712554,0.00016397195782185715,1,2000,,7930.4,1.0002,2000,ve,6.6076
grid,16,3,0.25,1.5,215,exact,0.0,0.0,,,1,,,,,,ve,0.007
grid,16,3,0.25,1.5,215,mf,0.004143875090880638,0.007267811165105456,0.004280046514922166,0.003735360818756056,1,6,,,,,ve,0.0027
grid,16,3,0.25,1.5,215,lbp,1.9512123648288737e-05,4.839268516653415e-05,2.0184789510853038e-05,1.7494126060595833e-05,1,20,2.920707932174693e-07,,,,ve,0.0074
grid,16,3,0.25,1.5,215,gibbs,0.00031178106151878065,0.001002039502528751,0.00032500690025804674,0.0002721035453009824,1,2000,,7670.8,1.00006,2000,ve,6.4115
grid,16,3,0.5,1.5,215,exact,0.0,0.0,,,1,,,,,,ve,0.0065
grid,16,3,0.5,1.5,215,mf,0.015978269335100378,0.022105627221233833,0.016244011562738567,0.015181042652185804,1,8,,,,,ve,0.0036
grid,16,3,0.5,1.5,215,lbp,0.0003091651515588702,0.000643492960515427,0.0003232963138562015,0.0002667716646668761,1,25,3.0536698220062775e-07,,,,ve,0.0114
grid,16,3,0.5,1.5,215,gibbs,0.0006910979100695467,0.0014002545810846319,0.0007245859892481008,0.0005906336725338846,1,2000,,6547.1,0.99987,2000,ve,6.6497
grid,16,3,0.75,1.5,215,exact,0.0,0.0,,,1,,,,,,ve,0.008
grid,16,3,0.75,1.5,215,mf,0.03112960180020264,0.053930768207105254,0.03164628414553713,0.029579554764199198,1,13,,,,,ve,0.005
grid,16,3,0.75,1.5,215,lbp,0.0013782979371150328,0.0032009772475795444,0.0015025010080175327,0.0010056887244075333,1,32,3.8168659149961925e-07,,,,ve,0.0124
grid,16,3,0.75,1.5,215,gibbs,0.0022722855427269686,0.004752450463585967,0.0022812322510203705,0.002245445417846763,1,2000,,6055.5,0.99995,2000,ve,6.3613
grid,16,3,1.0,1.5,215,exact,0.0,0.0,,,1,,,,,,ve,0.0066
grid,16,3,1.0,1.5,215,mf,0.04844705908703166,0.1081207111788873,0.05516325557772445,0.028298469614953286,1,22,,,,,ve,0.0081
grid,16,3,1.0,1.5,215,lbp,0.003457773578512993,0.012128377602337502,0.004311031572207149,0.0008979995974305274,1,41,4.384637993237739e-07,,,,ve,0.0155
grid,16,3,1.0,1.5,215,gibbs,0.0018626098656890286,0.00607595914476038,0.001670968131454784,0.0024375350683917612,1,2000,,5182.6,0.99998,2000,ve,6.6623
grid,16,3,1.3,1.5,215,exact,0.0,0.0,,,1,,,,,,ve,0.0065
grid,16,3,1.3,1.5,215,mf,0.11092288690812471,0.2532656193844319,0.09678988231893255,0.15332190067570112,1,51,,,,,ve,0.0204
grid,16,3,1.3,1.5,215,lbp,0.010768077120628822,0.02888682720614964,0.011198502384076187,0.009476801330286727,1,50,4.789912000924268e-07,,,,ve,0.0208
grid,16,3,1.3,1.5,215,gibbs,0.001385302909758359,0.003898013998915463,0.0013755118654062979,0.001414676042814543,1,2000,,2923.6,1.00071,2000,ve,6.6118
grid,16,3,1.75,1.5,215,exact,0.0,0.0,,,1,,,,,,ve,0.0079
grid,16,3,1.75,1.5,215,mf,0.05925525051742715,0.1703772451128158,0.050270173348732995,0.08621048202350962,1,12,,,,,ve,0.0051
grid,16,3,1.75,1.5,215,lbp,0.009554153287008402,0.01833185226609,0.00915507686829168,0.010751382543158564,1,46,5.023428677475295e-07,,,,ve,0.0184
grid,16,3,1.75,1.5,215,gibbs,0.0012460990073537368,0.005616669520529054,0.0011018880650841792,0.0016787318341624096,1,2000,,1928.8,1.00198,2000,ve,6.3191
grid,16,3,2.5,1.5,215,exact,0.0,0.0,,,1,,,,,,ve,0.0071
grid,16,3,2.5,1.5,215,mf,0.005899025939067262,0.01741433903984256,0.0051377449501333805,0.008182868905868907,1,9,,,,,ve,0.0039
grid,16,3,2.5,1.5,215,lbp,0.0016389280661309028,0.001989728434397556,0.0016154118397062069,0.0017094767454049913,1,39,2.7347723074999664e-07,,,,ve,0.0142
grid,16,3,2.5,1.5,215,gibbs,0.000860102121098844,0.0014631773914888253,0.0008869973706282216,0.0007794163725107114,1,2000,,3193.3,1.00111,2000,ve,6.5721
grid,16,3,4.0,1.5,215,exact,0.0,0.0,,,1,,,,,,ve,0.0068
grid,16,3,4.0,1.5,215,mf,0.5078601653969415,0.9988392422258576,0.499687085023864,0.5323794065161739,1,7,,,,,ve,0.0032
grid,16,3,4.0,1.5,215,lbp,0.0011153694595355237,0.0011166340383004388,0.0011151378499344082,0.0011160642883388697,1,32,2.3772128832089123e-07,,,,ve,0.0126
grid,16,3,4.0,1.5,215,gibbs,0.49854454225505196,0.49888384795219304,0.49845117167007075,0.49882465400999554,0,2000,,4.3,8.33313,2000,ve,6.4949
grid,16,3,0.0,0.5,216,exact,0.0,0.0,,,1,,,,,,ve,0.0066
grid,16,3,0.0,0.5,216,mf,2.8601253310167607e-16,6.245004513516506e-16,3.1629791378643784e-16,1.951563910473908e-16,1,1,,,,,ve,0.0008
grid,16,3,0.0,0.5,216,lbp,2.8449465006019636e-16,6.245004513516506e-16,3.2236944595235667e-16,1.708702623837155e-16,1,3,0.0,,,,ve,0.0015
grid,16,3,0.0,0.5,216,gibbs,6.799031823656598e-15,1.3530843112619095e-14,7.606762442158299e-15,4.375839968151496e-15,1,2000,,8001.2,0.99987,2000,ve,6.5725
grid,16,3,0.1,0.5,216,exact,0.0,0.0,,,1,,,,,,ve,0.0067
grid,16,3,0.1,0.5,216,mf,0.000647384349198369,0.0009763693695940406,0.000599948669920582,0.0007896913870317299,1,4,,,,,ve,0.002
grid,16,3,0.1,0.5,216,lbp,9.324633533191844e-07,1.8716380798672327e-06,8.267093681057006e-07,1.2497253089596358e-06,1,17,1.597387123686289e-07,,,,ve,0.0066
grid,16,3,0.1,0.5,216,gibbs,0.00025903873933124624,0.0006347315471841586,0.00029930068256156197,0.00013825290964029902,1,2000,,7906.4,0.99989,2000,ve,6.6091
grid,16,3,0.25,0.5,216,exact,0.0,0.0,,,1,,,,,,ve,0.0068
grid,16,3,0.25,0.5,216,mf,0.004340120798160789,0.007425306140388999,0.004043743553918692,0.005229252530887078,1,6,,,,,ve,0.0028
grid,16,3,0.25,0.5,216,lbp,3.838912126705499e-05,7.052148154509941e-05,3.4586353013055356e-05,4.979742602905391e-05,1,19,1.761782877918172e-07,,,,ve,0.0074
grid,16,3,0.25,0.5,216,gibbs,0.0006226457155341398,0.001497254790389979,0.0006836423619836369,0.0004396557761856485,1,2000,,7640.1,0.99991,2000,ve,6.4599
grid,16,3,0.5,0.5,216,exact,0.0,0.0,,,1,,,,,,ve,0.0084
grid,16,3,0.5,0.5,216,mf,0.0205230892203438,0.04155790636192323,0.019272138344594698,0.024275941847591097,1,9,,,,,ve,0.0038
grid,16,3,0.5,0.5,216,lbp,0.0007259730069244423,0.0014136745525102773,0.0006586817299885185,0.0009278468377322139,1,24,2.6928696217343173e-07,,,,ve,0.0095
grid,16,3,0.5,0.5,216,gibbs,0.001578033947344775,0.003673157208962788,0.001693252058546921,0.0012323796137383375,1,2000,,6944.8,0.99977,2000,ve,6.3125
grid,16,3,0.75,0.5,216,exact,0.0,0.0,,,1,,,,,,ve,0.0069
grid,16,3,0.75,0.5,216,mf,0.06527261229276511,0.15122366635534548,0.0638795631815748,0.06945175962633607,1,17,,,,,ve,0.0061
grid,16,3,0.75,0.5,216,lbp,0.004303634708381368,0.01006272999231396,0.004031736159008645,0.005119330356499535,1,32,4.90460070556864e-07,,,,ve,0.0106
grid,16,3,0.75,0.5,216,gibbs,0.0037198435104672575,0.006369721198740408,0.0038623177093209155,0.003292420913906282,1,2000,,5833.1,0.99996,2000,ve,4.8997
grid,16,3,1.0,0.5,216,exact,0.0,0.0,,,1,,,,,,ve,0.0082
grid,16,3,1.0,0.5,216,mf,0.16452331201232145,0.346691535658945,0.16716135523517353,0.15660918234376525,1,97,,,,,ve,0.0291
grid,16,3,1.0,0.5,216,lbp,0.01722810145500652,0.04089598500379227,0.018018594443245183,0.014856622490290544,1,51,6.300167818551472e-07,,,,ve,0.0141
grid,16,3,1.0,0.5,216,gibbs,0.0047712626378141176,0.008568387262102184,0.004768305702574928,0.0047801334435316825,1,2000,,4746.7,1.00118,2000,ve,4.8032
grid,16,3,1.3,0.5,216,exact,0.0,0.0,,,1,,,,,,ve,0.0078
grid,16,3,1.3,0.5,216,mf,0.342963304779619,0.4890109190823834,0.34344471792656833,0.34151906533877097,1,20,,,,,ve,0.0059
grid,16,3,1.3,0.5,216,lbp,0.08421522580224548,0.13192227410807494,0.08306687808707136,0.08766026894776782,1,121,8.41548399799219e-07,,,,ve,0.0311
grid,16,3,1.3,0.5,216,gibbs,0.00549992651976448,0.009785505074799958,0.006094718929882242,0.0037155492894111928,1,2000,,2971.6,1.00061,2000,ve,4.8797
grid,16,3,1.75,0.5,216,exact,0.0,0.0,,,1,,,,,,ve,0.0068
grid,16,3,1.75,0.5,216,mf,0.49504633452849517,0.7981067804736137,0.5270096842222497,0.39915628544723164,1,11,,,,,ve,0.009
grid,16,3,1.75,0.5,216,lbp,0.3173840832630653,0.42050736880481754,0.3184884981315678,0.3140708386575577,1,88,6.012040758562875e-07,,,,ve,0.0395
grid,16,3,1.75,0.5,216,gibbs,0.051130033126933136,0.05945676010352631,0.04991351522487805,0.05477958683309836,0,2000,,358.8,1.01105,2000,ve,4.7856
grid,16,3,2.5,0.5,216,exact,0.0,0.0,,,1,,,,,,ve,0.0066
grid,16,3,2.5,0.5,216,mf,0.5859148244111296,0.9849306798729329,0.6469696059624808,0.40275047975707656,1,7,,,,,ve,0.0022
grid,16,3,2.5,0.5,216,lbp,0.2142148757022407,0.22498752738374855,0.2134901937230782,0.2163889216397282,1,46,3.0441489495824925e-07,,,,ve,0.0114
grid,16,3,2.5,0.5,216,gibbs,0.2790488670741986,0.2869481116949909,0.2771019589641773,0.28488959140426284,0,2000,,8.9,1.36188,2000,ve,4.9153
grid,16,3,4.0,0.5,216,exact,0.0,0.0,,,1,,,,,,ve,0.0071
grid,16,3,4.0,0.5,216,mf,0.5900698594479095,0.9978658800032434,0.6575480623684432,0.3876352506863082,1,6,,,,,ve,0.0038
grid,16,3,4.0,0.5,216,lbp,0.18483329832892517,0.18503233075945624,0.1847773293756149,0.18500120518885593,1,38,1.9710934451300233e-07,,,,ve,0.0178
grid,16,3,4.0,0.5,216,gibbs,0.5644453597972475,0.5649862341894071,0.5642947409663931,0.5648972162898112,0,2000,,4.4,3.55116,2000,ve,4.7881
grid,16,3,0.0,1.5,216,exact,0.0,0.0,,,1,,,,,,ve,0.0065
grid,16,3,0.0,1.5,216,mf,2.2079777242667298e-16,4.996003610813204e-16,2.293448995531004e-16,1.951563910473908e-16,1,1,,,,,ve,0.0005
grid,16,3,0.0,1.5,216,lbp,2.1841252764720487e-16,4.440892098500626e-16,2.342599494017013e-16,1.708702623837155e-16,1,3,0.0,,,,ve,0.0008
grid,16,3,0.0,1.5,216,gibbs,6.1711161354616184e-15,1.8263168755083825e-14,6.7695415245649926e-15,4.375839968151496e-15,1,2000,,8481.7,0.99983,2000,ve,4.8277
grid,16,3,0.1,1.5,216,exact,0.0,0.0,,,1,,,,,,ve,0.0069
grid,16,3,0.1,1.5,216,mf,0.0005885772956395987,0.0011786400395390334,0.0005602658457306418,0.0006735116453664694,1,4,,,,,ve,0.0014
grid,16,3,0.1,1.5,216,lbp,6.211623622839565e-07,1.8323280431380151e-06,6.039968063037213e-07,6.726590302246621e-07,1,17,1.7137572905223664e-07,,,,ve,0.005
grid,16,3,0.1,1.5,216,gibbs,0.00020032914906912874,0.0006131183024177395,0.00023292441054662138,0.00010254336463665081,1,2000,,8291.1,0.99989,2000,ve,4.8027
grid,16,3,0.25,1.5,216,exact,0.0,0.0,,,1,,,,,,ve,0.0066
grid,16,3,0.25,1.5,216,mf,0.0038014372858329315,0.007812829781986497,0.003623361287947308,0.004335665279489803,1,5,,,,,ve,0.0019
grid,16,3,0.25,1.5,216,lbp,2.4344800864750963e-05,7.51164136408751e-05,2.3782286816988532e-05,2.6032343008038257e-05,1,19,2.3476673072231335e-07,,,,ve,0.005
grid,16,3,0.25,1.5,216,gibbs,0.0004483074775087141,0.0011320905084412844,0.000487727796500299,0.0003300465205339593,1,2000,,7971.1,0.99999,2000,ve,4.8352
grid,16,3,0.5,1.5,216,exact,0.0,0.0,,,1,,,,,,ve,0.0153
grid,16,3,0.5,1.5,216,mf,0.01706774009117999,0.035616537035865786,0.016110664056290722,0.019938968195847805,1,8,,,,,ve,0.0045
grid,16,3,0.5,1.5,216,lbp,0.00046898143267175675,0.0013807756380113893,0.0004519048554825509,0.0005202111642393743,1,23,2.986756801326429e-07,,,,ve,0.0089
grid,16,3,0.5,1.5,216,gibbs,0.0009539355508503783,0.0017811133846312444,0.0010668254795428026,0.0006152657647731053,1,2000,,7367.9,0.99992,2000,ve,4.8824
grid,16,3,0.75,1.5,216,exact,0.0,0.0,,,1,,,,,,ve,0.0069
grid,16,3,0.75,1.5,216,mf,0.04570854266422762,0.09556103895717755,0.04212094052673079,0.05647134907671812,1,13,,,,,ve,0.0038
grid,16,3,0.75,1.5,216,lbp,0.0029005155377906855,0.007693390533215258,0.0027706232733041326,0.0032901923312503444,1,29,4.911352669556557e-07,,,,ve,0.0071
grid,16,3,0.75,1.5,216,gibbs,0.0012885082423505871,0.003380683152525474,0.0014299667648463655,0.0008641326748632526,1,2000,,6528.2,1.00016,2000,ve,4.8999
grid,16,3,1.0,1.5,216,exact,0.0,0.0,,,1,,,,,,ve,0.0067
grid,16,3,1.0,1.5,216,mf,0.10854126466137994,0.24444184284399584,0.10210155130446434,0.12786040473212673,1,24,,,,,ve,0.0068
grid,16,3,1.0,1.5,216,lbp,0.011154738212064735,0.030302350067340625,0.010997867091909648,0.011625351572529991,1,43,5.154822935726777e-07,,,,ve,0.0115
grid,16,3,1.0,1.5,216,gibbs,0.0024673673964036467,0.0061428520899208805,0.0027337245974545427,0.0016682957932509564,1,2000,,5423.5,0.99972,2000,ve,4.6905
grid,16,3,1.3,1.5,216,exact,0.0,0.0,,,1,,,,,,ve,0.0065
grid,16,3,1.3,1.5,216,mf,0.24238029660946497,0.40284520500571386,0.22056014732993864,0.3078407444480439,1,52,,,,,ve,0.0122
grid,16,3,1.3,1.5,216,lbp,0.04412439431670656,0.11551910930581201,0.04638287464319166,0.03734895333725126,1,81,7.662890949555745e-07,,,,ve,0.0207
grid,16,3,1.3,1.5,216,gibbs,0.009513295195943731,0.019368171649320184,0.010280960196049833,0.007210300195625427,1,2000,,3032.1,1.00029,2000,ve,4.8633
grid,16,3,1.75,1.5,216,exact,0.0,0.0,,,1,,,,,,ve,0.0066
grid,16,3,1.75,1.5,216,mf,0.37110026184874684,0.6851517102661708,0.39325837772415245,0.30462591422253005,1,11,,,,,ve,0.0029
grid,16,3,1.75,1.5,216,lbp,0.2416815002254561,0.37108069321049786,0.24346722757807715,0.23632431816759275,1,129,7.257521723591509e-07,,,,ve,0.0327
grid,16,3,1.75,1.5,216,gibbs,0.015456036664747772,0.025018328263249776,0.016011627635897346,0.01378926375129905,0,2000,,534.5,1.01023,2000,ve,4.7173
grid,16,3,2.5,1.5,216,exact,0.0,0.0,,,1,,,,,,ve,0.0066
grid,16,3,2.5,1.5,216,mf,0.49452029175391443,0.9727308566293533,0.5655268404116479,0.2815006457807142,1,7,,,,,ve,0.0022
grid,16,3,2.5,1.5,216,lbp,0.06588289498919246,0.08194022955927421,0.06656016706544625,0.06385107876043111,1,49,3.3076879413229676e-07,,,,ve,0.0129
grid,16,3,2.5,1.5,216,gibbs,0.05775384579115561,0.06685293375633056,0.057004217048067685,0.06000273202041942,1,2000,,1171.1,1.00215,2000,ve,4.9316
grid,16,3,4.0,1.5,216,exact,0.0,0.0,,,1,,,,,,ve,0.0066
grid,16,3,4.0,1.5,216,mf,0.5138168822260177,0.9990032856414371,0.5942763179015614,0.2724385751993867,1,5,,,,,ve,0.0015
grid,16,3,4.0,1.5,216,lbp,0.030863932866609437,0.030976588148790535,0.030841630654095138,0.030930839504152326,1,38,2.3358115142091407e-07,,,,ve,0.0092
grid,16,3,4.0,1.5,216,gibbs,0.7171905052377822,0.7190752721907643,0.7166619901182067,0.7187760505965087,0,2000,,4.6,2.81369,2000,ve,4.7486
grid,16,3,0.0,0.5,217,exact,0.0,0.0,,,1,,,,,,ve,0.0065
grid,16,3,0.0,0.5,217,mf,2.977219165645195e-16,6.522560269672795e-16,2.9866155844734027e-16,2.949029909160572e-16,1,1,,,,,ve,0.0005
grid,16,3,0.0,0.5,217,lbp,3.0509449133742095e-16,5.689893001203927e-16,3.021310053992939e-16,3.139849491518021e-16,1,3,0.0,,,,ve,0.0014
grid,16,3,0.0,0.5,217,gibbs,8.412758337184023e-15,1.8818280267396403e-14,9.089661893539139e-15,6.382047668118673e-15,1,2000,,8197.8,1.00009,2000,ve,4.7653
grid,16,3,0.1,0.5,217,exact,0.0,0.0,,,1,,,,,,ve,0.0068
grid,16,3,0.1,0.5,217,mf,0.0006152419111818579,0.0013368945231737525,0.0005626688979171743,0.0007729609509759088,1,4,,,,,ve,0.0015
grid,16,3,0.1,0.5,217,lbp,9.461842033413152e-07,2.182260472438635e-06,9.253339105467819e-07,1.0087350817249152e-06,1,16,2.599106759260117e-07,,,,ve,0.004
grid,16,3,0.1,0.5,217,gibbs,0.0003053093207855892,0.0006558215345868618,0.00029307724542172557,0.0003420055468771801,1,2000,,8115.7,0.99997,2000,ve,4.6953
grid,16,3,0.25,0.5,217,exact,0.0,0.0,,,1,,,,,,ve,0.0084
grid,16,3,0.25,0.5,217,mf,0.004143095595589937,0.008973355102274254,0.003683426105710832,0.005522104065227252,1,6,,,,,ve,0.0022
grid,16,3,0.25,0.5,217,lbp,3.8532753927065936e-05,9.723728022232453e-05,3.3687018158496826e-05,5.306996123277327e-05,1,20,1.8576561933159041e-07,,,,ve,0.0065
grid,16,3,0.25,0.5,217,gibbs,0.0007031879467445904,0.0016858004347616307,0.0007578522708319903,0.0005391949744823904,1,2000,,7621.5,1.00022,2000,ve,4.816
grid,16,3,0.5,0.5,217,exact,0.0,0.0,,,1,,,,,,ve,0.0068
grid,16,3,0.5,0.5,217,mf,0.021543488506912324,0.04702454171729693,0.01839970443029769,0.03097484073675623,1,11,,,,,ve,0.0036
grid,16,3,0.5,0.5,217,lbp,0.0007882897172344708,0.00195550410039997,0.0006666686872139373,0.0011531528072960713,1,25,4.303888804790823e-07,,,,ve,0.0062
grid,16,3,0.5,0.5,217,gibbs,0.0026356635545426487,0.005242110386627169,0.0026693693932522927,0.002534546038413717,1,2000,,6527.2,1.00085,2000,ve,4.6364
grid,16,3,0.75,0.5,217,exact,0.0,0.0,,,1,,,,,,ve,0.0069
grid,16,3,0.75,0.5,217,mf,0.08241646340406686,0.15586048628399374,0.07515884561659956,0.1041893167664688,1,20,,,,,ve,0.0059
grid,16,3,0.75,0.5,217,lbp,0.005737720389098676,0.01333709509597309,0.0048936104722752645,0.008270050139568911,1,38,4.6270045445107044e-07,,,,ve,0.0101
grid,16,3,0.75,0.5,217,gibbs,0.005675398684177571,0.011679971852287474,0.005692481776281515,0.005624149407865741,1,2000,,4996.8,1.00058,2000,ve,4.6415
grid,16,3,1.0,0.5,217,exact,0.0,0.0,,,1,,,,,,ve,0.0066
grid,16,3,1.0,0.5,217,mf,0.19345249137326403,0.3389126161987812,0.19216339606794663,0.19731977728921626,1,21,,,,,ve,0.0063
grid,16,3,1.0,0.5,217,lbp,0.032043705638320416,0.06138482271137817,0.029118123327747002,0.04082045257004067,1,65,6.379039746429171e-07,,,,ve,0.0174
grid,16,3,1.0,0.5,217,gibbs,0.008829970544014151,0.017150218723558985,0.008538777454690972,0.00970354981198369,1,2000,,3135.0,1.00053,2000,ve,4.8044
grid,16,3,1.3,0.5,217,exact,0.0,0.0,,,1,,,,,,ve,0.0066
grid,16,3,1.3,0.5,217,mf,0.3139241682113537,0.4187048240799519,0.31726008211240236,0.3039164265082074,1,17,,,,,ve,0.0056
grid,16,3,1.3,0.5,217,lbp,0.16831308643615234,0.23412807493427998,0.16474146333076425,0.1790279557523167,1,87,7.586651581958925e-07,,,,ve,0.0237
grid,16,3,1.3,0.5,217,gibbs,0.01859145466308793,0.026540791458006648,0.018806186621446685,0.017947258788011657,1,2000,,1949.3,1.00112,2000,ve,4.8846
grid,16,3,1.75,0.5,217,exact,0.0,0.0,,,1,,,,,,ve,0.0082
grid,16,3,1.75,0.5,217,mf,0.3447202549661697,0.3935885172296628,0.3457021313496771,0.3417746258156476,1,9,,,,,ve,0.0033
grid,16,3,1.75,0.5,217,lbp,0.30355112305062837,0.33845051698318096,0.3024311040110998,0.30691118016921426,1,50,4.835226136146176e-07,,,,ve,0.0135
grid,16,3,1.75,0.5,217,gibbs,0.12617694862198853,0.1388079337713672,0.12441709817872633,0.13145649995177505,0,2000,,753.0,1.01719,2000,ve,4.7676
grid,16,3,2.5,0.5,217,exact,0.0,0.0,,,1,,,,,,ve,0.0065
grid,16,3,2.5,0.5,217,mf,0.36617961580631403,0.37138026992806283,0.36607478131938115,0.36649411926711273,1,6,,,,,ve,0.0018
grid,16,3,2.5,0.5,217,lbp,0.3629563782093588,0.36718898984488846,0.3627287583065934,0.36363923791765507,1,39,3.444889724590894e-07,,,,ve,0.0101
grid,16,3,2.5,0.5,217,gibbs,0.11564685055829257,0.11727132972849319,0.11560193239178822,0.11578160505780569,0,2000,,9.8,1.3162,2000,ve,4.6462
grid,16,3,4.0,0.5,217,exact,0.0,0.0,,,1,,,,,,ve,0.0081
grid,16,3,4.0,0.5,217,mf,0.37269626767903397,0.3728153639436691,0.37268954879671673,0.37271642432598556,1,5,,,,,ve,0.0015
grid,16,3,4.0,0.5,217,lbp,0.37267335094965676,0.37278914002051533,0.3726660129657997,0.3726953649012278,1,35,1.7164279009218575e-07,,,,ve,0.0077
grid,16,3,4.0,0.5,217,gibbs,0.24650908989568862,0.24670967007792832,0.24650013531501838,0.24653595363769928,0,2000,,4.2,4.74943,2000,ve,3.9439
grid,16,3,0.0,1.5,217,exact,0.0,0.0,,,1,,,,,,ve,0.0087
grid,16,3,0.0,1.5,217,mf,2.507759624958972e-16,6.106226635438361e-16,2.3722343533982837e-16,2.914335439641036e-16,1,1,,,,,ve,0.0005
grid,16,3,0.0,1.5,217,lbp,2.6020852139652106e-16,5.273559366969494e-16,2.4343952779541195e-16,3.1051550219984847e-16,1,3,0.0,,,,ve,0.0008
grid,16,3,0.0,1.5,217,gibbs,6.5252707751040084e-15,1.3766765505351941e-14,6.500153424774761e-15,6.600622826091751e-15,1,2000,,7763.1,1.0003,2000,ve,3.6757
grid,16,3,0.1,1.5,217,exact,0.0,0.0,,,1,,,,,,ve,0.0069
grid,16,3,0.1,1.5,217,mf,0.0005899164336214483,0.001054077851067696,0.0005683822507883701,0.0006545189821206832,1,4,,,,,ve,0.0009
grid,16,3,0.1,1.5,217,lbp,6.418386167410554e-07,1.4031795652347245e-06,5.539816597138007e-07,9.054094878228197e-07,1,17,1.4973499329329343e-07,,,,ve,0.003
grid,16,3,0.1,1.5,217,gibbs,0.0002548908789006156,0.0005461931209359144,0.0002456697257211062,0.00028255433843914386,1,2000,,7809.5,1.00011,2000,ve,3.2121
grid,16,3,0.25,1.5,217,exact,0.0,0.0,,,1,,,,,,ve,0.0093
grid,16,3,0.25,1.5,217,mf,0.003964323209366606,0.007037301838203114,0.003852374089907092,0.00430017056774515,1,5,,,,,ve,0.0011
grid,16,3,0.25,1.5,217,lbp,2.6679314748479606e-05,5.7277689347177974e-05,2.308863439377257e-05,3.7451355812600715e-05,1,19,2.0649625487312306e-07,,,,ve,0.0028
grid,16,3,0.25,1.5,217,gibbs,0.0006469117342685225,0.0012665240327021515,0.0006117052794017341,0.0007525310988688878,1,2000,,7522.6,1.00048,2000,ve,3.3013
grid,16,3,0.5,1.5,217,exact,0.0,0.0,,,1,,,,,,ve,0.0091
grid,16,3,0.5,1.5,217,mf,0.01772756666097139,0.03147626402134506,0.01740124324534087,0.01870653690786294,1,8,,,,,ve,0.0025
grid,16,3,0.5,1.5,217,lbp,0.0005122337836330112,0.0010221988308202895,0.0004702364777822309,0.000638225701185352,1,24,2.8206624363980026e-07,,,,ve,0.0056
grid,16,3,0.5,1.5,217,gibbs,0.001290114357704018,0.003130778094424025,0.0013021782533811088,0.0012539226706727458,1,2000,,7099.9,1.00049,2000,ve,3.2201
grid,16,3,0.75,1.5,217,exact,0.0,0.0,,,1,,,,,,ve,0.0082
grid,16,3,0.75,1.5,217,mf,0.043777469954919136,0.07618148607760465,0.044425051733095605,0.04183472462038973,1,16,,,,,ve,0.0034
grid,16,3,0.75,1.5,217,lbp,0.0030093164008687893,0.006449621954778009,0.002972512778090051,0.0031197272692050047,1,33,4.257762542536625e-07,,,,ve,0.0063
grid,16,3,0.75,1.5,217,gibbs,0.0024343313595800863,0.0062158944054084425,0.0022784187236353664,0.0029020692674142454,1,2000,,6433.8,1.00082,2000,ve,3.2349
grid,16,3,1.0,1.5,217,exact,0.0,0.0,,,1,,,,,,ve,0.0093
grid,16,3,1.0,1.5,217,mf,0.10760026603084627,0.2476094225119841,0.11628698251316438,0.08154011658389199,1,52,,,,,ve,0.0092
grid,16,3,1.0,1.5,217,lbp,0.010889139874435013,0.027540911609193246,0.01189728531164657,0.007864703562800345,1,52,6.085051718063283e-07,,,,ve,0.0089
grid,16,3,1.0,1.5,217,gibbs,0.00268206950040007,0.0064053170553352995,0.0024462656721273104,0.0033894809852183473,1,2000,,4685.2,1.00056,2000,ve,3.3074
grid,16,3,1.3,1.5,217,exact,0.0,0.0,,,1,,,,,,ve,0.0077
grid,16,3,1.3,1.5,217,mf,0.3209173352437639,0.4550782396326417,0.2948180153868422,0.399215294814529,1,41,,,,,ve,0.0076
grid,16,3,1.3,1.5,217,lbp,0.07146009849149713,0.14127126011650032,0.07068557721849368,0.07378366231050747,1,105,7.51238474872018e-07,,,,ve,0.0182
grid,16,3,1.3,1.5,217,gibbs,0.013554778246997898,0.0212577404296196,0.012790891313143116,0.01584643904856224,1,2000,,1859.0,1.00228,2000,ve,3.2921
grid,16,3,1.75,1.5,217,exact,0.0,0.0,,,1,,,,,,ve,0.0078
grid,16,3,1.75,1.5,217,mf,0.20472670418953384,0.3129590852354309,0.1981925747772549,0.22432909242637072,1,11,,,,,ve,0.0023
grid,16,3,1.75,1.5,217,lbp,0.14779866533483893,0.18889166525146078,0.14111413734757863,0.1678522492966199,1,61,5.671042264676629e-07,,,,ve,0.0102
grid,16,3,1.75,1.5,217,gibbs,0.01607777387261517,0.0202202494762772,0.01566142168230392,0.017326830443548928,1,2000,,432.7,1.00813,2000,ve,3.3318
grid,16,3,2.5,1.5,217,exact,0.0,0.0,,,1,,,,,,ve,0.0077
grid,16,3,2.5,1.5,217,mf,0.09581993778484221,0.1049928159744856,0.09557623182273937,0.09655105567115069,1,7,,,,,ve,0.0017
grid,16,3,2.5,1.5,217,lbp,0.09198549368752092,0.09404848373012026,0.09168223220017964,0.09289527814954471,1,41,2.780198309348947e-07,,,,ve,0.0067
grid,16,3,2.5,1.5,217,gibbs,0.4955745048119844,0.5040638208641459,0.4948553198712826,0.49773205963408995,0,2000,,7.5,1.4868,2000,ve,3.3374
grid,16,3,4.0,1.5,217,exact,0.0,0.0,,,1,,,,,,ve,0.0094
grid,16,3,4.0,1.5,217,mf,0.08553255332396872,0.08561732568868996,0.08552909349277704,0.08554293281754378,1,6,,,,,ve,0.0012
grid,16,3,4.0,1.5,217,lbp,0.08550461161935957,0.08553732306613289,0.08550202449283502,0.08551237299893319,1,35,1.935613632708666e-07,,,,ve,0.0056
grid,16,3,4.0,1.5,217,gibbs,0.6641581422598261,0.6644636649113094,0.664147408559307,0.6641903433613833,0,2000,,4.3,4.19737,2000,ve,3.3957
grid,16,3,0.0,0.5,218,exact,0.0,0.0,,,1,,,,,,ve,0.008
grid,16,3,0.0,0.5,218,mf,2.931682674400804e-16,6.522560269672795e-16,2.9374650859873935e-16,2.914335439641036e-16,1,1,,,,,ve,0.0003
grid,16,3,0.0,0.5,218,lbp,3.1094918306884267e-16,8.534839501805891e-16,3.1514143146911994e-16,2.983724378680108e-16,1,3,0.0,,,,ve,0.0007
grid,16,3,0.0,0.5,218,gibbs,7.334085595778195e-15,1.6459056340067946e-14,8.351681614800674e-15,4.28129753871076e-15,1,2000,,7638.8,0.99996,2000,ve,2.9008
grid,16,3,0.1,0.5,218,exact,0.0,0.0,,,1,,,,,,ve,0.0077
grid,16,3,0.1,0.5,218,mf,0.0005670584660905415,0.0011321661153980561,0.0005589897987358567,0.000591264468154596,1,4,,,,,ve,0.0009
grid,16,3,0.1,0.5,218,lbp,7.406700624620552e-07,1.619980175837643e-06,7.508047211110999e-07,7.102660865149213e-07,1,17,1.515296936260846e-07,,,,ve,0.0023
grid,16,3,0.1,0.5,218,gibbs,0.0002451146012355703,0.0006462615613417998,0.00026823648274417605,0.00017574895670975296,1,2000,,7810.0,1.00006,2000,ve,2.6353
grid,16,3,0.25,0.5,218,exact,0.0,0.0,,,1,,,,,,ve,0.0085
grid,16,3,0.25,0.5,218,mf,0.0037649181248010713,0.0077167992093860605,0.003762478353814238,0.0037722374377615712,1,6,,,,,ve,0.0011
grid,16,3,0.25,0.5,218,lbp,2.9914999594161376e-05,7.339475782415505e-05,3.07632281797152e-05,2.737031383749991e-05,1,19,1.9258717653958257e-07,,,,ve,0.0026
grid,16,3,0.25,0.5,218,gibbs,0.0006311194679357581,0.001307778375779084,0.0006364135040660066,0.0006152373595450129,1,2000,,7609.5,0.99999,2000,ve,2.6937
grid,16,3,0.5,0.5,218,exact,0.0,0.0,,,1,,,,,,ve,0.0078
grid,16,3,0.5,0.5,218,mf,0.016743445978314335,0.04118275445516412,0.016857663776392178,0.01640079258408079,1,11,,,,,ve,0.002
grid,16,3,0.5,0.5,218,lbp,0.0005797963021023657,0.0016083627992716787,0.0005941154554185719,0.0005368388421537473,1,24,3.5443987445038516e-07,,,,ve,0.0033
grid,16,3,0.5,0.5,218,gibbs,0.001495165797388085,0.0035682832298799053,0.0014442912285216336,0.0016477895039874388,1,2000,,6838.7,0.99994,2000,ve,2.6198
grid,16,3,0.75,0.5,218,exact,0.0,0.0,,,1,,,,,,ve,0.0071
grid,16,3,0.75,0.5,218,mf,0.05381135818107323,0.13930152917167274,0.057621704441775994,0.04238031939896497,1,19,,,,,ve,0.0029
grid,16,3,0.75,0.5,218,lbp,0.0038609728520748836,0.0113033772118762,0.004032137332679293,0.003347479410261655,1,35,4.526701555263024e-07,,,,ve,0.0045
grid,16,3,0.75,0.5,218,gibbs,0.002252935532096846,0.006380452220312389,0.0021841210561037608,0.0024593789600761036,1,2000,,5421.2,1.00021,2000,ve,2.738
grid,16,3,1.0,0.5,218,exact,0.0,0.0,,,1,,,,,,ve,0.0076
grid,16,3,1.0,0.5,218,mf,0.14460806888734057,0.25568658870368005,0.1485370543343447,0.1328211125463283,1,28,,,,,ve,0.0042
grid,16,3,1.0,0.5,218,lbp,0.01941392670310507,0.05065897134885006,0.020828791165649136,0.015169333315472863,1,57,6.424173382146847e-07,,,,ve,0.0071
grid,16,3,1.0,0.5,218,gibbs,0.002606720399154024,0.005810302876138804,0.002818122446023778,0.0019725142585447636,1,2000,,3961.6,1.00186,2000,ve,2.6277
grid,16,3,1.3,0.5,218,exact,0.0,0.0,,,1,,,,,,ve,0.0078
grid,16,3,1.3,0.5,218,mf,0.27586913979157013,0.38021364681941466,0.2645821882088892,0.3097299945396128,1,36,,,,,ve,0.0056
grid,16,3,1.3,0.5,218,lbp,0.10540613175568177,0.18000583262347192,0.10884825245498063,0.09507976965778522,1,86,6.746430492032829e-07,,,,ve,0.0108
grid,16,3,1.3,0.5,218,gibbs,0.02252349104672654,0.03250985256969019,0.023429762620828642,0.019804676324420234,1,2000,,1851.3,1.00238,2000,ve,2.6286
grid,16,3,1.75,0.5,218,exact,0.0,0.0,,,1,,,,,,ve,0.0077
grid,16,3,1.75,0.5,218,mf,0.7534277399767917,0.8266624980930611,0.7457770481134292,0.7763798155668792,1,41,,,,,ve,0.006
grid,16,3,1.75,0.5,218,lbp,0.1623727365345848,0.19019534285522044,0.16337419379774376,0.15936836474510802,1,55,5.517805060639702e-07,,,,ve,0.007
grid,16,3,1.75,0.5,218,gibbs,0.07415256846885607,0.09182047228989103,0.07406494163143701,0.07441544898111319,0,2000,,366.2,1.01276,2000,ve,2.6571
grid,16,3,2.5,0.5,218,exact,0.0,0.0,,,1,,,,,,ve,0.0076
grid,16,3,2.5,0.5,218,mf,0.8807757983904101,0.8893894761248047,0.8814496946075074,0.8787541097391185,1,11,,,,,ve,0.0018
grid,16,3,2.5,0.5,218,lbp,0.11745005606206901,0.12017634652569005,0.11764129419980181,0.11687634164887069,1,41,3.2629138391193635e-07,,,,ve,0.005
grid,16,3,2.5,0.5,218,gibbs,0.6075713041603383,0.6216523058711468,0.6081910402006122,0.605712096039517,0,2000,,10.1,1.30263,2000,ve,2.6287
grid,16,3,4.0,0.5,218,exact,0.0,0.0,,,1,,,,,,ve,0.0083
grid,16,3,4.0,0.5,218,mf,0.8950383219977399,0.8953600995635219,0.8950853357750347,0.8948972806658555,1,6,,,,,ve,0.0012
grid,16,3,4.0,0.5,218,lbp,0.1124568593161611,0.11250374130695093,0.11246492324902353,0.11243266751757384,1,33,2.5739020503845467e-07,,,,ve,0.0043
grid,16,3,4.0,0.5,218,gibbs,0.6372448733601479,0.6374987727538075,0.6372972905155939,0.6370876218938102,0,2000,,4.2,5.45743,2000,ve,2.6934
grid,16,3,0.0,1.5,218,exact,0.0,0.0,,,1,,,,,,ve,0.0077
grid,16,3,0.0,1.5,218,mf,2.8427780962569926e-16,6.38378239159465e-16,2.8189256484623115e-16,2.914335439641036e-16,1,1,,,,,ve,0.0003
grid,16,3,0.0,1.5,218,lbp,2.8893987896738693e-16,6.245004513516506e-16,2.8579569266717897e-16,2.983724378680108e-16,1,3,0.0,,,,ve,0.0006
grid,16,3,0.0,1.5,218,gibbs,5.606951535008786e-15,1.0005885009434223e-14,6.048836200441461e-15,4.28129753871076e-15,1,2000,,7491.3,1.00019,2000,ve,2.611
grid,16,3,0.1,1.5,218,exact,0.0,0.0,,,1,,,,,,ve,0.0077
grid,16,3,0.1,1.5,218,mf,0.0005344603410063898,0.001198631926873234,0.0005621496990102694,0.0004513922669947511,1,4,,,,,ve,0.0008
grid,16,3,0.1,1.5,218,lbp,5.25546150606591e-07,1.5135198803634467e-06,5.62323377869507e-07,4.1521446881784274e-07,1,17,1.758249096317499e-07,,,,ve,0.0025
grid,16,3,0.1,1.5,218,gibbs,0.0002321156768301191,0.0004156374876112343,0.00021760618244784317,0.00027564415997694686,1,2000,,7630.9,1.00014,2000,ve,2.6008
grid,16,3,0.25,1.5,218,exact,0.0,0.0,,,1,,,,,,ve,0.0073
grid,16,3,0.25,1.5,218,mf,0.0033803629417201706,0.00743885577579893,0.0035714549543922817,0.0028070869037038378,1,5,,,,,ve,0.0009
grid,16,3,0.25,1.5,218,lbp,1.955048080021682e-05,5.4830494740994336e-05,2.1357238957753964e-05,1.4130206327605394e-05,1,19,2.506980751326715e-07,,,,ve,0.0027
grid,16,3,0.25,1.5,218,gibbs,0.0006214389919863073,0.0014384565161291302,0.0004926681692601756,0.0010077514601647027,1,2000,,7652.8,1.00005,2000,ve,2.7428
grid,16,3,0.5,1.5,218,exact,0.0,0.0,,,1,,,,,,ve,0.0093
grid,16,3,0.5,1.5,218,mf,0.014096962350814436,0.028469740195350136,0.014979075809893114,0.011450621973578393,1,8,,,,,ve,0.0015
grid,16,3,0.5,1.5,218,lbp,0.00038187085130005923,0.0009887066479697896,0.0004054741733124874,0.0003110608852627747,1,24,2.9769770043541754e-07,,,,ve,0.0035
grid,16,3,0.5,1.5,218,gibbs,0.001305117596815988,0.003980533625054821,0.00124155441632692,0.0014958071382831922,1,2000,,7480.2,1.00033,2000,ve,2.6047
grid,16,3,0.75,1.5,218,exact,0.0,0.0,,,1,,,,,,ve,0.0078
grid,16,3,0.75,1.5,218,mf,0.03559178672014804,0.0654429720445897,0.03884003211771941,0.025847050527433968,1,17,,,,,ve,0.0026
grid,16,3,0.75,1.5,218,lbp,0.002400807768970903,0.005646320013330763,0.0024827910860917616,0.002154857817608328,1,33,3.945417911266347e-07,,,,ve,0.0043
grid,16,3,0.75,1.5,218,gibbs,0.002403382222353586,0.005994562352518768,0.0023604046033599687,0.0025323150793344386,1,2000,,6249.0,1.00041,2000,ve,2.72
grid,16,3,1.0,1.5,218,exact,0.0,0.0,,,1,,,,,,ve,0.0077
grid,16,3,1.0,1.5,218,mf,0.14546185886381535,0.3232729020370971,0.15466603746998867,0.11784932304529541,1,31,,,,,ve,0.0047
grid,16,3,1.0,1.5,218,lbp,0.010036501155026795,0.023056946209503458,0.010181082884527516,0.009602755966524629,1,52,5.770089143708468e-07,,,,ve,0.0067
grid,16,3,1.0,1.5,218,gibbs,0.005770584440991884,0.013158689196898908,0.0057649371698131726,0.005787526254528021,1,2000,,4024.0,1.00054,2000,ve,2.606
grid,16,3,1.3,1.5,218,exact,0.0,0.0,,,1,,,,,,ve,0.007
grid,16,3,1.3,1.5,218,mf,0.23168640124094383,0.3680070257974395,0.222122572738112,0.2603778867494392,1,16,,,,,ve,0.0026
grid,16,3,1.3,1.5,218,lbp,0.07707676495828908,0.14165218397728654,0.07846006651900929,0.07292686027612841,1,99,7.353483414407336e-07,,,,ve,0.0125
grid,16,3,1.3,1.5,218,gibbs,0.008366811950718799,0.017100735582981478,0.007831954095513493,0.009971385516334714,1,2000,,2143.6,1.00304,2000,ve,2.615
grid,16,3,1.75,1.5,218,exact,0.0,0.0,,,1,,,,,,ve,0.0075
grid,16,3,1.75,1.5,218,mf,0.24368475112735644,0.3562686883240677,0.22559049663207867,0.2979675146131897,1,23,,,,,ve,0.0035
grid,16,3,1.75,1.5,218,lbp,0.19512027929502349,0.2602041595332904,0.19326565580037255,0.2006841497789763,1,62,5.412788333658547e-07,,,,ve,0.0073
grid,16,3,1.75,1.5,218,gibbs,0.04816404636790968,0.06476711581305825,0.0478075752161695,0.0492334598231302,1,2000,,1764.1,1.00132,2000,ve,2.6848
grid,16,3,2.5,1.5,218,exact,0.0,0.0,,,1,,,,,,ve,0.0075
grid,16,3,2.5,1.5,218,mf,0.3107623418483958,0.35787432449736795,0.3114429605967548,0.3087204856033189,1,9,,,,,ve,0.0016
grid,16,3,2.5,1.5,218,lbp,0.2912995227036315,0.3049570533640439,0.2911370250618908,0.29178701562885356,1,50,3.426370874803908e-07,,,,ve,0.0064
grid,16,3,2.5,1.5,218,gibbs,0.048963584753974436,0.05137468325417248,0.04897564771722548,0.04892739586422132,0,2000,,19.8,1.13679,2000,ve,2.5976
grid,16,3,4.0,1.5,218,exact,0.0,0.0,,,1,,,,,,ve,0.0087
grid,16,3,4.0,1.5,218,mf,0.2994388110544029,0.29976467046289285,0.299454686572694,0.2993911844995296,1,5,,,,,ve,0.0009
grid,16,3,4.0,1.5,218,lbp,0.2993328665648899,0.2995088268798306,0.29933877823236676,0.29931513156245915,1,39,1.8165001403058767e-07,,,,ve,0.0051
grid,16,3,4.0,1.5,218,gibbs,0.24722093950921825,0.24746441649063233,0.24724387706841097,0.24715212683164028,0,2000,,4.3,4.22506,2000,ve,2.6543
grid,16,3,0.0,0.5,219,exact,0.0,0.0,,,1,,,,,,ve,0.0073
grid,16,3,0.0,0.5,219,mf,2.6747267595217394e-16,5.551115123125783e-16,2.548597906789259e-16,3.0531133177191805e-16,1,1,,,,,ve,0.0003
grid,16,3,0.0,0.5,219,lbp,2.8319360745321376e-16,5.48172618408671e-16,2.7350806804567657e-16,3.122502256758253e-16,1,3,0.0,,,,ve,0.0006
grid,16,3,0.0,0.5,219,gibbs,5.749740961125127e-15,1.5432100042289676e-14,5.166584752617591e-15,7.499209586647737e-15,1,2000,,7781.0,1.00007,2000,ve,2.5802
grid,16,3,0.1,0.5,219,exact,0.0,0.0,,,1,,,,,,ve,0.0071
grid,16,3,0.1,0.5,219,mf,0.0005705433733048723,0.0009912861738414075,0.0005248187700263754,0.0007077171831403632,1,4,,,,,ve,0.0008
grid,16,3,0.1,0.5,219,lbp,6.201102958010339e-07,1.5258785930755137e-06,4.845325525950085e-07,1.0268435254191105e-06,1,17,1.9840020476502573e-07,,,,ve,0.0022
grid,16,3,0.1,0.5,219,gibbs,0.00015693767215788957,0.00042584320475198834,0.00012215523933902005,0.00026128497061449815,1,2000,,7903.9,0.99993,2000,ve,2.6255
grid,16,3,0.25,0.5,219,exact,0.0,0.0,,,1,,,,,,ve,0.008
grid,16,3,0.25,0.5,219,mf,0.0037363993957525224,0.007328905138836123,0.003480689303674517,0.004503529671986539,1,5,,,,,ve,0.001
grid,16,3,0.25,0.5,219,lbp,2.4534472965861347e-05,7.317512571709123e-05,1.9567599048178244e-05,3.943509471891066e-05,1,20,2.0627736091460847e-07,,,,ve,0.0028
grid,16,3,0.25,0.5,219,gibbs,0.0003607791503875259,0.0010704372316117372,0.00033398349940114147,0.0004411661033466791,1,2000,,7953.9,1.00022,2000,ve,2.7515
grid,16,3,0.5,0.5,219,exact,0.0,0.0,,,1,,,,,,ve,0.0078
grid,16,3,0.5,0.5,219,mf,0.016457794221993578,0.03955947896367,0.015411650205397484,0.019596226271781855,1,9,,,,,ve,0.0016
grid,16,3,0.5,0.5,219,lbp,0.0004322536168050268,0.0015674890261431103,0.0003645831086161013,0.0006352651413718035,1,25,3.1412280671050397e-07,,,,ve,0.0034
grid,16,3,0.5,0.5,219,gibbs,0.0008185554212993963,0.0027090727002768156,0.0005929366002636619,0.0014954118844065995,1,2000,,7011.1,1.00008,2000,ve,2.6127
grid,16,3,0.75,0.5,219,exact,0.0,0.0,,,1,,,,,,ve,0.0082
grid,16,3,0.75,0.5,219,mf,0.050009172319960986,0.10022237690692154,0.04178979883931703,0.07466729276189286,1,14,,,,,ve,0.0024
grid,16,3,0.75,0.5,219,lbp,0.0025703854962358013,0.009174632875688283,0.0020718451717188354,0.0040660064697867,1,32,4.5141710242058153e-07,,,,ve,0.004
grid,16,3,0.75,0.5,219,gibbs,0.0014358703178942878,0.004638177460065521,0.0013325464203740173,0.0017458420104551,1,2000,,5328.2,1.00015,2000,ve,2.7513
grid,16,3,1.0,0.5,219,exact,0.0,0.0,,,1,,,,,,ve,0.0078
grid,16,3,1.0,0.5,219,mf,0.10738267785807708,0.17265504562237402,0.09241194888637079,0.15229486477319587,1,15,,,,,ve,0.0024
grid,16,3,1.0,0.5,219,lbp,0.010139337054150783,0.029086484552947375,0.007958245871554151,0.016682610601940675,1,42,4.7411087233939497e-07,,,,ve,0.0055
grid,16,3,1.0,0.5,219,gibbs,0.0034735764217185125,0.007329538874428287,0.00271601344043094,0.005746265365581229,1,2000,,4031.9,0.99985,2000,ve,2.6173
grid,16,3,1.3,0.5,219,exact,0.0,0.0,,,1,,,,,,ve,0.0079
grid,16,3,1.3,0.5,219,mf,0.1542280674733311,0.24167608086297784,0.1454871392147563,0.1804508522490555,1,18,,,,,ve,0.0028
grid,16,3,1.3,0.5,219,lbp,0.030996266132774272,0.06796265331424022,0.024851139971052687,0.04943164461793905,1,56,6.233857927639974e-07,,,,ve,0.0066
grid,16,3,1.3,0.5,219,gibbs,0.0031511486904287666,0.0070483314839274586,0.0031938162388396676,0.003023146045196062,1,2000,,2940.5,1.00107,2000,ve,2.6182
grid,16,3,1.75,0.5,219,exact,0.0,0.0,,,1,,,,,,ve,0.0071
grid,16,3,1.75,0.5,219,mf,0.2130504768424062,0.3478717311357295,0.2199502495061716,0.19235115885111007,1,21,,,,,ve,0.0033
grid,16,3,1.75,0.5,219,lbp,0.09174399281932344,0.15495334596194807,0.07771077630528427,0.13384364236144095,1,93,7.181982847326296e-07,,,,ve,0.0116
grid,16,3,1.75,0.5,219,gibbs,0.010095737862179283,0.01877853220367421,0.010876775742590153,0.007752624220946674,1,2000,,1980.1,1.00241,2000,ve,2.7421
grid,16,3,2.5,0.5,219,exact,0.0,0.0,,,1,,,,,,ve,0.0077
grid,16,3,2.5,0.5,219,mf,0.3679674027935668,0.4210443489426254,0.3736381554715784,0.3509551447595321,1,8,,,,,ve,0.0013
grid,16,3,2.5,0.5,219,lbp,0.3476711206670248,0.3813080089096267,0.34720509013090445,0.34906921227538634,1,61,5.229852207966346e-07,,,,ve,0.0077
grid,16,3,2.5,0.5,219,gibbs,0.05465828455884051,0.05912536781560687,0.05468884974154312,0.05456658901073266,0,2000,,388.7,1.17153,2000,ve,2.6274
grid,16,3,4.0,0.5,219,exact,0.0,0.0,,,1,,,,,,ve,0.0077
grid,16,3,4.0,0.5,219,mf,0.42578429515011335,0.4265376675613721,0.4256163866306725,0.42628802070843586,1,5,,,,,ve,0.0008
grid,16,3,4.0,0.5,219,lbp,0.42568668572365365,0.4263538523380356,0.42549003139351144,0.4262766487140804,1,39,2.619655553592892e-07,,,,ve,0.0052
grid,16,3,4.0,0.5,219,gibbs,0.19892260783337457,0.19914737637095895,0.19885406495567456,0.19912823646647454,0,2000,,4.9,2.8604,2000,ve,2.6899
grid,16,3,0.0,1.5,219,exact,0.0,0.0,,,1,,,,,,ve,0.0074
grid,16,3,0.0,1.5,219,mf,2.4345759783162e-16,4.718447854656915e-16,2.2283968651818736e-16,3.0531133177191805e-16,1,1,,,,,ve,0.0002
grid,16,3,0.0,1.5,219,lbp,2.452465314162211e-16,4.926614671774132e-16,2.229119666630197e-16,3.122502256758253e-16,1,3,0.0,,,,ve,0.0006
grid,16,3,0.0,1.5,219,gibbs,6.24936842726076e-15,1.6736612096224235e-14,5.8327547074651e-15,7.499209586647737e-15,1,2000,,7798.5,0.99996,2000,ve,2.6253
grid,16,3,0.1,1.5,219,exact,0.0,0.0,,,1,,,,,,ve,0.0075
grid,16,3,0.1,1.5,219,mf,0.00047326052853492576,0.0009727557000022112,0.00040199305826287116,0.0006870629393510895,1,4,,,,,ve,0.0008
grid,16,3,0.1,1.5,219,lbp,5.745852209398353e-07,1.432234980919267e-06,4.2193077775891895e-07,1.0325485504825843e-06,1,17,1.5942815773106744e-07,,,,ve,0.0023
grid,16,3,0.1,1.5,219,gibbs,0.0001454701546752304,0.00040325433007495914,0.00013414462770177448,0.0001794467355955981,1,2000,,7816.7,1.00018,2000,ve,2.6319
grid,16,3,0.25,1.5,219,exact,0.0,0.0,,,1,,,,,,ve,0.0075
grid,16,3,0.25,1.5,219,mf,0.003081574296535629,0.0069643299400562984,0.002638294956341859,0.004411412317116941,1,5,,,,,ve,0.0009
grid,16,3,0.25,1.5,219,lbp,2.1857800600248657e-05,6.44335322628857e-05,1.572352723996035e-05,4.026062068111357e-05,1,19,2.455065860607064e-07,,,,ve,0.0025
grid,16,3,0.25,1.5,219,gibbs,0.00040199921167480816,0.001072095711093457,0.0003560371592642476,0.0005398853689064899,1,2000,,7917.8,1.00037,2000,ve,2.6771
grid,16,3,0.5,1.5,219,exact,0.0,0.0,,,1,,,,,,ve,0.008
grid,16,3,0.5,1.5,219,mf,0.013393911379298021,0.03503154725256429,0.011702059101583673,0.01846946821244106,1,8,,,,,ve,0.0014
grid,16,3,0.5,1.5,219,lbp,0.0003812848014132461,0.0012126000378495823,0.00028643491978114433,0.0006658344463095515,1,22,2.809499884404154e-07,,,,ve,0.0028
grid,16,3,0.5,1.5,219,gibbs,0.001055305224849326,0.0019288120099357382,0.0008740764520067463,0.0015989915433770657,1,2000,,7526.7,1.00007,2000,ve,2.6327
grid,16,3,0.75,1.5,219,exact,0.0,0.0,,,1,,,,,,ve,0.0077
grid,16,3,0.75,1.5,219,mf,0.036862019095984855,0.10638163519654456,0.03087520432709065,0.05482246340266749,1,15,,,,,ve,0.0026
grid,16,3,0.75,1.5,219,lbp,0.0020924634383394807,0.006858964407957479,0.0016711539779654184,0.003356391819461668,1,28,4.593578237788165e-07,,,,ve,0.0035
grid,16,3,0.75,1.5,219,gibbs,0.0016825397508578783,0.0040761260241276576,0.0016141757290990641,0.0018876318161343206,1,2000,,6577.6,1.00036,2000,ve,2.7343
grid,16,3,1.0,1.5,219,exact,0.0,0.0,,,1,,,,,,ve,0.0076
grid,16,3,1.0,1.5,219,mf,0.09506397428923039,0.24816236206763442,0.07029081889169257,0.16938344048184378,1,27,,,,,ve,0.0041
grid,16,3,1.0,1.5,219,lbp,0.007858517314944205,0.02374005165593641,0.006520570379088199,0.011872358122512222,1,39,5.452158902685689e-07,,,,ve,0.005
grid,16,3,1.0,1.5,219,gibbs,0.0017134384880750004,0.004210967840107521,0.002049265712322717,0.0007059568153318504,1,2000,,5690.0,1.00041,2000,ve,2.6222
grid,16,3,1.3,1.5,219,exact,0.0,0.0,,,1,,,,,,ve,0.0076
grid,16,3,1.3,1.5,219,mf,0.216806367727421,0.407015490198052,0.17474250808443162,0.3429979466563893,1,20,,,,,ve,0.003
grid,16,3,1.3,1.5,219,lbp,0.029875916018586454,0.07545956414468122,0.024169996468254473,0.0469936746695824,1,63,6.841669902835079e-07,,,,ve,0.0079
grid,16,3,1.3,1.5,219,gibbs,0.002608948096955571,0.0062501583764615065,0.002222554798463194,0.0037681279924327024,1,2000,,4364.3,1.00167,2000,ve,2.267
grid,16,3,1.75,1.5,219,exact,0.0,0.0,,,1,,,,,,ve,0.0071
grid,16,3,1.75,1.5,219,mf,0.34293214064601635,0.5578164699287114,0.2999685870625017,0.4718228013965604,1,22,,,,,ve,0.0027
grid,16,3,1.75,1.5,219,lbp,0.15323066718244932,0.2895057697988128,0.12916893466471913,0.22541586473563982,1,144,8.537065084857076e-07,,,,ve,0.0129
grid,16,3,1.75,1.5,219,gibbs,0.02111758103826189,0.02950319668262749,0.019550282774607925,0.025819475829223792,1,2000,,3586.2,1.00036,2000,ve,2.1344
grid,16,3,2.5,1.5,219,exact,0.0,0.0,,,1,,,,,,ve,0.0074
grid,16,3,2.5,1.5,219,mf,0.7860223684889687,0.8569517068565154,0.7823616235839298,0.797004603204085,1,11,,,,,ve,0.0015
grid,16,3,2.5,1.5,219,lbp,0.5522789071188072,0.6269930439531497,0.5399681701411927,0.5892111180516504,1,79,5.215363927391081e-07,,,,ve,0.0071
grid,16,3,2.5,1.5,219,gibbs,0.09070527345466659,0.0957787818641678,0.08985726136467896,0.09324930972462944,0,2000,,33.3,1.11369,2000,ve,2.1281
grid,16,3,4.0,1.5,219,exact,0.0,0.0,,,1,,,,,,ve,0.0073
grid,16,3,4.0,1.5,219,mf,0.9012813041692457,0.9042144496198053,0.9003525455241035,0.9040675801046723,1,6,,,,,ve,0.0008
grid,16,3,4.0,1.5,219,lbp,0.5469352354699887,0.5480706176741028,0.5466111268307193,0.5479075613877968,1,44,2.1410732542470612e-07,,,,ve,0.0041
grid,16,3,4.0,1.5,219,gibbs,0.4027520919263836,0.40418493262185884,0.40230278197784575,0.404100021771997,0,2000,,4.8,2.48582,2000,ve,2.2378
