structure,n,C,beta,alpha,draw_seed,method,tv_mean,tv_max,tv_mean_informative,tv_mean_uninformative,converged,iters,final_residual,ess_min,rhat_max,gibbs_kept,exact_method,wall_seconds
grid7,16,7,0.0,0.5,200,exact,0.0,0.0,,,1,,,,,,ve,0.0601
grid7,16,7,0.0,0.5,200,mf,6.285119993898469e-16,1.1518563880486e-15,6.361736947420779e-16,6.055269133331542e-16,1,1,,,,,ve,0.001
grid7,16,7,0.0,0.5,200,lbp,6.173176119589341e-16,1.1674688993323912e-15,6.148871920889457e-16,6.246088715688991e-16,1,3,0.0,,,,ve,0.0012
grid7,16,7,0.0,0.5,200,gibbs,9.237321194413561e-15,1.1943571132100317e-14,9.569891175805386e-15,8.239611250238088e-15,1,2000,,8084.7,1.00047,2000,ve,9.3073
grid7,16,7,0.1,0.5,200,exact,0.0,0.0,,,1,,,,,,ve,0.0602
grid7,16,7,0.1,0.5,200,mf,0.0002529576610684289,0.000584426011372101,0.0002464370521563529,0.00027251948780465673,1,4,,,,,ve,0.0022
grid7,16,7,0.1,0.5,200,lbp,3.381557607824823e-07,5.38424273704291e-07,3.5561989434327364e-07,2.8576336010010823e-07,1,15,2.352819760964575e-07,,,,ve,0.006
grid7,16,7,0.1,0.5,200,gibbs,0.0002114858806511812,0.0003132574048382124,0.00023317718686299694,0.00014641196201573405,1,2000,,8192.8,1.00039,2000,ve,8.2261
grid7,16,7,0.25,0.5,200,exact,0.0,0.0,,,1,,,,,,ve,0.0956
grid7,16,7,0.25,0.5,200,mf,0.0016182865172854751,0.003602313995465555,0.0015674409095323804,0.0017708233405447599,1,5,,,,,ve,0.0049
grid7,16,7,0.25,0.5,200,lbp,5.789914694350639e-06,1.2722737124231179e-05,6.050045272113778e-06,5.009522961061221e-06,1,17,2.1004408501390515e-07,,,,ve,0.0119
grid7,16,7,0.25,0.5,200,gibbs,0.0005625438640032127,0.0009588991365876223,0.0005882190465855548,0.0004855183162561865,1,2000,,7991.6,1.00055,2000,ve,8.0925
grid7,16,7,0.5,0.5,200,exact,0.0,0.0,,,1,,,,,,ve,0.0695
grid7,16,7,0.5,0.5,200,mf,0.006946208949502552,0.014128516442035532,0.006696178551262415,0.007696300144222963,1,7,,,,,ve,0.0036
grid7,16,7,0.5,0.5,200,lbp,0.0001079878496728082,0.0002391420368302614,0.00011097404973074558,9.902924949899605e-05,1,20,2.1905600139371373e-07,,,,ve,0.0084
grid7,16,7,0.5,0.5,200,gibbs,0.001231584186585257,0.0021285795929222202,0.001258032631691962,0.0011522388512651418,1,2000,,7358.3,1.00036,2000,ve,8.5097
grid7,16,7,0.75,0.5,200,exact,0.0,0.0,,,1,,,,,,ve,0.0561
grid7,16,7,0.75,0.5,200,mf,0.01787255227078973,0.03436553338868487,0.017140167964490326,0.020069705189687953,1,10,,,,,ve,0.0046
grid7,16,7,0.75,0.5,200,lbp,0.0006627819122377401,0.001411791301195106,0.0006613559711220526,0.000667059735584802,1,23,3.1254454119222785e-07,,,,ve,0.0109
grid7,16,7,0.75,0.5,200,gibbs,0.002356173982308205,0.004243254292132504,0.0024077859778008194,0.0022013379958303603,1,2000,,6790.9,1.00057,2000,ve,7.5993
grid7,16,7,1.0,0.5,200,exact,0.0,0.0,,,1,,,,,,ve,0.0552
grid7,16,7,1.0,0.5,200,mf,0.041703780598789514,0.08338441934237803,0.040948327036256386,0.04397014128638888,1,16,,,,,ve,0.0077
grid7,16,7,1.0,0.5,200,lbp,0.0026198041494388583,0.0049728776859097774,0.002576447040012498,0.0027498754777179396,1,29,3.702933357441207e-07,,,,ve,0.0132
grid7,16,7,1.0,0.5,200,gibbs,0.004093517341541836,0.007331693239858734,0.004037241760651987,0.004262344084211385,1,2000,,6108.5,1.00101,2000,ve,8.5723
grid7,16,7,1.3,0.5,200,exact,0.0,0.0,,,1,,,,,,ve,0.0502
grid7,16,7,1.3,0.5,200,mf,0.13982955265712355,0.28036335206129637,0.14882993109023457,0.11282841735779041,1,32,,,,,ve,0.0135
grid7,16,7,1.3,0.5,200,lbp,0.010426733179111747,0.019404295503158503,0.010388119299530638,0.01054257481785507,1,41,5.064559223111331e-07,,,,ve,0.0173
grid7,16,7,1.3,0.5,200,gibbs,0.008096676985555676,0.011852343288360899,0.008008600278324998,0.008360907107247708,1,2000,,4321.0,1.00014,2000,ve,7.7972
grid7,16,7,1.75,0.5,200,exact,0.0,0.0,,,1,,,,,,ve,0.0543
grid7,16,7,1.75,0.5,200,mf,0.3398503616540667,0.5083119344644984,0.3595444917708057,0.28076797130384945,1,64,,,,,ve,0.0317
grid7,16,7,1.75,0.5,200,lbp,0.08497191525733643,0.1610350324929505,0.09160395702059025,0.06507578996757493,1,97,8.00192924699239e-07,,,,ve,0.0442
grid7,16,7,1.75,0.5,200,gibbs,0.020667887690334986,0.03379293977768824,0.021109734764835464,0.019342346466833568,1,2000,,1745.0,1.00171,2000,ve,9.6087
grid7,16,7,2.5,0.5,200,exact,0.0,0.0,,,1,,,,,,ve,0.0657
grid7,16,7,2.5,0.5,200,mf,0.7644290789300239,0.8891309726815005,0.7598620519500869,0.778130159869835,1,22,,,,,ve,0.0132
grid7,16,7,2.5,0.5,200,lbp,0.651383860432192,0.7100400487723109,0.6553758283600462,0.6394079566486295,1,62,3.7980551331751045e-07,,,,ve,0.0329
grid7,16,7,2.5,0.5,200,gibbs,0.05364048114261486,0.06352687757922487,0.054960096472416314,0.0496816351532105,0,2000,,11.5,1.25868,2000,ve,9.1244
grid7,16,7,4.0,0.5,200,exact,0.0,0.0,,,1,,,,,,ve,0.1492
grid7,16,7,4.0,0.5,200,mf,0.8715712057858549,0.9714674086321727,0.8722688389362817,0.8694783063345747,1,11,,,,,ve,0.0078
grid7,16,7,4.0,0.5,200,lbp,0.776498140059646,0.7782978599297516,0.7767389004927523,0.7757758587603272,1,40,2.470722779146506e-07,,,,ve,0.046
grid7,16,7,4.0,0.5,200,gibbs,0.9263141396273773,0.9280841249404492,0.9271448452406306,0.9238220227876177,0,2000,,5.4,2.00398,2000,ve,9.8675
grid7,16,7,0.0,1.5,200,exact,0.0,0.0,,,1,,,,,,ve,0.0654
grid7,16,7,0.0,1.5,200,mf,6.062045396909577e-16,9.8879238130678e-16,6.064304151435588e-16,6.055269133331542e-16,1,1,,,,,ve,0.001
grid7,16,7,0.0,1.5,200,lbp,6.068821660487611e-16,9.48026379621325e-16,6.009732642087151e-16,6.246088715688991e-16,1,3,0.0,,,,ve,0.0014
grid7,16,7,0.0,1.5,200,gibbs,9.213522956727505e-15,1.30069566228741e-14,9.538160192223977e-15,8.239611250238088e-15,1,2000,,7964.7,1.0005,2000,ve,10.0656
grid7,16,7,0.1,1.5,200,exact,0.0,0.0,,,1,,,,,,ve,0.0644
grid7,16,7,0.1,1.5,200,mf,0.00027918551671823563,0.000696762613719943,0.00029175030007816264,0.0002414911666384546,1,4,,,,,ve,0.0028
grid7,16,7,0.1,1.5,200,lbp,2.1266810438326294e-07,3.404150329261446e-07,2.2556588713796717e-07,1.7397475611915028e-07,1,16,1.3279857383197147e-07,,,,ve,0.0089
grid7,16,7,0.1,1.5,200,gibbs,0.0001912377452644574,0.0003294939076777456,0.00020532472143249656,0.0001489768167603399,1,2000,,8026.8,1.00037,2000,ve,8.5576
grid7,16,7,0.25,1.5,200,exact,0.0,0.0,,,1,,,,,,ve,0.0556
grid7,16,7,0.25,1.5,200,mf,0.0017659887690789646,0.004453515764126611,0.0018395669670545258,0.0015452541751522805,1,5,,,,,ve,0.0029
grid7,16,7,0.25,1.5,200,lbp,5.312718904011698e-06,1.2563952511274873e-05,5.803838720652399e-06,3.839359454089596e-06,1,17,2.2045178599272575e-07,,,,ve,0.0077
grid7,16,7,0.25,1.5,200,gibbs,0.00048263890533932285,0.0007095393679186629,0.0005054990155559916,0.00041405857468931656,1,2000,,7984.8,1.00039,2000,ve,8.697
grid7,16,7,0.5,1.5,200,exact,0.0,0.0,,,1,,,,,,ve,0.0572
grid7,16,7,0.5,1.5,200,mf,0.0074509796386270175,0.018826681058926494,0.007754961322677843,0.006539034586474545,1,6,,,,,ve,0.0033
grid7,16,7,0.5,1.5,200,lbp,0.00010164820732390782,0.000253787431845124,0.00011026353963172117,7.58022104004678e-05,1,20,1.823376114817865e-07,,,,ve,0.0103
grid7,16,7,0.5,1.5,200,gibbs,0.0011976967246114802,0.002214252929801986,0.0013241667273033225,0.0008182867165359536,1,2000,,7557.7,1.00062,2000,ve,7.9612
grid7,16,7,0.75,1.5,200,exact,0.0,0.0,,,1,,,,,,ve,0.0551
grid7,16,7,0.75,1.5,200,mf,0.017891092023493912,0.04623021355225427,0.018685207390762845,0.015508745921687113,1,9,,,,,ve,0.0046
grid7,16,7,0.75,1.5,200,lbp,0.0006273122085014691,0.0016086761482004483,0.0006744249540069254,0.00048597397198509994,1,22,3.70227639767684e-07,,,,ve,0.0104
grid7,16,7,0.75,1.5,200,gibbs,0.002579882819323061,0.004651987345427454,0.0028213377503689325,0.0018555180261854475,1,2000,,7107.9,1.00114,2000,ve,8.5663
grid7,16,7,1.0,1.5,200,exact,0.0,0.0,,,1,,,,,,ve,0.0574
grid7,16,7,1.0,1.5,200,mf,0.03492923357937814,0.09438737972714252,0.036504168360362126,0.030204429236426182,1,14,,,,,ve,0.0073
grid7,16,7,1.0,1.5,200,lbp,0.0024199582371474807,0.0063946717874896995,0.002561289754057483,0.0019959636864174727,1,28,3.75075683789472e-07,,,,ve,0.0129
grid7,16,7,1.0,1.5,200,gibbs,0.0025321519570467837,0.004777383123765588,0.002527213775325009,0.002546966502212108,1,2000,,6446.2,1.00021,2000,ve,8.0046
grid7,16,7,1.3,1.5,200,exact,0.0,0.0,,,1,,,,,,ve,0.0782
grid7,16,7,1.3,1.5,200,mf,0.07873087899001446,0.2076162448860279,0.08474785887717746,0.060679939328525466,1,30,,,,,ve,0.018
grid7,16,7,1.3,1.5,200,lbp,0.009155402706416987,0.02554740116251756,0.009654008734504269,0.007659584622155144,1,40,4.844388294122925e-07,,,,ve,0.0209
grid7,16,7,1.3,1.5,200,gibbs,0.008383150324656391,0.01303208102540657,0.008735292198792977,0.0073267247022466364,1,2000,,4601.6,1.00028,2000,ve,8.2964
grid7,16,7,1.75,1.5,200,exact,0.0,0.0,,,1,,,,,,ve,0.0538
grid7,16,7,1.75,1.5,200,mf,0.4735399550016981,0.7103200633777141,0.4739595050685217,0.47228130480122715,1,29,,,,,ve,0.0145
grid7,16,7,1.75,1.5,200,lbp,0.1045924906504032,0.21784444848048862,0.11147007795491075,0.08395972873688051,1,115,8.442589141677281e-07,,,,ve,0.0527
grid7,16,7,1.75,1.5,200,gibbs,0.02422020991942641,0.03487985123471269,0.0248512705014403,0.02232702817338473,1,2000,,1205.7,1.00156,2000,ve,8.1178
grid7,16,7,2.5,1.5,200,exact,0.0,0.0,,,1,,,,,,ve,0.0584
grid7,16,7,2.5,1.5,200,mf,0.8283954129654836,0.9742266535525533,0.8355748606507928,0.8068570699095559,1,26,,,,,ve,0.0139
grid7,16,7,2.5,1.5,200,lbp,0.7477532677591643,0.80454235771141,0.7505543658981582,0.7393499733421822,1,50,4.2824302531885294e-07,,,,ve,0.0251
grid7,16,7,2.5,1.5,200,gibbs,0.14179458709258216,0.15596549448140956,0.1428256229275376,0.13870147958771584,0,2000,,16.8,1.15729,2000,ve,7.9526
grid7,16,7,4.0,1.5,200,exact,0.0,0.0,,,1,,,,,,ve,0.0665
grid7,16,7,4.0,1.5,200,mf,0.994492888838761,0.9974434089846723,0.9959543298980712,0.9901085656608307,1,8,,,,,ve,0.005
grid7,16,7,4.0,1.5,200,lbp,0.8934797693760943,0.8961852950915441,0.8935483886561665,0.8932739115358771,1,37,2.3372700530543966e-07,,,,ve,0.02
grid7,16,7,4.0,1.5,200,gibbs,0.9885538566838334,0.9906662646797056,0.9894006880290557,0.9860133626481666,0,2000,,6.7,2.00049,2000,ve,8.7933
grid7,16,7,0.0,0.5,201,exact,0.0,0.0,,,1,,,,,,ve,0.0559
grid7,16,7,0.0,0.5,201,mf,6.934828145760408e-16,1.1345091532888318e-15,6.627005078955565e-16,7.858297346174936e-16,1,1,,,,,ve,0.0008
grid7,16,7,0.0,0.5,201,lbp,7.195578768243172e-16,1.1032841307212493e-15,6.889382004697057e-16,8.114169058881515e-16,1,3,0.0,,,,ve,0.0019
grid7,16,7,0.0,0.5,201,gibbs,9.759201910139459e-15,1.4177894969158444e-14,9.84654343015127e-15,9.497177350104025e-15,1,2000,,7760.1,1.00016,2000,ve,7.8867
grid7,16,7,0.1,0.5,201,exact,0.0,0.0,,,1,,,,,,ve,0.0533
grid7,16,7,0.1,0.5,201,mf,0.0002868119126337253,0.00039946812868704544,0.0002915427910091613,0.0002726192775074172,1,3,,,,,ve,0.0018
grid7,16,7,0.1,0.5,201,lbp,3.86707527412776e-07,7.730883260226307e-07,3.36411177632863e-07,5.375965767525151e-07,1,15,2.184290978368697e-07,,,,ve,0.0075
grid7,16,7,0.1,0.5,201,gibbs,0.00026053402252700276,0.000426523790880675,0.00024393974116632749,0.0003103168666090286,1,2000,,7725.1,1.00013,2000,ve,8.5867
grid7,16,7,0.25,0.5,201,exact,0.0,0.0,,,1,,,,,,ve,0.0576
grid7,16,7,0.25,0.5,201,mf,0.001800695171318665,0.002449466168718009,0.0018293088674762707,0.001714854082845847,1,4,,,,,ve,0.0023
grid7,16,7,0.25,0.5,201,lbp,6.499093712146665e-06,1.4596223553174636e-05,5.287883239829922e-06,1.0132725129096895e-05,1,17,2.007673075565819e-07,,,,ve,0.0083
grid7,16,7,0.25,0.5,201,gibbs,0.0007061825229305361,0.0011051912617085751,0.000673335786380127,0.0008047227325817634,1,2000,,7739.8,1.00008,2000,ve,7.9329
grid7,16,7,0.5,0.5,201,exact,0.0,0.0,,,1,,,,,,ve,0.0562
grid7,16,7,0.5,0.5,201,mf,0.007397513119946746,0.010217049548476548,0.007467433266187713,0.007187752681223847,1,6,,,,,ve,0.0028
grid7,16,7,0.5,0.5,201,lbp,0.0001405259124624576,0.000294442415378314,0.000116204989101153,0.00021348868254637138,1,20,2.7606401808988323e-07,,,,ve,0.0074
grid7,16,7,0.5,0.5,201,gibbs,0.0014611309800952193,0.0028186278983503444,0.0014746316139052484,0.0014206290786651322,1,2000,,7355.8,1.00025,2000,ve,8.8731
grid7,16,7,0.75,0.5,201,exact,0.0,0.0,,,1,,,,,,ve,0.0529
grid7,16,7,0.75,0.5,201,mf,0.01839658145085022,0.026808682070219886,0.018395362558443377,0.01840023812807075,1,9,,,,,ve,0.0053
grid7,16,7,0.75,0.5,201,lbp,0.0009980601486399314,0.0019218615407459519,0.0008409663903936659,0.0014693414233787278,1,24,4.034177941703021e-07,,,,ve,0.0103
grid7,16,7,0.75,0.5,201,gibbs,0.0026660188675729493,0.004202604171150844,0.002569064787217808,0.002956881108638374,1,2000,,6273.2,1.00009,2000,ve,23.3176
grid7,16,7,1.0,0.5,201,exact,0.0,0.0,,,1,,,,,,ve,0.0496
grid7,16,7,1.0,0.5,201,mf,0.047352330504479505,0.09697222657844556,0.04595593082353305,0.05154152954731887,1,24,,,,,ve,0.0099
grid7,16,7,1.0,0.5,201,lbp,0.004650170352081935,0.009675906101917719,0.003991306616777328,0.006626761557995756,1,31,4.2816856604677156e-07,,,,ve,0.0098
grid7,16,7,1.0,0.5,201,gibbs,0.0064335706571305405,0.010897740358984897,0.005854040593593945,0.008172160847740325,1,2000,,4737.3,1.0009,2000,ve,7.9008
grid7,16,7,1.3,0.5,201,exact,0.0,0.0,,,1,,,,,,ve,0.0545
grid7,16,7,1.3,0.5,201,mf,0.2691680518999753,0.5142778027922312,0.24907789017590823,0.3294385370721765,1,23,,,,,ve,0.0109
grid7,16,7,1.3,0.5,201,lbp,0.02534241094591804,0.05052985241657716,0.02367713513393757,0.030338238381859454,1,45,6.128896651580451e-07,,,,ve,0.0181
grid7,16,7,1.3,0.5,201,gibbs,0.008227746996810625,0.01367028553787543,0.00809892529391265,0.008614212105504553,1,2000,,2863.4,1.00047,2000,ve,8.1874
grid7,16,7,1.75,0.5,201,exact,0.0,0.0,,,1,,,,,,ve,0.0468
grid7,16,7,1.75,0.5,201,mf,0.5628058763515915,0.7410520759639196,0.5386593580079287,0.6352454313825795,1,38,,,,,ve,0.018
grid7,16,7,1.75,0.5,201,lbp,0.2567626549185995,0.3289128975536334,0.24914339228513538,0.2796204428189919,1,88,5.787445832572402e-07,,,,ve,0.0378
grid7,16,7,1.75,0.5,201,gibbs,0.023780023798023,0.03619208180876089,0.022113842725080827,0.028778567016849534,1,2000,,416.0,1.00925,2000,ve,7.3981
grid7,16,7,2.5,0.5,201,exact,0.0,0.0,,,1,,,,,,ve,0.0599
grid7,16,7,2.5,0.5,201,mf,0.9300164167537879,0.9540277419481267,0.923666376895622,0.9490665363282851,1,10,,,,,ve,0.0052
grid7,16,7,2.5,0.5,201,lbp,0.06978366114559492,0.0727695424241924,0.0693563043450857,0.07106573154712258,1,41,3.1234067754404293e-07,,,,ve,0.0215
grid7,16,7,2.5,0.5,201,gibbs,0.5741713315474843,0.6021130005857261,0.5690860494050873,0.5894271779746755,0,2000,,12.5,1.22769,2000,ve,8.6805
grid7,16,7,4.0,0.5,201,exact,0.0,0.0,,,1,,,,,,ve,0.0512
grid7,16,7,4.0,0.5,201,mf,0.9682018446071661,0.9694076353378438,0.9678185609895326,0.9693516954600667,1,6,,,,,ve,0.0034
grid7,16,7,4.0,0.5,201,lbp,0.05500153267770107,0.05505980150051978,0.05498469567350897,0.055052043690277365,1,34,2.2254433595936263e-07,,,,ve,0.0149
grid7,16,7,4.0,0.5,201,gibbs,0.956966262603315,0.9581216664088094,0.9566240197307234,0.9579929912210892,0,2000,,5.3,2.51951,2000,ve,7.3825
grid7,16,7,0.0,1.5,201,exact,0.0,0.0,,,1,,,,,,ve,0.1001
grid7,16,7,0.0,1.5,201,mf,6.526897078362737e-16,1.2247147740396258e-15,6.007925638466342e-16,8.083811398051921e-16,1,1,,,,,ve,0.0011
grid7,16,7,0.0,1.5,201,lbp,6.907452040905149e-16,1.2212453270876722e-15,6.406912037941007e-16,8.409072049797572e-16,1,3,0.0,,,,ve,0.0025
grid7,16,7,0.0,1.5,201,gibbs,8.783406402375349e-15,1.3922890618189854e-14,8.509053560136945e-15,9.606464929090563e-15,1,2000,,7704.9,1.0002,2000,ve,8.0718
grid7,16,7,0.1,1.5,201,exact,0.0,0.0,,,1,,,,,,ve,0.0449
grid7,16,7,0.1,1.5,201,mf,0.00030513200974062834,0.00046953786923967233,0.0003199435790766565,0.00026069730173254374,1,3,,,,,ve,0.0013
grid7,16,7,0.1,1.5,201,lbp,2.3623627441419365e-07,4.888998250476839e-07,2.1725199481976076e-07,2.931891131974923e-07,1,16,1.4245827581471637e-07,,,,ve,0.0061
grid7,16,7,0.1,1.5,201,gibbs,0.0002063405817289544,0.00039420450444604266,0.00017755789060250825,0.00029268865510829285,1,2000,,7730.5,1.00032,2000,ve,6.6684
grid7,16,7,0.25,1.5,201,exact,0.0,0.0,,,1,,,,,,ve,0.1187
grid7,16,7,0.25,1.5,201,mf,0.0019536136353270894,0.003147936916196312,0.0020512743343021017,0.001660631538402054,1,4,,,,,ve,0.0031
grid7,16,7,0.25,1.5,201,lbp,6.039359620202203e-06,1.457306571103767e-05,5.295132307087645e-06,8.272041559545876e-06,1,17,2.680321159465038e-07,,,,ve,0.0085
grid7,16,7,0.25,1.5,201,gibbs,0.0005221404882912275,0.0010495525163230976,0.0004735680963686333,0.00066785766405901,1,2000,,7775.2,0.99993,2000,ve,7.1125
grid7,16,7,0.5,1.5,201,exact,0.0,0.0,,,1,,,,,,ve,0.0442
grid7,16,7,0.5,1.5,201,mf,0.008221774606279725,0.01447599562280368,0.008569755979958833,0.007177830485242405,1,6,,,,,ve,0.0027
grid7,16,7,0.5,1.5,201,lbp,0.00012747257506349091,0.00028437180640245724,0.00011368292258491398,0.00016884153249922167,1,21,2.224181805954295e-07,,,,ve,0.008
grid7,16,7,0.5,1.5,201,gibbs,0.001201622181052741,0.0019364526277896484,0.0011824129135114764,0.0012592499836765348,1,2000,,7508.0,0.9999,2000,ve,6.9222
grid7,16,7,0.75,1.5,201,exact,0.0,0.0,,,1,,,,,,ve,0.0767
grid7,16,7,0.75,1.5,201,mf,0.01987146946710537,0.04042629320379621,0.02006155812246703,0.019301203501020384,1,10,,,,,ve,0.0058
grid7,16,7,0.75,1.5,201,lbp,0.0008705533203772802,0.0015890921225804183,0.0007817286402240718,0.0011370273608369058,1,25,4.2628717600301513e-07,,,,ve,0.0118
grid7,16,7,0.75,1.5,201,gibbs,0.0018691655672469472,0.0030920301644989136,0.001754430317722683,0.0022133713158197397,1,2000,,6641.1,1.00046,2000,ve,6.7349
grid7,16,7,1.0,1.5,201,exact,0.0,0.0,,,1,,,,,,ve,0.0501
grid7,16,7,1.0,1.5,201,mf,0.04943169229475124,0.11738569795033199,0.04688058732607978,0.05708500720076562,1,20,,,,,ve,0.0082
grid7,16,7,1.0,1.5,201,lbp,0.0037506178719570737,0.007636365155149627,0.003322181896861221,0.0050359257972446315,1,34,4.0803318676618794e-07,,,,ve,0.0126
grid7,16,7,1.0,1.5,201,gibbs,0.005356637808874243,0.009016744626276382,0.004882445842474911,0.006779213708072241,1,2000,,5205.9,1.00057,2000,ve,6.6662
grid7,16,7,1.3,1.5,201,exact,0.0,0.0,,,1,,,,,,ve,0.0505
grid7,16,7,1.3,1.5,201,mf,0.19588290052666324,0.41089975648619925,0.17791179043245675,0.24979623080928254,1,24,,,,,ve,0.0104
grid7,16,7,1.3,1.5,201,lbp,0.02064942123104533,0.04768080123925918,0.01838879018143496,0.02743131437987644,1,53,6.577032686250206e-07,,,,ve,0.0209
grid7,16,7,1.3,1.5,201,gibbs,0.010153829274038306,0.015756282768873003,0.009301762196894037,0.012710030505471117,1,2000,,3072.0,1.00189,2000,ve,6.4337
grid7,16,7,1.75,1.5,201,exact,0.0,0.0,,,1,,,,,,ve,0.046
grid7,16,7,1.75,1.5,201,mf,0.28625403515826486,0.46630477012643756,0.2603679505775347,0.3639122889004553,1,24,,,,,ve,0.0092
grid7,16,7,1.75,1.5,201,lbp,0.18412894718637213,0.29362623701745744,0.17037065888267544,0.2254038120974621,1,78,6.383908624507662e-07,,,,ve,0.0291
grid7,16,7,1.75,1.5,201,gibbs,0.0152873163334348,0.025775842594931826,0.013533043120126244,0.020550135973360473,1,2000,,1057.1,1.00203,2000,ve,7.08
grid7,16,7,2.5,1.5,201,exact,0.0,0.0,,,1,,,,,,ve,0.0721
grid7,16,7,2.5,1.5,201,mf,0.7287011331399602,0.7749447888355983,0.723792865936583,0.7434259347500921,1,13,,,,,ve,0.0082
grid7,16,7,2.5,1.5,201,lbp,0.6858898346255875,0.7403211567697222,0.6759943807332842,0.7155761963024977,1,49,3.2807498190345896e-07,,,,ve,0.0207
grid7,16,7,2.5,1.5,201,gibbs,0.4283993662668004,0.4614271203243833,0.42217868190962876,0.44706141933831545,0,2000,,16.6,1.16712,2000,ve,6.6912
grid7,16,7,4.0,1.5,201,exact,0.0,0.0,,,1,,,,,,ve,0.0459
grid7,16,7,4.0,1.5,201,mf,0.8170675532525036,0.8179945032616176,0.8167681248184676,0.8179658385546119,1,6,,,,,ve,0.0025
grid7,16,7,4.0,1.5,201,lbp,0.8168515820589727,0.8179944285327968,0.8165188151669027,0.8178498827351822,1,38,3.0880697321489237e-07,,,,ve,0.0126
grid7,16,7,4.0,1.5,201,gibbs,0.7641878330854651,0.7649530765921874,0.7639610635700508,0.7648681416317076,0,2000,,4.8,2.79844,2000,ve,6.6815
grid7,16,7,0.0,0.5,202,exact,0.0,0.0,,,1,,,,,,ve,0.0651
grid7,16,7,0.0,0.5,202,mf,8.686898856496983e-16,1.3426759704060487e-15,8.445573522937918e-16,9.410874857174178e-16,1,1,,,,,ve,0.0012
grid7,16,7,0.0,0.5,202,lbp,8.622930928320338e-16,1.4606371667724716e-15,8.340044511482662e-16,9.471590178833367e-16,1,3,0.0,,,,ve,0.0021
grid7,16,7,0.0,0.5,202,gibbs,1.0663399416938057e-14,1.5650675200262754e-14,1.1191640785409204e-14,9.07867531152462e-15,1,2000,,7470.5,0.99984,2000,ve,7.2961
grid7,16,7,0.1,0.5,202,exact,0.0,0.0,,,1,,,,,,ve,0.0445
grid7,16,7,0.1,0.5,202,mf,0.0002684037611661731,0.0004697091397563285,0.0002691000252545704,0.0002663149689009813,1,3,,,,,ve,0.0014
grid7,16,7,0.1,0.5,202,lbp,3.106763211477016e-07,6.064495091575445e-07,2.951710261322762e-07,3.571922061939778e-07,1,15,1.7504688948344338e-07,,,,ve,0.006
grid7,16,7,0.1,0.5,202,gibbs,0.00023151460211563957,0.0003915058871032037,0.00023105728813795187,0.00023288654404870265,1,2000,,7604.1,1.0,2000,ve,6.4624
grid7,16,7,0.25,0.5,202,exact,0.0,0.0,,,1,,,,,,ve,0.0568
grid7,16,7,0.25,0.5,202,mf,0.0017051807377107039,0.0029592979573438184,0.001696212975314499,0.0017320840248993188,1,4,,,,,ve,0.002
grid7,16,7,0.25,0.5,202,lbp,5.690689512812862e-06,1.165810565220693e-05,5.431113209181347e-06,6.469418423707407e-06,1,17,1.3612682983610291e-07,,,,ve,0.0068
grid7,16,7,0.25,0.5,202,gibbs,0.0005911269561842208,0.0009900158473799686,0.0006012615091123717,0.000560723297399768,1,2000,,7589.5,1.00029,2000,ve,7.3659
grid7,16,7,0.5,0.5,202,exact,0.0,0.0,,,1,,,,,,ve,0.0461
grid7,16,7,0.5,0.5,202,mf,0.007104176385968226,0.012084543659318981,0.006967145407312595,0.007515269321935117,1,6,,,,,ve,0.0027
grid7,16,7,0.5,0.5,202,lbp,0.00012514170089637146,0.00026199504073534316,0.00012086421890352074,0.0001379741468749236,1,19,2.663196674579371e-07,,,,ve,0.0064
grid7,16,7,0.5,0.5,202,gibbs,0.0012497052542512978,0.0021435138981832497,0.0012285018017153392,0.0013133156118591742,1,2000,,7652.1,1.00039,2000,ve,6.5091
grid7,16,7,0.75,0.5,202,exact,0.0,0.0,,,1,,,,,,ve,0.0449
grid7,16,7,0.75,0.5,202,mf,0.017035725411642465,0.028440442552256612,0.01645584609698947,0.018775363355601433,1,9,,,,,ve,0.0033
grid7,16,7,0.75,0.5,202,lbp,0.0009014110495880797,0.0019139085626634252,0.000885241050053491,0.0009499210481918458,1,23,4.159592252861444e-07,,,,ve,0.0071
grid7,16,7,0.75,0.5,202,gibbs,0.0028019204874333266,0.004084385332452138,0.0028352930628314163,0.0027018027612390576,1,2000,,6705.6,1.00081,2000,ve,7.3554
grid7,16,7,1.0,0.5,202,exact,0.0,0.0,,,1,,,,,,ve,0.0445
grid7,16,7,1.0,0.5,202,mf,0.03362532667861673,0.05561234691294223,0.0321259369284227,0.038123495929198795,1,15,,,,,ve,0.0064
grid7,16,7,1.0,0.5,202,lbp,0.004113078357701997,0.008600226712326145,0.004103569375904673,0.0041416053030939705,1,31,5.108507761530934e-07,,,,ve,0.0108
grid7,16,7,1.0,0.5,202,gibbs,0.0032528798208492677,0.006848247875582594,0.003095488753822531,0.003725053021929479,1,2000,,5282.7,1.00057,2000,ve,6.3755
grid7,16,7,1.3,0.5,202,exact,0.0,0.0,,,1,,,,,,ve,0.0457
grid7,16,7,1.3,0.5,202,mf,0.25726584094895777,0.485746452329549,0.26094302704089434,0.24623428267314812,1,78,,,,,ve,0.0287
grid7,16,7,1.3,0.5,202,lbp,0.017719942876369865,0.031639813157940413,0.018298933927533855,0.015982969722877893,1,58,7.163746080784961e-07,,,,ve,0.0211
grid7,16,7,1.3,0.5,202,gibbs,0.007421371312819756,0.009875591955293087,0.007378392303586609,0.007550308340519195,1,2000,,2960.2,1.00091,2000,ve,7.4018
grid7,16,7,1.75,0.5,202,exact,0.0,0.0,,,1,,,,,,ve,0.0522
grid7,16,7,1.75,0.5,202,mf,0.660788900676047,0.803893841730905,0.6692003418234025,0.6355545772339803,1,30,,,,,ve,0.0126
grid7,16,7,1.75,0.5,202,lbp,0.2335461700278651,0.3033096593629736,0.23801276472527522,0.2201463859356348,1,83,6.368006840173912e-07,,,,ve,0.0288
grid7,16,7,1.75,0.5,202,gibbs,0.027889277646122534,0.0317039120197813,0.028472959515055924,0.02613823203932237,1,2000,,671.6,1.0045,2000,ve,6.4067
grid7,16,7,2.5,0.5,202,exact,0.0,0.0,,,1,,,,,,ve,0.0468
grid7,16,7,2.5,0.5,202,mf,0.9090910939118377,0.9285836487357111,0.9119384249014489,0.9005491009430038,1,9,,,,,ve,0.0037
grid7,16,7,2.5,0.5,202,lbp,0.08313331381260794,0.08655758995271082,0.08348413564463815,0.0820808483165173,1,42,3.242826061011783e-07,,,,ve,0.0141
grid7,16,7,2.5,0.5,202,gibbs,0.41614815530927174,0.4282410760460065,0.41829610456288807,0.4097043075484229,0,2000,,13.2,1.20767,2000,ve,7.2979
grid7,16,7,4.0,0.5,202,exact,0.0,0.0,,,1,,,,,,ve,0.0565
grid7,16,7,4.0,0.5,202,mf,0.9493986629759037,0.9508991322783643,0.9495242268155449,0.9490219714569796,1,8,,,,,ve,0.0038
grid7,16,7,4.0,0.5,202,lbp,0.05929247671591647,0.05934468205264437,0.059307640491778855,0.059246985388329294,1,34,1.6528650259584055e-07,,,,ve,0.0149
grid7,16,7,4.0,0.5,202,gibbs,0.6980908764665098,0.7004590749935931,0.6983392188864244,0.6973458492067658,0,2000,,4.4,3.61012,2000,ve,6.3383
grid7,16,7,0.0,1.5,202,exact,0.0,0.0,,,1,,,,,,ve,0.0515
grid7,16,7,0.0,1.5,202,mf,7.678184260270782e-16,1.2923689896027213e-15,7.10062072796965e-16,9.410874857174178e-16,1,1,,,,,ve,0.0008
grid7,16,7,0.0,1.5,202,lbp,7.780641365570662e-16,1.4502288259166107e-15,7.21699176114976e-16,9.471590178833367e-16,1,3,0.0,,,,ve,0.0017
grid7,16,7,0.0,1.5,202,gibbs,7.86638820488711e-15,1.1676423716799889e-14,7.462292502674606e-15,9.07867531152462e-15,1,2000,,7933.8,0.99987,2000,ve,7.0189
grid7,16,7,0.1,1.5,202,exact,0.0,0.0,,,1,,,,,,ve,0.063
grid7,16,7,0.1,1.5,202,mf,0.00029739160934311637,0.000516172032172549,0.00031047278016523635,0.00025814809687675633,1,4,,,,,ve,0.0026
grid7,16,7,0.1,1.5,202,lbp,2.0385376595033006e-07,5.185976188421329e-07,1.9674417712012347e-07,2.2518253244094982e-07,1,16,1.3717329194751215e-07,,,,ve,0.0082
grid7,16,7,0.1,1.5,202,gibbs,0.0002343854581623306,0.0004515032003729368,0.0002476287219244099,0.00019465566687609272,1,2000,,7881.4,0.99982,2000,ve,7.0764
grid7,16,7,0.25,1.5,202,exact,0.0,0.0,,,1,,,,,,ve,0.0477
grid7,16,7,0.25,1.5,202,mf,0.001954958928048628,0.0035404975236415356,0.0020541791506242836,0.0016572982603216616,1,5,,,,,ve,0.0025
grid7,16,7,0.25,1.5,202,lbp,4.5130520252247746e-06,1.0949265483942237e-05,4.652256464603994e-06,4.095438707087118e-06,1,18,1.8394004874799919e-07,,,,ve,0.0066
grid7,16,7,0.25,1.5,202,gibbs,0.0005461165486981527,0.0008825138158607207,0.0005597583452071256,0.0005051911591712338,1,2000,,7716.8,1.00006,2000,ve,6.5197
grid7,16,7,0.5,1.5,202,exact,0.0,0.0,,,1,,,,,,ve,0.0461
grid7,16,7,0.5,1.5,202,mf,0.008700369063218983,0.017102191371471464,0.00924502280361369,0.007066407842034863,1,7,,,,,ve,0.0031
grid7,16,7,0.5,1.5,202,lbp,9.819394874037896e-05,0.00019293051988611247,0.00010110915145914476,8.944834058408156e-05,1,21,3.020700502232021e-07,,,,ve,0.0091
grid7,16,7,0.5,1.5,202,gibbs,0.000938764261476321,0.001600957939714466,0.0009111475682319379,0.00102161434120947,1,2000,,6914.6,0.9998,2000,ve,7.4989
grid7,16,7,0.75,1.5,202,exact,0.0,0.0,,,1,,,,,,ve,0.0431
grid7,16,7,0.75,1.5,202,mf,0.02348253208211947,0.0493753478821078,0.024981297628491005,0.018986235443004873,1,10,,,,,ve,0.004
grid7,16,7,0.75,1.5,202,lbp,0.000683279385425819,0.0012392886593419854,0.0007004464327566882,0.0006317782434332115,1,25,3.787344725891817e-07,,,,ve,0.0088
grid7,16,7,0.75,1.5,202,gibbs,0.0018653261536474516,0.0034968908935621296,0.0017362763553011816,0.0022524755486862617,1,2000,,5485.2,0.99991,2000,ve,6.526
grid7,16,7,1.0,1.5,202,exact,0.0,0.0,,,1,,,,,,ve,0.0484
grid7,16,7,1.0,1.5,202,mf,0.06034366445760882,0.1249307695239264,0.06390709403277865,0.04965337573209934,1,15,,,,,ve,0.006
grid7,16,7,1.0,1.5,202,lbp,0.0030410538462793046,0.006265641037781728,0.0031075822462448065,0.0028414686463827986,1,32,4.3891850071142713e-07,,,,ve,0.0113
grid7,16,7,1.0,1.5,202,gibbs,0.0019472410715623005,0.004862502828558053,0.0017547829613336417,0.0025246154022482772,1,2000,,4227.7,1.00032,2000,ve,7.3337
grid7,16,7,1.3,1.5,202,exact,0.0,0.0,,,1,,,,,,ve,0.0473
grid7,16,7,1.3,1.5,202,mf,0.1304990121415433,0.24179323599205466,0.13080164514193018,0.12959111314038274,1,20,,,,,ve,0.0076
grid7,16,7,1.3,1.5,202,lbp,0.014012447243031991,0.03222202989022651,0.014153329718850693,0.013589799815575884,1,46,5.098890796806366e-07,,,,ve,0.0171
grid7,16,7,1.3,1.5,202,gibbs,0.00364213472699435,0.0062494731088155765,0.00351565654827964,0.00402156926313848,1,2000,,3190.8,1.00029,2000,ve,6.6052
grid7,16,7,1.75,1.5,202,exact,0.0,0.0,,,1,,,,,,ve,0.0499
grid7,16,7,1.75,1.5,202,mf,0.1596375476812369,0.2986212413755932,0.14358469684048092,0.20779610020350484,1,44,,,,,ve,0.0187
grid7,16,7,1.75,1.5,202,lbp,0.06004913725876726,0.10864173527298786,0.057470837711108134,0.06778403590174466,1,58,5.630907597975465e-07,,,,ve,0.0215
grid7,16,7,1.75,1.5,202,gibbs,0.011313257569002814,0.01866271285307566,0.010298298720559148,0.014358134114333808,1,2000,,1594.9,1.0033,2000,ve,6.6356
grid7,16,7,2.5,1.5,202,exact,0.0,0.0,,,1,,,,,,ve,0.038
grid7,16,7,2.5,1.5,202,mf,0.10324165560051977,0.17306865605195948,0.09793579310156171,0.11915924309739395,1,8,,,,,ve,0.0027
grid7,16,7,2.5,1.5,202,lbp,0.0819018609058722,0.10005893660066514,0.08042841926820075,0.08632218581888657,1,44,4.479231737186673e-07,,,,ve,0.013
grid7,16,7,2.5,1.5,202,gibbs,0.049567220554243986,0.058480039418074066,0.04842003424464636,0.05300877948303687,0,2000,,177.2,1.02791,2000,ve,5.41
grid7,16,7,4.0,1.5,202,exact,0.0,0.0,,,1,,,,,,ve,0.0459
grid7,16,7,4.0,1.5,202,mf,0.11811147451778303,0.11863051812571068,0.11805404696421044,0.11828375717850084,1,5,,,,,ve,0.0022
grid7,16,7,4.0,1.5,202,lbp,0.11800301545005978,0.1183803758865563,0.11796786064447773,0.118108479866806,1,34,2.624192578792872e-07,,,,ve,0.0114
grid7,16,7,4.0,1.5,202,gibbs,0.38330817198261435,0.38482653443882003,0.3830908164241833,0.3839602386579076,0,2000,,4.7,2.83873,2000,ve,5.5404
grid7,16,7,0.0,0.5,203,exact,0.0,0.0,,,1,,,,,,ve,0.0359
grid7,16,7,0.0,0.5,203,mf,7.362274852262818e-16,1.1501216645726231e-15,7.536650701670903e-16,6.839147304038562e-16,1,1,,,,,ve,0.0006
grid7,16,7,0.0,0.5,203,lbp,7.57748898350119e-16,1.1709383462843448e-15,7.768669966582801e-16,7.003946034256359e-16,1,3,0.0,,,,ve,0.001
grid7,16,7,0.0,0.5,203,gibbs,9.462320250258616e-15,1.5995885171982138e-14,1.0366924332871896e-14,6.748508002418774e-15,1,2000,,7519.8,0.99995,2000,ve,5.505
grid7,16,7,0.1,0.5,203,exact,0.0,0.0,,,1,,,,,,ve,0.0449
grid7,16,7,0.1,0.5,203,mf,0.000284930793612683,0.0005125986485834989,0.0002901606361668751,0.0002692412659501065,1,4,,,,,ve,0.0017
grid7,16,7,0.1,0.5,203,lbp,2.9637455044745917e-07,5.969609253812097e-07,3.074564736869293e-07,2.6312878072904874e-07,1,15,2.3345190444667985e-07,,,,ve,0.0056
grid7,16,7,0.1,0.5,203,gibbs,0.00022367986375842471,0.0004480145856608844,0.00020413920592783318,0.0002823018372501993,1,2000,,7774.3,0.99989,2000,ve,5.6726
grid7,16,7,0.25,0.5,203,exact,0.0,0.0,,,1,,,,,,ve,0.0441
grid7,16,7,0.25,0.5,203,mf,0.0017958188994113386,0.003162450976581516,0.001819470027180103,0.0017248655161050458,1,4,,,,,ve,0.0017
grid7,16,7,0.25,0.5,203,lbp,4.384473083523708e-06,1.0013463029565767e-05,4.1303727755877895e-06,5.146774007331462e-06,1,17,1.8738275775476154e-07,,,,ve,0.0055
grid7,16,7,0.25,0.5,203,gibbs,0.0005958502106207631,0.0008803238320333508,0.0005798134748722662,0.000643960417866254,1,2000,,7911.8,0.9999,2000,ve,5.4314
grid7,16,7,0.5,0.5,203,exact,0.0,0.0,,,1,,,,,,ve,0.0373
grid7,16,7,0.5,0.5,203,mf,0.007319760046013681,0.012362322257469457,0.007294993177791348,0.007394060650680681,1,6,,,,,ve,0.0021
grid7,16,7,0.5,0.5,203,lbp,9.433513671843613e-05,0.00023359418253391523,8.558129448183527e-05,0.00012059666342823872,1,20,2.2260400633911104e-07,,,,ve,0.0061
grid7,16,7,0.5,0.5,203,gibbs,0.001264248812398117,0.002166414376474397,0.0012652861667073105,0.0012611367494705372,1,2000,,7548.4,0.99977,2000,ve,5.4579
grid7,16,7,0.75,0.5,203,exact,0.0,0.0,,,1,,,,,,ve,0.0383
grid7,16,7,0.75,0.5,203,mf,0.017444431886110397,0.029470862699694844,0.01676614634269953,0.01947928851634299,1,8,,,,,ve,0.0028
grid7,16,7,0.75,0.5,203,lbp,0.0006736557110324176,0.0017500285818361667,0.000594354841620948,0.0009115583192668263,1,23,2.6313878173644945e-07,,,,ve,0.007
grid7,16,7,0.75,0.5,203,gibbs,0.0022204576815357197,0.005636329636987847,0.0021442398318382936,0.0024491112306279992,1,2000,,7005.5,1.00036,2000,ve,5.602
grid7,16,7,1.0,0.5,203,exact,0.0,0.0,,,1,,,,,,ve,0.04
grid7,16,7,1.0,0.5,203,mf,0.03614951848688215,0.059536071233968854,0.033797566421959434,0.04320537468165031,1,13,,,,,ve,0.0048
grid7,16,7,1.0,0.5,203,lbp,0.0031192015265560117,0.00803596006411934,0.0027236779628313254,0.004305772217730072,1,27,3.132452688070497e-07,,,,ve,0.0088
grid7,16,7,1.0,0.5,203,gibbs,0.002919698484252685,0.006801985398996253,0.0030101339406260323,0.0026483921151326402,1,2000,,6479.4,1.00002,2000,ve,5.6096
grid7,16,7,1.3,0.5,203,exact,0.0,0.0,,,1,,,,,,ve,0.0427
grid7,16,7,1.3,0.5,203,mf,0.08767429717481673,0.1615286643293709,0.08391060743953184,0.09896536638067138,1,28,,,,,ve,0.0087
grid7,16,7,1.3,0.5,203,lbp,0.015542028130992145,0.03405883069995216,0.013997116840306445,0.020176762003049253,1,35,3.9928653300380645e-07,,,,ve,0.0107
grid7,16,7,1.3,0.5,203,gibbs,0.0072756564593287765,0.01273048097855052,0.00712254551931793,0.0077349892793613165,1,2000,,4146.0,1.00026,2000,ve,5.533
grid7,16,7,1.75,0.5,203,exact,0.0,0.0,,,1,,,,,,ve,0.0388
grid7,16,7,1.75,0.5,203,mf,0.571767193687124,0.8040412034538076,0.5590736612553401,0.6098477909824758,1,44,,,,,ve,0.0136
grid7,16,7,1.75,0.5,203,lbp,0.13819819740443492,0.21141006675986207,0.1346484757628513,0.14884736232918583,1,96,8.303606370274608e-07,,,,ve,0.0304
grid7,16,7,1.75,0.5,203,gibbs,0.018505585258079764,0.026315737674000236,0.017626056304669017,0.021144172118312016,1,2000,,731.8,1.00263,2000,ve,5.604
grid7,16,7,2.5,0.5,203,exact,0.0,0.0,,,1,,,,,,ve,0.0382
grid7,16,7,2.5,0.5,203,mf,0.8535827038096797,0.8704336878413597,0.8521502669769982,0.8578800143077239,1,21,,,,,ve,0.0073
grid7,16,7,2.5,0.5,203,lbp,0.2314995689569609,0.2407294820367714,0.23166649095453648,0.23099880296423422,1,54,3.421503012024374e-07,,,,ve,0.0163
grid7,16,7,2.5,0.5,203,gibbs,0.714810173593862,0.7399820049310336,0.714820454823197,0.7147793299058571,0,2000,,40.8,1.06589,2000,ve,5.3289
grid7,16,7,4.0,0.5,203,exact,0.0,0.0,,,1,,,,,,ve,0.0369
grid7,16,7,4.0,0.5,203,mf,0.9714206763190301,0.9995033531140969,0.968868196780436,0.9790781149348119,1,36,,,,,ve,0.0117
grid7,16,7,4.0,0.5,203,lbp,0.19314256974119,0.19332072246962725,0.19316130874984697,0.19308635271521907,1,37,1.9808898521489482e-07,,,,ve,0.0104
grid7,16,7,4.0,0.5,203,gibbs,0.6258561217091945,0.6268498774186329,0.6260123401352785,0.6253874664309426,0,2000,,4.4,3.39212,2000,ve,5.5968
grid7,16,7,0.0,1.5,203,exact,0.0,0.0,,,1,,,,,,ve,0.0413
grid7,16,7,0.0,1.5,203,mf,7.783487396273436e-16,1.1223660889569942e-15,8.109832250191573e-16,6.804452834519026e-16,1,1,,,,,ve,0.0005
grid7,16,7,0.0,1.5,203,lbp,7.8859445015733165e-16,1.1535911115245767e-15,8.237768106544863e-16,6.830473686658678e-16,1,3,0.0,,,,ve,0.0014
grid7,16,7,0.0,1.5,203,gibbs,7.959073938107464e-15,1.594037402075088e-14,8.342935717275957e-15,6.807488600601985e-15,1,2000,,7417.2,1.00008,2000,ve,5.4572
grid7,16,7,0.1,1.5,203,exact,0.0,0.0,,,1,,,,,,ve,0.0385
grid7,16,7,0.1,1.5,203,mf,0.0002812278195619851,0.00048242858441120955,0.00027519608849160956,0.00029932301277311177,1,4,,,,,ve,0.0016
grid7,16,7,0.1,1.5,203,lbp,2.8759183072875815e-07,5.550012033197355e-07,2.8999171298375696e-07,2.803921839637617e-07,1,16,1.36721214349933e-07,,,,ve,0.0047
grid7,16,7,0.1,1.5,203,gibbs,0.0001805430814334497,0.0003372061000359878,0.00016995686093098966,0.00021230174294082976,1,2000,,7438.4,1.00002,2000,ve,5.6228
grid7,16,7,0.25,1.5,203,exact,0.0,0.0,,,1,,,,,,ve,0.038
grid7,16,7,0.25,1.5,203,mf,0.0018251560218381837,0.0029294666178137354,0.0017822068305776608,0.001954003595619753,1,5,,,,,ve,0.0021
grid7,16,7,0.25,1.5,203,lbp,5.34103981695899e-06,1.1099538566084616e-05,4.504703553524188e-06,7.850048607263398e-06,1,18,1.9797935288390356e-07,,,,ve,0.0057
grid7,16,7,0.25,1.5,203,gibbs,0.0004495012884838955,0.0008548320620944379,0.00043254234472152835,0.000500378119770997,1,2000,,7567.8,0.99983,2000,ve,5.4592
grid7,16,7,0.5,1.5,203,exact,0.0,0.0,,,1,,,,,,ve,0.0373
grid7,16,7,0.5,1.5,203,mf,0.008092593908590621,0.012104501599272972,0.007855725656206403,0.008803198665743282,1,7,,,,,ve,0.0023
grid7,16,7,0.5,1.5,203,lbp,0.00011182422317929845,0.00023339633933906756,9.058397114200505e-05,0.00017554497929117866,1,21,3.2156775134351e-07,,,,ve,0.0065
grid7,16,7,0.5,1.5,203,gibbs,0.0009511824072011356,0.0018189357835089607,0.0008538737695150526,0.0012431083202593847,1,2000,,6617.8,0.99987,2000,ve,5.569
grid7,16,7,0.75,1.5,203,exact,0.0,0.0,,,1,,,,,,ve,0.039
grid7,16,7,0.75,1.5,203,mf,0.02239743243575973,0.04004113162870693,0.02245580529077133,0.02222231387072493,1,10,,,,,ve,0.0034
grid7,16,7,0.75,1.5,203,lbp,0.0007837571576884445,0.0016562420987962755,0.0006440711721844977,0.0012028151142002845,1,25,2.643603983776277e-07,,,,ve,0.0074
grid7,16,7,0.75,1.5,203,gibbs,0.002089784163490891,0.00405596325055829,0.0019419534785341944,0.002533276218360979,1,2000,,5997.1,1.0001,2000,ve,5.5073
grid7,16,7,1.0,1.5,203,exact,0.0,0.0,,,1,,,,,,ve,0.049
grid7,16,7,1.0,1.5,203,mf,0.05233862486945076,0.09996580664266862,0.056313145251736786,0.04041506372259269,1,14,,,,,ve,0.006
grid7,16,7,1.0,1.5,203,lbp,0.0035068919260607453,0.006832276974449231,0.003072942459832504,0.0048087403247454715,1,30,4.1822691751458585e-07,,,,ve,0.0102
grid7,16,7,1.0,1.5,203,gibbs,0.0031491679366221553,0.006062770500750917,0.0031649062056783826,0.003101953129453475,1,2000,,4811.5,0.99993,2000,ve,5.6907
grid7,16,7,1.3,1.5,203,exact,0.0,0.0,,,1,,,,,,ve,0.0393
grid7,16,7,1.3,1.5,203,mf,0.10969427147241106,0.22088144965013706,0.12270167627124275,0.07067205707591594,1,24,,,,,ve,0.0084
grid7,16,7,1.3,1.5,203,lbp,0.015045242117061194,0.026562788719056526,0.014773072485801711,0.015861751010839635,1,44,6.333740756869766e-07,,,,ve,0.0139
grid7,16,7,1.3,1.5,203,gibbs,0.006001915743766089,0.012348834856024647,0.005487392672340472,0.0075454849580429365,1,2000,,3644.6,1.0001,2000,ve,5.4755
grid7,16,7,1.75,1.5,203,exact,0.0,0.0,,,1,,,,,,ve,0.0409
grid7,16,7,1.75,1.5,203,mf,0.22815100854665124,0.3650759436512205,0.21642038057188828,0.2633428924709402,1,39,,,,,ve,0.0132
grid7,16,7,1.75,1.5,203,lbp,0.08280326059309473,0.16800699619275392,0.07321926570955055,0.11155524524372729,1,179,8.78428021156008e-07,,,,ve,0.0537
grid7,16,7,1.75,1.5,203,gibbs,0.008630212589990438,0.014842332187702886,0.008349991874215947,0.009470874737313908,1,2000,,759.9,1.00326,2000,ve,5.4921
grid7,16,7,2.5,1.5,203,exact,0.0,0.0,,,1,,,,,,ve,0.0389
grid7,16,7,2.5,1.5,203,mf,0.06835279844017836,0.09114461123379033,0.06845798365918287,0.06803724278316484,1,17,,,,,ve,0.0055
grid7,16,7,2.5,1.5,203,lbp,0.059031003625874184,0.06930072590216614,0.05899684767207308,0.0591334714872775,1,49,3.7359103943757077e-07,,,,ve,0.0132
grid7,16,7,2.5,1.5,203,gibbs,0.050292621195901346,0.05505944480711817,0.050059553051517595,0.05099182562905259,1,2000,,1083.8,1.00358,2000,ve,5.5812
grid7,16,7,4.0,1.5,203,exact,0.0,0.0,,,1,,,,,,ve,0.0402
grid7,16,7,4.0,1.5,203,mf,0.03219740296316642,0.03232536830176232,0.03219626210545424,0.032200825536302956,1,10,,,,,ve,0.0036
grid7,16,7,4.0,1.5,203,lbp,0.0321415914693446,0.03218678700763249,0.03214183916674127,0.032140848377154585,1,36,2.3062128720607866e-07,,,,ve,0.0111
grid7,16,7,4.0,1.5,203,gibbs,0.7473156581481736,0.7488104279980048,0.747492630257459,0.7467847418203173,0,2000,,4.4,3.62458,2000,ve,5.4789
grid7,16,7,0.0,0.5,204,exact,0.0,0.0,,,1,,,,,,ve,0.039
grid7,16,7,0.0,0.5,204,mf,6.749294048993826e-16,1.2490009027033011e-15,7.045507117534969e-16,5.860654843370394e-16,1,1,,,,,ve,0.0005
grid7,16,7,0.0,0.5,204,lbp,6.963152927516592e-16,1.3739009929736312e-15,7.436181300353913e-16,5.544067809004627e-16,1,3,0.0,,,,ve,0.001
grid7,16,7,0.0,0.5,204,gibbs,9.120281569893751e-15,1.3435867002309365e-14,9.179361553276108e-15,8.943041619746683e-15,1,2000,,7262.8,1.00001,2000,ve,5.6762
grid7,16,7,0.1,0.5,204,exact,0.0,0.0,,,1,,,,,,ve,0.04
grid7,16,7,0.1,0.5,204,mf,0.0003033989810705377,0.0004916106366231708,0.0002946159183119539,0.0003297481693462891,1,4,,,,,ve,0.0017
grid7,16,7,0.1,0.5,204,lbp,2.558869680091883e-07,5.279392130269622e-07,2.880885008018647e-07,1.592823696311592e-07,1,16,1.422091768232825e-07,,,,ve,0.0052
grid7,16,7,0.1,0.5,204,gibbs,0.00018730701829408326,0.00028372126362669406,0.00019998693099038448,0.00014926728020517955,1,2000,,7251.1,1.00003,2000,ve,5.5865
grid7,16,7,0.25,0.5,204,exact,0.0,0.0,,,1,,,,,,ve,0.0381
grid7,16,7,0.25,0.5,204,mf,0.0019063672733760292,0.003184749900311347,0.0018374559091405979,0.0021131013660823225,1,5,,,,,ve,0.0019
grid7,16,7,0.25,0.5,204,lbp,6.489516205176814e-06,1.4380184781646183e-05,7.2951283390504775e-06,4.072679803555825e-06,1,18,1.4335638190421385e-07,,,,ve,0.0055
grid7,16,7,0.25,0.5,204,gibbs,0.0005394984143907636,0.0009923656131046246,0.0005771295496358469,0.00042660500865551347,1,2000,,7230.6,1.00011,2000,ve,5.6184
grid7,16,7,0.5,0.5,204,exact,0.0,0.0,,,1,,,,,,ve,0.038
grid7,16,7,0.5,0.5,204,mf,0.007879731503241144,0.013498001931800237,0.0075543137131871925,0.008855984873403003,1,6,,,,,ve,0.0024
grid7,16,7,0.5,0.5,204,lbp,0.00013616633730675296,0.00028409454740659437,0.00015082840313553967,9.218013982039292e-05,1,20,2.0385101914821568e-07,,,,ve,0.0059
grid7,16,7,0.5,0.5,204,gibbs,0.0010832466324484766,0.0018406196631982306,0.0012333273131293308,0.0006330045904059141,1,2000,,6884.1,1.00005,2000,ve,5.7077
grid7,16,7,0.75,0.5,204,exact,0.0,0.0,,,1,,,,,,ve,0.0382
grid7,16,7,0.75,0.5,204,mf,0.019240110363208565,0.03206817189163106,0.018649303375888705,0.021012531325168143,1,9,,,,,ve,0.0029
grid7,16,7,0.75,0.5,204,lbp,0.00092128124431067,0.0017227020416219173,0.001010018595296846,0.0006550691913521421,1,23,4.068325244188653e-07,,,,ve,0.0068
grid7,16,7,0.75,0.5,204,gibbs,0.0018539015173403908,0.0031808730217593797,0.0020402120139197174,0.0012949700276024111,1,2000,,6428.3,1.00017,2000,ve,5.3938
grid7,16,7,1.0,0.5,204,exact,0.0,0.0,,,1,,,,,,ve,0.0396
grid7,16,7,1.0,0.5,204,mf,0.04175550633561138,0.0642545117423313,0.04257335840371692,0.03930195013129473,1,17,,,,,ve,0.0056
grid7,16,7,1.0,0.5,204,lbp,0.004199129577968781,0.007222265402227,0.004589850578767326,0.0030269665755731437,1,31,3.815368990467416e-07,,,,ve,0.0107
grid7,16,7,1.0,0.5,204,gibbs,0.0038232945392737408,0.00634678310367948,0.00412212579798759,0.0029268007631321922,1,2000,,4861.4,1.00039,2000,ve,5.5323
grid7,16,7,1.3,0.5,204,exact,0.0,0.0,,,1,,,,,,ve,0.0429
grid7,16,7,1.3,0.5,204,mf,0.1708694090226931,0.3759351987683254,0.19528664331965662,0.09761770613180254,1,36,,,,,ve,0.0115
grid7,16,7,1.3,0.5,204,lbp,0.018810968661866528,0.028768793591038573,0.02048441213595189,0.013790638239610447,1,54,7.052148817410231e-07,,,,ve,0.0172
grid7,16,7,1.3,0.5,204,gibbs,0.00631575541502977,0.010749841368895782,0.006875267445520766,0.004637219323556777,1,2000,,2903.4,1.00035,2000,ve,5.6295
grid7,16,7,1.75,0.5,204,exact,0.0,0.0,,,1,,,,,,ve,0.0424
grid7,16,7,1.75,0.5,204,mf,0.6026409291344051,0.7782637682154536,0.6427913067558152,0.482189796270175,1,97,,,,,ve,0.0322
grid7,16,7,1.75,0.5,204,lbp,0.2482281793615715,0.3500636982775307,0.26677549873142853,0.1925862212520003,1,91,6.429323263779096e-07,,,,ve,0.028
grid7,16,7,1.75,0.5,204,gibbs,0.032610754240867595,0.046692880246948246,0.03543117245445559,0.02414949960010364,1,2000,,695.2,1.00181,2000,ve,5.5198
grid7,16,7,2.5,0.5,204,exact,0.0,0.0,,,1,,,,,,ve,0.0423
grid7,16,7,2.5,0.5,204,mf,0.26175490853248,0.32928954978804503,0.26236697073705795,0.25991872191874615,1,11,,,,,ve,0.0039
grid7,16,7,2.5,0.5,204,lbp,0.2423127641406167,0.25414391763179783,0.24620360344485703,0.2306402462278957,1,44,3.520632200215701e-07,,,,ve,0.0132
grid7,16,7,2.5,0.5,204,gibbs,0.26612570734835483,0.2771976962440638,0.26914689625708477,0.2570621406221651,0,2000,,56.8,1.07401,2000,ve,5.5184
grid7,16,7,4.0,0.5,204,exact,0.0,0.0,,,1,,,,,,ve,0.0422
grid7,16,7,4.0,0.5,204,mf,0.28860697783229755,0.28984987090699604,0.28878969250865366,0.2880588338032293,1,7,,,,,ve,0.0025
grid7,16,7,4.0,0.5,204,lbp,0.2883673913899957,0.2888198186363968,0.28862313707579706,0.2876001543325912,1,35,2.4083490168802513e-07,,,,ve,0.0098
grid7,16,7,4.0,0.5,204,gibbs,0.49750810542351576,0.49855389602011446,0.4978863158220608,0.49637347422788075,0,2000,,4.3,3.98463,2000,ve,5.5539
grid7,16,7,0.0,1.5,204,exact,0.0,0.0,,,1,,,,,,ve,0.0383
grid7,16,7,0.0,1.5,204,mf,6.57677037829707e-16,1.3877787807814457e-15,6.815475556605962e-16,5.860654843370394e-16,1,1,,,,,ve,0.0006
grid7,16,7,0.0,1.5,204,lbp,6.74807432154978e-16,1.4155343563970746e-15,7.149409825731497e-16,5.544067809004627e-16,1,3,0.0,,,,ve,0.0014
grid7,16,7,0.0,1.5,204,gibbs,9.836342894711803e-15,1.907501934184097e-14,1.0134109986366843e-14,8.943041619746683e-15,1,2000,,7793.4,0.99997,2000,ve,5.4644
grid7,16,7,0.1,1.5,204,exact,0.0,0.0,,,1,,,,,,ve,0.0382
grid7,16,7,0.1,1.5,204,mf,0.00033423027240204025,0.000646369105268588,0.0003320751610758988,0.00034069560638046436,1,3,,,,,ve,0.0012
grid7,16,7,0.1,1.5,204,lbp,2.3973738325204247e-07,3.367123344692746e-07,2.485331016645577e-07,2.1335022801449678e-07,1,16,1.3839591478381763e-07,,,,ve,0.0049
grid7,16,7,0.1,1.5,204,gibbs,0.00019324204787957226,0.00032508414550878537,0.00020058102486013906,0.00017122511693787188,1,2000,,7966.6,1.00003,2000,ve,5.6054
grid7,16,7,0.25,1.5,204,exact,0.0,0.0,,,1,,,,,,ve,0.041
grid7,16,7,0.25,1.5,204,mf,0.0021437685954648258,0.0042174384989670365,0.0021424119522158655,0.0021478385252117053,1,4,,,,,ve,0.0017
grid7,16,7,0.25,1.5,204,lbp,5.82831364551177e-06,1.2947185020711557e-05,6.290753391506023e-06,4.4409944075290086e-06,1,18,1.3919121011340962e-07,,,,ve,0.006
grid7,16,7,0.25,1.5,204,gibbs,0.0006162169455806945,0.0009776576009898584,0.0006689911858470772,0.00045789422478154654,1,2000,,7471.8,1.00002,2000,ve,5.5271
grid7,16,7,0.5,1.5,204,exact,0.0,0.0,,,1,,,,,,ve,0.0434
grid7,16,7,0.5,1.5,204,mf,0.008981713210586238,0.018697486615582213,0.009094842872479069,0.008642324224907742,1,6,,,,,ve,0.0023
grid7,16,7,0.5,1.5,204,lbp,0.0001226325798805707,0.000284279604641122,0.00013345391304771985,9.01685803791233e-05,1,20,2.04928172570229e-07,,,,ve,0.0065
grid7,16,7,0.5,1.5,204,gibbs,0.0012673803597046903,0.002327854396712393,0.001385684353613947,0.0009124683779769212,1,2000,,6865.0,1.00025,2000,ve,5.5468
grid7,16,7,0.75,1.5,204,exact,0.0,0.0,,,1,,,,,,ve,0.0379
grid7,16,7,0.75,1.5,204,mf,0.0217726215914174,0.049284247219805184,0.022578396352520708,0.019355297308107484,1,9,,,,,ve,0.0033
grid7,16,7,0.75,1.5,204,lbp,0.0008207817205390269,0.0019794615881828497,0.0009065798606099615,0.0005633873003262229,1,23,2.8119802877868416e-07,,,,ve,0.0052
grid7,16,7,0.75,1.5,204,gibbs,0.002238351694268486,0.004265645943700505,0.00248311877248943,0.0015040504596056554,1,2000,,6331.4,1.00041,2000,ve,5.3599
grid7,16,7,1.0,1.5,204,exact,0.0,0.0,,,1,,,,,,ve,0.0372
grid7,16,7,1.0,1.5,204,mf,0.04506179349915974,0.11167451994819533,0.047197122708573104,0.0386558058709196,1,15,,,,,ve,0.0049
grid7,16,7,1.0,1.5,204,lbp,0.0034589958636171503,0.008652626919427774,0.0038572714291500994,0.0022641691670183027,1,29,3.892376922998153e-07,,,,ve,0.0085
grid7,16,7,1.0,1.5,204,gibbs,0.0031555379071364405,0.005254598399793475,0.0033205109217773108,0.002660618863213831,1,2000,,5887.4,1.00021,2000,ve,5.4971
grid7,16,7,1.3,1.5,204,exact,0.0,0.0,,,1,,,,,,ve,0.0404
grid7,16,7,1.3,1.5,204,mf,0.11881853918402357,0.28681143111206747,0.12417793205130234,0.10274036058218723,1,33,,,,,ve,0.0107
grid7,16,7,1.3,1.5,204,lbp,0.015714630326174022,0.03772466503464794,0.016978238537639818,0.011923805691776632,1,44,6.59290482291075e-07,,,,ve,0.013
grid7,16,7,1.3,1.5,204,gibbs,0.006208454979014221,0.00966723776830434,0.0060112127872698345,0.006800181554247376,1,2000,,4439.4,1.00019,2000,ve,5.4912
grid7,16,7,1.75,1.5,204,exact,0.0,0.0,,,1,,,,,,ve,0.0399
grid7,16,7,1.75,1.5,204,mf,0.5276456145150668,0.641439271819165,0.53252371369415,0.5130113169778171,1,20,,,,,ve,0.0071
grid7,16,7,1.75,1.5,204,lbp,0.236269423117355,0.3765157357791555,0.2522723159155624,0.18826074472273302,1,147,8.293846170404073e-07,,,,ve,0.0459
grid7,16,7,1.75,1.5,204,gibbs,0.008340456893256161,0.01395336829071024,0.009249987590458753,0.005611864801648387,1,2000,,1526.1,1.00231,2000,ve,5.5189
grid7,16,7,2.5,1.5,204,exact,0.0,0.0,,,1,,,,,,ve,0.0395
grid7,16,7,2.5,1.5,204,mf,0.44553012719737317,0.4585828595902001,0.4476124513082455,0.4392831548647562,1,8,,,,,ve,0.0025
grid7,16,7,2.5,1.5,204,lbp,0.43074071097673333,0.44771913708546796,0.43425000425452004,0.4202128311433734,1,47,4.007970305641706e-07,,,,ve,0.013
grid7,16,7,2.5,1.5,204,gibbs,0.47858778454266304,0.49969169503993216,0.48385196221935534,0.46279525151258605,0,2000,,21.3,1.12485,2000,ve,5.5278
grid7,16,7,4.0,1.5,204,exact,0.0,0.0,,,1,,,,,,ve,0.0387
grid7,16,7,4.0,1.5,204,mf,0.4013853313063309,0.40169684419117835,0.40151946122183774,0.4009829415598104,1,6,,,,,ve,0.0022
grid7,16,7,4.0,1.5,204,lbp,0.4013018398065352,0.40163918582698777,0.4014480246409055,0.40086328530342435,1,36,2.0009206713744732e-07,,,,ve,0.0112
grid7,16,7,4.0,1.5,204,gibbs,0.3497625468180659,0.3505498231537323,0.34994610602451015,0.3492118691987329,0,2000,,4.2,4.55796,2000,ve,5.5383
grid7,16,7,0.0,0.5,205,exact,0.0,0.0,,,1,,,,,,ve,0.0338
grid7,16,7,0.0,0.5,205,mf,7.282043891498891e-16,1.0096090630185017e-15,7.465816159735184e-16,6.730727086790012e-16,1,1,,,,,ve,0.0006
grid7,16,7,0.0,0.5,205,lbp,7.395343018523626e-16,1.0269562977782698e-15,7.49255981332316e-16,7.103692634125025e-16,1,3,0.0,,,,ve,0.001
grid7,16,7,0.0,0.5,205,gibbs,9.138252220902698e-15,1.4113710200547303e-14,9.542207880334589e-15,7.926385242607026e-15,1,2000,,7825.6,0.99991,2000,ve,5.6144
grid7,16,7,0.1,0.5,205,exact,0.0,0.0,,,1,,,,,,ve,0.0416
grid7,16,7,0.1,0.5,205,mf,0.0002555430380968348,0.000420083455897724,0.00026595739924314374,0.00022429995465790813,1,4,,,,,ve,0.0016
grid7,16,7,0.1,0.5,205,lbp,3.4634653916045845e-07,7.049750052404158e-07,3.3965066129172547e-07,3.6643417276665743e-07,1,15,2.3743096935757713e-07,,,,ve,0.005
grid7,16,7,0.1,0.5,205,gibbs,0.00024539183445526863,0.0004685813935342148,0.00022936611012737193,0.0002934690074389587,1,2000,,7561.6,1.00004,2000,ve,5.7186
grid7,16,7,0.25,0.5,205,exact,0.0,0.0,,,1,,,,,,ve,0.0396
grid7,16,7,0.25,0.5,205,mf,0.0016173976544366872,0.002869178171115233,0.0016723436859808916,0.0014525595598040737,1,5,,,,,ve,0.0017
grid7,16,7,0.25,0.5,205,lbp,5.5382153614654504e-06,1.2205936379836024e-05,5.6844035977227465e-06,5.099650652693561e-06,1,17,2.7785277204039893e-07,,,,ve,0.0051
grid7,16,7,0.25,0.5,205,gibbs,0.0006167530153173488,0.0012846294745690514,0.0006062740299122698,0.0006481899715325859,1,2000,,7366.5,1.00012,2000,ve,5.4565
grid7,16,7,0.5,0.5,205,exact,0.0,0.0,,,1,,,,,,ve,0.0372
grid7,16,7,0.5,0.5,205,mf,0.006726590100420565,0.013722527582674334,0.006846472837138961,0.0063669418902653745,1,7,,,,,ve,0.0029
grid7,16,7,0.5,0.5,205,lbp,0.00011052117634633452,0.0002329697353913862,0.00011306235860318473,0.00010289762957578388,1,21,2.5086017946263084e-07,,,,ve,0.0079
grid7,16,7,0.5,0.5,205,gibbs,0.001427721165859049,0.0029476406268878156,0.0013637021247809536,0.001619778289093334,1,2000,,6580.2,1.00056,2000,ve,5.5161
grid7,16,7,0.75,0.5,205,exact,0.0,0.0,,,1,,,,,,ve,0.0403
grid7,16,7,0.75,0.5,205,mf,0.017579489603557444,0.03941605976035816,0.01781736950697238,0.01686584989331262,1,11,,,,,ve,0.004
grid7,16,7,0.75,0.5,205,lbp,0.0007253319611755624,0.001424581856868435,0.0007353394620446272,0.000695309458568368,1,26,3.438213984074956e-07,,,,ve,0.0082
grid7,16,7,0.75,0.5,205,gibbs,0.0020100298887001243,0.0036189263472085984,0.002066946292886907,0.0018392806761397774,1,2000,,5719.0,1.00009,2000,ve,5.6558
grid7,16,7,1.0,0.5,205,exact,0.0,0.0,,,1,,,,,,ve,0.0381
grid7,16,7,1.0,0.5,205,mf,0.05699633448914033,0.13087075307726748,0.05904217336243137,0.05085881786926719,1,25,,,,,ve,0.0078
grid7,16,7,1.0,0.5,205,lbp,0.003391655738849428,0.005702847353718632,0.0034685138242112456,0.0031610814827639742,1,35,4.3886766110112774e-07,,,,ve,0.0097
grid7,16,7,1.0,0.5,205,gibbs,0.002200597116569,0.0035880093868368348,0.0021314291492088,0.0024081010186496,1,2000,,4473.0,1.00002,2000,ve,5.4431
grid7,16,7,1.3,0.5,205,exact,0.0,0.0,,,1,,,,,,ve,0.0569
grid7,16,7,1.3,0.5,205,mf,0.23289439633881437,0.4184778166500852,0.23402861891949536,0.2294917285967714,1,20,,,,,ve,0.0091
grid7,16,7,1.3,0.5,205,lbp,0.02142545475556441,0.04607116277317526,0.021950805879781626,0.019849401382912774,1,58,5.965348926495473e-07,,,,ve,0.0222
grid7,16,7,1.3,0.5,205,gibbs,0.003964278655312099,0.007430314642845497,0.004378908510334297,0.002720389090245502,1,2000,,2533.0,1.00021,2000,ve,5.5969
grid7,16,7,1.75,0.5,205,exact,0.0,0.0,,,1,,,,,,ve,0.0396
grid7,16,7,1.75,0.5,205,mf,0.3035078873812588,0.3800494640817855,0.3018611245839713,0.30844817577312134,1,16,,,,,ve,0.0052
grid7,16,7,1.75,0.5,205,lbp,0.18594108126820103,0.2768025815220239,0.1879813349987547,0.17982032007654003,1,70,6.661393788798264e-07,,,,ve,0.0233
grid7,16,7,1.75,0.5,205,gibbs,0.015644726728977675,0.021032623835158127,0.01595819830746677,0.014704311993510398,1,2000,,1118.9,1.00349,2000,ve,5.461
grid7,16,7,2.5,0.5,205,exact,0.0,0.0,,,1,,,,,,ve,0.0378
grid7,16,7,2.5,0.5,205,mf,0.4223489515852805,0.4993890428720423,0.42642588757089434,0.41011814362843874,1,11,,,,,ve,0.0037
grid7,16,7,2.5,0.5,205,lbp,0.39317556244253105,0.42222255821674776,0.39345403532145146,0.39234014380576987,1,43,4.012926995144994e-07,,,,ve,0.012
grid7,16,7,2.5,0.5,205,gibbs,0.41658757067303676,0.43517856103874303,0.41856300267906277,0.4106612746549586,0,2000,,40.8,1.1398,2000,ve,5.535
grid7,16,7,4.0,0.5,205,exact,0.0,0.0,,,1,,,,,,ve,0.0396
grid7,16,7,4.0,0.5,205,mf,0.5086550498777178,0.510315134652322,0.5087869678690101,0.5082592959038408,1,6,,,,,ve,0.0021
grid7,16,7,4.0,0.5,205,lbp,0.5082001569083966,0.5092558532596536,0.5082254148208706,0.5081243831709747,1,36,2.226227507895473e-07,,,,ve,0.0106
grid7,16,7,4.0,0.5,205,gibbs,0.5319067176723351,0.5328247011958348,0.5320538891982569,0.5314652030945697,0,2000,,4.8,2.4655,2000,ve,5.3368
grid7,16,7,0.0,1.5,205,exact,0.0,0.0,,,1,,,,,,ve,0.0642
grid7,16,7,0.0,1.5,205,mf,6.860560296945151e-16,9.62771529167128e-16,6.889382004697057e-16,6.774095173689432e-16,1,1,,,,,ve,0.0005
grid7,16,7,0.0,1.5,205,lbp,7.007469691316937e-16,9.97465998686664e-16,6.9609393480811e-16,7.147060721024445e-16,1,3,0.0,,,,ve,0.0009
grid7,16,7,0.0,1.5,205,gibbs,8.84752340835071e-15,1.4306264506380728e-14,9.153123860701958e-15,7.930722051296968e-15,1,2000,,7545.7,1.00043,2000,ve,10.4588
grid7,16,7,0.1,1.5,205,exact,0.0,0.0,,,1,,,,,,ve,0.0801
grid7,16,7,0.1,1.5,205,mf,0.0003106077054212111,0.0005874914033434757,0.0003499715520832924,0.00019251616543496694,1,4,,,,,ve,0.0036
grid7,16,7,0.1,1.5,205,lbp,2.767916634532257e-07,7.29069437679225e-07,2.5471888835013116e-07,3.430099887625094e-07,1,16,1.6843259356691398e-07,,,,ve,0.0122
grid7,16,7,0.1,1.5,205,gibbs,0.00021843630567969875,0.00040926555378559965,0.00021064146339406205,0.0002418208325366089,1,2000,,7465.3,1.00043,2000,ve,12.2891
grid7,16,7,0.25,1.5,205,exact,0.0,0.0,,,1,,,,,,ve,0.1322
grid7,16,7,0.25,1.5,205,mf,0.002071159407268464,0.0038226844389456834,0.0023422273907437153,0.0012579554568427124,1,5,,,,,ve,0.0101
grid7,16,7,0.25,1.5,205,lbp,4.804568874044839e-06,8.400818579815464e-06,4.970004817115865e-06,4.3082610448317606e-06,1,19,1.6210491765589197e-07,,,,ve,0.0216
grid7,16,7,0.25,1.5,205,gibbs,0.0006679911109827348,0.0012508032036499086,0.0006691854168869834,0.000664408193269989,1,2000,,7230.5,1.0002,2000,ve,12.0626
grid7,16,7,0.5,1.5,205,exact,0.0,0.0,,,1,,,,,,ve,0.043
grid7,16,7,0.5,1.5,205,mf,0.010152761931042234,0.020580867915331195,0.011588593131097497,0.005845268330876446,1,7,,,,,ve,0.0027
grid7,16,7,0.5,1.5,205,lbp,9.727257699228744e-05,0.00025197827182966374,0.000106702046015062,6.89841699239638e-05,1,22,3.028332363486097e-07,,,,ve,0.0073
grid7,16,7,0.5,1.5,205,gibbs,0.0013427724748814067,0.002720539287791671,0.001289063336245694,0.0015038998907885449,1,2000,,6776.3,1.00041,2000,ve,11.3381
grid7,16,7,0.75,1.5,205,exact,0.0,0.0,,,1,,,,,,ve,0.0823
grid7,16,7,0.75,1.5,205,mf,0.02927833339018881,0.06719116260491163,0.0328465488838536,0.018573686909194444,1,11,,,,,ve,0.0068
grid7,16,7,0.75,1.5,205,lbp,0.0007257723513677964,0.0021195827707289924,0.0008331101674515573,0.000403758903116514,1,27,3.418202662863745e-07,,,,ve,0.0141
grid7,16,7,0.75,1.5,205,gibbs,0.0019247815553049194,0.003631289858685858,0.0019871632322422967,0.001737636524492788,1,2000,,5544.9,1.00001,2000,ve,11.8929
grid7,16,7,1.0,1.5,205,exact,0.0,0.0,,,1,,,,,,ve,0.0842
grid7,16,7,1.0,1.5,205,mf,0.06035833479074397,0.13748884510509182,0.06349536110224334,0.0509472558562459,1,13,,,,,ve,0.0403
grid7,16,7,1.0,1.5,205,lbp,0.003189398101114998,0.009662540216663058,0.003561672628484521,0.0020725745190064274,1,34,3.6996127281141433e-07,,,,ve,0.05
grid7,16,7,1.0,1.5,205,gibbs,0.0031849391271061623,0.005808461879131842,0.003313624941051045,0.002798881685271515,1,2000,,4554.2,1.00038,2000,ve,11.0537
grid7,16,7,1.3,1.5,205,exact,0.0,0.0,,,1,,,,,,ve,0.1102
grid7,16,7,1.3,1.5,205,mf,0.09566278032063652,0.19655467991746475,0.09235191621769756,0.10559537262945343,1,19,,,,,ve,0.0155
grid7,16,7,1.3,1.5,205,lbp,0.012296555033768742,0.03327149746594989,0.012626054000190878,0.011308058134502339,1,43,5.790618264889247e-07,,,,ve,0.0318
grid7,16,7,1.3,1.5,205,gibbs,0.004944609471297934,0.007284171932923743,0.004866838043617791,0.005177923754338365,1,2000,,3269.0,1.00106,2000,ve,12.1704
grid7,16,7,1.75,1.5,205,exact,0.0,0.0,,,1,,,,,,ve,0.0655
grid7,16,7,1.75,1.5,205,mf,0.14354553239879939,0.2999412864301549,0.13768835530673854,0.1611170636749819,1,19,,,,,ve,0.0111
grid7,16,7,1.75,1.5,205,lbp,0.03661141477229781,0.07395142249983724,0.0356399312406302,0.039525865367300635,1,51,5.910369567652118e-07,,,,ve,0.0263
grid7,16,7,1.75,1.5,205,gibbs,0.006505756925372587,0.013176106370641802,0.006225146646085009,0.007347587763235322,1,2000,,2666.3,1.00128,2000,ve,11.0512
grid7,16,7,2.5,1.5,205,exact,0.0,0.0,,,1,,,,,,ve,0.0647
grid7,16,7,2.5,1.5,205,mf,0.12101270071037899,0.275442092684324,0.1269745433731477,0.10312717272207293,1,15,,,,,ve,0.0084
grid7,16,7,2.5,1.5,205,lbp,0.07394327104648599,0.09496814816417021,0.07323182519237016,0.07607760860883346,1,45,3.5177032581268364e-07,,,,ve,0.0389
grid7,16,7,2.5,1.5,205,gibbs,0.062365728061303846,0.0691972265249585,0.062118273802539016,0.06310809083759833,1,2000,,2741.6,1.00144,2000,ve,10.9609
grid7,16,7,4.0,1.5,205,exact,0.0,0.0,,,1,,,,,,ve,0.1067
grid7,16,7,4.0,1.5,205,mf,0.12159317346435095,0.12425253268455468,0.12174345729228563,0.12114232198054695,1,7,,,,,ve,0.0076
grid7,16,7,4.0,1.5,205,lbp,0.12097738712807829,0.1213108971913434,0.12098046210310409,0.1209681622030008,1,36,2.258827329626456e-07,,,,ve,0.0251
grid7,16,7,4.0,1.5,205,gibbs,0.8863833910093288,0.8883562106816113,0.8865906857075405,0.8857615069146944,0,2000,,4.9,2.58871,2000,ve,11.621
grid7,16,7,0.0,0.5,206,exact,0.0,0.0,,,1,,,,,,ve,0.0929
grid7,16,7,0.0,0.5,206,mf,6.404382232871875e-16,1.1761425167122752e-15,6.895525817007808e-16,4.930951480464074e-16,1,1,,,,,ve,0.0016
grid7,16,7,0.0,0.5,206,lbp,6.603333331522965e-16,1.2385925618474403e-15,6.98443039515162e-16,5.460042140637e-16,1,3,0.0,,,,ve,0.0042
grid7,16,7,0.0,0.5,206,gibbs,9.354821604856678e-15,1.3992279557228926e-14,8.759197071365557e-15,1.1141695205330038e-14,1,2000,,8027.3,1.00032,2000,ve,12.1248
grid7,16,7,0.1,0.5,206,exact,0.0,0.0,,,1,,,,,,ve,0.0885
grid7,16,7,0.1,0.5,206,mf,0.0002862842969748269,0.000524796941543634,0.00031941083119217624,0.00018690469432277885,1,4,,,,,ve,0.0031
grid7,16,7,0.1,0.5,206,lbp,3.724704204451676e-07,7.419549831744199e-07,3.9278288193957063e-07,3.1153303596195836e-07,1,15,2.4450785079954684e-07,,,,ve,0.0102
grid7,16,7,0.1,0.5,206,gibbs,0.0002482078359020238,0.0004074764671558942,0.0002487441991002536,0.0002465987463073343,1,2000,,8010.0,1.0002,2000,ve,10.5469
grid7,16,7,0.25,0.5,206,exact,0.0,0.0,,,1,,,,,,ve,0.0764
grid7,16,7,0.25,0.5,206,mf,0.0018397291368193185,0.0034426442750858308,0.0020475010773203114,0.0012164133153163403,1,5,,,,,ve,0.0033
grid7,16,7,0.25,0.5,206,lbp,5.4619050417622985e-06,1.149746706111468e-05,6.247159158363378e-06,3.1061426919590587e-06,1,17,2.8084048223075975e-07,,,,ve,0.0108
grid7,16,7,0.25,0.5,206,gibbs,0.0006658847763437181,0.0010958043861002825,0.0006780528076292283,0.0006293806824871876,1,2000,,7710.2,1.00012,2000,ve,11.5939
grid7,16,7,0.5,0.5,206,exact,0.0,0.0,,,1,,,,,,ve,0.0574
grid7,16,7,0.5,0.5,206,mf,0.00793283265162946,0.016390673319908802,0.008657981783226054,0.0057573852568396765,1,7,,,,,ve,0.008
grid7,16,7,0.5,0.5,206,lbp,0.00011307816280429876,0.00021717704866672932,0.00012653719868200943,7.270105517116678e-05,1,21,2.40148027796927e-07,,,,ve,0.0258
grid7,16,7,0.5,0.5,206,gibbs,0.0016261137492164914,0.002513369632942946,0.0017044466409677581,0.001391115073962691,1,2000,,7229.0,1.00026,2000,ve,12.4807
grid7,16,7,0.75,0.5,206,exact,0.0,0.0,,,1,,,,,,ve,0.1267
grid7,16,7,0.75,0.5,206,mf,0.020597400286559483,0.05056856749761338,0.021610438748968296,0.01755828489933304,1,10,,,,,ve,0.0051
grid7,16,7,0.75,0.5,206,lbp,0.0007557417856087522,0.0013924090378999244,0.0008068461640145639,0.0006024286503913171,1,25,3.7423672022418586e-07,,,,ve,0.0106
grid7,16,7,0.75,0.5,206,gibbs,0.00276077636991562,0.00521137956778321,0.0027781970182165446,0.002708514425012846,1,2000,,6035.3,1.00048,2000,ve,11.6587
grid7,16,7,1.0,0.5,206,exact,0.0,0.0,,,1,,,,,,ve,0.0644
grid7,16,7,1.0,0.5,206,mf,0.04924048031215153,0.13161873471793023,0.04883617740095766,0.05045338904573314,1,17,,,,,ve,0.0165
grid7,16,7,1.0,0.5,206,lbp,0.003173940219925791,0.0072350165253012525,0.0032217416713702235,0.003030535865592492,1,32,4.881875886597609e-07,,,,ve,0.0284
grid7,16,7,1.0,0.5,206,gibbs,0.0024916213039906992,0.005544701640994992,0.002642688180886221,0.0020384206733041355,1,2000,,4374.9,1.00121,2000,ve,11.5783
grid7,16,7,1.3,0.5,206,exact,0.0,0.0,,,1,,,,,,ve,0.0698
grid7,16,7,1.3,0.5,206,mf,0.12344181749917368,0.249126886902378,0.11994075918209553,0.13394499245040817,1,34,,,,,ve,0.0185
grid7,16,7,1.3,0.5,206,lbp,0.014621787880386154,0.03645643534764152,0.01446729575876197,0.015085264245258698,1,49,6.065419435041797e-07,,,,ve,0.0265
grid7,16,7,1.3,0.5,206,gibbs,0.005546852566041224,0.008848936945636078,0.0057841005948541385,0.004835108479602479,1,2000,,2867.4,1.00181,2000,ve,11.085
grid7,16,7,1.75,0.5,206,exact,0.0,0.0,,,1,,,,,,ve,0.0709
grid7,16,7,1.75,0.5,206,mf,0.29292444351597957,0.6501709469148582,0.2913488890319673,0.2976511069680164,1,43,,,,,ve,0.0471
grid7,16,7,1.75,0.5,206,lbp,0.13004405218578127,0.1861885286058666,0.1324174456112129,0.12292387190948637,1,97,7.610360957532869e-07,,,,ve,0.0745
grid7,16,7,1.75,0.5,206,gibbs,0.012101932368916737,0.021328138448777692,0.012015422350277435,0.012361462424834642,1,2000,,860.9,1.00855,2000,ve,13.4212
grid7,16,7,2.5,0.5,206,exact,0.0,0.0,,,1,,,,,,ve,0.0904
grid7,16,7,2.5,0.5,206,mf,0.4985024528513191,0.9667883127939366,0.5003519180093391,0.4929540573772589,1,23,,,,,ve,0.0178
grid7,16,7,2.5,0.5,206,lbp,0.07826336479250794,0.08410691093931608,0.07865966207634605,0.07707447294099362,1,44,3.6130411051882305e-07,,,,ve,0.0318
grid7,16,7,2.5,0.5,206,gibbs,0.09560474211909228,0.10007819772548017,0.09604113861862341,0.09429555262049891,0,2000,,15.8,1.1694,2000,ve,11.8414
grid7,16,7,4.0,0.5,206,exact,0.0,0.0,,,1,,,,,,ve,0.0832
grid7,16,7,4.0,0.5,206,mf,0.5117619014666337,0.9954095923189049,0.5103689219544244,0.5159408400032616,1,7,,,,,ve,0.007
grid7,16,7,4.0,0.5,206,lbp,0.07133939280377496,0.07138030560276323,0.07134673103969114,0.07131737809602647,1,34,2.9056994477194564e-07,,,,ve,0.0402
grid7,16,7,4.0,0.5,206,gibbs,0.43130959858506845,0.43162395885976,0.4313710519117193,0.43112523860511553,0,2000,,4.2,4.45349,2000,ve,10.2663
grid7,16,7,0.0,1.5,206,exact,0.0,0.0,,,1,,,,,,ve,0.0722
grid7,16,7,0.0,1.5,206,mf,6.805537036691511e-16,1.4085954624931674e-15,6.509549843602969e-16,7.693498615957139e-16,1,1,,,,,ve,0.0007
grid7,16,7,0.0,1.5,206,lbp,6.945670167485263e-16,1.366962099069724e-15,6.589419403642734e-16,8.014422459012849e-16,1,3,0.0,,,,ve,0.0015
grid7,16,7,0.0,1.5,206,gibbs,9.35498423518255e-15,1.5720064139301826e-14,8.823743240700862e-15,1.0948707218627618e-14,1,2000,,8120.9,1.00016,2000,ve,11.7591
grid7,16,7,0.1,1.5,206,exact,0.0,0.0,,,1,,,,,,ve,0.0992
grid7,16,7,0.1,1.5,206,mf,0.00029647340855792177,0.0007382870384414495,0.00032534787463244354,0.00020985001033435634,1,4,,,,,ve,0.0042
grid7,16,7,0.1,1.5,206,lbp,2.0978172279276404e-07,5.067961318626357e-07,2.278319932284313e-07,1.5563091148576222e-07,1,16,1.5833232158701804e-07,,,,ve,0.011
grid7,16,7,0.1,1.5,206,gibbs,0.00026165087073230363,0.0005047559995507989,0.00024930133494614146,0.00029869947809079,1,2000,,8098.4,0.99995,2000,ve,12.129
grid7,16,7,0.25,1.5,206,exact,0.0,0.0,,,1,,,,,,ve,0.0804
grid7,16,7,0.25,1.5,206,mf,0.0019013728986101467,0.004851630549956987,0.0020746264259042294,0.0013816123167278986,1,5,,,,,ve,0.0042
grid7,16,7,0.25,1.5,206,lbp,4.807254341307438e-06,1.0869007695818965e-05,5.349070971088613e-06,3.181804451963914e-06,1,18,1.6433819058359056e-07,,,,ve,0.0111
grid7,16,7,0.25,1.5,206,gibbs,0.000685585979921002,0.0014733295260671228,0.000656277410908167,0.0007735116869595072,1,2000,,7859.8,1.00013,2000,ve,10.8139
grid7,16,7,0.5,1.5,206,exact,0.0,0.0,,,1,,,,,,ve,0.0823
grid7,16,7,0.5,1.5,206,mf,0.008160162146385168,0.02135996581611558,0.008820053723362203,0.006180487415454061,1,7,,,,,ve,0.0114
grid7,16,7,0.5,1.5,206,lbp,0.00010268795674104217,0.00025580337139489984,0.00011118460520462559,7.719801135029191e-05,1,21,2.668285171980589e-07,,,,ve,0.0206
grid7,16,7,0.5,1.5,206,gibbs,0.0015422078978430287,0.002709551170391974,0.001499524887119771,0.0016702569300128022,1,2000,,7290.7,0.99989,2000,ve,10.7997
grid7,16,7,0.75,1.5,206,exact,0.0,0.0,,,1,,,,,,ve,0.1154
grid7,16,7,0.75,1.5,206,mf,0.021087780000638805,0.05364685117899241,0.022129297332600717,0.017963228004753057,1,10,,,,,ve,0.0127
grid7,16,7,0.75,1.5,206,lbp,0.0007051678949433788,0.0018378263049386979,0.0007363286663369047,0.000611685580762801,1,25,3.8058233800541963e-07,,,,ve,0.0186
grid7,16,7,0.75,1.5,206,gibbs,0.0025053096322240386,0.004474434561650295,0.002477295534025818,0.002589351926818699,1,2000,,5981.4,0.99982,2000,ve,12.4421
grid7,16,7,1.0,1.5,206,exact,0.0,0.0,,,1,,,,,,ve,0.1005
grid7,16,7,1.0,1.5,206,mf,0.04723178851996596,0.10259687342415032,0.04762283163632083,0.046058659170901364,1,14,,,,,ve,0.0127
grid7,16,7,1.0,1.5,206,lbp,0.00300134121891649,0.00801249252474421,0.0030464858277389887,0.0028659073924489913,1,32,3.962874199625599e-07,,,,ve,0.0252
grid7,16,7,1.0,1.5,206,gibbs,0.0032152448621703055,0.006968310653383889,0.0032666140251079805,0.0030611373733572802,1,2000,,4603.3,1.00026,2000,ve,11.4432
grid7,16,7,1.3,1.5,206,exact,0.0,0.0,,,1,,,,,,ve,0.0808
grid7,16,7,1.3,1.5,206,mf,0.10161142205877835,0.19776071313476315,0.09658049276089535,0.1167042099524273,1,23,,,,,ve,0.0176
grid7,16,7,1.3,1.5,206,lbp,0.012803474636334466,0.030710405950895046,0.012734898642490949,0.013009202617865022,1,46,5.293774990033917e-07,,,,ve,0.0607
grid7,16,7,1.3,1.5,206,gibbs,0.005439523149445832,0.009336423372387817,0.005673572825578277,0.004737374121048498,1,2000,,3072.0,1.00052,2000,ve,11.5464
grid7,16,7,1.75,1.5,206,exact,0.0,0.0,,,1,,,,,,ve,0.1268
grid7,16,7,1.75,1.5,206,mf,0.2707747781374181,0.4536625790753556,0.27177188940122754,0.26778344434598983,1,19,,,,,ve,0.0172
grid7,16,7,1.75,1.5,206,lbp,0.07159763611655713,0.1188890123011904,0.07144389909074793,0.07205884719398475,1,84,6.51792716077626e-07,,,,ve,0.044
grid7,16,7,1.75,1.5,206,gibbs,0.011209499749590214,0.01784058251901212,0.010805654495355617,0.012421035512294005,0,2000,,865.0,1.01088,2000,ve,11.1008
grid7,16,7,2.5,1.5,206,exact,0.0,0.0,,,1,,,,,,ve,0.0566
grid7,16,7,2.5,1.5,206,mf,0.02290829320044726,0.04901741158788776,0.022014536546291333,0.025589563162915045,1,8,,,,,ve,0.0041
grid7,16,7,2.5,1.5,206,lbp,0.014736364034079966,0.01714024654478969,0.014800799751248844,0.014543056882573336,1,40,4.0240806042923793e-07,,,,ve,0.0173
grid7,16,7,2.5,1.5,206,gibbs,0.013086387448429165,0.01594195481277482,0.01340077177359674,0.012143234472926444,1,2000,,3515.2,0.99987,2000,ve,10.76
grid7,16,7,4.0,1.5,206,exact,0.0,0.0,,,1,,,,,,ve,0.0771
grid7,16,7,4.0,1.5,206,mf,0.01041403112496983,0.010629374188044887,0.010403188351348075,0.010446559445835096,1,6,,,,,ve,0.0046
grid7,16,7,4.0,1.5,206,lbp,0.01035844657923461,0.010366150799680122,0.010359234615147664,0.010356082471495446,1,33,1.7633569682207195e-07,,,,ve,0.0201
grid7,16,7,4.0,1.5,206,gibbs,0.7388240002758113,0.7397955397419251,0.7388214755084922,0.7388315745777686,0,2000,,4.5,3.21863,2000,ve,9.4822
grid7,16,7,0.0,0.5,207,exact,0.0,0.0,,,1,,,,,,ve,0.078
grid7,16,7,0.0,0.5,207,mf,6.517410309353489e-16,9.783840404509192e-16,6.014069450777093e-16,8.027432885082675e-16,1,1,,,,,ve,0.0007
grid7,16,7,0.0,0.5,207,lbp,6.593304461427474e-16,1.0113437864944785e-15,6.188987401271421e-16,7.806255641895632e-16,1,3,0.0,,,,ve,0.0023
grid7,16,7,0.0,0.5,207,gibbs,9.184656073885078e-15,1.8322149353267037e-14,9.287348089655664e-15,8.876580026573322e-15,1,2000,,7816.3,1.00019,2000,ve,9.6425
grid7,16,7,0.1,0.5,207,exact,0.0,0.0,,,1,,,,,,ve,0.0703
grid7,16,7,0.1,0.5,207,mf,0.00031826597146605775,0.0006627734451317164,0.0003643990205002146,0.00017986682436358726,1,4,,,,,ve,0.0028
grid7,16,7,0.1,0.5,207,lbp,4.468765612637482e-07,8.5536386979293e-07,4.567247172236661e-07,4.173320933839944e-07,1,15,2.558564075882952e-07,,,,ve,0.0092
grid7,16,7,0.1,0.5,207,gibbs,0.0002726846349235954,0.0005331685453539923,0.00027382517805334404,0.0002692630055343495,1,2000,,7802.1,1.00071,2000,ve,9.8581
grid7,16,7,0.25,0.5,207,exact,0.0,0.0,,,1,,,,,,ve,0.0325
grid7,16,7,0.25,0.5,207,mf,0.0019599269950860915,0.0042254721709843335,0.002262287259968306,0.0010528462004394477,1,5,,,,,ve,0.0016
grid7,16,7,0.25,0.5,207,lbp,7.228632357883131e-06,1.3889200909347754e-05,8.066492696571606e-06,4.715051341817704e-06,1,17,2.9767761677845783e-07,,,,ve,0.0047
grid7,16,7,0.25,0.5,207,gibbs,0.0006885463562796454,0.0013892026594198846,0.000663280194409858,0.0007643448418890074,1,2000,,7720.7,1.00028,2000,ve,6.5489
grid7,16,7,0.5,0.5,207,exact,0.0,0.0,,,1,,,,,,ve,0.0464
grid7,16,7,0.5,0.5,207,mf,0.007919051250990013,0.018088445082892854,0.009086295896734299,0.004417317313757152,1,6,,,,,ve,0.0026
grid7,16,7,0.5,0.5,207,lbp,0.0001404109608061871,0.00028191266138210234,0.00015752338382957803,8.907369173601423e-05,1,21,3.190678570796912e-07,,,,ve,0.0078
grid7,16,7,0.5,0.5,207,gibbs,0.0014922267968072492,0.002962711159887688,0.0014391966566647378,0.0016513172172347833,1,2000,,7109.4,1.00035,2000,ve,6.6237
grid7,16,7,0.75,0.5,207,exact,0.0,0.0,,,1,,,,,,ve,0.0439
grid7,16,7,0.75,0.5,207,mf,0.02017363493645431,0.046043764165407466,0.022611264842347312,0.012860745218775296,1,10,,,,,ve,0.004
grid7,16,7,0.75,0.5,207,lbp,0.0008706511687477419,0.0019165578659096523,0.0009677894999550212,0.0005792361751259039,1,26,3.5594865274712895e-07,,,,ve,0.0092
grid7,16,7,0.75,0.5,207,gibbs,0.0024523723923225876,0.004887639837598782,0.0024219044646568485,0.0025437761753198044,1,2000,,5776.6,1.00038,2000,ve,6.1567
grid7,16,7,1.0,0.5,207,exact,0.0,0.0,,,1,,,,,,ve,0.046
grid7,16,7,1.0,0.5,207,mf,0.056543331945633546,0.11392282234823958,0.06044717098344701,0.044831814832193145,1,19,,,,,ve,0.0078
grid7,16,7,1.0,0.5,207,lbp,0.0038878229058040025,0.007627946682742726,0.004195349774008628,0.0029652423011901274,1,34,4.555060120203791e-07,,,,ve,0.0127
grid7,16,7,1.0,0.5,207,gibbs,0.0037722048863148582,0.00674704212599116,0.003838269937489451,0.003574009732791079,1,2000,,4298.6,1.00064,2000,ve,6.3614
grid7,16,7,1.3,0.5,207,exact,0.0,0.0,,,1,,,,,,ve,0.0462
grid7,16,7,1.3,0.5,207,mf,0.13293871119419776,0.27768328580859025,0.13264206192665964,0.13382865899681215,1,52,,,,,ve,0.023
grid7,16,7,1.3,0.5,207,lbp,0.020265005912883462,0.04887683100163334,0.020642897147771695,0.01913133220821877,1,54,6.004333893971925e-07,,,,ve,0.0192
grid7,16,7,1.3,0.5,207,gibbs,0.006216561966449306,0.010545016906102688,0.006377108868367685,0.005734921260694168,1,2000,,2854.4,1.00132,2000,ve,5.6701
grid7,16,7,1.75,0.5,207,exact,0.0,0.0,,,1,,,,,,ve,0.0394
grid7,16,7,1.75,0.5,207,mf,0.3737858466359797,0.5390754979265515,0.3851111631641058,0.33980989705160136,1,22,,,,,ve,0.0074
grid7,16,7,1.75,0.5,207,lbp,0.22061494973327184,0.29606523490636955,0.2237892020186146,0.21109219287724362,1,93,7.618047249136062e-07,,,,ve,0.0266
grid7,16,7,1.75,0.5,207,gibbs,0.03491626264349604,0.04939615494890355,0.03543260219450139,0.03336724399048002,1,2000,,1375.5,1.00382,2000,ve,5.3922
grid7,16,7,2.5,0.5,207,exact,0.0,0.0,,,1,,,,,,ve,0.0386
grid7,16,7,2.5,0.5,207,mf,0.453991894543431,0.48741075671961,0.4555262784981404,0.44938874267930273,1,9,,,,,ve,0.0032
grid7,16,7,2.5,0.5,207,lbp,0.4365395369542217,0.46058822838119284,0.43899774763789545,0.4291649049032005,1,45,3.9363088044641614e-07,,,,ve,0.0138
grid7,16,7,2.5,0.5,207,gibbs,0.30040217982454676,0.30990762488230295,0.30089033355117134,0.2989377186446729,0,2000,,45.9,1.08688,2000,ve,5.328
grid7,16,7,4.0,0.5,207,exact,0.0,0.0,,,1,,,,,,ve,0.0379
grid7,16,7,4.0,0.5,207,mf,0.4778017821220014,0.47856007352986607,0.47790501467370605,0.4774920844668874,1,5,,,,,ve,0.0018
grid7,16,7,4.0,0.5,207,lbp,0.47762670286426423,0.4782355937502054,0.4777418564638484,0.4772812420655113,1,38,1.8992913886073381e-07,,,,ve,0.0114
grid7,16,7,4.0,0.5,207,gibbs,0.37554675682670424,0.376102477254547,0.37575505168774165,0.3749218722435923,0,2000,,4.3,3.92787,2000,ve,5.2806
grid7,16,7,0.0,1.5,207,exact,0.0,0.0,,,1,,,,,,ve,0.0404
grid7,16,7,0.0,1.5,207,mf,7.02400377444734e-16,1.4762496780562628e-15,6.689527404235562e-16,8.027432885082675e-16,1,1,,,,,ve,0.0006
grid7,16,7,0.0,1.5,207,lbp,6.910704647422605e-16,1.4710455076283324e-15,6.61218764926493e-16,7.806255641895632e-16,1,3,0.0,,,,ve,0.001
grid7,16,7,0.0,1.5,207,gibbs,8.352327618595112e-15,1.5640266859406893e-14,8.177576815935709e-15,8.876580026573322e-15,1,2000,,7992.8,0.99995,2000,ve,5.0597
grid7,16,7,0.1,1.5,207,exact,0.0,0.0,,,1,,,,,,ve,0.0348
grid7,16,7,0.1,1.5,207,mf,0.0003272052574777047,0.0006076357835602423,0.00038338268195924085,0.00015867298403309622,1,4,,,,,ve,0.0014
grid7,16,7,0.1,1.5,207,lbp,2.5617004465982294e-07,4.979911561939221e-07,2.695409553126335e-07,2.1605731270139122e-07,1,16,1.472199778196348e-07,,,,ve,0.0048
grid7,16,7,0.1,1.5,207,gibbs,0.00023510726796932254,0.0003240229080205947,0.00023225473250896352,0.00024366487435039958,1,2000,,7919.6,1.00008,2000,ve,5.1205
grid7,16,7,0.25,1.5,207,exact,0.0,0.0,,,1,,,,,,ve,0.0366
grid7,16,7,0.25,1.5,207,mf,0.0020360297249503606,0.003951642306387944,0.0024100822548545685,0.0009138721352377368,1,5,,,,,ve,0.0018
grid7,16,7,0.25,1.5,207,lbp,5.531851804091927e-06,1.1681857822645747e-05,6.211598855928441e-06,3.492610648582386e-06,1,17,2.599907821532188e-07,,,,ve,0.0048
grid7,16,7,0.25,1.5,207,gibbs,0.0006178376981936616,0.0010298698170857976,0.000639379911060435,0.0005532110595933416,1,2000,,7851.5,1.00004,2000,ve,5.0239
grid7,16,7,0.5,1.5,207,exact,0.0,0.0,,,1,,,,,,ve,0.0341
grid7,16,7,0.5,1.5,207,mf,0.008236053082025024,0.017720737666222775,0.009777899750169758,0.0036105130775908223,1,6,,,,,ve,0.0019
grid7,16,7,0.5,1.5,207,lbp,0.00011394770031808451,0.00024161414092982794,0.00012810344561234213,7.148046443531167e-05,1,21,2.0273892972766383e-07,,,,ve,0.0049
grid7,16,7,0.5,1.5,207,gibbs,0.0012728935580566458,0.001817733607961957,0.0013072330528212113,0.0011698750737629492,1,2000,,7288.1,0.99998,2000,ve,5.1271
grid7,16,7,0.75,1.5,207,exact,0.0,0.0,,,1,,,,,,ve,0.0547
grid7,16,7,0.75,1.5,207,mf,0.020541259435298338,0.04633439166739222,0.024088629227437236,0.009899150058881648,1,9,,,,,ve,0.0033
grid7,16,7,0.75,1.5,207,lbp,0.000748563980000381,0.001712662244605749,0.0008382158240952857,0.0004796084477156669,1,25,2.820533449299223e-07,,,,ve,0.0071
grid7,16,7,0.75,1.5,207,gibbs,0.002833767458583945,0.00503323713415312,0.00291006782953989,0.002604866345716111,1,2000,,6045.9,1.00043,2000,ve,5.0837
grid7,16,7,1.0,1.5,207,exact,0.0,0.0,,,1,,,,,,ve,0.0372
grid7,16,7,1.0,1.5,207,mf,0.047897335198479093,0.09708875826030527,0.05401724728693865,0.02953759893310044,1,16,,,,,ve,0.0054
grid7,16,7,1.0,1.5,207,lbp,0.0029910685722972035,0.007357816977438578,0.003331187512200429,0.001970711752587526,1,31,4.656750097198348e-07,,,,ve,0.0091
grid7,16,7,1.0,1.5,207,gibbs,0.0037355000180223754,0.006142759873631021,0.0037038524993473036,0.0038304425740475897,1,2000,,4607.9,1.00042,2000,ve,5.0699
grid7,16,7,1.3,1.5,207,exact,0.0,0.0,,,1,,,,,,ve,0.0359
grid7,16,7,1.3,1.5,207,mf,0.14995081385859446,0.25478462762884185,0.15333145159942455,0.13980890063610416,1,28,,,,,ve,0.0079
grid7,16,7,1.3,1.5,207,lbp,0.014069836050810516,0.027540342885480542,0.014895104941697898,0.011594029378148372,1,46,5.772898239997382e-07,,,,ve,0.012
grid7,16,7,1.3,1.5,207,gibbs,0.008989707465326142,0.015671639635588732,0.008709425660477266,0.009830552879872771,1,2000,,3131.1,1.00067,2000,ve,5.0054
grid7,16,7,1.75,1.5,207,exact,0.0,0.0,,,1,,,,,,ve,0.0368
grid7,16,7,1.75,1.5,207,mf,0.3036053515246052,0.46184443382491747,0.2968132704846511,0.3239815946444675,1,28,,,,,ve,0.0085
grid7,16,7,1.75,1.5,207,lbp,0.1490785281322655,0.2594384138054805,0.14213081367002364,0.16992167151899112,1,119,8.371576036281247e-07,,,,ve,0.0338
grid7,16,7,1.75,1.5,207,gibbs,0.03192546025285992,0.04298186170287369,0.03153201890271257,0.03310578430330195,1,2000,,1809.3,1.00165,2000,ve,4.8999
grid7,16,7,2.5,1.5,207,exact,0.0,0.0,,,1,,,,,,ve,0.0362
grid7,16,7,2.5,1.5,207,mf,0.5668907250970491,0.6673489791228873,0.5445726782056622,0.6338448657712095,1,16,,,,,ve,0.0047
grid7,16,7,2.5,1.5,207,lbp,0.6039984631604072,0.6503815257121495,0.605289001114038,0.6001268492995145,1,59,4.603216167131663e-07,,,,ve,0.0159
grid7,16,7,2.5,1.5,207,gibbs,0.28535972628653206,0.29971048428241626,0.2852769091402722,0.28560817772531155,0,2000,,53.0,1.06091,2000,ve,4.9477
grid7,16,7,4.0,1.5,207,exact,0.0,0.0,,,1,,,,,,ve,0.0361
grid7,16,7,4.0,1.5,207,mf,0.75219729216049,0.8153190592616623,0.7770137530078544,0.6777479096183969,1,8,,,,,ve,0.0024
grid7,16,7,4.0,1.5,207,lbp,0.7113892231137051,0.7126660475512026,0.7114907573843626,0.7110846203017333,1,42,1.622233018194752e-07,,,,ve,0.0119
grid7,16,7,4.0,1.5,207,gibbs,0.527041302350246,0.5279580964202636,0.5272361426588169,0.5264567814245333,0,2000,,4.3,4.22702,2000,ve,5.0047
grid7,16,7,0.0,0.5,208,exact,0.0,0.0,,,1,,,,,,ve,0.0374
grid7,16,7,0.0,0.5,208,mf,7.226207479615887e-16,1.0824674490095276e-15,7.327761083105363e-16,6.92154666914746e-16,1,1,,,,,ve,0.0006
grid7,16,7,0.0,0.5,208,lbp,7.464731957562698e-16,1.2073675392798577e-15,7.713737056510203e-16,6.717716660720185e-16,1,3,0.0,,,,ve,0.001
grid7,16,7,0.0,0.5,208,gibbs,9.372385680050943e-15,1.366962099069724e-14,9.15167825780531e-15,1.003450794678784e-14,1,2000,,8176.5,1.00011,2000,ve,5.172
grid7,16,7,0.1,0.5,208,exact,0.0,0.0,,,1,,,,,,ve,0.0381
grid7,16,7,0.1,0.5,208,mf,0.00024177395496787456,0.00040394838048197004,0.0002667584011761609,0.0001668206163430155,1,4,,,,,ve,0.0014
grid7,16,7,0.1,0.5,208,lbp,3.0292412839103737e-07,4.76874160059565e-07,3.037658066808371e-07,3.0039909352163816e-07,1,15,2.3102028143262565e-07,,,,ve,0.0042
grid7,16,7,0.1,0.5,208,gibbs,0.000178875147130379,0.00032612321377938763,0.0001582038722152986,0.0002408889718756202,1,2000,,8037.9,1.00007,2000,ve,5.0893
grid7,16,7,0.25,0.5,208,exact,0.0,0.0,,,1,,,,,,ve,0.0402
grid7,16,7,0.25,0.5,208,mf,0.0015819953849749587,0.0024623176210106772,0.0017573198395102862,0.0010560220213689762,1,5,,,,,ve,0.002
grid7,16,7,0.25,0.5,208,lbp,4.476441456834578e-06,1.0092512313266203e-05,4.93205820661801e-06,3.1095912074842816e-06,1,17,2.703074590271193e-07,,,,ve,0.0052
grid7,16,7,0.25,0.5,208,gibbs,0.0004941207028451571,0.0010295195673545483,0.0004308237527054282,0.0006840115532643436,1,2000,,7807.5,1.00009,2000,ve,5.081
grid7,16,7,0.5,0.5,208,exact,0.0,0.0,,,1,,,,,,ve,0.0382
grid7,16,7,0.5,0.5,208,mf,0.007078069030302057,0.011546030047680428,0.007915086192277621,0.004567017544375362,1,6,,,,,ve,0.002
grid7,16,7,0.5,0.5,208,lbp,9.532158054982885e-05,0.00022022491868746788,0.00010497273102460585,6.636812912549786e-05,1,20,2.038121040826013e-07,,,,ve,0.0064
grid7,16,7,0.5,0.5,208,gibbs,0.0011636196591271832,0.002551757910784859,0.0009884847471494072,0.0016890243950605116,1,2000,,7210.2,0.99991,2000,ve,5.0764
grid7,16,7,0.75,0.5,208,exact,0.0,0.0,,,1,,,,,,ve,0.0382
grid7,16,7,0.75,0.5,208,mf,0.019386826697166116,0.03167366478771984,0.02164567860995659,0.012610270958794691,1,9,,,,,ve,0.0029
grid7,16,7,0.75,0.5,208,lbp,0.0006552366517020506,0.0015356686214736976,0.0007202623126230859,0.0004601596689389454,1,23,2.808909187190789e-07,,,,ve,0.0066
grid7,16,7,0.75,0.5,208,gibbs,0.0018085171887701488,0.0030690112087234586,0.001579279836320182,0.002496229246120048,1,2000,,6515.4,1.00035,2000,ve,5.0017
grid7,16,7,1.0,0.5,208,exact,0.0,0.0,,,1,,,,,,ve,0.0359
grid7,16,7,1.0,0.5,208,mf,0.04538653065357389,0.07921572496883511,0.04990875035709422,0.0318198715430129,1,13,,,,,ve,0.0042
grid7,16,7,1.0,0.5,208,lbp,0.0028693136675622603,0.006523114742198015,0.0031595557651470734,0.0019985873748078207,1,27,3.878590140449223e-07,,,,ve,0.0076
grid7,16,7,1.0,0.5,208,gibbs,0.003138874446043605,0.006169184966033168,0.0029295963769203457,0.0037667086534133843,1,2000,,5759.6,1.00043,2000,ve,4.9961
grid7,16,7,1.3,0.5,208,exact,0.0,0.0,,,1,,,,,,ve,0.0358
grid7,16,7,1.3,0.5,208,mf,0.11116437481146006,0.21097160425827416,0.12159882796245432,0.0798610153584773,1,25,,,,,ve,0.008
grid7,16,7,1.3,0.5,208,lbp,0.012863799198025057,0.02457808582573736,0.014036539851826494,0.009345577236620746,1,37,5.139508969520534e-07,,,,ve,0.0105
grid7,16,7,1.3,0.5,208,gibbs,0.006777948003648209,0.01080598023279477,0.006707294412564082,0.0069899087769005955,1,2000,,4679.5,1.00016,2000,ve,4.9473
grid7,16,7,1.75,0.5,208,exact,0.0,0.0,,,1,,,,,,ve,0.0375
grid7,16,7,1.75,0.5,208,mf,0.4569079467431069,0.7116385233749614,0.48167896953998945,0.38259487835245937,1,60,,,,,ve,0.0188
grid7,16,7,1.75,0.5,208,lbp,0.13751614805684498,0.19962359675712826,0.1425059680088113,0.12254668820094601,1,94,7.843699915410784e-07,,,,ve,0.0269
grid7,16,7,1.75,0.5,208,gibbs,0.0177207295211062,0.026255717563674716,0.01788488975230457,0.017228248827511103,1,2000,,862.9,1.00575,2000,ve,5.1701
grid7,16,7,2.5,0.5,208,exact,0.0,0.0,,,1,,,,,,ve,0.0368
grid7,16,7,2.5,0.5,208,mf,0.9039888029018182,0.9920140085587361,0.8940523970613216,0.9337980204233081,1,68,,,,,ve,0.02
grid7,16,7,2.5,0.5,208,lbp,0.8703766655184101,0.9259860926330581,0.8790262759800241,0.8444278341335683,1,65,5.145095207659267e-07,,,,ve,0.0179
grid7,16,7,2.5,0.5,208,gibbs,0.3991128347741222,0.4167125602297139,0.40160722800821835,0.3916296550718338,0,2000,,12.1,1.24641,2000,ve,5.0731
grid7,16,7,4.0,0.5,208,exact,0.0,0.0,,,1,,,,,,ve,0.0351
grid7,16,7,4.0,0.5,208,mf,0.9660545682281276,0.9986955169972579,0.9646416906108453,0.9702932010799751,1,21,,,,,ve,0.006
grid7,16,7,4.0,0.5,208,lbp,0.11790394840037086,0.11800656045498609,0.11794019879409627,0.11779519721919468,1,39,2.1060485255741668e-07,,,,ve,0.0099
grid7,16,7,4.0,0.5,208,gibbs,0.6757897500089216,0.6765128713773804,0.676043075579126,0.6750297732983078,0,2000,,4.7,2.67377,2000,ve,5.3168
grid7,16,7,0.0,1.5,208,exact,0.0,0.0,,,1,,,,,,ve,0.0393
grid7,16,7,0.0,1.5,208,mf,6.973859423969886e-16,1.1986939218999737e-15,6.991297008910694e-16,6.92154666914746e-16,1,1,,,,,ve,0.0007
grid7,16,7,0.0,1.5,208,lbp,7.136489749842712e-16,1.3270634591222574e-15,7.27608077955022e-16,6.717716660720185e-16,1,3,0.0,,,,ve,0.0011
grid7,16,7,0.0,1.5,208,gibbs,8.707715538208705e-15,1.366962099069724e-14,8.265451402015659e-15,1.003450794678784e-14,1,2000,,8083.2,0.99972,2000,ve,5.0589
grid7,16,7,0.1,1.5,208,exact,0.0,0.0,,,1,,,,,,ve,0.0379
grid7,16,7,0.1,1.5,208,mf,0.00026006288550640836,0.0005053122249369674,0.00028912291945625137,0.00017288278365687948,1,4,,,,,ve,0.0016
grid7,16,7,0.1,1.5,208,lbp,2.0251324662009943e-07,4.5338456030469265e-07,2.1309973583994989e-07,1.7075377896054802e-07,1,16,1.579879379265403e-07,,,,ve,0.0046
grid7,16,7,0.1,1.5,208,gibbs,0.00018342502124261409,0.00038671975933819887,0.0001797091421485228,0.0001945726585248879,1,2000,,7995.8,0.99985,2000,ve,4.9873
grid7,16,7,0.25,1.5,208,exact,0.0,0.0,,,1,,,,,,ve,0.037
grid7,16,7,0.25,1.5,208,mf,0.0016044200433580598,0.0032794941236823404,0.0017786252823696908,0.001081804326323166,1,4,,,,,ve,0.0015
grid7,16,7,0.25,1.5,208,lbp,4.465360382692349e-06,1.1570107932457052e-05,4.994138205333489e-06,2.879026914768927e-06,1,18,1.5124815105904688e-07,,,,ve,0.0047
grid7,16,7,0.25,1.5,208,gibbs,0.000500013481582788,0.0009687456935013449,0.0004542770735664636,0.0006372227056317611,1,2000,,7784.0,0.99985,2000,ve,4.9056
grid7,16,7,0.5,1.5,208,exact,0.0,0.0,,,1,,,,,,ve,0.0367
grid7,16,7,0.5,1.5,208,mf,0.006896842115906453,0.014117725160829465,0.007657370725009008,0.004615256288598787,1,6,,,,,ve,0.0022
grid7,16,7,0.5,1.5,208,lbp,9.434462652629312e-05,0.0002387718594519389,0.00010597597540726706,5.945057988337131e-05,1,20,2.2446369504769415e-07,,,,ve,0.0059
grid7,16,7,0.5,1.5,208,gibbs,0.00117792825879661,0.0021143526567665404,0.0011122812037702226,0.001374869423875772,1,2000,,7426.4,0.99982,2000,ve,5.0631
grid7,16,7,0.75,1.5,208,exact,0.0,0.0,,,1,,,,,,ve,0.0375
grid7,16,7,0.75,1.5,208,mf,0.018097014421933705,0.03453203556716818,0.020081421031596824,0.012143794592944342,1,8,,,,,ve,0.0027
grid7,16,7,0.75,1.5,208,lbp,0.0006455143697896522,0.001509069512864062,0.0007252071165847646,0.000406436129404315,1,24,2.7985228687188446e-07,,,,ve,0.0068
grid7,16,7,0.75,1.5,208,gibbs,0.0019566229438653204,0.004030362281134178,0.0019102944265258954,0.002095608495883595,1,2000,,6710.6,0.99999,2000,ve,5.0673
grid7,16,7,1.0,1.5,208,exact,0.0,0.0,,,1,,,,,,ve,0.0363
grid7,16,7,1.0,1.5,208,mf,0.0397139075981532,0.0690287367929606,0.04406629205446932,0.026656754229204844,1,11,,,,,ve,0.0035
grid7,16,7,1.0,1.5,208,lbp,0.002764373837599198,0.0066036089179643005,0.0030990919876989673,0.001760219387299893,1,30,3.5794458463911383e-07,,,,ve,0.0083
grid7,16,7,1.0,1.5,208,gibbs,0.003088033045737709,0.005545424733300697,0.00296673685144588,0.0034519216286131964,1,2000,,6046.9,1.00075,2000,ve,4.9661
grid7,16,7,1.3,1.5,208,exact,0.0,0.0,,,1,,,,,,ve,0.0362
grid7,16,7,1.3,1.5,208,mf,0.09634095145225627,0.16288779993148286,0.10119086957282035,0.08179119709056407,1,32,,,,,ve,0.0095
grid7,16,7,1.3,1.5,208,lbp,0.012207899965948524,0.0317435699477064,0.013205497484925714,0.009215107409016949,1,45,5.982612921451302e-07,,,,ve,0.0127
grid7,16,7,1.3,1.5,208,gibbs,0.0059087516415120235,0.010265688546211418,0.005570222727119119,0.006924338384690733,1,2000,,3990.7,1.00172,2000,ve,5.1811
grid7,16,7,1.75,1.5,208,exact,0.0,0.0,,,1,,,,,,ve,0.0424
grid7,16,7,1.75,1.5,208,mf,0.27871474869811097,0.44323806913523073,0.27180156019125135,0.29945431421868995,1,37,,,,,ve,0.0095
grid7,16,7,1.75,1.5,208,lbp,0.13256834212058483,0.2079254631872447,0.13588014467069284,0.12263293447026072,1,124,7.762919878584462e-07,,,,ve,0.0295
grid7,16,7,1.75,1.5,208,gibbs,0.034580904529027956,0.051804737990525165,0.03445095374755757,0.034970756873439125,1,2000,,783.1,1.00286,2000,ve,5.1108
grid7,16,7,2.5,1.5,208,exact,0.0,0.0,,,1,,,,,,ve,0.0349
grid7,16,7,2.5,1.5,208,mf,0.04525074398717573,0.12466158525455771,0.04467901051398965,0.04696594440673401,1,15,,,,,ve,0.0042
grid7,16,7,2.5,1.5,208,lbp,0.022976559830933236,0.028395095463597454,0.022521254434464146,0.02434247602034051,1,46,4.311083414143546e-07,,,,ve,0.0115
grid7,16,7,2.5,1.5,208,gibbs,0.19114953902494727,0.20827805948566191,0.19099149883316136,0.19162365960030497,0,2000,,11.5,1.25984,2000,ve,5.1383
grid7,16,7,4.0,1.5,208,exact,0.0,0.0,,,1,,,,,,ve,0.0373
grid7,16,7,4.0,1.5,208,mf,0.012168083438629719,0.012604887002230947,0.012155764078694226,0.012205041518436197,1,9,,,,,ve,0.0029
grid7,16,7,4.0,1.5,208,lbp,0.012056083543104095,0.012074586516207497,0.012057870094825325,0.012050723887940405,1,36,2.9448124806708e-07,,,,ve,0.0107
grid7,16,7,4.0,1.5,208,gibbs,0.49571228772851483,0.49638983925230773,0.495785631504943,0.49549225639923017,0,2000,,4.6,2.81304,2000,ve,5.0883
grid7,16,7,0.0,0.5,209,exact,0.0,0.0,,,1,,,,,,ve,0.0367
grid7,16,7,0.0,0.5,209,mf,7.513521055324546e-16,1.1449174941446927e-15,7.849623728795052e-16,6.505213034913027e-16,1,1,,,,,ve,0.0006
grid7,16,7,0.0,0.5,209,lbp,7.748250825667657e-16,1.1587952819525071e-15,8.116337463226486e-16,6.643990912991171e-16,1,3,0.0,,,,ve,0.001
grid7,16,7,0.0,0.5,209,gibbs,9.538810713527468e-15,1.8256229861179918e-14,9.074410782979511e-15,1.0932010505171341e-14,1,2000,,7836.9,1.00028,2000,ve,5.0483
grid7,16,7,0.1,0.5,209,exact,0.0,0.0,,,1,,,,,,ve,0.0367
grid7,16,7,0.1,0.5,209,mf,0.00029276091194716094,0.0005340703321238798,0.0003161339295173591,0.00022264185923656643,1,3,,,,,ve,0.0012
grid7,16,7,0.1,0.5,209,lbp,3.271144438889888e-07,6.126229178671228e-07,3.418368595469942e-07,2.829471969149726e-07,1,15,2.411130780588522e-07,,,,ve,0.0043
grid7,16,7,0.1,0.5,209,gibbs,0.00017372915265821811,0.00037569014430631053,0.00014467351982410713,0.0002608960511605511,1,2000,,7857.5,1.00014,2000,ve,5.2364
grid7,16,7,0.25,0.5,209,exact,0.0,0.0,,,1,,,,,,ve,0.0377
grid7,16,7,0.25,0.5,209,mf,0.0018683146281552102,0.003415273569251257,0.002015263042124826,0.0014274693862463628,1,4,,,,,ve,0.0012
grid7,16,7,0.25,0.5,209,lbp,5.339235396664818e-06,9.933926595304121e-06,5.865669595285477e-06,3.759932800802843e-06,1,17,2.1629418192614658e-07,,,,ve,0.005
grid7,16,7,0.25,0.5,209,gibbs,0.000482163166776853,0.0008933996465128654,0.00043805126144927186,0.0006144988827595963,1,2000,,7816.5,1.00017,2000,ve,5.1597
grid7,16,7,0.5,0.5,209,exact,0.0,0.0,,,1,,,,,,ve,0.0364
grid7,16,7,0.5,0.5,209,mf,0.007836454408404137,0.014412034054586435,0.00839987159080554,0.00614620286119993,1,6,,,,,ve,0.002
grid7,16,7,0.5,0.5,209,lbp,0.00011380957441332727,0.00022782772639020482,0.000125310040494133,7.930817617091005e-05,1,19,3.0719385452071535e-07,,,,ve,0.0057
grid7,16,7,0.5,0.5,209,gibbs,0.0012766193009657069,0.0025027881767779774,0.001216221729370595,0.0014578120157510432,1,2000,,7515.1,1.00024,2000,ve,4.8937
grid7,16,7,0.75,0.5,209,exact,0.0,0.0,,,1,,,,,,ve,0.0363
grid7,16,7,0.75,0.5,209,mf,0.018965760787576953,0.035588891538933,0.020045373705994334,0.015726922032324807,1,8,,,,,ve,0.0026
grid7,16,7,0.75,0.5,209,lbp,0.000792901843459261,0.0016622329665378806,0.000867547757153897,0.0005689641023753531,1,24,2.871145032834477e-07,,,,ve,0.0065
grid7,16,7,0.75,0.5,209,gibbs,0.0024943113880287046,0.00529361839653759,0.0024131391671173767,0.0027378280507626886,1,2000,,6511.3,1.00016,2000,ve,5.0291
grid7,16,7,1.0,0.5,209,exact,0.0,0.0,,,1,,,,,,ve,0.0357
grid7,16,7,1.0,0.5,209,mf,0.03878781233415853,0.07461625693329775,0.040504418402526214,0.03363799412905551,1,13,,,,,ve,0.0039
grid7,16,7,1.0,0.5,209,lbp,0.003487660345123901,0.007258243183619145,0.0037997499654542077,0.00255139148413298,1,31,3.833206176084847e-07,,,,ve,0.0083
grid7,16,7,1.0,0.5,209,gibbs,0.005372055594901472,0.011334837566095133,0.005511548292481944,0.004953577502160056,1,2000,,5670.6,0.99978,2000,ve,5.0246
grid7,16,7,1.3,0.5,209,exact,0.0,0.0,,,1,,,,,,ve,0.0368
grid7,16,7,1.3,0.5,209,mf,0.08975830038470398,0.1703288745526142,0.09127702951785521,0.08520211298525032,1,107,,,,,ve,0.0327
grid7,16,7,1.3,0.5,209,lbp,0.014581443465450247,0.027582849797092388,0.01568229995581733,0.011278873994349,1,50,6.315352086005976e-07,,,,ve,0.0142
grid7,16,7,1.3,0.5,209,gibbs,0.01160739601754754,0.01764550130546394,0.012151697161722527,0.009974492585022579,1,2000,,3098.7,1.0011,2000,ve,5.0555
grid7,16,7,1.75,0.5,209,exact,0.0,0.0,,,1,,,,,,ve,0.0389
grid7,16,7,1.75,0.5,209,mf,0.36499355312247583,0.5203801249825637,0.3827447035021852,0.31174010198334745,1,33,,,,,ve,0.0103
grid7,16,7,1.75,0.5,209,lbp,0.21004757039588035,0.31081720113474665,0.22652486109239067,0.16061569830634953,1,111,7.126233641518986e-07,,,,ve,0.0297
grid7,16,7,1.75,0.5,209,gibbs,0.021113602749131523,0.03132973076046457,0.021936717797834054,0.018644257603023934,1,2000,,681.9,1.00139,2000,ve,4.9897
grid7,16,7,2.5,0.5,209,exact,0.0,0.0,,,1,,,,,,ve,0.0372
grid7,16,7,2.5,0.5,209,mf,0.1826407807774988,0.26627198810552755,0.17877232215828628,0.19424615663513636,1,13,,,,,ve,0.0042
grid7,16,7,2.5,0.5,209,lbp,0.16153778525322293,0.1716460341875903,0.16347110588863076,0.15573782334699948,1,44,3.297144010594444e-07,,,,ve,0.0126
grid7,16,7,2.5,0.5,209,gibbs,0.0879045617915744,0.09266766416847044,0.08896790700906167,0.08471452613911258,0,2000,,53.4,1.05865,2000,ve,5.1223
grid7,16,7,4.0,0.5,209,exact,0.0,0.0,,,1,,,,,,ve,0.0366
grid7,16,7,4.0,0.5,209,mf,0.16811128674892295,0.1691901951013316,0.16811527190067221,0.1680993312936752,1,8,,,,,ve,0.0026
grid7,16,7,4.0,0.5,209,lbp,0.16791383665883047,0.16811280300086517,0.1679738513945718,0.16773379245160647,1,35,2.502281883920432e-07,,,,ve,0.0134
grid7,16,7,4.0,0.5,209,gibbs,0.35580157588877115,0.35687914025771256,0.35575229520447865,0.35594941794164886,0,2000,,4.4,3.55941,2000,ve,5.0773
grid7,16,7,0.0,1.5,209,exact,0.0,0.0,,,1,,,,,,ve,0.0362
grid7,16,7,0.0,1.5,209,mf,7.798666226688233e-16,1.1405806854547507e-15,8.229817290613303e-16,6.505213034913027e-16,1,1,,,,,ve,0.0005
grid7,16,7,0.0,1.5,209,lbp,8.02851708725516e-16,1.1475195793586579e-15,8.490025812009824e-16,6.643990912991171e-16,1,3,0.0,,,,ve,0.0009
grid7,16,7,0.0,1.5,209,gibbs,8.505186572388412e-15,1.8256229861179918e-14,7.696245261460769e-15,1.0932010505171341e-14,1,2000,,7824.3,1.00027,2000,ve,5.1382
grid7,16,7,0.1,1.5,209,exact,0.0,0.0,,,1,,,,,,ve,0.0354
grid7,16,7,0.1,1.5,209,mf,0.0002956203575868547,0.0006340965419645971,0.0003086802186649847,0.00025644077435246467,1,3,,,,,ve,0.0013
grid7,16,7,0.1,1.5,209,lbp,3.6848410987476714e-07,5.97167441430263e-07,3.69023550341103e-07,3.668657884757596e-07,1,15,2.2244775851887333e-07,,,,ve,0.0043
grid7,16,7,0.1,1.5,209,gibbs,0.00018376136314773238,0.0003469199061412829,0.0001683764172878249,0.00022991620072745477,1,2000,,7839.5,1.00015,2000,ve,5.1561
grid7,16,7,0.25,1.5,209,exact,0.0,0.0,,,1,,,,,,ve,0.0366
grid7,16,7,0.25,1.5,209,mf,0.0018495097730440082,0.0041059713354964136,0.0019329048048727607,0.0015993246775577515,1,4,,,,,ve,0.0014
grid7,16,7,0.25,1.5,209,lbp,5.159960320167133e-06,9.574530334573172e-06,5.315222395020282e-06,4.694174095607687e-06,1,17,2.1165013514012898e-07,,,,ve,0.0049
grid7,16,7,0.25,1.5,209,gibbs,0.0005164023380770679,0.0008948045525675047,0.0004577207167747333,0.0006924472019840715,1,2000,,7701.9,1.00015,2000,ve,5.0794
grid7,16,7,0.5,1.5,209,exact,0.0,0.0,,,1,,,,,,ve,0.0414
grid7,16,7,0.5,1.5,209,mf,0.007522801714013739,0.017466670539504646,0.007861481753799566,0.006506761594656257,1,6,,,,,ve,0.0019
grid7,16,7,0.5,1.5,209,lbp,0.0001051754224043742,0.00021516575984439033,0.00010976540872131647,9.140546345354737e-05,1,20,2.0680038484433005e-07,,,,ve,0.0057
grid7,16,7,0.5,1.5,209,gibbs,0.0014908876740170984,0.002417687890517343,0.0013113992869917704,0.0020293528350930823,1,2000,,7373.0,1.00039,2000,ve,5.0605
grid7,16,7,0.75,1.5,209,exact,0.0,0.0,,,1,,,,,,ve,0.0371
grid7,16,7,0.75,1.5,209,mf,0.018088956396593275,0.04183195351445332,0.018414686364208174,0.017111766493748567,1,8,,,,,ve,0.0025
grid7,16,7,0.75,1.5,209,lbp,0.0007013108822855219,0.001597747131822952,0.0007306964076410114,0.0006131543062190535,1,22,3.685859144009207e-07,,,,ve,0.0065
grid7,16,7,0.75,1.5,209,gibbs,0.002538685911713741,0.004164170154452833,0.0022902331844514077,0.0032840440935007417,1,2000,,6693.9,1.0004,2000,ve,5.1272
grid7,16,7,1.0,1.5,209,exact,0.0,0.0,,,1,,,,,,ve,0.037
grid7,16,7,1.0,1.5,209,mf,0.03667834647917361,0.07761506063048093,0.03580841770598933,0.03928813279872645,1,14,,,,,ve,0.0044
grid7,16,7,1.0,1.5,209,lbp,0.0030320380181649348,0.007733641008286796,0.0031281857646374817,0.0027435947787472917,1,27,4.4096042015051573e-07,,,,ve,0.0072
grid7,16,7,1.0,1.5,209,gibbs,0.00274441206762202,0.005179393470171309,0.0025246457464906057,0.0034037110310162627,1,2000,,5580.9,1.00001,2000,ve,5.0202
grid7,16,7,1.3,1.5,209,exact,0.0,0.0,,,1,,,,,,ve,0.0367
grid7,16,7,1.3,1.5,209,mf,0.1132102831628014,0.2213605283209122,0.11408283631572434,0.11059262370403267,1,50,,,,,ve,0.0146
grid7,16,7,1.3,1.5,209,lbp,0.01518166348894998,0.03636664242313968,0.015663503372111597,0.013736143839465129,1,40,5.374430354088133e-07,,,,ve,0.0111
grid7,16,7,1.3,1.5,209,gibbs,0.003758187304989603,0.006549731890945539,0.0035492228538320813,0.004385080658462168,1,2000,,3780.3,1.00049,2000,ve,5.1575
grid7,16,7,1.75,1.5,209,exact,0.0,0.0,,,1,,,,,,ve,0.0376
grid7,16,7,1.75,1.5,209,mf,0.6244756268260265,0.837910808501864,0.6608891584641192,0.5152350319117484,1,72,,,,,ve,0.0217
grid7,16,7,1.75,1.5,209,lbp,0.27062674288618843,0.39038180836689235,0.29415130166118447,0.20005306656120053,1,146,7.65262742397077e-07,,,,ve,0.0415
grid7,16,7,1.75,1.5,209,gibbs,0.033940531192273596,0.04397870076406617,0.03577623205911791,0.028433428591740674,0,2000,,562.1,1.01396,2000,ve,4.911
grid7,16,7,2.5,1.5,209,exact,0.0,0.0,,,1,,,,,,ve,0.0372
grid7,16,7,2.5,1.5,209,mf,0.8733106690765817,0.9720342589666146,0.878864062685135,0.8566504882509222,1,59,,,,,ve,0.0181
grid7,16,7,2.5,1.5,209,lbp,0.1382636959644546,0.14467529547754873,0.13949776402721417,0.13456149177617582,1,46,3.6798285918404616e-07,,,,ve,0.0134
grid7,16,7,2.5,1.5,209,gibbs,0.21476445134143513,0.2222966316694703,0.21684226551363542,0.20853100882483416,0,2000,,16.9,1.16117,2000,ve,5.1123
grid7,16,7,4.0,1.5,209,exact,0.0,0.0,,,1,,,,,,ve,0.038
grid7,16,7,4.0,1.5,209,mf,0.5307221961611006,0.989834664848446,0.4528712871163589,0.7642749232953259,1,8,,,,,ve,0.0026
grid7,16,7,4.0,1.5,209,lbp,0.10751668417504862,0.10761869968926782,0.10754732766310315,0.10742475371088499,1,35,2.3633558565716584e-07,,,,ve,0.0095
grid7,16,7,4.0,1.5,209,gibbs,0.652966409038847,0.654467875639679,0.6529540873616275,0.6530033740705052,0,2000,,4.3,3.96184,2000,ve,5.0829
grid7,16,7,0.0,0.5,210,exact,0.0,0.0,,,1,,,,,,ve,0.0381
grid7,16,7,0.0,0.5,210,mf,6.728016581358798e-16,1.0807327255335508e-15,6.688081801338915e-16,6.847820921418446e-16,1,1,,,,,ve,0.0005
grid7,16,7,0.0,0.5,210,lbp,6.827763181227464e-16,1.1050188541972261e-15,6.852880531556712e-16,6.752411130239722e-16,1,3,0.0,,,,ve,0.0012
grid7,16,7,0.0,0.5,210,gibbs,1.0533864362380352e-14,1.5591694602079542e-14,1.0644010268086776e-14,1.0203426645261082e-14,1,2000,,7867.4,0.99994,2000,ve,5.0312
grid7,16,7,0.1,0.5,210,exact,0.0,0.0,,,1,,,,,,ve,0.0392
grid7,16,7,0.1,0.5,210,mf,0.0003014264852534485,0.0007174043728431639,0.0002568729249214066,0.00043508716624957424,1,4,,,,,ve,0.0016
grid7,16,7,0.1,0.5,210,lbp,2.7595904276679845e-07,5.885166961287422e-07,2.7595637307046596e-07,2.759670518557959e-07,1,16,1.741057552850922e-07,,,,ve,0.0051
grid7,16,7,0.1,0.5,210,gibbs,0.000178627159200454,0.00030294186809796605,0.0001986735800564396,0.00011848789663249722,1,2000,,7784.9,1.00008,2000,ve,5.1558
grid7,16,7,0.25,0.5,210,exact,0.0,0.0,,,1,,,,,,ve,0.038
grid7,16,7,0.25,0.5,210,mf,0.001899322339576424,0.004624623592287845,0.0015801086343582502,0.0028569634552309446,1,5,,,,,ve,0.0017
grid7,16,7,0.25,0.5,210,lbp,5.552052872531823e-06,1.546215342419343e-05,4.318435619691731e-06,9.2529046310521e-06,1,18,2.398474086562352e-07,,,,ve,0.0055
grid7,16,7,0.25,0.5,210,gibbs,0.00048232330344560675,0.0008846279075509986,0.0005111137917204847,0.00039595183862097287,1,2000,,7632.6,1.0002,2000,ve,5.0776
grid7,16,7,0.5,0.5,210,exact,0.0,0.0,,,1,,,,,,ve,0.0366
grid7,16,7,0.5,0.5,210,mf,0.008453442814182742,0.019529114446491455,0.0071658456572486805,0.012316234284984929,1,7,,,,,ve,0.0026
grid7,16,7,0.5,0.5,210,lbp,0.00010505784298476154,0.0003117484166252826,7.770981946676129e-05,0.00018710191353876228,1,21,3.058003415767896e-07,,,,ve,0.0061
grid7,16,7,0.5,0.5,210,gibbs,0.0009406276612103304,0.0018207687400531875,0.000989573468387399,0.0007937902396791244,1,2000,,7072.2,1.00029,2000,ve,5.1854
grid7,16,7,0.75,0.5,210,exact,0.0,0.0,,,1,,,,,,ve,0.037
grid7,16,7,0.75,0.5,210,mf,0.022799274406277072,0.04605888846928513,0.02060035088381823,0.02939604497365361,1,11,,,,,ve,0.0037
grid7,16,7,0.75,0.5,210,lbp,0.000675272915846979,0.0019251608901236393,0.0005074327786655045,0.0011787933273914022,1,26,2.9176702279198885e-07,,,,ve,0.0073
grid7,16,7,0.75,0.5,210,gibbs,0.00202839872208026,0.005223600058708552,0.0019904040298231104,0.0021423827988517096,1,2000,,6309.2,1.00027,2000,ve,5.2597
grid7,16,7,1.0,0.5,210,exact,0.0,0.0,,,1,,,,,,ve,0.0372
grid7,16,7,1.0,0.5,210,mf,0.04997544783839557,0.12005361640864609,0.04900633021292657,0.05288280071480258,1,17,,,,,ve,0.0053
grid7,16,7,1.0,0.5,210,lbp,0.0028097551802445386,0.007304804695864897,0.0022738908202461186,0.004417348260239801,1,33,4.185787561561405e-07,,,,ve,0.0094
grid7,16,7,1.0,0.5,210,gibbs,0.0026506116414886996,0.005906561728923081,0.0026152088626600345,0.0027568199779746945,1,2000,,5025.7,1.00002,2000,ve,5.1154
grid7,16,7,1.3,0.5,210,exact,0.0,0.0,,,1,,,,,,ve,0.0357
grid7,16,7,1.3,0.5,210,mf,0.10423581921761398,0.2433582072084457,0.10235591504647586,0.10987553173102833,1,26,,,,,ve,0.0078
grid7,16,7,1.3,0.5,210,lbp,0.010229173006024581,0.02859004830694802,0.008770519769360326,0.014605132716017342,1,47,5.688818655036343e-07,,,,ve,0.0125
grid7,16,7,1.3,0.5,210,gibbs,0.006541813482721403,0.010963322537742454,0.006841917641819745,0.0056415010054263765,1,2000,,3261.4,1.00017,2000,ve,4.9738
grid7,16,7,1.75,0.5,210,exact,0.0,0.0,,,1,,,,,,ve,0.0362
grid7,16,7,1.75,0.5,210,mf,0.16344214617772315,0.2964189715223642,0.15974511228514834,0.17453324785544763,1,22,,,,,ve,0.0061
grid7,16,7,1.75,0.5,210,lbp,0.04053687854244739,0.08258156032421374,0.036246993008425155,0.05340653514451409,1,61,6.673677456769944e-07,,,,ve,0.0155
grid7,16,7,1.75,0.5,210,gibbs,0.003512683665175719,0.006890402055289155,0.0036087018582056387,0.00322462908608596,1,2000,,1706.6,1.00132,2000,ve,5.0331
grid7,16,7,2.5,0.5,210,exact,0.0,0.0,,,1,,,,,,ve,0.0379
grid7,16,7,2.5,0.5,210,mf,0.09533033085272494,0.3245465126133497,0.11252690391087243,0.04374061167828237,1,19,,,,,ve,0.0061
grid7,16,7,2.5,0.5,210,lbp,0.02716656065607538,0.04686084428477847,0.02602233431365394,0.03059923968333972,1,54,3.987142973560509e-07,,,,ve,0.0151
grid7,16,7,2.5,0.5,210,gibbs,0.013260448874472842,0.017390665049027986,0.012615866841134688,0.015194194974487304,1,2000,,710.8,1.00838,2000,ve,5.1757
grid7,16,7,4.0,0.5,210,exact,0.0,0.0,,,1,,,,,,ve,0.0439
grid7,16,7,4.0,0.5,210,mf,0.01683382008314842,0.018856196646808765,0.016951087183470794,0.016482018782181307,1,9,,,,,ve,0.0033
grid7,16,7,4.0,0.5,210,lbp,0.01644175985705991,0.016520059981086584,0.016438442205124672,0.01645171281286562,1,38,2.2994094128758746e-07,,,,ve,0.0121
grid7,16,7,4.0,0.5,210,gibbs,0.48555042412043586,0.4865037057407942,0.48547762302439884,0.485768827408547,0,2000,,4.2,4.32541,2000,ve,5.0032
grid7,16,7,0.0,1.5,210,exact,0.0,0.0,,,1,,,,,,ve,0.0376
grid7,16,7,0.0,1.5,210,mf,5.765787153277913e-16,9.02923569245928e-16,5.405109230564401e-16,6.847820921418446e-16,1,1,,,,,ve,0.0005
grid7,16,7,0.0,1.5,210,lbp,5.854827256693285e-16,9.124645483638005e-16,5.555632632177806e-16,6.752411130239722e-16,1,3,0.0,,,,ve,0.0011
grid7,16,7,0.0,1.5,210,gibbs,8.723910808160207e-15,1.4047790708460184e-14,8.230738862459916e-15,1.0203426645261082e-14,1,2000,,7891.2,0.99993,2000,ve,4.9764
grid7,16,7,0.1,1.5,210,exact,0.0,0.0,,,1,,,,,,ve,0.0391
grid7,16,7,0.1,1.5,210,mf,0.00030935927821964284,0.0005889543272965892,0.00028851459842564446,0.000371893317601638,1,4,,,,,ve,0.0016
grid7,16,7,0.1,1.5,210,lbp,2.699353275592667e-07,6.399345277643964e-07,2.6805189432962706e-07,2.7558562724818575e-07,1,16,2.0647699361386884e-07,,,,ve,0.0047
grid7,16,7,0.1,1.5,210,gibbs,0.00016134497475172124,0.0004801647394957458,0.00016380078158515507,0.00015397755425141974,1,2000,,7782.7,1.00013,2000,ve,4.9837
grid7,16,7,0.25,1.5,210,exact,0.0,0.0,,,1,,,,,,ve,0.0469
grid7,16,7,0.25,1.5,210,mf,0.001968464720458028,0.003815818315636544,0.0018404737068961844,0.0023524377611435585,1,5,,,,,ve,0.002
grid7,16,7,0.25,1.5,210,lbp,3.9224957288547425e-06,1.1235166572204011e-05,3.2510535901396275e-06,5.936822145000088e-06,1,18,2.3406227328548468e-07,,,,ve,0.0052
grid7,16,7,0.25,1.5,210,gibbs,0.00034685366637073734,0.0011613358107090653,0.0003621158773408558,0.00030106703346038195,1,2000,,7473.3,1.00018,2000,ve,4.9838
grid7,16,7,0.5,1.5,210,exact,0.0,0.0,,,1,,,,,,ve,0.0386
grid7,16,7,0.5,1.5,210,mf,0.00833408280391296,0.01637350142514829,0.007941625695389974,0.009511454129481912,1,7,,,,,ve,0.0026
grid7,16,7,0.5,1.5,210,lbp,7.249024114371652e-05,0.0002216221527747619,5.962563646902527e-05,0.00011108405516779027,1,21,2.1160020699517723e-07,,,,ve,0.0056
grid7,16,7,0.5,1.5,210,gibbs,0.0008693049878498106,0.0022843684378852664,0.0008816172590228058,0.0008323681743308255,1,2000,,6964.1,1.00012,2000,ve,5.0969
grid7,16,7,0.75,1.5,210,exact,0.0,0.0,,,1,,,,,,ve,0.037
grid7,16,7,0.75,1.5,210,mf,0.021038843034905226,0.040249091185245854,0.020668980611846546,0.02214843030408127,1,10,,,,,ve,0.003
grid7,16,7,0.75,1.5,210,lbp,0.0004198411724383315,0.0013068389377053728,0.00034669101230960835,0.0006392916528245011,1,24,3.17417530232289e-07,,,,ve,0.0064
grid7,16,7,0.75,1.5,210,gibbs,0.0016784595424952239,0.004285235964269963,0.0016313190838411964,0.0018198809184573055,1,2000,,6408.9,1.00026,2000,ve,4.9438
grid7,16,7,1.0,1.5,210,exact,0.0,0.0,,,1,,,,,,ve,0.0364
grid7,16,7,1.0,1.5,210,mf,0.043168015815661334,0.10204314014841481,0.04333001738822936,0.042682011097957245,1,14,,,,,ve,0.0043
grid7,16,7,1.0,1.5,210,lbp,0.0015759956201246675,0.004619305658864719,0.0013666983883940094,0.0022038873153166416,1,29,3.4286416880635606e-07,,,,ve,0.0079
grid7,16,7,1.0,1.5,210,gibbs,0.0021128605703337137,0.005488575429749076,0.002124555899894728,0.0020777745816506696,1,2000,,4994.9,1.00102,2000,ve,5.0455
grid7,16,7,1.3,1.5,210,exact,0.0,0.0,,,1,,,,,,ve,0.0544
grid7,16,7,1.3,1.5,210,mf,0.07797950462315272,0.19161737937490375,0.07793523493336878,0.07811231369250449,1,19,,,,,ve,0.006
grid7,16,7,1.3,1.5,210,lbp,0.005684505651192558,0.015061876771917669,0.005334965711595384,0.006733125469984081,1,38,5.124108903298286e-07,,,,ve,0.014
grid7,16,7,1.3,1.5,210,gibbs,0.004151733405451913,0.009368382681052008,0.0036346749731368394,0.005702908702397133,1,2000,,4550.8,1.00046,2000,ve,5.1202
grid7,16,7,1.75,1.5,210,exact,0.0,0.0,,,1,,,,,,ve,0.0401
grid7,16,7,1.75,1.5,210,mf,0.15015370630357652,0.3340671588917401,0.12849477295711434,0.215130506342963,1,97,,,,,ve,0.0307
grid7,16,7,1.75,1.5,210,lbp,0.0255968565712496,0.07879287765040995,0.02285610073446942,0.03381912408159017,1,65,7.020504362853508e-07,,,,ve,0.0194
grid7,16,7,1.75,1.5,210,gibbs,0.006289564223498061,0.013668016265518838,0.005801226772721863,0.007754576575826655,1,2000,,2855.8,1.00031,2000,ve,4.9018
grid7,16,7,2.5,1.5,210,exact,0.0,0.0,,,1,,,,,,ve,0.0346
grid7,16,7,2.5,1.5,210,mf,0.25881038016336994,0.5741833401100378,0.23602166502983354,0.327176525563979,1,21,,,,,ve,0.0061
grid7,16,7,2.5,1.5,210,lbp,0.1415027793043815,0.22869926392359488,0.12603593489533602,0.1879033125315178,1,78,7.115490097686639e-07,,,,ve,0.0202
grid7,16,7,2.5,1.5,210,gibbs,0.016640979521098262,0.02409243094031372,0.017235819338675917,0.014856460068365298,1,2000,,765.8,1.00614,2000,ve,4.9109
grid7,16,7,4.0,1.5,210,exact,0.0,0.0,,,1,,,,,,ve,0.035
grid7,16,7,4.0,1.5,210,mf,0.5641763288949643,0.9427211548994359,0.5742873920018795,0.5338431395742189,1,17,,,,,ve,0.0054
grid7,16,7,4.0,1.5,210,lbp,0.42641137766524495,0.4297281553727491,0.4258538920366215,0.428083834551115,1,50,2.592410708879278e-07,,,,ve,0.013
grid7,16,7,4.0,1.5,210,gibbs,0.570421948635335,0.5745711797020456,0.5696641605457994,0.5726953129039418,0,2000,,21.7,1.12449,2000,ve,4.9391
grid7,16,7,0.0,0.5,211,exact,0.0,0.0,,,1,,,,,,ve,0.0366
grid7,16,7,0.0,0.5,211,mf,7.746624522408929e-16,1.106753577673203e-15,7.604594037813328e-16,8.172715976195732e-16,1,1,,,,,ve,0.0006
grid7,16,7,0.0,0.5,211,lbp,8.11308485670903e-16,1.177877240188252e-15,7.885040999762912e-16,8.797216427547383e-16,1,3,0.0,,,,ve,0.0009
grid7,16,7,0.0,0.5,211,gibbs,9.130500175369427e-15,1.3907278106906062e-14,8.778929550904794e-15,1.0185212048763326e-14,1,2000,,8259.8,1.00017,2000,ve,4.9603
grid7,16,7,0.1,0.5,211,exact,0.0,0.0,,,1,,,,,,ve,0.0348
grid7,16,7,0.1,0.5,211,mf,0.0002846941201260203,0.0005413521447390499,0.0003219133017120228,0.0001730365753680129,1,3,,,,,ve,0.0011
grid7,16,7,0.1,0.5,211,lbp,2.210924808125148e-07,4.529474692729213e-07,2.3023328308570921e-07,1.9367007399293153e-07,1,16,1.3869304724134501e-07,,,,ve,0.0045
grid7,16,7,0.1,0.5,211,gibbs,0.00023272339852503443,0.0003832937199393059,0.0002487721431608403,0.00018457716461761685,1,2000,,8298.8,1.00009,2000,ve,5.0581
grid7,16,7,0.25,0.5,211,exact,0.0,0.0,,,1,,,,,,ve,0.0353
grid7,16,7,0.25,0.5,211,mf,0.0018068040172740888,0.0037029898138354134,0.002039083445643987,0.0011099657321643939,1,5,,,,,ve,0.0018
grid7,16,7,0.25,0.5,211,lbp,5.808936987645969e-06,1.4149150008958139e-05,6.229700875267105e-06,4.546645324782564e-06,1,17,2.2576827296560964e-07,,,,ve,0.0047
grid7,16,7,0.25,0.5,211,gibbs,0.0005807323233456443,0.0010643760002904123,0.000619489264552623,0.00046446149972470866,1,2000,,8186.7,1.00029,2000,ve,4.9221
grid7,16,7,0.5,0.5,211,exact,0.0,0.0,,,1,,,,,,ve,0.0368
grid7,16,7,0.5,0.5,211,mf,0.007636916407889543,0.01782691357807039,0.008627978767644257,0.004663729328625401,1,7,,,,,ve,0.0024
grid7,16,7,0.5,0.5,211,lbp,0.00011769280978272823,0.00026889080183849223,0.0001270652118908616,8.957560345832817e-05,1,20,2.4092537659337054e-07,,,,ve,0.0058
grid7,16,7,0.5,0.5,211,gibbs,0.001190478183920569,0.002400057559247489,0.0012884857076901721,0.0008964556126117595,1,2000,,7528.7,1.00046,2000,ve,4.8559
grid7,16,7,0.75,0.5,211,exact,0.0,0.0,,,1,,,,,,ve,0.0346
grid7,16,7,0.75,0.5,211,mf,0.01884829969587712,0.0520651495580388,0.021428793913020786,0.011106817044446118,1,10,,,,,ve,0.003
grid7,16,7,0.75,0.5,211,lbp,0.0007688341961626454,0.001669068460399519,0.0008358030686622877,0.000567927578663718,1,24,4.031449257480002e-07,,,,ve,0.0066
grid7,16,7,0.75,0.5,211,gibbs,0.0022297318460019885,0.004027083029349374,0.0022564389731698858,0.002149610464498297,1,2000,,6036.5,1.00054,2000,ve,4.9486
grid7,16,7,1.0,0.5,211,exact,0.0,0.0,,,1,,,,,,ve,0.0454
grid7,16,7,1.0,0.5,211,mf,0.04200307777169142,0.13307274483176176,0.046487125076505285,0.028550935857249868,1,17,,,,,ve,0.0056
grid7,16,7,1.0,0.5,211,lbp,0.0031181551071085374,0.0075220667722844204,0.003405394136055098,0.002256438020268853,1,32,4.1478199100386526e-07,,,,ve,0.0079
grid7,16,7,1.0,0.5,211,gibbs,0.0038803481766708898,0.00609958219834166,0.003972990039011741,0.0036024225896483355,1,2000,,5060.1,1.0002,2000,ve,4.8885
grid7,16,7,1.3,0.5,211,exact,0.0,0.0,,,1,,,,,,ve,0.0506
grid7,16,7,1.3,0.5,211,mf,0.1182731784574903,0.28077928044347666,0.12108115927014838,0.1098492360195161,1,32,,,,,ve,0.0084
grid7,16,7,1.3,0.5,211,lbp,0.012403368153859505,0.03524971192498209,0.0132395823228562,0.009894725646869428,1,49,6.277460310455396e-07,,,,ve,0.0133
grid7,16,7,1.3,0.5,211,gibbs,0.005408605438045326,0.00848885041292038,0.005469898153977633,0.005224727290248409,1,2000,,3197.6,1.00133,2000,ve,5.4765
grid7,16,7,1.75,0.5,211,exact,0.0,0.0,,,1,,,,,,ve,0.0435
grid7,16,7,1.75,0.5,211,mf,0.3746292590247122,0.5334309513619955,0.3784097612316124,0.3632877524040118,1,33,,,,,ve,0.0121
grid7,16,7,1.75,0.5,211,lbp,0.1258649019886317,0.21493889867959953,0.1261889438565168,0.12489277638497646,1,100,7.593577317499545e-07,,,,ve,0.0385
grid7,16,7,1.75,0.5,211,gibbs,0.013520278184949126,0.023549882818369255,0.013371950592854237,0.013965260961233796,1,2000,,1183.0,1.00353,2000,ve,6.5569
grid7,16,7,2.5,0.5,211,exact,0.0,0.0,,,1,,,,,,ve,0.0342
grid7,16,7,2.5,0.5,211,mf,0.166142192178669,0.2172060312493635,0.167917990323277,0.16081479774484497,1,9,,,,,ve,0.0028
grid7,16,7,2.5,0.5,211,lbp,0.14525998732387094,0.1568794645085328,0.1461144936000414,0.14269646849535955,1,46,3.1103785869124323e-07,,,,ve,0.0102
grid7,16,7,2.5,0.5,211,gibbs,0.08301859681983656,0.08805005441826369,0.08372297927376254,0.08090544945805861,0,2000,,396.5,1.01569,2000,ve,6.7441
grid7,16,7,4.0,0.5,211,exact,0.0,0.0,,,1,,,,,,ve,0.0476
grid7,16,7,4.0,0.5,211,mf,0.16049445264353102,0.1609229628907561,0.16053501182565968,0.16037277509714493,1,6,,,,,ve,0.0028
grid7,16,7,4.0,0.5,211,lbp,0.16037154418436683,0.16057765865276394,0.16040571557780436,0.1602690300040542,1,35,2.64688650997158e-07,,,,ve,0.0131
grid7,16,7,4.0,0.5,211,gibbs,0.18697376301357224,0.1871395835844149,0.1870181679097036,0.1868405483251782,0,2000,,5.2,2.14386,2000,ve,6.8513
grid7,16,7,0.0,1.5,211,exact,0.0,0.0,,,1,,,,,,ve,0.0539
grid7,16,7,0.0,1.5,211,mf,7.225394327986523e-16,1.078998002057574e-15,6.892273210490352e-16,8.224757680475037e-16,1,1,,,,,ve,0.0012
grid7,16,7,0.0,1.5,211,lbp,7.507015842289633e-16,1.222980050563649e-15,7.082731392123639e-16,8.779869192787615e-16,1,3,0.0,,,,ve,0.0016
grid7,16,7,0.0,1.5,211,gibbs,8.760556841590217e-15,1.4856171848265376e-14,8.327883377114617e-15,1.0058577235017019e-14,1,2000,,8030.2,1.00025,2000,ve,6.8683
grid7,16,7,0.1,1.5,211,exact,0.0,0.0,,,1,,,,,,ve,0.0488
grid7,16,7,0.1,1.5,211,mf,0.00026720904963916335,0.0005108412748765327,0.000306075395437259,0.00015061001224487636,1,3,,,,,ve,0.0015
grid7,16,7,0.1,1.5,211,lbp,1.8308009621023082e-07,3.1592890356070547e-07,1.8857031516468343e-07,1.6660943934687297e-07,1,16,1.680977148310614e-07,,,,ve,0.0065
grid7,16,7,0.1,1.5,211,gibbs,0.00023639739287550546,0.00045407435469046846,0.00023949595038534884,0.0002271017203459753,1,2000,,8268.5,1.00008,2000,ve,7.2067
grid7,16,7,0.25,1.5,211,exact,0.0,0.0,,,1,,,,,,ve,0.0529
grid7,16,7,0.25,1.5,211,mf,0.001722681270159749,0.003311220164509751,0.0019733558735230824,0.000970657460069749,1,4,,,,,ve,0.0024
grid7,16,7,0.25,1.5,211,lbp,4.1070930653050485e-06,7.949447815805855e-06,4.370634695171091e-06,3.3164681757069225e-06,1,17,2.1708652420127095e-07,,,,ve,0.0069
grid7,16,7,0.25,1.5,211,gibbs,0.0006596148563983364,0.001390115726362497,0.0006616548877357896,0.0006534947623859763,1,2000,,8152.9,1.00008,2000,ve,7.1759
grid7,16,7,0.5,1.5,211,exact,0.0,0.0,,,1,,,,,,ve,0.0732
grid7,16,7,0.5,1.5,211,mf,0.007323722800523407,0.01477470201408889,0.008349201649665428,0.004247286253097341,1,6,,,,,ve,0.0041
grid7,16,7,0.5,1.5,211,lbp,8.55416497304708e-05,0.00016603207780449243,9.148382217981702e-05,6.771513238243215e-05,1,19,2.18168742238678e-07,,,,ve,0.0073
grid7,16,7,0.5,1.5,211,gibbs,0.0013643357773468377,0.003463505591960434,0.0013029657160212194,0.0015484459613236924,1,2000,,8045.1,1.0002,2000,ve,7.1554
grid7,16,7,0.75,1.5,211,exact,0.0,0.0,,,1,,,,,,ve,0.0518
grid7,16,7,0.75,1.5,211,mf,0.01778183467281983,0.0391346565381234,0.020074455977771157,0.010903970757965852,1,9,,,,,ve,0.0051
grid7,16,7,0.75,1.5,211,lbp,0.0005757824423696643,0.0010711253948766726,0.0006153861116748355,0.00045697143445415085,1,22,2.690097221924592e-07,,,,ve,0.0131
grid7,16,7,0.75,1.5,211,gibbs,0.0022728986995283274,0.006055534207760688,0.002059957683782884,0.0029117217467646596,1,2000,,7138.8,1.00033,2000,ve,7.0895
grid7,16,7,1.0,1.5,211,exact,0.0,0.0,,,1,,,,,,ve,0.0572
grid7,16,7,1.0,1.5,211,mf,0.03572294096526716,0.0881885744879326,0.04034081967397856,0.021869304839132957,1,14,,,,,ve,0.0066
grid7,16,7,1.0,1.5,211,lbp,0.0024261292967758565,0.00459783770312213,0.002597920645269317,0.001910755251295476,1,27,3.4920336031141197e-07,,,,ve,0.0145
grid7,16,7,1.0,1.5,211,gibbs,0.0029687101271550576,0.006604291595035679,0.0027143002423607576,0.003731939781537957,1,2000,,6532.4,1.00016,2000,ve,7.1102
grid7,16,7,1.3,1.5,211,exact,0.0,0.0,,,1,,,,,,ve,0.0562
grid7,16,7,1.3,1.5,211,mf,0.0872744516649685,0.24947372665756865,0.09672650850435717,0.0589182811468025,1,30,,,,,ve,0.0139
grid7,16,7,1.3,1.5,211,lbp,0.010043074414640708,0.01948332339193888,0.010650078744370683,0.008222061425450775,1,38,5.246076832388091e-07,,,,ve,0.015
grid7,16,7,1.3,1.5,211,gibbs,0.005660953088831784,0.011652306759601974,0.004772785486297472,0.008325455896434719,1,2000,,5228.4,1.0004,2000,ve,6.9756
grid7,16,7,1.75,1.5,211,exact,0.0,0.0,,,1,,,,,,ve,0.0533
grid7,16,7,1.75,1.5,211,mf,0.3659688807055397,0.6216407343018088,0.361452416519251,0.3795182732644058,1,71,,,,,ve,0.0338
grid7,16,7,1.75,1.5,211,lbp,0.070289693414024,0.16173468180188266,0.07191668461775046,0.0654087198028446,1,113,8.018209265436838e-07,,,,ve,0.0487
grid7,16,7,1.75,1.5,211,gibbs,0.014492133230288064,0.023523302653976473,0.014855726473410956,0.01340135350091939,1,2000,,2327.4,1.00162,2000,ve,6.99
grid7,16,7,2.5,1.5,211,exact,0.0,0.0,,,1,,,,,,ve,0.0645
grid7,16,7,2.5,1.5,211,mf,0.5087613815157102,0.5617988056515086,0.5126818872316629,0.496999864367852,1,18,,,,,ve,0.0102
grid7,16,7,2.5,1.5,211,lbp,0.47097786034137984,0.510398345188396,0.47240390398388293,0.46669972941387095,1,58,4.115872027643519e-07,,,,ve,0.0328
grid7,16,7,2.5,1.5,211,gibbs,0.43085439153930477,0.46145189345719023,0.4315424241146119,0.4287902938133835,1,2000,,738.5,1.00869,2000,ve,6.9644
grid7,16,7,4.0,1.5,211,exact,0.0,0.0,,,1,,,,,,ve,0.0622
grid7,16,7,4.0,1.5,211,mf,0.7490677599308357,0.9969198595073496,0.785349286357221,0.6402231806516806,1,13,,,,,ve,0.0035
grid7,16,7,4.0,1.5,211,lbp,0.523421723197665,0.5241576614647626,0.5235284497822724,0.5231015434438426,1,37,2.3987342145925794e-07,,,,ve,0.0082
grid7,16,7,4.0,1.5,211,gibbs,0.4521306570655465,0.45278653488793547,0.45244360882061835,0.4511918018003311,0,2000,,4.8,2.45346,2000,ve,7.1471
grid7,16,7,0.0,0.5,212,exact,0.0,0.0,,,1,,,,,,ve,0.0417
grid7,16,7,0.0,0.5,212,mf,7.563936456345122e-16,1.2732870313669764e-15,7.436904101802236e-16,7.945033519973776e-16,1,1,,,,,ve,0.0007
grid7,16,7,0.0,0.5,212,lbp,7.516231560755759e-16,1.1622647289044608e-15,7.516412261117841e-16,7.515689459669517e-16,1,3,0.0,,,,ve,0.0009
grid7,16,7,0.0,0.5,212,gibbs,9.138306431011323e-15,1.8658685707606537e-14,9.468193012026246e-15,8.148646687966554e-15,1,2000,,7624.7,0.99996,2000,ve,6.9999
grid7,16,7,0.1,0.5,212,exact,0.0,0.0,,,1,,,,,,ve,0.0408
grid7,16,7,0.1,0.5,212,mf,0.000286626862714654,0.00047531581056005703,0.00026705060512369146,0.0003453556354875416,1,4,,,,,ve,0.0016
grid7,16,7,0.1,0.5,212,lbp,3.087926169686116e-07,5.294851180715626e-07,3.017701896272853e-07,3.298598989925905e-07,1,15,1.9746150237143212e-07,,,,ve,0.008
grid7,16,7,0.1,0.5,212,gibbs,0.00017794727153940746,0.00029374260542925235,0.00018638291659004336,0.00015264033638749978,1,2000,,7573.8,1.00019,2000,ve,7.1964
grid7,16,7,0.25,0.5,212,exact,0.0,0.0,,,1,,,,,,ve,0.0438
grid7,16,7,0.25,0.5,212,mf,0.0018025616634011292,0.003088994504769468,0.0016860671395159989,0.0021520452350565203,1,5,,,,,ve,0.0025
grid7,16,7,0.25,0.5,212,lbp,3.8103679808854335e-06,7.377351963603479e-06,3.324921761446402e-06,5.266706639202529e-06,1,17,1.955733550940142e-07,,,,ve,0.0065
grid7,16,7,0.25,0.5,212,gibbs,0.0004770197307964665,0.0009450894029900906,0.0005035525470259205,0.00039742128210810447,1,2000,,7467.1,1.0001,2000,ve,7.0661
grid7,16,7,0.5,0.5,212,exact,0.0,0.0,,,1,,,,,,ve,0.0358
grid7,16,7,0.5,0.5,212,mf,0.007454688849687806,0.013310272409397493,0.007075087867281425,0.00859349179690695,1,6,,,,,ve,0.002
grid7,16,7,0.5,0.5,212,lbp,8.290134009946592e-05,0.000173677246507355,7.181418403692992e-05,0.00011616280828707394,1,19,2.3228788631479702e-07,,,,ve,0.0062
grid7,16,7,0.5,0.5,212,gibbs,0.00111787296380462,0.0019889413691843412,0.0010863136698469362,0.0012125508456776728,1,2000,,7375.6,0.99997,2000,ve,7.1926
grid7,16,7,0.75,0.5,212,exact,0.0,0.0,,,1,,,,,,ve,0.0477
grid7,16,7,0.75,0.5,212,mf,0.01803887254912623,0.0327610208363026,0.0176076745142284,0.019332466653819727,1,9,,,,,ve,0.0041
grid7,16,7,0.75,0.5,212,lbp,0.0005962763545269506,0.0013198409396045305,0.0005193184090018481,0.0008271501911022582,1,22,2.6261026231377826e-07,,,,ve,0.008
grid7,16,7,0.75,0.5,212,gibbs,0.0018191678351215297,0.0029119065254092254,0.0016879698142948107,0.0022127618976016854,1,2000,,7017.0,0.99998,2000,ve,6.9715
grid7,16,7,1.0,0.5,212,exact,0.0,0.0,,,1,,,,,,ve,0.0772
grid7,16,7,1.0,0.5,212,mf,0.03791488216684734,0.0653644292824691,0.038735802266188855,0.035452121868822795,1,15,,,,,ve,0.0114
grid7,16,7,1.0,0.5,212,lbp,0.0027170088433557515,0.0062079760806230296,0.002418521727117605,0.0036124701920701896,1,27,3.841067186816094e-07,,,,ve,0.0221
grid7,16,7,1.0,0.5,212,gibbs,0.0026298084579497224,0.004122031481807287,0.002578369446468874,0.002784125492392266,1,2000,,6351.6,1.00009,2000,ve,7.0861
grid7,16,7,1.3,0.5,212,exact,0.0,0.0,,,1,,,,,,ve,0.0309
grid7,16,7,1.3,0.5,212,mf,0.11558349850820943,0.220707029336167,0.12087066317456745,0.09972200450913535,1,54,,,,,ve,0.0118
grid7,16,7,1.3,0.5,212,lbp,0.012427035175081796,0.027808959357344017,0.011558550704879577,0.015032488585688444,1,41,5.403267336057116e-07,,,,ve,0.0085
grid7,16,7,1.3,0.5,212,gibbs,0.0066376233433288,0.014488089245373708,0.006351253671676541,0.007496732358285577,1,2000,,4368.7,1.00045,2000,ve,7.2043
grid7,16,7,1.75,0.5,212,exact,0.0,0.0,,,1,,,,,,ve,0.0458
grid7,16,7,1.75,0.5,212,mf,0.4532264209340118,0.5564231512930419,0.43865860995795436,0.4969298538621842,1,102,,,,,ve,0.0371
grid7,16,7,1.75,0.5,212,lbp,0.19502064235200356,0.3172261729188615,0.1731201678439862,0.2607220658760557,1,196,8.47061276731953e-07,,,,ve,0.0665
grid7,16,7,1.75,0.5,212,gibbs,0.022178268868781645,0.0354414374624745,0.020025515666564284,0.028636528475433718,1,2000,,1135.9,1.00143,2000,ve,7.0468
grid7,16,7,2.5,0.5,212,exact,0.0,0.0,,,1,,,,,,ve,0.1532
grid7,16,7,2.5,0.5,212,mf,0.38219365756590146,0.4250006801890053,0.3865106846968595,0.36924257617302747,1,13,,,,,ve,0.003
grid7,16,7,2.5,0.5,212,lbp,0.351851898353689,0.37367217791576546,0.3487534700859318,0.3611471831569607,1,51,4.252967844564637e-07,,,,ve,0.0114
grid7,16,7,2.5,0.5,212,gibbs,0.11333842725285814,0.12079472423473112,0.11240262536151387,0.11614583292689097,0,2000,,64.5,1.07439,2000,ve,7.1908
grid7,16,7,4.0,0.5,212,exact,0.0,0.0,,,1,,,,,,ve,0.0544
grid7,16,7,4.0,0.5,212,mf,0.3407762572493026,0.3412041310804697,0.34078613496454513,0.3407466241035752,1,9,,,,,ve,0.0039
grid7,16,7,4.0,0.5,212,lbp,0.34063939434903634,0.3409502891173913,0.3406146399467529,0.34071365755588656,1,37,2.91575060207272e-07,,,,ve,0.0108
grid7,16,7,4.0,0.5,212,gibbs,0.4800692147832437,0.48095092656356697,0.4799346955973604,0.48047277234089364,0,2000,,4.3,3.7667,2000,ve,7.0821
grid7,16,7,0.0,1.5,212,exact,0.0,0.0,,,1,,,,,,ve,0.0605
grid7,16,7,0.0,1.5,212,mf,7.40808239405033e-16,1.2732870313669764e-15,7.229098685409182e-16,7.945033519973776e-16,1,1,,,,,ve,0.0008
grid7,16,7,0.0,1.5,212,lbp,7.361461700633454e-16,1.1796119636642288e-15,7.310052447621432e-16,7.515689459669517e-16,1,3,0.0,,,,ve,0.0013
grid7,16,7,0.0,1.5,212,gibbs,8.442573896927374e-15,1.5291587440735555e-14,8.540549633247648e-15,8.148646687966554e-15,1,2000,,7533.9,0.99998,2000,ve,7.5292
grid7,16,7,0.1,1.5,212,exact,0.0,0.0,,,1,,,,,,ve,0.0507
grid7,16,7,0.1,1.5,212,mf,0.0003136712880731083,0.00046666796221120615,0.00031832303007032754,0.00029971606208145044,1,3,,,,,ve,0.0016
grid7,16,7,0.1,1.5,212,lbp,1.692247611102815e-07,2.830739000642471e-07,1.5596193363750892e-07,2.0901324352859928e-07,1,16,1.459160401950932e-07,,,,ve,0.0049
grid7,16,7,0.1,1.5,212,gibbs,0.00019397854705224913,0.0003404284834289794,0.00019685083563660347,0.0001853616812991861,1,2000,,7477.6,0.99993,2000,ve,7.3625
grid7,16,7,0.25,1.5,212,exact,0.0,0.0,,,1,,,,,,ve,0.0745
grid7,16,7,0.25,1.5,212,mf,0.00197588494865942,0.0030231080019239055,0.002029292998503932,0.0018156607991258833,1,4,,,,,ve,0.0022
grid7,16,7,0.25,1.5,212,lbp,2.612321983170901e-06,6.23915477478143e-06,2.212330379326678e-06,3.81229679470357e-06,1,17,2.1074784786745404e-07,,,,ve,0.0091
grid7,16,7,0.25,1.5,212,gibbs,0.00048509653893597437,0.000951243199318442,0.0005152187517792039,0.0003947299004062861,1,2000,,7647.7,0.99999,2000,ve,7.7418
grid7,16,7,0.5,1.5,212,exact,0.0,0.0,,,1,,,,,,ve,0.0473
grid7,16,7,0.5,1.5,212,mf,0.008028532724487026,0.013360209634835089,0.008386944821765248,0.006953296432652357,1,6,,,,,ve,0.0025
grid7,16,7,0.5,1.5,212,lbp,5.838640937335803e-05,0.00015112555816704232,4.8179521880686934e-05,8.900707185137131e-05,1,19,2.5669716979814794e-07,,,,ve,0.0059
grid7,16,7,0.5,1.5,212,gibbs,0.000965695797032456,0.0017213819469459428,0.0010180230517227338,0.0008087140329616231,1,2000,,7632.8,0.99983,2000,ve,7.8546
grid7,16,7,0.75,1.5,212,exact,0.0,0.0,,,1,,,,,,ve,0.0445
grid7,16,7,0.75,1.5,212,mf,0.018946857984190258,0.0335018991786309,0.019595380404263108,0.017001290723971704,1,8,,,,,ve,0.0029
grid7,16,7,0.75,1.5,212,lbp,0.00044162295976351836,0.0012213455689353107,0.00035778642494057504,0.0006931325642323483,1,22,3.8147269709742915e-07,,,,ve,0.0094
grid7,16,7,0.75,1.5,212,gibbs,0.0018754307684111923,0.003113976150090423,0.0018608626668286542,0.0019191350731588071,1,2000,,7412.9,0.99981,2000,ve,7.4255
grid7,16,7,1.0,1.5,212,exact,0.0,0.0,,,1,,,,,,ve,0.0596
grid7,16,7,1.0,1.5,212,mf,0.03750081675495369,0.06751447852100818,0.038448645730753434,0.03465732982755443,1,12,,,,,ve,0.0072
grid7,16,7,1.0,1.5,212,lbp,0.002095746322247688,0.005956880356633481,0.0017034013072041176,0.003272781367378399,1,28,4.778442074249156e-07,,,,ve,0.0136
grid7,16,7,1.0,1.5,212,gibbs,0.003717640945228619,0.009084241891633291,0.0037003595804596576,0.003769485039535504,1,2000,,6098.8,1.00011,2000,ve,7.4998
grid7,16,7,1.3,1.5,212,exact,0.0,0.0,,,1,,,,,,ve,0.0543
grid7,16,7,1.3,1.5,212,mf,0.08362332254972252,0.13742790125739307,0.08300054947684642,0.08549164176835083,1,33,,,,,ve,0.0185
grid7,16,7,1.3,1.5,212,lbp,0.009045458734289842,0.023458149918888883,0.00774712138772204,0.012940470773993247,1,44,5.609806197903744e-07,,,,ve,0.0247
grid7,16,7,1.3,1.5,212,gibbs,0.007899966199988404,0.011525530657135014,0.00758971017614776,0.008830734271510337,1,2000,,3422.1,1.00025,2000,ve,8.0919
grid7,16,7,1.75,1.5,212,exact,0.0,0.0,,,1,,,,,,ve,0.0512
grid7,16,7,1.75,1.5,212,mf,0.29388728847233186,0.39396505527717607,0.27105076284286383,0.36239686536073606,1,24,,,,,ve,0.0099
grid7,16,7,1.75,1.5,212,lbp,0.11721291958739327,0.20775647032780084,0.0991722606574605,0.17133489637719163,1,112,8.094501973143764e-07,,,,ve,0.044
grid7,16,7,1.75,1.5,212,gibbs,0.015890401549658158,0.029091583104112292,0.015207350898635763,0.017939553502725344,1,2000,,1166.7,1.00066,2000,ve,7.3153
grid7,16,7,2.5,1.5,212,exact,0.0,0.0,,,1,,,,,,ve,0.0447
grid7,16,7,2.5,1.5,212,mf,0.10891552252574575,0.17628685916731296,0.11742973726550228,0.08337287830647613,1,34,,,,,ve,0.0142
grid7,16,7,2.5,1.5,212,lbp,0.07229354341576391,0.08329188565849757,0.0718253611085262,0.073698090337477,1,50,4.266264844732248e-07,,,,ve,0.0224
grid7,16,7,2.5,1.5,212,gibbs,0.03394003913521336,0.037901337501804994,0.03379074342184671,0.034387926275313285,0,2000,,597.3,1.01165,2000,ve,7.3308
grid7,16,7,4.0,1.5,212,exact,0.0,0.0,,,1,,,,,,ve,0.0622
grid7,16,7,4.0,1.5,212,mf,0.044890648765803225,0.045102308169177534,0.04491422329245446,0.04481992518584953,1,11,,,,,ve,0.0089
grid7,16,7,4.0,1.5,212,lbp,0.04476725030669567,0.044811388287153205,0.04476632931499116,0.0447700132818092,1,38,2.0255088239995445e-07,,,,ve,0.0302
grid7,16,7,4.0,1.5,212,gibbs,0.7385319971898352,0.7397787613929165,0.7384767436810726,0.7386977577161236,0,2000,,4.4,3.37414,2000,ve,7.0695
grid7,16,7,0.0,0.5,213,exact,0.0,0.0,,,1,,,,,,ve,0.0501
grid7,16,7,0.0,0.5,213,mf,7.490481759159229e-16,1.1969591984239969e-15,7.69169161233633e-16,6.886852199627924e-16,1,1,,,,,ve,0.0007
grid7,16,7,0.0,0.5,213,lbp,7.690517059982804e-16,1.1761425167122752e-15,7.861549952692393e-16,7.177418381854039e-16,1,3,0.0,,,,ve,0.0024
grid7,16,7,0.0,0.5,213,gibbs,9.823034313044543e-15,1.5171891520893155e-14,1.0555864631463704e-14,7.624543357787061e-15,1,2000,,7549.0,1.00005,2000,ve,7.4098
grid7,16,7,0.1,0.5,213,exact,0.0,0.0,,,1,,,,,,ve,0.0544
grid7,16,7,0.1,0.5,213,mf,0.000254624239076008,0.00047336170897735626,0.0002602145445675162,0.00023785332260148361,1,3,,,,,ve,0.0016
grid7,16,7,0.1,0.5,213,lbp,2.620333780641525e-07,4.026942369075859e-07,2.528646395332853e-07,2.895395936567541e-07,1,15,2.347315566086916e-07,,,,ve,0.0066
grid7,16,7,0.1,0.5,213,gibbs,0.00028197874266495726,0.00046862807530209053,0.00028578242926270806,0.0002705676828717049,1,2000,,7670.3,1.0001,2000,ve,7.2688
grid7,16,7,0.25,0.5,213,exact,0.0,0.0,,,1,,,,,,ve,0.042
grid7,16,7,0.25,0.5,213,mf,0.0016015817753344225,0.0030154155688752356,0.0016553775370920368,0.001440194490061579,1,4,,,,,ve,0.0019
grid7,16,7,0.25,0.5,213,lbp,4.200260545391787e-06,8.201885470262432e-06,4.237539303280959e-06,4.088424271724272e-06,1,17,1.9224843994525287e-07,,,,ve,0.0053
grid7,16,7,0.25,0.5,213,gibbs,0.0007610671780946605,0.001232156871519812,0.0007541504056019669,0.0007818174955727412,1,2000,,7718.1,1.00009,2000,ve,7.2321
grid7,16,7,0.5,0.5,213,exact,0.0,0.0,,,1,,,,,,ve,0.0501
grid7,16,7,0.5,0.5,213,mf,0.00661446366329488,0.012550908895211394,0.006891700803501989,0.0057827522426735535,1,6,,,,,ve,0.0022
grid7,16,7,0.5,0.5,213,lbp,8.885972833686743e-05,0.00018057180693883262,9.134971672989358e-05,8.138976315778899e-05,1,19,2.2235054411567923e-07,,,,ve,0.008
grid7,16,7,0.5,0.5,213,gibbs,0.0014563085074971558,0.002650701366512926,0.0014535750657770283,0.0014645088326575384,1,2000,,7543.3,1.0004,2000,ve,7.1096
grid7,16,7,0.75,0.5,213,exact,0.0,0.0,,,1,,,,,,ve,0.0701
grid7,16,7,0.75,0.5,213,mf,0.015936027037515475,0.02982396173886812,0.016729477731406595,0.01355567495584211,1,8,,,,,ve,0.0053
grid7,16,7,0.75,0.5,213,lbp,0.0006173225020443618,0.0012677514247827204,0.0006498479762289067,0.0005197460794907269,1,22,3.180123279433733e-07,,,,ve,0.0115
grid7,16,7,0.75,0.5,213,gibbs,0.0023537938358639578,0.0035499539888609296,0.0025217891078511794,0.0018498080199022926,1,2000,,7134.7,1.0008,2000,ve,7.2068
grid7,16,7,1.0,0.5,213,exact,0.0,0.0,,,1,,,,,,ve,0.0509
grid7,16,7,1.0,0.5,213,mf,0.03129301347095936,0.06296543795689655,0.0332330434650466,0.02547292348869765,1,11,,,,,ve,0.0042
grid7,16,7,1.0,0.5,213,lbp,0.002691271333326432,0.006068359663862252,0.0028773858238843116,0.0021329278616527905,1,28,3.7584681039648515e-07,,,,ve,0.0136
grid7,16,7,1.0,0.5,213,gibbs,0.0038176560595637836,0.005543263711554646,0.004000813180849603,0.0032681846957063228,1,2000,,6308.1,1.00099,2000,ve,7.3578
grid7,16,7,1.3,0.5,213,exact,0.0,0.0,,,1,,,,,,ve,0.0464
grid7,16,7,1.3,0.5,213,mf,0.06501463202523079,0.15094969252418045,0.06832183714497976,0.055093016665983846,1,25,,,,,ve,0.0088
grid7,16,7,1.3,0.5,213,lbp,0.01143688553865434,0.026722225356414296,0.012310107429148046,0.008817219867173223,1,42,5.519258831077067e-07,,,,ve,0.0132
grid7,16,7,1.3,0.5,213,gibbs,0.007833992202459015,0.01400162166098027,0.007905002158045469,0.0076209623356996515,1,2000,,4044.4,1.0001,2000,ve,7.2335
grid7,16,7,1.75,0.5,213,exact,0.0,0.0,,,1,,,,,,ve,0.0834
grid7,16,7,1.75,0.5,213,mf,0.4815201189677658,0.587990647480223,0.501192000452576,0.42250447451333495,1,23,,,,,ve,0.01
grid7,16,7,1.75,0.5,213,lbp,0.2279229052304706,0.34169644333667665,0.2295280571951275,0.22310744933649995,1,168,8.522322453297093e-07,,,,ve,0.0609
grid7,16,7,1.75,0.5,213,gibbs,0.028234705113541238,0.037719843884320294,0.02801347320261835,0.02889840084630991,1,2000,,992.8,1.00454,2000,ve,8.3774
grid7,16,7,2.5,0.5,213,exact,0.0,0.0,,,1,,,,,,ve,0.0607
grid7,16,7,2.5,0.5,213,mf,0.38166022480546463,0.4119629607219709,0.38282383949691673,0.37816938073110834,1,10,,,,,ve,0.0051
grid7,16,7,2.5,0.5,213,lbp,0.36513649701093925,0.38518252099582084,0.3680562206953839,0.3563773259576053,1,46,3.569118000035232e-07,,,,ve,0.0174
grid7,16,7,2.5,0.5,213,gibbs,0.1137804660860286,0.12053187937040334,0.11437069602982691,0.11200977625463371,0,2000,,42.8,1.11534,2000,ve,10.8115
grid7,16,7,4.0,0.5,213,exact,0.0,0.0,,,1,,,,,,ve,0.0541
grid7,16,7,4.0,0.5,213,mf,0.6346745248815003,0.98224444256541,0.6643064088160666,0.5457788730778013,1,9,,,,,ve,0.004
grid7,16,7,4.0,0.5,213,lbp,0.405475707231562,0.40598627754122796,0.4055957980741818,0.40511543470370254,1,36,1.857853613174143e-07,,,,ve,0.0156
grid7,16,7,4.0,0.5,213,gibbs,0.5272513530901204,0.5282853177207866,0.5274474892330724,0.5266629446612643,0,2000,,4.3,3.7816,2000,ve,11.1586
grid7,16,7,0.0,1.5,213,exact,0.0,0.0,,,1,,,,,,ve,0.0627
grid7,16,7,0.0,1.5,213,mf,6.933608418316362e-16,1.186550857568136e-15,6.804633534881107e-16,7.320533068622126e-16,1,1,,,,,ve,0.0007
grid7,16,7,0.0,1.5,213,lbp,7.083363843390922e-16,1.1761425167122752e-15,6.916125658285033e-16,7.585078398708589e-16,1,3,0.0,,,,ve,0.0021
grid7,16,7,0.0,1.5,213,gibbs,8.09419263385347e-15,1.355512924128277e-14,8.264331059770758e-15,7.583777356101606e-15,1,2000,,7770.7,1.00038,2000,ve,11.5508
grid7,16,7,0.1,1.5,213,exact,0.0,0.0,,,1,,,,,,ve,0.058
grid7,16,7,0.1,1.5,213,mf,0.000284708898333472,0.00048767427746891395,0.0003064801689692353,0.00021939508642618245,1,4,,,,,ve,0.0043
grid7,16,7,0.1,1.5,213,lbp,1.725202487255534e-07,3.0332134899613283e-07,1.7331070770502076e-07,1.7014887178715132e-07,1,16,1.5933714783700204e-07,,,,ve,0.0154
grid7,16,7,0.1,1.5,213,gibbs,0.00023916395921961877,0.0005507270586842337,0.0002569313769879083,0.0001858617059147501,1,2000,,7904.1,1.00049,2000,ve,11.3023
grid7,16,7,0.25,1.5,213,exact,0.0,0.0,,,1,,,,,,ve,0.075
grid7,16,7,0.25,1.5,213,mf,0.001827179193064272,0.0032709581499298125,0.0019785139861959182,0.0013731748136693335,1,4,,,,,ve,0.0051
grid7,16,7,0.25,1.5,213,lbp,3.504939528695605e-06,6.0082207317783964e-06,3.7705921622320994e-06,2.7079816280861212e-06,1,17,2.3032672413769717e-07,,,,ve,0.0183
grid7,16,7,0.25,1.5,213,gibbs,0.0006495021493819343,0.0013237186687413624,0.0007126170663265341,0.0004601573985481349,1,2000,,7806.3,1.00036,2000,ve,11.3188
grid7,16,7,0.5,1.5,213,exact,0.0,0.0,,,1,,,,,,ve,0.1352
grid7,16,7,0.5,1.5,213,mf,0.007748853419881267,0.01478239461516708,0.00842564725777986,0.005718471906185487,1,6,,,,,ve,0.0028
grid7,16,7,0.5,1.5,213,lbp,7.364049400748736e-05,0.00013842999442721313,8.09587228197516e-05,5.168580757069466e-05,1,19,3.03758979885993e-07,,,,ve,0.0076
grid7,16,7,0.5,1.5,213,gibbs,0.0016522689879589982,0.003864192916012861,0.0018077671080667154,0.0011857746276358462,1,2000,,7625.2,1.00016,2000,ve,10.8394
grid7,16,7,0.75,1.5,213,exact,0.0,0.0,,,1,,,,,,ve,0.097
grid7,16,7,0.75,1.5,213,mf,0.018621272284774212,0.03780599837759219,0.020329562392681844,0.013496401961051311,1,8,,,,,ve,0.0076
grid7,16,7,0.75,1.5,213,lbp,0.000513173392088526,0.001040824749353405,0.0005733674129815595,0.00033259132940942565,1,22,3.6320868238015613e-07,,,,ve,0.0206
grid7,16,7,0.75,1.5,213,gibbs,0.002657425374878659,0.005031654946488259,0.002842841698903554,0.002101176402803973,1,2000,,7124.0,1.00062,2000,ve,11.1254
grid7,16,7,1.0,1.5,213,exact,0.0,0.0,,,1,,,,,,ve,0.073
grid7,16,7,1.0,1.5,213,mf,0.035853136024621035,0.07670837075842245,0.03937052809804511,0.025300959804348804,1,11,,,,,ve,0.0065
grid7,16,7,1.0,1.5,213,lbp,0.002237849496211309,0.004710070333807711,0.0025094750775227575,0.0014229727522769651,1,27,3.608094541751594e-07,,,,ve,0.015
grid7,16,7,1.0,1.5,213,gibbs,0.004625034589110933,0.009707442708534908,0.004721098546037035,0.004336842718332625,1,2000,,6021.2,1.00042,2000,ve,11.4042
grid7,16,7,1.3,1.5,213,exact,0.0,0.0,,,1,,,,,,ve,0.1463
grid7,16,7,1.3,1.5,213,mf,0.07138663188087938,0.18401302244859222,0.07770834287322058,0.052421498903855744,1,21,,,,,ve,0.0105
grid7,16,7,1.3,1.5,213,lbp,0.00932707160474,0.018424496782385027,0.010415745353257065,0.006061050359188809,1,37,5.65123618845309e-07,,,,ve,0.0159
grid7,16,7,1.3,1.5,213,gibbs,0.009701070927402385,0.01716800189027371,0.009761919615102995,0.009518524864300557,1,2000,,4667.7,1.00028,2000,ve,10.9596
grid7,16,7,1.75,1.5,213,exact,0.0,0.0,,,1,,,,,,ve,0.137
grid7,16,7,1.75,1.5,213,mf,0.4148714047006191,0.6062205678292424,0.3965133940391095,0.4699454366851479,1,41,,,,,ve,0.0243
grid7,16,7,1.75,1.5,213,lbp,0.08079572116541242,0.17002864397665474,0.09105329464179542,0.050023000736263465,1,132,8.431368463956979e-07,,,,ve,0.0626
grid7,16,7,1.75,1.5,213,gibbs,0.009714319728935905,0.015062912647062374,0.009297302331391616,0.01096537192156877,1,2000,,1466.9,1.00044,2000,ve,11.3864
grid7,16,7,2.5,1.5,213,exact,0.0,0.0,,,1,,,,,,ve,0.1693
grid7,16,7,2.5,1.5,213,mf,0.4420020698621778,0.5052904735767016,0.4381761254528647,0.45347990309011693,1,16,,,,,ve,0.0109
grid7,16,7,2.5,1.5,213,lbp,0.41421177169269974,0.4564480537984418,0.4094255999346716,0.4285702869667844,1,60,4.6022144906121554e-07,,,,ve,0.033
grid7,16,7,2.5,1.5,213,gibbs,0.29540810591756794,0.3132816326211899,0.29509364779337716,0.29635148029014047,0,2000,,133.2,1.02904,2000,ve,10.7332
grid7,16,7,4.0,1.5,213,exact,0.0,0.0,,,1,,,,,,ve,0.0656
grid7,16,7,4.0,1.5,213,mf,0.4295587312064846,0.43041416304400715,0.4295619527498975,0.42954906657624564,1,12,,,,,ve,0.008
grid7,16,7,4.0,1.5,213,lbp,0.4293439572546614,0.4299295605961933,0.4292966517139422,0.42948587387681914,1,39,2.1569889785411078e-07,,,,ve,0.0281
grid7,16,7,4.0,1.5,213,gibbs,0.6814873754161737,0.6828096911632375,0.6817070077158226,0.6808284785172265,0,2000,,4.4,3.62851,2000,ve,10.7309
grid7,16,7,0.0,0.5,214,exact,0.0,0.0,,,1,,,,,,ve,0.1204
grid7,16,7,0.0,0.5,214,mf,6.443955612167596e-16,1.124100812432971e-15,6.828305282313707e-16,5.290906601729262e-16,1,1,,,,,ve,0.0007
grid7,16,7,0.0,0.5,214,lbp,6.755663736757178e-16,1.1275702593849246e-15,7.178863984750686e-16,5.486062992776652e-16,1,3,0.0,,,,ve,0.0011
grid7,16,7,0.0,0.5,214,gibbs,9.31541085588683e-15,1.591868997730117e-14,8.788759650601996e-15,1.0895364471741331e-14,1,2000,,7275.7,1.00019,2000,ve,10.8803
grid7,16,7,0.1,0.5,214,exact,0.0,0.0,,,1,,,,,,ve,0.0442
grid7,16,7,0.1,0.5,214,mf,0.00029232101892521004,0.0004893258552494933,0.00028396900315893727,0.0003173770662240284,1,3,,,,,ve,0.0013
grid7,16,7,0.1,0.5,214,lbp,3.271514113542648e-07,6.103260287958212e-07,3.1760177541932146e-07,3.5580031915909485e-07,1,15,2.442729955254297e-07,,,,ve,0.005
grid7,16,7,0.1,0.5,214,gibbs,0.0002517501968294246,0.00043223626668057683,0.0002565326173157171,0.00023740293537054692,1,2000,,7436.0,1.0003,2000,ve,10.6722
grid7,16,7,0.25,0.5,214,exact,0.0,0.0,,,1,,,,,,ve,0.0692
grid7,16,7,0.25,0.5,214,mf,0.0018645658263770394,0.003324764214498079,0.0017986393300800981,0.0020623453152678623,1,4,,,,,ve,0.0029
grid7,16,7,0.25,0.5,214,lbp,5.088910590245882e-06,1.1136843451004484e-05,4.752341551744653e-06,6.098617705749569e-06,1,17,2.1177135278716008e-07,,,,ve,0.0094
grid7,16,7,0.25,0.5,214,gibbs,0.0006377832568749899,0.0012436490360698861,0.0006422236134310012,0.0006244621872069556,1,2000,,7621.3,1.00009,2000,ve,10.7075
grid7,16,7,0.5,0.5,214,exact,0.0,0.0,,,1,,,,,,ve,0.0847
grid7,16,7,0.5,0.5,214,mf,0.007916354640527012,0.01563068991857704,0.007547973585827733,0.009021497804624851,1,6,,,,,ve,0.0035
grid7,16,7,0.5,0.5,214,lbp,0.0001056900215944674,0.00021484869603403262,9.968290497563323e-05,0.0001237113714509699,1,20,1.796545189836074e-07,,,,ve,0.0138
grid7,16,7,0.5,0.5,214,gibbs,0.0014124871757811622,0.0033438439067931328,0.001476649283215067,0.0012200008534794479,1,2000,,7156.0,1.00025,2000,ve,9.8037
grid7,16,7,0.75,0.5,214,exact,0.0,0.0,,,1,,,,,,ve,0.0834
grid7,16,7,0.75,0.5,214,mf,0.01983389801001198,0.04293196070126054,0.018484614067859347,0.023881749836469877,1,9,,,,,ve,0.0088
grid7,16,7,0.75,0.5,214,lbp,0.0007384022879709204,0.0013761991375009506,0.0007134080879316625,0.0008133848880886941,1,22,3.561796607376433e-07,,,,ve,0.0194
grid7,16,7,0.75,0.5,214,gibbs,0.002557465696720363,0.006700613376923403,0.0026736365222318963,0.0022089532201857625,1,2000,,6662.6,1.0002,2000,ve,10.0573
grid7,16,7,1.0,0.5,214,exact,0.0,0.0,,,1,,,,,,ve,0.0664
grid7,16,7,1.0,0.5,214,mf,0.04221054071417672,0.09920870461752458,0.03824513264373156,0.054106764925512175,1,14,,,,,ve,0.0072
grid7,16,7,1.0,0.5,214,lbp,0.003317127074682932,0.005883792242338162,0.0032798043803564177,0.0034290951576624743,1,28,4.878384523010482e-07,,,,ve,0.0131
grid7,16,7,1.0,0.5,214,gibbs,0.003877593455188277,0.009596927746202712,0.003968663772668478,0.003604382502747673,1,2000,,6022.0,0.99991,2000,ve,9.4736
grid7,16,7,1.3,0.5,214,exact,0.0,0.0,,,1,,,,,,ve,0.069
grid7,16,7,1.3,0.5,214,mf,0.11794955118673445,0.27362701208535845,0.10887619794040572,0.14516961092572062,1,29,,,,,ve,0.0201
grid7,16,7,1.3,0.5,214,lbp,0.015574865683614795,0.027763438154521425,0.015436916712467516,0.015988712597056642,1,46,6.114827459657857e-07,,,,ve,0.0351
grid7,16,7,1.3,0.5,214,gibbs,0.004996102218613719,0.01059880654015359,0.005113948410755922,0.004642563642187109,1,2000,,3426.2,1.00051,2000,ve,9.7964
grid7,16,7,1.75,0.5,214,exact,0.0,0.0,,,1,,,,,,ve,0.0798
grid7,16,7,1.75,0.5,214,mf,0.44203322625058705,0.7324954584303949,0.44582898705696694,0.43064594383144755,1,46,,,,,ve,0.048
grid7,16,7,1.75,0.5,214,lbp,0.19432391192186843,0.28731908329348854,0.1997607124182789,0.17801351043263705,1,107,6.910039481722308e-07,,,,ve,0.0609
grid7,16,7,1.75,0.5,214,gibbs,0.01512306961985456,0.027708443812160845,0.015355747848687462,0.01442503493335585,0,2000,,477.1,1.0104,2000,ve,9.7181
grid7,16,7,2.5,0.5,214,exact,0.0,0.0,,,1,,,,,,ve,0.1265
grid7,16,7,2.5,0.5,214,mf,0.9558470532900895,0.986201342778906,0.9527918757741167,0.9650125858380069,1,33,,,,,ve,0.0237
grid7,16,7,2.5,0.5,214,lbp,0.02987121268751545,0.03232465031088587,0.02981030638490396,0.0300539315953499,1,45,3.0013280000185105e-07,,,,ve,0.0281
grid7,16,7,2.5,0.5,214,gibbs,0.015611657386752537,0.019341694598995145,0.01615525840726525,0.013980854325214395,0,2000,,235.1,1.01641,2000,ve,9.9482
grid7,16,7,4.0,0.5,214,exact,0.0,0.0,,,1,,,,,,ve,0.0539
grid7,16,7,4.0,0.5,214,mf,0.5055747538513224,0.991554900709581,0.42534233322166926,0.7462720157402822,1,9,,,,,ve,0.0042
grid7,16,7,4.0,0.5,214,lbp,0.022473097730231057,0.022512370059443773,0.02246590486389005,0.022494676329254067,1,35,2.2118512016389147e-07,,,,ve,0.0141
grid7,16,7,4.0,0.5,214,gibbs,0.985320960414853,0.9874128656548864,0.9852918777653903,0.9854082083632403,0,2000,,5.2,2.12278,2000,ve,10.1496
grid7,16,7,0.0,1.5,214,exact,0.0,0.0,,,1,,,,,,ve,0.1598
grid7,16,7,0.0,1.5,214,mf,6.106497685981482e-16,1.1709383462843448e-15,6.378361380732223e-16,5.290906601729262e-16,1,1,,,,,ve,0.0008
grid7,16,7,0.0,1.5,214,lbp,6.449918724116266e-16,1.1986939218999737e-15,6.771203967896137e-16,5.486062992776652e-16,1,3,0.0,,,,ve,0.0011
grid7,16,7,0.0,1.5,214,gibbs,9.69111401370737e-15,1.698684595763389e-14,9.289697194362715e-15,1.0895364471741331e-14,1,2000,,7494.5,1.00021,2000,ve,9.8685
grid7,16,7,0.1,1.5,214,exact,0.0,0.0,,,1,,,,,,ve,0.1023
grid7,16,7,0.1,1.5,214,mf,0.0002946274107940485,0.0005689545211823572,0.0002911688469381852,0.00030500310236163857,1,3,,,,,ve,0.0041
grid7,16,7,0.1,1.5,214,lbp,1.8841978179041582e-07,3.087332070654536e-07,1.9047571555595144e-07,1.82251980493809e-07,1,16,1.342916413349382e-07,,,,ve,0.0111
grid7,16,7,0.1,1.5,214,gibbs,0.000238647470734088,0.0003641679687136669,0.00023895712349863228,0.00023771851244045513,1,2000,,7666.6,1.00032,2000,ve,10.1691
grid7,16,7,0.25,1.5,214,exact,0.0,0.0,,,1,,,,,,ve,0.0434
grid7,16,7,0.25,1.5,214,mf,0.0018740000524841574,0.0037556091391002036,0.0018220653216404774,0.002029804245015198,1,4,,,,,ve,0.0017
grid7,16,7,0.25,1.5,214,lbp,3.4337631113997603e-06,8.20325456939077e-06,3.438150610219386e-06,3.420600614940884e-06,1,18,1.5887369950173813e-07,,,,ve,0.0061
grid7,16,7,0.25,1.5,214,gibbs,0.0005827173473116202,0.0010749398364801174,0.0005814063743846151,0.0005866502660926353,1,2000,,7476.5,1.00045,2000,ve,10.8508
grid7,16,7,0.5,1.5,214,exact,0.0,0.0,,,1,,,,,,ve,0.0414
grid7,16,7,0.5,1.5,214,mf,0.007965833183982599,0.016987826405000885,0.007531166088643943,0.009269834469998569,1,6,,,,,ve,0.0024
grid7,16,7,0.5,1.5,214,lbp,7.376452567517679e-05,0.00016634508788094344,7.445902943291798e-05,7.168101440195324e-05,1,20,2.399717172751892e-07,,,,ve,0.0064
grid7,16,7,0.5,1.5,214,gibbs,0.0014966691868355973,0.0031044099518307104,0.001553697820827438,0.0013255832848600754,1,2000,,6825.2,1.00015,2000,ve,10.4793
grid7,16,7,0.75,1.5,214,exact,0.0,0.0,,,1,,,,,,ve,0.0526
grid7,16,7,0.75,1.5,214,mf,0.020584741405802107,0.04685017734447765,0.019042045094592595,0.025212830339430645,1,8,,,,,ve,0.0055
grid7,16,7,0.75,1.5,214,lbp,0.0005063226619879934,0.001122989173518147,0.0005143061335538107,0.0004823722472905418,1,23,2.7630031521064247e-07,,,,ve,0.0134
grid7,16,7,0.75,1.5,214,gibbs,0.002485250047518649,0.005155809600539847,0.002675785624354669,0.0019136433170105869,1,2000,,6429.4,0.99986,2000,ve,10.8318
grid7,16,7,1.0,1.5,214,exact,0.0,0.0,,,1,,,,,,ve,0.1581
grid7,16,7,1.0,1.5,214,mf,0.044192308042170586,0.09963697845974734,0.04112153652564703,0.053404622591741245,1,11,,,,,ve,0.0058
grid7,16,7,1.0,1.5,214,lbp,0.0022228368641676126,0.005092585194511787,0.0022933983502631213,0.002011152405881087,1,27,3.2246642250877144e-07,,,,ve,0.0133
grid7,16,7,1.0,1.5,214,gibbs,0.003615064611115798,0.0072830529464623945,0.0038599046469900643,0.002880544503493,1,2000,,5738.8,1.00028,2000,ve,10.5151
grid7,16,7,1.3,1.5,214,exact,0.0,0.0,,,1,,,,,,ve,0.0384
grid7,16,7,1.3,1.5,214,mf,0.0915059708278966,0.17704814190114468,0.08803796859205147,0.10190997753543202,1,17,,,,,ve,0.0051
grid7,16,7,1.3,1.5,214,lbp,0.009746174896318831,0.022451145652588527,0.009948575491797196,0.009138973109883732,1,34,5.09129689352239e-07,,,,ve,0.0293
grid7,16,7,1.3,1.5,214,gibbs,0.006290270078631467,0.010061578531665423,0.0065016436272025335,0.00565614943291827,1,2000,,4363.1,1.00087,2000,ve,10.9994
grid7,16,7,1.75,1.5,214,exact,0.0,0.0,,,1,,,,,,ve,0.1086
grid7,16,7,1.75,1.5,214,mf,0.3713246068000082,0.6258209796030115,0.3902031635875869,0.314688936437272,1,44,,,,,ve,0.0166
grid7,16,7,1.75,1.5,214,lbp,0.08815986945503655,0.15311451130889103,0.08917204789660745,0.08512333413032383,1,68,6.706418971269557e-07,,,,ve,0.022
grid7,16,7,1.75,1.5,214,gibbs,0.00984476506574123,0.016956366181046966,0.010346788946948389,0.00833869342211975,1,2000,,1729.8,1.00125,2000,ve,10.4395
grid7,16,7,2.5,1.5,214,exact,0.0,0.0,,,1,,,,,,ve,0.1034
grid7,16,7,2.5,1.5,214,mf,0.8237516721530619,0.8908443081255553,0.8237537921412414,0.8237453121885234,1,18,,,,,ve,0.0195
grid7,16,7,2.5,1.5,214,lbp,0.7343783326816817,0.8224927063540295,0.731824957616376,0.7420384578775988,0,500,0.0001931178940349776,,,,ve,0.6906
grid7,16,7,2.5,1.5,214,gibbs,0.06502079330747274,0.07391003116865849,0.06579230200458955,0.06270626721612227,0,2000,,79.0,1.04887,2000,ve,11.1533
grid7,16,7,4.0,1.5,214,exact,0.0,0.0,,,1,,,,,,ve,0.0805
grid7,16,7,4.0,1.5,214,mf,0.9602808289585416,0.9984016910493991,0.9576187010912776,0.9682672125603335,1,9,,,,,ve,0.0048
grid7,16,7,4.0,1.5,214,lbp,0.9429146460666986,0.9460115948484933,0.9421550296869691,0.9451934952058871,1,46,2.5618582755182473e-07,,,,ve,0.0204
grid7,16,7,4.0,1.5,214,gibbs,0.9139649713809236,0.9160080004410129,0.9139810895505692,0.913916616871987,0,2000,,4.7,2.57694,2000,ve,11.0951
grid7,16,7,0.0,0.5,215,exact,0.0,0.0,,,1,,,,,,ve,0.0802
grid7,16,7,0.0,0.5,215,mf,6.887258775442606e-16,1.0443035325380379e-15,6.835533296796944e-16,7.042435211379594e-16,1,1,,,,,ve,0.002
grid7,16,7,0.0,0.5,215,lbp,7.15776721747774e-16,1.2906342661267445e-15,7.042254511017513e-16,7.504305336858419e-16,1,3,0.0,,,,ve,0.0036
grid7,16,7,0.0,0.5,215,gibbs,1.0392132033382184e-14,1.7715863498413142e-14,9.705994688524733e-15,1.2450544067954539e-14,1,2000,,8108.7,1.00012,2000,ve,10.6192
grid7,16,7,0.1,0.5,215,exact,0.0,0.0,,,1,,,,,,ve,0.1532
grid7,16,7,0.1,0.5,215,mf,0.00026449386431101103,0.0005358512436028353,0.0002522623059403386,0.00030118853942302836,1,4,,,,,ve,0.0042
grid7,16,7,0.1,0.5,215,lbp,1.8433930512200053e-07,3.6064150455220045e-07,2.0082408098650618e-07,1.3488497752848355e-07,1,16,1.661383861872867e-07,,,,ve,0.0133
grid7,16,7,0.1,0.5,215,gibbs,0.0002360609826151977,0.0003831269970208523,0.00022946377222589636,0.0002558526137831017,1,2000,,7960.7,1.00019,2000,ve,12.6606
grid7,16,7,0.25,0.5,215,exact,0.0,0.0,,,1,,,,,,ve,0.0823
grid7,16,7,0.25,0.5,215,mf,0.0016927826494920095,0.0034185577652591772,0.0016138778603461271,0.0019294970169296565,1,5,,,,,ve,0.0049
grid7,16,7,0.25,0.5,215,lbp,4.709217864953629e-06,1.0083468410172769e-05,4.927151814867736e-06,4.055416015211308e-06,1,18,1.5164565217440362e-07,,,,ve,0.0147
grid7,16,7,0.25,0.5,215,gibbs,0.0006217007238000813,0.0009138876250433491,0.0006219422761432575,0.0006209760667705529,1,2000,,7828.8,1.00051,2000,ve,12.3206
grid7,16,7,0.5,0.5,215,exact,0.0,0.0,,,1,,,,,,ve,0.0679
grid7,16,7,0.5,0.5,215,mf,0.007187221513033799,0.014119516898113813,0.00677735551505793,0.008416819506961408,1,6,,,,,ve,0.0035
grid7,16,7,0.5,0.5,215,lbp,0.00010091870424560237,0.0002006717177594937,0.00010334376004882729,9.364353683592762e-05,1,20,1.884518781303246e-07,,,,ve,0.0104
grid7,16,7,0.5,0.5,215,gibbs,0.001459982657297144,0.00217281030116832,0.00139922269767223,0.0016422625361718869,1,2000,,7478.4,1.00025,2000,ve,11.2189
grid7,16,7,0.75,0.5,215,exact,0.0,0.0,,,1,,,,,,ve,0.1142
grid7,16,7,0.75,0.5,215,mf,0.017727911645084683,0.0328187605787395,0.01642075239447191,0.021649389396923,1,9,,,,,ve,0.0041
grid7,16,7,0.75,0.5,215,lbp,0.0006805472579755931,0.0012230349244067434,0.0006759857920295743,0.0006942316558136493,1,23,4.210455716302519e-07,,,,ve,0.0084
grid7,16,7,0.75,0.5,215,gibbs,0.002166072743283074,0.0039115925502540075,0.0022057842382358995,0.0020469382584245976,1,2000,,6214.4,1.00019,2000,ve,10.5923
grid7,16,7,1.0,0.5,215,exact,0.0,0.0,,,1,,,,,,ve,0.0779
grid7,16,7,1.0,0.5,215,mf,0.03586212355863474,0.07173823447807345,0.03185192260881629,0.0478927264080901,1,15,,,,,ve,0.0114
grid7,16,7,1.0,0.5,215,lbp,0.0028405417433147616,0.004349100878100049,0.002688368143356934,0.003297062543188245,1,30,4.81604974539307e-07,,,,ve,0.0228
grid7,16,7,1.0,0.5,215,gibbs,0.004640790853529167,0.009163692432091097,0.004640551798132049,0.00464150801972052,1,2000,,5917.7,1.00045,2000,ve,10.8385
grid7,16,7,1.3,0.5,215,exact,0.0,0.0,,,1,,,,,,ve,0.0339
grid7,16,7,1.3,0.5,215,mf,0.11930386699628241,0.3163022718443953,0.10840770139455745,0.15199236380145734,1,60,,,,,ve,0.1299
grid7,16,7,1.3,0.5,215,lbp,0.01136133642436975,0.02141454557354539,0.009972579239361883,0.015527607979393353,1,47,5.508527493036652e-07,,,,ve,0.0139
grid7,16,7,1.3,0.5,215,gibbs,0.008430889631259368,0.015276164543330983,0.007700404390638525,0.010622345353121896,1,2000,,4149.6,1.00135,2000,ve,9.4621
grid7,16,7,1.75,0.5,215,exact,0.0,0.0,,,1,,,,,,ve,0.1076
grid7,16,7,1.75,0.5,215,mf,0.40553596719980123,0.5305054258598332,0.3888711557575109,0.4555304015266721,1,21,,,,,ve,0.0309
grid7,16,7,1.75,0.5,215,lbp,0.1841299711388007,0.2972929943014966,0.1744380820703617,0.2132056383441177,1,118,7.88484978808679e-07,,,,ve,0.0461
grid7,16,7,1.75,0.5,215,gibbs,0.018779976084308505,0.03144281064414328,0.01644779365807138,0.02577652336301988,1,2000,,981.2,1.0055,2000,ve,9.5054
grid7,16,7,2.5,0.5,215,exact,0.0,0.0,,,1,,,,,,ve,0.064
grid7,16,7,2.5,0.5,215,mf,0.21899896974998423,0.34686165301321326,0.2230771488796148,0.20676443236109254,1,13,,,,,ve,0.0076
grid7,16,7,2.5,0.5,215,lbp,0.183389935952061,0.19856024321312285,0.17962865231336447,0.19467378686815046,1,44,4.25126090386474e-07,,,,ve,0.0243
grid7,16,7,2.5,0.5,215,gibbs,0.18206224640055912,0.19704527962667817,0.17809923776449008,0.19395127230876624,1,2000,,3168.4,1.00165,2000,ve,9.6995
grid7,16,7,4.0,0.5,215,exact,0.0,0.0,,,1,,,,,,ve,0.0594
grid7,16,7,4.0,0.5,215,mf,0.9672969449680628,0.995907312580971,0.9654690678797877,0.972780576232888,1,19,,,,,ve,0.0125
grid7,16,7,4.0,0.5,215,lbp,0.21435847342236716,0.21485279435648322,0.2142014151753889,0.21482964816330197,1,36,1.8631193277052205e-07,,,,ve,0.0207
grid7,16,7,4.0,0.5,215,gibbs,0.7441805842605176,0.7465792675185878,0.7434306402799787,0.7464304162021345,0,2000,,5.1,2.19737,2000,ve,9.8341
grid7,16,7,0.0,1.5,215,exact,0.0,0.0,,,1,,,,,,ve,0.0556
grid7,16,7,0.0,1.5,215,mf,6.92737425582457e-16,1.0651202142497596e-15,6.889020603972895e-16,7.042435211379594e-16,1,1,,,,,ve,0.0007
grid7,16,7,0.0,1.5,215,lbp,7.186498575048605e-16,1.2559397966072083e-15,7.080562987778668e-16,7.504305336858419e-16,1,3,0.0,,,,ve,0.0021
grid7,16,7,0.0,1.5,215,gibbs,1.1485089138410509e-14,1.7715863498413142e-14,1.11632708285625e-14,1.2450544067954539e-14,1,2000,,7715.8,1.00062,2000,ve,9.8464
grid7,16,7,0.1,1.5,215,exact,0.0,0.0,,,1,,,,,,ve,0.0536
grid7,16,7,0.1,1.5,215,mf,0.00027598164775052825,0.0005078792913941425,0.0002739613865333363,0.00028204243140210407,1,4,,,,,ve,0.0022
grid7,16,7,0.1,1.5,215,lbp,1.9904866767080749e-07,3.6247382035302367e-07,2.0295983870182843e-07,1.8731515457774467e-07,1,16,1.4959378674683776e-07,,,,ve,0.0073
grid7,16,7,0.1,1.5,215,gibbs,0.00021303513521986678,0.0004541471576703232,0.0002235346458987249,0.00018153660318329242,1,2000,,7643.5,1.0006,2000,ve,9.8257
grid7,16,7,0.25,1.5,215,exact,0.0,0.0,,,1,,,,,,ve,0.0502
grid7,16,7,0.25,1.5,215,mf,0.0018675722575507026,0.0036100920186771003,0.0018410227911399514,0.0019472206567829565,1,5,,,,,ve,0.0023
grid7,16,7,0.25,1.5,215,lbp,4.605173117480001e-06,1.016115503245027e-05,4.723235626040441e-06,4.2509855917986805e-06,1,18,1.6053494872325658e-07,,,,ve,0.0098
grid7,16,7,0.25,1.5,215,gibbs,0.0006588231356048614,0.001284737303060158,0.0007122710940521788,0.0004984792602629092,1,2000,,7444.1,1.0001,2000,ve,9.7728
grid7,16,7,0.5,1.5,215,exact,0.0,0.0,,,1,,,,,,ve,0.0906
grid7,16,7,0.5,1.5,215,mf,0.008641506446607914,0.017028439099380517,0.008373368297460815,0.00944592089404921,1,7,,,,,ve,0.0058
grid7,16,7,0.5,1.5,215,lbp,0.0001000789807615493,0.00019280816465367528,9.96792335278173e-05,0.00010127822246274528,1,20,2.8713951769065993e-07,,,,ve,0.0107
grid7,16,7,0.5,1.5,215,gibbs,0.001389253997496994,0.002628218685401716,0.001444013541314803,0.001224975366043568,1,2000,,7093.0,1.00015,2000,ve,9.7398
grid7,16,7,0.75,1.5,215,exact,0.0,0.0,,,1,,,,,,ve,0.1005
grid7,16,7,0.75,1.5,215,mf,0.0231046784593966,0.04544202152357565,0.021909288830212325,0.026690847346949438,1,10,,,,,ve,0.0095
grid7,16,7,0.75,1.5,215,lbp,0.0006860717369336598,0.0011785975110077326,0.0006588916111732908,0.0007676121142147672,1,24,3.8804840624129255e-07,,,,ve,0.0181
grid7,16,7,0.75,1.5,215,gibbs,0.00231896376021885,0.004133722320414809,0.0022823650610477443,0.0024287598577321656,1,2000,,5873.2,1.00045,2000,ve,9.7625
grid7,16,7,1.0,1.5,215,exact,0.0,0.0,,,1,,,,,,ve,0.0544
grid7,16,7,1.0,1.5,215,mf,0.04881220195383901,0.11260570524541051,0.04474177128728057,0.061023493953514335,1,15,,,,,ve,0.0076
grid7,16,7,1.0,1.5,215,lbp,0.0029004139312050203,0.005186465600453807,0.0026889516698861983,0.0035348007151614893,1,31,4.303858923693227e-07,,,,ve,0.0136
grid7,16,7,1.0,1.5,215,gibbs,0.0031920006109883974,0.004506157037576682,0.0031076737172713313,0.0034449812921395944,1,2000,,5393.5,1.00041,2000,ve,9.8488
grid7,16,7,1.3,1.5,215,exact,0.0,0.0,,,1,,,,,,ve,0.0563
grid7,16,7,1.3,1.5,215,mf,0.09937204869463712,0.258106868687635,0.08891456488683429,0.13074450011804556,1,28,,,,,ve,0.0153
grid7,16,7,1.3,1.5,215,lbp,0.011225317741666187,0.025912441035528495,0.009968712691474957,0.014995132892239882,1,47,5.217969722692839e-07,,,,ve,0.0236
grid7,16,7,1.3,1.5,215,gibbs,0.00554497363122459,0.010617264313384975,0.00565963279623941,0.005200996136180129,1,2000,,3847.5,1.00029,2000,ve,9.8328
grid7,16,7,1.75,1.5,215,exact,0.0,0.0,,,1,,,,,,ve,0.0939
grid7,16,7,1.75,1.5,215,mf,0.3010433143945183,0.46463895051366555,0.29791467202451316,0.31042924150453377,1,35,,,,,ve,0.0299
grid7,16,7,1.75,1.5,215,lbp,0.09115663990997766,0.16056792823034508,0.08346757728352176,0.11422382778934537,1,87,7.264112892313435e-07,,,,ve,0.0474
grid7,16,7,1.75,1.5,215,gibbs,0.007686332403195655,0.01246427171056756,0.007118422525172706,0.009390062037264505,1,2000,,902.8,1.00546,2000,ve,9.7628
grid7,16,7,2.5,1.5,215,exact,0.0,0.0,,,1,,,,,,ve,0.0603
grid7,16,7,2.5,1.5,215,mf,0.07276922281528425,0.15141197763304953,0.07923484339152011,0.05337236108657668,1,10,,,,,ve,0.0056
grid7,16,7,2.5,1.5,215,lbp,0.043045795136022184,0.04851456355342523,0.042750302662401464,0.04393227255688435,1,43,4.0134028073124384e-07,,,,ve,0.0338
grid7,16,7,2.5,1.5,215,gibbs,0.02997726995980956,0.03538130128764578,0.029913998167147366,0.030167085337796128,1,2000,,618.6,1.00845,2000,ve,10.1799
grid7,16,7,4.0,1.5,215,exact,0.0,0.0,,,1,,,,,,ve,0.0647
grid7,16,7,4.0,1.5,215,mf,0.03849388748826331,0.03958209530036322,0.03855168797516392,0.038320486027561454,1,7,,,,,ve,0.0063
grid7,16,7,4.0,1.5,215,lbp,0.03822181163442344,0.03829542353969234,0.03820045274598705,0.038285888299732576,1,34,2.1630979629705394e-07,,,,ve,0.028
grid7,16,7,4.0,1.5,215,gibbs,0.961512915281953,0.9632098554881073,0.9610104656983477,0.9630202640327696,0,2000,,4.5,2.97079,2000,ve,10.3682
grid7,16,7,0.0,0.5,216,exact,0.0,0.0,,,1,,,,,,ve,0.0685
grid7,16,7,0.0,0.5,216,mf,6.801742329087812e-16,1.1353765150268202e-15,6.552917930502389e-16,7.548215524844082e-16,1,1,,,,,ve,0.0008
grid7,16,7,0.0,0.5,216,lbp,6.925883477837402e-16,1.2325210296815214e-15,6.657724140509321e-16,7.730361489821647e-16,1,3,0.0,,,,ve,0.0012
grid7,16,7,0.0,0.5,216,gibbs,8.512288096618192e-15,1.5105972028806036e-14,8.285256161699728e-15,9.193383901373586e-15,1,2000,,7998.3,1.0001,2000,ve,8.9995
grid7,16,7,0.1,0.5,216,exact,0.0,0.0,,,1,,,,,,ve,0.0552
grid7,16,7,0.1,0.5,216,mf,0.0002735219924134986,0.0007812689014130743,0.00030588347402364034,0.00017643754758307328,1,4,,,,,ve,0.0021
grid7,16,7,0.1,0.5,216,lbp,2.229027969350545e-07,3.428869853744354e-07,2.2640629539729938e-07,2.1239230154831978e-07,1,16,1.393919945025246e-07,,,,ve,0.008
grid7,16,7,0.1,0.5,216,gibbs,0.0001901259339204962,0.0004043699761744936,0.00019311405642248496,0.00018116156641452986,1,2000,,7877.4,0.99998,2000,ve,8.6203
grid7,16,7,0.25,0.5,216,exact,0.0,0.0,,,1,,,,,,ve,0.054
grid7,16,7,0.25,0.5,216,mf,0.0016973558944508552,0.005082538121530545,0.0019093235109060725,0.0010614530450852025,1,5,,,,,ve,0.0026
grid7,16,7,0.25,0.5,216,lbp,5.513682565765803e-06,1.3251742387372645e-05,5.941438066900944e-06,4.230416062360378e-06,1,17,2.500572356678443e-07,,,,ve,0.0081
grid7,16,7,0.25,0.5,216,gibbs,0.0005975835666542763,0.0010601935828293552,0.0005847579255394666,0.0006360604899987054,1,2000,,7749.2,1.00009,2000,ve,8.4452
grid7,16,7,0.5,0.5,216,exact,0.0,0.0,,,1,,,,,,ve,0.0462
grid7,16,7,0.5,0.5,216,mf,0.007313731843694958,0.02226930457958947,0.008271978653741524,0.0044389914135552645,1,6,,,,,ve,0.0025
grid7,16,7,0.5,0.5,216,lbp,0.00011605244036908506,0.00030240052989119817,0.00012590700386326008,8.648874988655998e-05,1,20,2.1690640888971657e-07,,,,ve,0.0092
grid7,16,7,0.5,0.5,216,gibbs,0.0013753919743106605,0.0027217477172853805,0.0012844141568065066,0.001648325426823121,1,2000,,7282.0,1.00006,2000,ve,7.553
grid7,16,7,0.75,0.5,216,exact,0.0,0.0,,,1,,,,,,ve,0.0565
grid7,16,7,0.75,0.5,216,mf,0.01870950084600493,0.057129826888323576,0.021230392571587497,0.01114682566925724,1,9,,,,,ve,0.0054
grid7,16,7,0.75,0.5,216,lbp,0.0007999661026435993,0.0021543760206351008,0.0008748729342080154,0.0005752456079503509,1,23,3.7951200337893454e-07,,,,ve,0.0106
grid7,16,7,0.75,0.5,216,gibbs,0.0021113610737047185,0.0035667926397313296,0.001981552872635653,0.0025007856769119147,1,2000,,6349.5,1.00013,2000,ve,7.6378
grid7,16,7,1.0,0.5,216,exact,0.0,0.0,,,1,,,,,,ve,0.0594
grid7,16,7,1.0,0.5,216,mf,0.04353013157300002,0.12084996499815506,0.049168266486087964,0.02661572683373619,1,14,,,,,ve,0.0079
grid7,16,7,1.0,0.5,216,lbp,0.0035199316524902285,0.009650793289060187,0.003900422606505969,0.002378458790443007,1,28,4.640230638341958e-07,,,,ve,0.0119
grid7,16,7,1.0,0.5,216,gibbs,0.0030991837395674257,0.0054875249771002095,0.0033709129948261874,0.0022839959737911393,1,2000,,5722.1,1.00034,2000,ve,7.5422
grid7,16,7,1.3,0.5,216,exact,0.0,0.0,,,1,,,,,,ve,0.0584
grid7,16,7,1.3,0.5,216,mf,0.13241953981474294,0.2525433824289646,0.1448827205478669,0.09502999761537104,1,24,,,,,ve,0.0126
grid7,16,7,1.3,0.5,216,lbp,0.016642424778615657,0.04300311555349967,0.018126070953479092,0.012191486254025368,1,40,5.344493475278878e-07,,,,ve,0.0194
grid7,16,7,1.3,0.5,216,gibbs,0.004891352926244989,0.006902519436190415,0.004973888629669352,0.0046437458159719,1,2000,,4274.5,1.00038,2000,ve,7.594
grid7,16,7,1.75,0.5,216,exact,0.0,0.0,,,1,,,,,,ve,0.0458
grid7,16,7,1.75,0.5,216,mf,0.43300699044563284,0.5883598569725619,0.4371814662530573,0.4204835630233595,1,24,,,,,ve,0.013
grid7,16,7,1.75,0.5,216,lbp,0.15623217278202478,0.2809996435211764,0.1655816131083749,0.12818385180297434,1,87,7.487795981586665e-07,,,,ve,0.0424
grid7,16,7,1.75,0.5,216,gibbs,0.034596206132285444,0.05620553156465727,0.03552190376859853,0.031819113223346185,1,2000,,1782.2,1.00106,2000,ve,6.8694
grid7,16,7,2.5,0.5,216,exact,0.0,0.0,,,1,,,,,,ve,0.0447
grid7,16,7,2.5,0.5,216,mf,0.8583301565199919,0.9326482466826193,0.8582898732332419,0.858451006380242,1,19,,,,,ve,0.0077
grid7,16,7,2.5,0.5,216,lbp,0.850299792191195,0.9264847552272164,0.862209863615226,0.8145695779191018,1,87,5.770982965391802e-07,,,,ve,0.0326
grid7,16,7,2.5,0.5,216,gibbs,0.15065711687269895,0.16314238208793577,0.1525711602747634,0.14491498666650554,0,2000,,30.1,1.08365,2000,ve,6.938
grid7,16,7,4.0,0.5,216,exact,0.0,0.0,,,1,,,,,,ve,0.0474
grid7,16,7,4.0,0.5,216,mf,0.8349579146832696,0.9841319096313409,0.8736898173456208,0.7187622066962158,1,12,,,,,ve,0.0052
grid7,16,7,4.0,0.5,216,lbp,0.9619549174666011,0.9637906775763824,0.9621511327833531,0.9613662715163456,1,47,2.0112216014833706e-07,,,,ve,0.0178
grid7,16,7,4.0,0.5,216,gibbs,0.21343131730226778,0.21379858833432938,0.21346952300976252,0.2133167001797836,0,2000,,4.7,2.71653,2000,ve,6.819
grid7,16,7,0.0,1.5,216,exact,0.0,0.0,,,1,,,,,,ve,0.0504
grid7,16,7,0.0,1.5,216,mf,6.665132855354639e-16,1.1353765150268202e-15,6.370771965524824e-16,7.548215524844082e-16,1,1,,,,,ve,0.0008
grid7,16,7,0.0,1.5,216,lbp,6.831015787744921e-16,1.2325210296815214e-15,6.531233887052679e-16,7.730361489821647e-16,1,3,0.0,,,,ve,0.0014
grid7,16,7,0.0,1.5,216,gibbs,8.076980924365262e-15,1.4771170397942512e-14,7.704846598695822e-15,9.193383901373586e-15,1,2000,,8244.9,1.0003,2000,ve,6.9305
grid7,16,7,0.1,1.5,216,exact,0.0,0.0,,,1,,,,,,ve,0.0439
grid7,16,7,0.1,1.5,216,mf,0.00028725403884730897,0.0006652164711096493,0.0003186773329880436,0.00019298415642510507,1,4,,,,,ve,0.002
grid7,16,7,0.1,1.5,216,lbp,2.149406113222921e-07,3.348757116640455e-07,2.147149448335593e-07,2.156176107884905e-07,1,16,1.4620984759017297e-07,,,,ve,0.0057
grid7,16,7,0.1,1.5,216,gibbs,0.0002059392314447408,0.00035623105762230996,0.00020966368378596677,0.00019476587442106286,1,2000,,8235.6,1.00017,2000,ve,7.0669
grid7,16,7,0.25,1.5,216,exact,0.0,0.0,,,1,,,,,,ve,0.0425
grid7,16,7,0.25,1.5,216,mf,0.0018119077980623486,0.0044502621871679625,0.0020350096997561505,0.0011426020929809428,1,5,,,,,ve,0.0019
grid7,16,7,0.25,1.5,216,lbp,5.084494281121113e-06,9.1358774598118e-06,5.295506258785902e-06,4.451458348126748e-06,1,18,1.472141993585918e-07,,,,ve,0.006
grid7,16,7,0.25,1.5,216,gibbs,0.0005754723555217562,0.0010377530865340297,0.0005642735822988205,0.0006090686751905631,1,2000,,7963.1,1.00054,2000,ve,6.9065
grid7,16,7,0.5,1.5,216,exact,0.0,0.0,,,1,,,,,,ve,0.0499
grid7,16,7,0.5,1.5,216,mf,0.007600525943582458,0.02014366176722262,0.008674712593440229,0.0043779659940091495,1,6,,,,,ve,0.0022
grid7,16,7,0.5,1.5,216,lbp,0.00010684293710671412,0.00021339376176341806,0.00011328848598336301,8.750629047676742e-05,1,20,2.2691775811156667e-07,,,,ve,0.0085
grid7,16,7,0.5,1.5,216,gibbs,0.001284593061546764,0.002316524159227478,0.001195851532756477,0.0015508176479176257,1,2000,,7342.0,1.00031,2000,ve,6.8636
grid7,16,7,0.75,1.5,216,exact,0.0,0.0,,,1,,,,,,ve,0.0479
grid7,16,7,0.75,1.5,216,mf,0.01871385253698009,0.0516500485846156,0.02104274604364779,0.011727172016976976,1,8,,,,,ve,0.0032
grid7,16,7,0.75,1.5,216,lbp,0.000712046782911029,0.0015376790800729978,0.0007601047695025102,0.0005678728231365855,1,23,2.946511006296504e-07,,,,ve,0.0082
grid7,16,7,0.75,1.5,216,gibbs,0.0016423850032927145,0.0024589106288251637,0.0016349600845366053,0.0016646597595610423,1,2000,,6634.1,1.00021,2000,ve,6.8999
grid7,16,7,1.0,1.5,216,exact,0.0,0.0,,,1,,,,,,ve,0.0501
grid7,16,7,1.0,1.5,216,mf,0.03802983632281364,0.10372718930022168,0.04152692187722438,0.027538579659581407,1,12,,,,,ve,0.0052
grid7,16,7,1.0,1.5,216,lbp,0.0029765943225134447,0.00685714251061913,0.003213331618459885,0.0022663824346741235,1,27,3.4696906525688576e-07,,,,ve,0.0103
grid7,16,7,1.0,1.5,216,gibbs,0.0023151693870251734,0.0038979720923457382,0.0022850908957196213,0.00240540486094183,1,2000,,6225.2,0.99996,2000,ve,6.9222
grid7,16,7,1.3,1.5,216,exact,0.0,0.0,,,1,,,,,,ve,0.0471
grid7,16,7,1.3,1.5,216,mf,0.09292908938063718,0.19300648303821719,0.09727896832817333,0.07987945253802878,1,23,,,,,ve,0.0091
grid7,16,7,1.3,1.5,216,lbp,0.012691847902414004,0.02962375014202029,0.013506688913064543,0.010247324870462385,1,35,4.841798554311438e-07,,,,ve,0.0129
grid7,16,7,1.3,1.5,216,gibbs,0.007230234489838655,0.011520966574643484,0.007711175026190421,0.005787412880783358,1,2000,,4735.9,1.00051,2000,ve,6.6198
grid7,16,7,1.75,1.5,216,exact,0.0,0.0,,,1,,,,,,ve,0.0445
grid7,16,7,1.75,1.5,216,mf,0.40673799964127544,0.5271702710524162,0.4135725061827035,0.38623448001699134,1,25,,,,,ve,0.0103
grid7,16,7,1.75,1.5,216,lbp,0.08913881424527717,0.17999647301937008,0.09233952503488208,0.07953668187646248,1,75,7.23985700223917e-07,,,,ve,0.0289
grid7,16,7,1.75,1.5,216,gibbs,0.012406684229230726,0.017917636107872937,0.012632510651083626,0.011729204963672017,1,2000,,2298.3,1.00105,2000,ve,6.7108
grid7,16,7,2.5,1.5,216,exact,0.0,0.0,,,1,,,,,,ve,0.0483
grid7,16,7,2.5,1.5,216,mf,0.5088476940914022,0.5438381726123169,0.5088980638211069,0.5086965849022878,1,34,,,,,ve,0.0125
grid7,16,7,2.5,1.5,216,lbp,0.8123328282937637,0.8959502033848885,0.8260194702593283,0.7712729023970706,1,97,6.276242738301185e-07,,,,ve,0.0338
grid7,16,7,2.5,1.5,216,gibbs,0.21319617415231906,0.22720291249806213,0.215368028744875,0.20668061037465132,0,2000,,109.4,1.04178,2000,ve,6.7371
grid7,16,7,4.0,1.5,216,exact,0.0,0.0,,,1,,,,,,ve,0.049
grid7,16,7,4.0,1.5,216,mf,0.6867621248698348,0.946616604068118,0.6458503735868018,0.8094973787189339,1,12,,,,,ve,0.0056
grid7,16,7,4.0,1.5,216,lbp,0.441274186427228,0.4419239719256521,0.44146633215305026,0.44069774924976135,1,41,2.2710125302527473e-07,,,,ve,0.0176
grid7,16,7,4.0,1.5,216,gibbs,0.40416893814023735,0.4047534098930933,0.4042388097560224,0.40395932329288226,0,2000,,4.6,2.7537,2000,ve,6.4095
grid7,16,7,0.0,0.5,217,exact,0.0,0.0,,,1,,,,,,ve,0.0437
grid7,16,7,0.0,0.5,217,mf,7.759092847392512e-16,1.1570605584765303e-15,7.533759495877609e-16,8.4350929019372245e-16,1,1,,,,,ve,0.0007
grid7,16,7,0.0,0.5,217,lbp,8.143442517538624e-16,1.2177758801357186e-15,8.040443311152501e-16,8.452440136696993e-16,1,3,0.0,,,,ve,0.0015
grid7,16,7,0.0,0.5,217,gibbs,7.84528692010511e-15,1.4415552085367267e-14,7.964838279657846e-15,7.486632841446905e-15,1,2000,,7853.3,1.00001,2000,ve,6.1997
grid7,16,7,0.1,0.5,217,exact,0.0,0.0,,,1,,,,,,ve,0.0409
grid7,16,7,0.1,0.5,217,mf,0.0002898088832880664,0.00061944836434372,0.00030476454467224444,0.00024494189913553234,1,3,,,,,ve,0.0013
grid7,16,7,0.1,0.5,217,lbp,2.957194787703266e-07,6.21296279677136e-07,2.9515641328992727e-07,2.974086752115246e-07,1,15,1.975224722117197e-07,,,,ve,0.0047
grid7,16,7,0.1,0.5,217,gibbs,0.0002323617234295979,0.00048079121990948423,0.00024626597311320266,0.00019064897437878368,1,2000,,7799.9,0.99996,2000,ve,6.1325
grid7,16,7,0.25,0.5,217,exact,0.0,0.0,,,1,,,,,,ve,0.047
grid7,16,7,0.25,0.5,217,mf,0.001826352060550596,0.003927408987394413,0.001930597710599076,0.0015136151104051562,1,4,,,,,ve,0.0019
grid7,16,7,0.25,0.5,217,lbp,5.618815369773801e-06,1.1115685350737009e-05,6.054466196715981e-06,4.311862888947259e-06,1,17,1.7537337940187747e-07,,,,ve,0.0066
grid7,16,7,0.25,0.5,217,gibbs,0.0005325500870007029,0.0011562140008011448,0.0005560606666523459,0.00046201834804577386,1,2000,,7877.2,0.99996,2000,ve,6.278
grid7,16,7,0.5,0.5,217,exact,0.0,0.0,,,1,,,,,,ve,0.0472
grid7,16,7,0.5,0.5,217,mf,0.007640784496549924,0.016281758839736336,0.008146256365637953,0.006124368889285836,1,5,,,,,ve,0.0024
grid7,16,7,0.5,0.5,217,lbp,0.00012005221703502694,0.00024106152440923553,0.00013134763730251312,8.616595623256841e-05,1,19,2.0454260954427816e-07,,,,ve,0.0071
grid7,16,7,0.5,0.5,217,gibbs,0.0014232552969585246,0.0022508671914913507,0.0014859562032525087,0.0012351525780765725,1,2000,,7698.6,1.00003,2000,ve,6.1833
grid7,16,7,0.75,0.5,217,exact,0.0,0.0,,,1,,,,,,ve,0.0445
grid7,16,7,0.75,0.5,217,mf,0.01842894130008498,0.03871044255533946,0.01979524038434019,0.014330044047319346,1,7,,,,,ve,0.0028
grid7,16,7,0.75,0.5,217,lbp,0.0008332757644949709,0.0016814063212167371,0.00091132766763249,0.0005991200550824138,1,22,3.649659646998149e-07,,,,ve,0.0073
grid7,16,7,0.75,0.5,217,gibbs,0.002712142303339533,0.004750985750662979,0.00274610945296311,0.002610240854468803,1,2000,,7164.2,0.99993,2000,ve,6.1712
grid7,16,7,1.0,0.5,217,exact,0.0,0.0,,,1,,,,,,ve,0.0446
grid7,16,7,1.0,0.5,217,mf,0.03678449841467213,0.07422189973531686,0.03957237207542242,0.028420877432421242,1,10,,,,,ve,0.0038
grid7,16,7,1.0,0.5,217,lbp,0.0038522959707734386,0.007992508798520977,0.004131395499180578,0.0030149973855520193,1,28,4.853614922750715e-07,,,,ve,0.01
grid7,16,7,1.0,0.5,217,gibbs,0.005017446276262426,0.007952745399517923,0.0051574472936785215,0.004597443224014141,1,2000,,5769.7,0.99997,2000,ve,6.1847
grid7,16,7,1.3,0.5,217,exact,0.0,0.0,,,1,,,,,,ve,0.045
grid7,16,7,1.3,0.5,217,mf,0.08633589642370416,0.1623222738566778,0.0899893600407714,0.07537550557250247,1,24,,,,,ve,0.009
grid7,16,7,1.3,0.5,217,lbp,0.019638566454927432,0.03675887210863373,0.020482918574584636,0.017105510095955796,1,46,6.547249127020205e-07,,,,ve,0.0179
grid7,16,7,1.3,0.5,217,gibbs,0.006349706087055041,0.009599893210103658,0.006749014785056507,0.005151779993050644,1,2000,,3026.2,1.00153,2000,ve,6.1506
grid7,16,7,1.75,0.5,217,exact,0.0,0.0,,,1,,,,,,ve,0.0438
grid7,16,7,1.75,0.5,217,mf,0.6662972100046429,0.84120542164136,0.7027565523701279,0.5569191829081874,1,33,,,,,ve,0.0121
grid7,16,7,1.75,0.5,217,lbp,0.2769780839268987,0.3466051990691314,0.28777828229372426,0.24457748882642208,1,90,6.88167802409545e-07,,,,ve,0.0297
grid7,16,7,1.75,0.5,217,gibbs,0.02390829735188699,0.032411480658995476,0.0244811354691855,0.022189782999991456,0,2000,,460.2,1.01239,2000,ve,6.1901
grid7,16,7,2.5,0.5,217,exact,0.0,0.0,,,1,,,,,,ve,0.0674
grid7,16,7,2.5,0.5,217,mf,0.936601085997797,0.9549243177956582,0.946773081371615,0.9060850998763433,1,18,,,,,ve,0.0075
grid7,16,7,2.5,0.5,217,lbp,0.06707987646291247,0.06959454076605646,0.06781176605971208,0.06488420767251359,1,41,2.849902570600804e-07,,,,ve,0.0109
grid7,16,7,2.5,0.5,217,gibbs,0.01525979429688204,0.017384824086381246,0.015262978515384057,0.015250241641375995,0,2000,,86.6,1.03491,2000,ve,6.1318
grid7,16,7,4.0,0.5,217,exact,0.0,0.0,,,1,,,,,,ve,0.0485
grid7,16,7,4.0,0.5,217,mf,0.9901687252538846,0.9986692283671388,0.9889457509623476,0.9938376481284951,1,11,,,,,ve,0.0047
grid7,16,7,4.0,0.5,217,lbp,0.051604972928008794,0.05164368014356656,0.05162696629452392,0.05153899282846341,1,34,1.492359785748576e-07,,,,ve,0.0136
grid7,16,7,4.0,0.5,217,gibbs,0.4505603280836984,0.45096045195688,0.4508227641076244,0.44977302001192027,0,2000,,4.4,3.38205,2000,ve,6.294
grid7,16,7,0.0,1.5,217,exact,0.0,0.0,,,1,,,,,,ve,0.0453
grid7,16,7,0.0,1.5,217,mf,7.213468104089182e-16,1.169203622808368e-15,6.822161470002955e-16,8.387388006347862e-16,1,1,,,,,ve,0.0006
grid7,16,7,0.0,1.5,217,lbp,7.362274852262818e-16,1.1657341758564144e-15,7.020570467567803e-16,8.387388006347862e-16,1,3,0.0,,,,ve,0.0014
grid7,16,7,0.0,1.5,217,gibbs,8.43986339149616e-15,1.7104373473131318e-14,8.760642674262206e-15,7.477525543198027e-15,1,2000,,7757.0,1.00023,2000,ve,6.2883
grid7,16,7,0.1,1.5,217,exact,0.0,0.0,,,1,,,,,,ve,0.0428
grid7,16,7,0.1,1.5,217,mf,0.0002765457259013164,0.0006405259391258963,0.0002893924646062178,0.00023800550978661213,1,4,,,,,ve,0.002
grid7,16,7,0.1,1.5,217,lbp,1.9806340638333438e-07,4.1630220339733404e-07,1.9390079753313968e-07,2.1055123293391848e-07,1,16,1.5761757143906152e-07,,,,ve,0.0062
grid7,16,7,0.1,1.5,217,gibbs,0.0002491476948676654,0.0005029362346924918,0.0002573184225963242,0.00022463551168168915,1,2000,,7794.0,1.0004,2000,ve,6.1651
grid7,16,7,0.25,1.5,217,exact,0.0,0.0,,,1,,,,,,ve,0.0455
grid7,16,7,0.25,1.5,217,mf,0.0017612242249152317,0.004173786892681969,0.0018584315969659715,0.0014696021087630116,1,4,,,,,ve,0.0019
grid7,16,7,0.25,1.5,217,lbp,4.440303118683208e-06,8.436847832053382e-06,4.561252696108364e-06,4.07745438640774e-06,1,17,2.460529325565286e-07,,,,ve,0.0072
grid7,16,7,0.25,1.5,217,gibbs,0.000645047225367041,0.0011763591296636428,0.0006829886749809928,0.0005312228765251854,1,2000,,7679.2,1.00023,2000,ve,6.1188
grid7,16,7,0.5,1.5,217,exact,0.0,0.0,,,1,,,,,,ve,0.0527
grid7,16,7,0.5,1.5,217,mf,0.007515805979866071,0.017840195117592342,0.00814511427653719,0.005627881089852722,1,6,,,,,ve,0.0035
grid7,16,7,0.5,1.5,217,lbp,9.519605375653205e-05,0.00018591197635118607,9.958028854656928e-05,8.204334938642036e-05,1,19,2.8658010850501903e-07,,,,ve,0.0109
grid7,16,7,0.5,1.5,217,gibbs,0.001247455220607274,0.001997252027774791,0.0012694893724332576,0.0011813527651293233,1,2000,,7043.7,1.00014,2000,ve,6.2437
grid7,16,7,0.75,1.5,217,exact,0.0,0.0,,,1,,,,,,ve,0.0428
grid7,16,7,0.75,1.5,217,mf,0.018504834845831555,0.04283581178384655,0.020711713790141667,0.011884198012901224,1,9,,,,,ve,0.0039
grid7,16,7,0.75,1.5,217,lbp,0.0006609824616844763,0.0012761089644638002,0.0007088427213996909,0.0005174016825388325,1,23,3.1007291931284264e-07,,,,ve,0.0082
grid7,16,7,0.75,1.5,217,gibbs,0.0026660976280607623,0.004077162274856471,0.002684281753838369,0.0026115452507279404,1,2000,,6793.9,1.00007,2000,ve,6.1654
grid7,16,7,1.0,1.5,217,exact,0.0,0.0,,,1,,,,,,ve,0.0393
grid7,16,7,1.0,1.5,217,mf,0.03817865029564778,0.08042199672313796,0.04430318407287468,0.019805048963967058,1,14,,,,,ve,0.0048
grid7,16,7,1.0,1.5,217,lbp,0.0028810852814144315,0.005552036376347418,0.003136687973125449,0.0021142772062813773,1,29,4.64193269711366e-07,,,,ve,0.0093
grid7,16,7,1.0,1.5,217,gibbs,0.004796747936804184,0.008109475839355638,0.004800050469166723,0.004786840339716568,1,2000,,5172.7,1.00013,2000,ve,6.1716
grid7,16,7,1.3,1.5,217,exact,0.0,0.0,,,1,,,,,,ve,0.0438
grid7,16,7,1.3,1.5,217,mf,0.11567570327741128,0.2775713859616199,0.1252850232598969,0.08684774332995446,1,38,,,,,ve,0.0144
grid7,16,7,1.3,1.5,217,lbp,0.012496058809349328,0.021397142126644515,0.013757307333985785,0.008712313235439962,1,44,6.244126694587848e-07,,,,ve,0.0152
grid7,16,7,1.3,1.5,217,gibbs,0.007589532171718609,0.010993956055252855,0.007741238899316725,0.007134411988924265,1,2000,,4271.7,1.00021,2000,ve,6.0211
grid7,16,7,1.75,1.5,217,exact,0.0,0.0,,,1,,,,,,ve,0.0451
grid7,16,7,1.75,1.5,217,mf,0.4309844114954743,0.6102713196614156,0.44885983400594337,0.37735814396406697,1,23,,,,,ve,0.0091
grid7,16,7,1.75,1.5,217,lbp,0.1550308928917288,0.23860791922771912,0.15501397237472397,0.1550816544427433,1,152,8.312572468138768e-07,,,,ve,0.0529
grid7,16,7,1.75,1.5,217,gibbs,0.04667808503226093,0.06197388302892362,0.04700485755285272,0.04569776747048557,1,2000,,703.7,1.00403,2000,ve,6.1833
grid7,16,7,2.5,1.5,217,exact,0.0,0.0,,,1,,,,,,ve,0.0502
grid7,16,7,2.5,1.5,217,mf,0.07812365446268349,0.09791715045719024,0.07960202168778395,0.07368855278738205,1,11,,,,,ve,0.0053
grid7,16,7,2.5,1.5,217,lbp,0.06904533033096535,0.07653995632455152,0.07012403227943188,0.06580922448556575,1,46,2.788586231927681e-07,,,,ve,0.0198
grid7,16,7,2.5,1.5,217,gibbs,0.06562547576057534,0.06871637362530451,0.06627388562959718,0.06368024615350984,1,2000,,2666.3,1.00096,2000,ve,6.1491
grid7,16,7,4.0,1.5,217,exact,0.0,0.0,,,1,,,,,,ve,0.0409
grid7,16,7,4.0,1.5,217,mf,0.050756896995231726,0.050868634417961876,0.05077708348220696,0.050696337534306024,1,9,,,,,ve,0.0041
grid7,16,7,4.0,1.5,217,lbp,0.0506942560822755,0.050746589620073536,0.0507138878988689,0.050635360632495297,1,34,2.651736396019899e-07,,,,ve,0.0122
grid7,16,7,4.0,1.5,217,gibbs,0.4505200003992244,0.4509794630682756,0.45073053120609713,0.4498884079786064,0,2000,,4.5,3.108,2000,ve,6.2192
grid7,16,7,0.0,0.5,218,exact,0.0,0.0,,,1,,,,,,ve,0.0439
grid7,16,7,0.0,0.5,218,mf,7.9142692833295e-16,1.2455314557513475e-15,7.47683888182212e-16,9.226560487851643e-16,1,1,,,,,ve,0.0006
grid7,16,7,0.0,0.5,218,lbp,7.896244422211929e-16,1.2368578383714635e-15,7.401486830834377e-16,9.380517196344584e-16,1,3,0.0,,,,ve,0.0014
grid7,16,7,0.0,0.5,218,gibbs,1.1460288013714903e-14,1.9349105651045306e-14,1.1723261250651262e-14,1.0671368302905826e-14,1,2000,,8030.3,1.00013,2000,ve,6.4112
grid7,16,7,0.1,0.5,218,exact,0.0,0.0,,,1,,,,,,ve,0.0431
grid7,16,7,0.1,0.5,218,mf,0.0002620361683211016,0.0005220247378883783,0.00027131305677665567,0.0002342055029544393,1,3,,,,,ve,0.0015
grid7,16,7,0.1,0.5,218,lbp,2.3254725448128115e-07,3.669309472289356e-07,2.1904033687881729e-07,2.730680072886727e-07,1,15,2.3120592088088365e-07,,,,ve,0.0054
grid7,16,7,0.1,0.5,218,gibbs,0.000232435011740234,0.00034636726019803433,0.00023059783728584442,0.00023794653510340272,1,2000,,8016.0,1.00019,2000,ve,6.1076
grid7,16,7,0.25,0.5,218,exact,0.0,0.0,,,1,,,,,,ve,0.0321
grid7,16,7,0.25,0.5,218,mf,0.001647558391793193,0.0032984424774797436,0.0017136933920428987,0.0014491533910440757,1,4,,,,,ve,0.0012
grid7,16,7,0.25,0.5,218,lbp,4.488632090610405e-06,7.876052736430217e-06,4.544850911558145e-06,4.319975627767184e-06,1,17,1.8527490525110935e-07,,,,ve,0.0039
grid7,16,7,0.25,0.5,218,gibbs,0.0005355429857788701,0.0007696047525539568,0.0005362884613630269,0.0005333065590263997,1,2000,,8070.0,1.00029,2000,ve,6.0986
grid7,16,7,0.5,0.5,218,exact,0.0,0.0,,,1,,,,,,ve,0.0385
grid7,16,7,0.5,0.5,218,mf,0.0067624294048086835,0.013738598992507272,0.0070885754007515124,0.005783991416980192,1,6,,,,,ve,0.0022
grid7,16,7,0.5,0.5,218,lbp,9.618519541437595e-05,0.0001654469861521752,0.0001001757413974163,8.421355746525492e-05,1,19,1.6988854287247612e-07,,,,ve,0.0057
grid7,16,7,0.5,0.5,218,gibbs,0.0012660977280457533,0.0017025261241159374,0.0012323928615165498,0.0013672123276333645,1,2000,,7462.0,1.00024,2000,ve,6.1959
grid7,16,7,0.75,0.5,218,exact,0.0,0.0,,,1,,,,,,ve,0.0446
grid7,16,7,0.75,0.5,218,mf,0.016263095871024716,0.033443657931070125,0.017236613099794688,0.013342544184714804,1,7,,,,,ve,0.0032
grid7,16,7,0.75,0.5,218,lbp,0.0006543743650733911,0.0010846415720732958,0.0006983541450714288,0.000522435025079278,1,21,2.6377928094567515e-07,,,,ve,0.0079
grid7,16,7,0.75,0.5,218,gibbs,0.0023496784282479055,0.0032513191353011747,0.0023015350585073365,0.0024941085374696123,1,2000,,7276.9,1.00042,2000,ve,6.1328
grid7,16,7,1.0,0.5,218,exact,0.0,0.0,,,1,,,,,,ve,0.0401
grid7,16,7,1.0,0.5,218,mf,0.03260365081941867,0.06774619926703349,0.03514832686713595,0.024969622676266838,1,10,,,,,ve,0.0037
grid7,16,7,1.0,0.5,218,lbp,0.0027471548530186084,0.004428892564833106,0.0029989115320949167,0.0019918848157896834,1,24,3.046762616365495e-07,,,,ve,0.0079
grid7,16,7,1.0,0.5,218,gibbs,0.0038546237798418896,0.005945490558862374,0.0038216268621886784,0.003953614532801521,1,2000,,6539.6,1.00055,2000,ve,6.1735
grid7,16,7,1.3,0.5,218,exact,0.0,0.0,,,1,,,,,,ve,0.0406
grid7,16,7,1.3,0.5,218,mf,0.06963671776649635,0.14453778380885318,0.07470043456316154,0.054445567376500775,1,21,,,,,ve,0.0073
grid7,16,7,1.3,0.5,218,lbp,0.010910629071708533,0.018013947748682056,0.012336875312054135,0.006631890350671738,1,31,5.098827155491925e-07,,,,ve,0.0108
grid7,16,7,1.3,0.5,218,gibbs,0.006319157342968468,0.010794612677253724,0.005976769758408937,0.007346320096647063,1,2000,,5113.2,1.00044,2000,ve,6.0893
grid7,16,7,1.75,0.5,218,exact,0.0,0.0,,,1,,,,,,ve,0.0463
grid7,16,7,1.75,0.5,218,mf,0.46696925960885094,0.7666228928323371,0.4630042277096929,0.478864355306325,1,68,,,,,ve,0.0233
grid7,16,7,1.75,0.5,218,lbp,0.07636292452724816,0.12997126105561244,0.0791319142910112,0.068055955235959,1,67,7.189210469715768e-07,,,,ve,0.0197
grid7,16,7,1.75,0.5,218,gibbs,0.018338862626738485,0.027722070051282174,0.019556369432234523,0.01468634221025035,1,2000,,2163.1,1.00206,2000,ve,6.3081
grid7,16,7,2.5,0.5,218,exact,0.0,0.0,,,1,,,,,,ve,0.0412
grid7,16,7,2.5,0.5,218,mf,0.8635259656182093,0.9294560683313198,0.8621943464605636,0.8675208230911462,1,26,,,,,ve,0.0088
grid7,16,7,2.5,0.5,218,lbp,0.8387172466624577,0.8990866125302254,0.857986971952907,0.7809080707911091,1,88,5.64386009038742e-07,,,,ve,0.028
grid7,16,7,2.5,0.5,218,gibbs,0.22099349349972885,0.2311127230227735,0.22224382676568497,0.21724249370186044,0,2000,,16.7,1.16492,2000,ve,6.2795
grid7,16,7,4.0,0.5,218,exact,0.0,0.0,,,1,,,,,,ve,0.0489
grid7,16,7,4.0,0.5,218,mf,0.8266401101623844,0.9528960464421588,0.8055231479970049,0.8899909966585224,1,10,,,,,ve,0.0043
grid7,16,7,4.0,0.5,218,lbp,0.7086177702381501,0.7099743200480922,0.7092256368463161,0.7067941704136513,1,39,2.3177853258893322e-07,,,,ve,0.0136
grid7,16,7,4.0,0.5,218,gibbs,0.5974563711400503,0.5982200018573559,0.5977167327924798,0.596675286182762,0,2000,,4.4,3.41921,2000,ve,6.2926
grid7,16,7,0.0,1.5,218,exact,0.0,0.0,,,1,,,,,,ve,0.0418
grid7,16,7,0.0,1.5,218,mf,6.842128860012897e-16,1.07032438467769e-15,6.360291344524131e-16,8.287641406479196e-16,1,1,,,,,ve,0.0006
grid7,16,7,0.0,1.5,218,lbp,6.981719889720406e-16,1.1379786002407855e-15,6.495093814636496e-16,8.441598114972138e-16,1,3,0.0,,,,ve,0.0013
grid7,16,7,0.0,1.5,218,gibbs,9.34236683240025e-15,1.6467296276578836e-14,8.928350680309505e-15,1.0584415288672488e-14,1,2000,,7937.6,1.00025,2000,ve,6.3088
grid7,16,7,0.1,1.5,218,exact,0.0,0.0,,,1,,,,,,ve,0.0412
grid7,16,7,0.1,1.5,218,mf,0.00028795463710072096,0.0004885146724146719,0.0003088674195295778,0.00022521628981415041,1,3,,,,,ve,0.0013
grid7,16,7,0.1,1.5,218,lbp,1.712507923756182e-07,3.303786742271664e-07,1.5918693617979784e-07,2.0744236096307926e-07,1,16,1.3610115173756654e-07,,,,ve,0.0054
grid7,16,7,0.1,1.5,218,gibbs,0.0002153227918117319,0.0004077786578810371,0.00020750822498120727,0.00023876649230330583,1,2000,,7853.8,1.00022,2000,ve,6.1758
grid7,16,7,0.25,1.5,218,exact,0.0,0.0,,,1,,,,,,ve,0.0414
grid7,16,7,0.25,1.5,218,mf,0.0018803106957021368,0.0033711697300725747,0.0020560681477731933,0.001353038339488967,1,4,,,,,ve,0.0016
grid7,16,7,0.25,1.5,218,lbp,3.856284965719965e-06,7.077605767904019e-06,3.886756692180017e-06,3.764869786339808e-06,1,17,2.501868108795158e-07,,,,ve,0.006
grid7,16,7,0.25,1.5,218,gibbs,0.0004924279043084137,0.0008544149822491721,0.00046628127692730057,0.0005708677864517532,1,2000,,7718.2,1.00043,2000,ve,6.172
grid7,16,7,0.5,1.5,218,exact,0.0,0.0,,,1,,,,,,ve,0.0417
grid7,16,7,0.5,1.5,218,mf,0.008240787846640119,0.016278351520743993,0.009240362764980053,0.0052420630916203146,1,6,,,,,ve,0.0023
grid7,16,7,0.5,1.5,218,lbp,8.098220778880623e-05,0.0001536636875832196,8.374085079993202e-05,7.270627875542886e-05,1,20,1.8658855222009052e-07,,,,ve,0.0064
grid7,16,7,0.5,1.5,218,gibbs,0.0010899546448976648,0.0019727551081413323,0.0010349094723153646,0.0012550901626445655,1,2000,,7446.6,1.00055,2000,ve,6.3866
grid7,16,7,0.75,1.5,218,exact,0.0,0.0,,,1,,,,,,ve,0.0459
grid7,16,7,0.75,1.5,218,mf,0.020786909376836867,0.04549758541998285,0.023740860383357747,0.011925056357274224,1,8,,,,,ve,0.0037
grid7,16,7,0.75,1.5,218,lbp,0.000554669260038985,0.00105268084018942,0.0005820927811277559,0.0004723986967726725,1,23,3.271426375073272e-07,,,,ve,0.0102
grid7,16,7,0.75,1.5,218,gibbs,0.0020717284790485076,0.004362726236123004,0.002025342697954454,0.002210885822330667,1,2000,,6930.5,1.00049,2000,ve,6.1193
grid7,16,7,1.0,1.5,218,exact,0.0,0.0,,,1,,,,,,ve,0.0425
grid7,16,7,1.0,1.5,218,mf,0.04196872403549705,0.10285062393844197,0.04872836969887078,0.021689787045375854,1,13,,,,,ve,0.005
grid7,16,7,1.0,1.5,218,lbp,0.0023758795198710755,0.0045150120364627015,0.0025161475089584616,0.0019550755526089197,1,29,4.233956666377381e-07,,,,ve,0.0102
grid7,16,7,1.0,1.5,218,gibbs,0.003414986537981318,0.005807304376301446,0.0034787685830931364,0.0032236404026458622,1,2000,,5909.9,1.00079,2000,ve,5.8531
grid7,16,7,1.3,1.5,218,exact,0.0,0.0,,,1,,,,,,ve,0.042
grid7,16,7,1.3,1.5,218,mf,0.083009955480427,0.21749879163209962,0.09508398049315309,0.04678788044224875,1,29,,,,,ve,0.0104
grid7,16,7,1.3,1.5,218,lbp,0.009296654938923423,0.01904445709096296,0.010016882663347835,0.007135971765650185,1,43,5.189350150702765e-07,,,,ve,0.0156
grid7,16,7,1.3,1.5,218,gibbs,0.0066159909580996755,0.012637020613236431,0.006335692517660286,0.007456886279417844,1,2000,,4261.1,1.0004,2000,ve,6.0081
grid7,16,7,1.75,1.5,218,exact,0.0,0.0,,,1,,,,,,ve,0.0425
grid7,16,7,1.75,1.5,218,mf,0.3211502557906951,0.49308681670996524,0.3201686937916677,0.32409494178777737,1,21,,,,,ve,0.0077
grid7,16,7,1.75,1.5,218,lbp,0.08925883160817619,0.15605003717682933,0.09352414767186708,0.07646288341710356,1,100,7.646738851840862e-07,,,,ve,0.0336
grid7,16,7,1.75,1.5,218,gibbs,0.009448077636351904,0.017190210692026118,0.008382845871379585,0.012643772931268858,1,2000,,1129.1,1.00057,2000,ve,5.9267
grid7,16,7,2.5,1.5,218,exact,0.0,0.0,,,1,,,,,,ve,0.0415
grid7,16,7,2.5,1.5,218,mf,0.0639096838383696,0.10576140993933719,0.06131430546479518,0.07169581895909284,1,9,,,,,ve,0.0033
grid7,16,7,2.5,1.5,218,lbp,0.03852194290700401,0.05019478683963034,0.03787762123967279,0.040454907908997674,1,43,3.4897571049574694e-07,,,,ve,0.0138
grid7,16,7,2.5,1.5,218,gibbs,0.21057121879231966,0.22811178578305058,0.21186081089280376,0.20670244249086733,0,2000,,16.1,1.16738,2000,ve,5.9429
grid7,16,7,4.0,1.5,218,exact,0.0,0.0,,,1,,,,,,ve,0.0446
grid7,16,7,4.0,1.5,218,mf,0.03187649125362174,0.03239636679644855,0.03186681093040983,0.03190553222325748,1,5,,,,,ve,0.0019
grid7,16,7,4.0,1.5,218,lbp,0.03162949064995167,0.03171691519142712,0.03165140488002094,0.031563747959743864,1,33,2.3543768989942038e-07,,,,ve,0.0107
grid7,16,7,4.0,1.5,218,gibbs,0.7301221833544405,0.7313876695409834,0.7304232163119423,0.7292190844819348,0,2000,,4.7,2.71898,2000,ve,5.9051
grid7,16,7,0.0,0.5,219,exact,0.0,0.0,,,1,,,,,,ve,0.0415
grid7,16,7,0.0,0.5,219,mf,5.80861313909109e-16,9.54097911787244e-16,6.337523098901935e-16,4.2218832596585543e-16,1,1,,,,,ve,0.0007
grid7,16,7,0.0,0.5,219,lbp,6.051203375184722e-16,1.0408340855860843e-15,6.337884499626097e-16,5.191160001860595e-16,1,3,0.0,,,,ve,0.0012
grid7,16,7,0.0,0.5,219,gibbs,8.891636884243714e-15,1.583802533566825e-14,9.320217485518182e-15,7.60589508042031e-15,1,2000,,7707.1,0.99982,2000,ve,5.1956
grid7,16,7,0.1,0.5,219,exact,0.0,0.0,,,1,,,,,,ve,0.0366
grid7,16,7,0.1,0.5,219,mf,0.00030622221871209226,0.0007068786799438046,0.0003114552585118621,0.0002905230993127826,1,4,,,,,ve,0.0017
grid7,16,7,0.1,0.5,219,lbp,2.769906744797695e-07,6.425728642650563e-07,2.877818321165186e-07,2.446172015695223e-07,1,16,1.2897261336686228e-07,,,,ve,0.0046
grid7,16,7,0.1,0.5,219,gibbs,0.00019918863252879507,0.0004258583507944292,0.00021465148403424284,0.00015280007801245178,1,2000,,7602.7,0.99994,2000,ve,5.6577
grid7,16,7,0.25,0.5,219,exact,0.0,0.0,,,1,,,,,,ve,0.0393
grid7,16,7,0.25,0.5,219,mf,0.0018925576414445854,0.0044821500975266194,0.0019319464082171434,0.0017743913411269112,1,5,,,,,ve,0.0022
grid7,16,7,0.25,0.5,219,lbp,6.33500073147998e-06,1.64564286878853e-05,6.521230199791521e-06,5.776312326545357e-06,1,17,2.8873196114553856e-07,,,,ve,0.0057
grid7,16,7,0.25,0.5,219,gibbs,0.0005307156944423172,0.001294025492764919,0.0005783039198112402,0.00038795101833554823,1,2000,,7457.3,1.00004,2000,ve,5.8813
grid7,16,7,0.5,0.5,219,exact,0.0,0.0,,,1,,,,,,ve,0.0392
grid7,16,7,0.5,0.5,219,mf,0.007702026857570609,0.018320675158093318,0.00801913101694625,0.006750714379443681,1,7,,,,,ve,0.0025
grid7,16,7,0.5,0.5,219,lbp,0.00012476225049356453,0.0003223727220624459,0.00012654216443512868,0.0001194225086688721,1,21,2.528689366232406e-07,,,,ve,0.0067
grid7,16,7,0.5,0.5,219,gibbs,0.0013960770024051988,0.003615707044320641,0.0014498409826863145,0.0012347850615618517,1,2000,,6991.9,0.99977,2000,ve,5.6925
grid7,16,7,0.75,0.5,219,exact,0.0,0.0,,,1,,,,,,ve,0.0546
grid7,16,7,0.75,0.5,219,mf,0.018553585570239083,0.043268426927913786,0.020181794235843323,0.013668959573426363,1,9,,,,,ve,0.0034
grid7,16,7,0.75,0.5,219,lbp,0.0007812407488974293,0.0020550463767487794,0.0007861127447971132,0.0007666247611983774,1,26,2.935673214243817e-07,,,,ve,0.0103
grid7,16,7,0.75,0.5,219,gibbs,0.002524356728519671,0.004934531116828723,0.0025523815366134085,0.0024402823042384584,1,2000,,6079.2,0.99999,2000,ve,5.735
grid7,16,7,1.0,0.5,219,exact,0.0,0.0,,,1,,,,,,ve,0.0413
grid7,16,7,1.0,0.5,219,mf,0.03994673619861032,0.09720223415354781,0.04439191372609624,0.026611203616152546,1,22,,,,,ve,0.0071
grid7,16,7,1.0,0.5,219,lbp,0.002891444912875298,0.006232771882603289,0.0029987180635375915,0.002569625460888415,1,34,4.977425798469159e-07,,,,ve,0.0101
grid7,16,7,1.0,0.5,219,gibbs,0.005208529080810014,0.012673237657000385,0.005494039341049268,0.004351998300092254,1,2000,,4735.5,1.00053,2000,ve,5.6927
grid7,16,7,1.3,0.5,219,exact,0.0,0.0,,,1,,,,,,ve,0.0415
grid7,16,7,1.3,0.5,219,mf,0.16575122176603713,0.35035127823720075,0.17059323869701878,0.15122517097309213,1,24,,,,,ve,0.0083
grid7,16,7,1.3,0.5,219,lbp,0.012054341934492696,0.026484579271195713,0.012503378633639081,0.010707231837053549,1,55,6.269088133059597e-07,,,,ve,0.0191
grid7,16,7,1.3,0.5,219,gibbs,0.008140640639880733,0.014584320944992263,0.008423713725304444,0.007291421383609594,1,2000,,2905.5,1.00119,2000,ve,5.8261
grid7,16,7,1.75,0.5,219,exact,0.0,0.0,,,1,,,,,,ve,0.0401
grid7,16,7,1.75,0.5,219,mf,0.21503500632275765,0.40764288887105565,0.21231997019740603,0.2231801146988125,1,25,,,,,ve,0.0091
grid7,16,7,1.75,0.5,219,lbp,0.06365830115063253,0.1166948391959654,0.06474924883308475,0.060385458103275905,1,69,5.748288066098617e-07,,,,ve,0.0218
grid7,16,7,1.75,0.5,219,gibbs,0.013183983509077032,0.022863795097368134,0.013796103817039341,0.011347622585190106,1,2000,,1105.1,1.00548,2000,ve,5.7304
grid7,16,7,2.5,0.5,219,exact,0.0,0.0,,,1,,,,,,ve,0.0401
grid7,16,7,2.5,0.5,219,mf,0.052567888102051055,0.19771943303038264,0.048525778266015285,0.06469421761015838,1,11,,,,,ve,0.004
grid7,16,7,2.5,0.5,219,lbp,0.019799393017209475,0.04439855267921759,0.018350286296257567,0.024146713180065185,1,47,4.4846812363719124e-07,,,,ve,0.0149
grid7,16,7,2.5,0.5,219,gibbs,0.014086288729143737,0.01986242283312572,0.013736570740307624,0.015135442695652077,1,2000,,1431.6,1.00579,2000,ve,5.529
grid7,16,7,4.0,0.5,219,exact,0.0,0.0,,,1,,,,,,ve,0.0646
grid7,16,7,4.0,0.5,219,mf,0.014887804371532816,0.016382701243126466,0.014812980798951872,0.015112275089275647,1,5,,,,,ve,0.0034
grid7,16,7,4.0,0.5,219,lbp,0.014586330796201053,0.014704785957405169,0.014590597244316208,0.014573531451855594,1,35,1.850683309934098e-07,,,,ve,0.0147
grid7,16,7,4.0,0.5,219,gibbs,0.7380189982074172,0.738890074922656,0.7382302225252583,0.7373853252538942,0,2000,,4.5,3.06623,2000,ve,5.6755
grid7,16,7,0.0,1.5,219,exact,0.0,0.0,,,1,,,,,,ve,0.0398
grid7,16,7,0.0,1.5,219,mf,5.713474398455487e-16,9.8879238130678e-16,6.210671444721131e-16,4.2218832596585543e-16,1,1,,,,,ve,0.0006
grid7,16,7,0.0,1.5,219,lbp,6.008648439914666e-16,1.0373646386341306e-15,6.281144585932689e-16,5.191160001860595e-16,1,3,0.0,,,,ve,0.0012
grid7,16,7,0.0,1.5,219,gibbs,8.171211645681409e-15,1.2486756420515555e-14,8.359650500768442e-15,7.60589508042031e-15,1,2000,,7923.7,0.99994,2000,ve,5.7317
grid7,16,7,0.1,1.5,219,exact,0.0,0.0,,,1,,,,,,ve,0.0416
grid7,16,7,0.1,1.5,219,mf,0.0003092593900251475,0.0005925452562545648,0.00032260830612074865,0.0002692126417383441,1,4,,,,,ve,0.0017
grid7,16,7,0.1,1.5,219,lbp,2.3611741615865332e-07,4.5505193224919943e-07,2.4990881442938295e-07,1.9474322134646442e-07,1,16,1.6350165785161686e-07,,,,ve,0.0058
grid7,16,7,0.1,1.5,219,gibbs,0.00019676388396843472,0.00043943700199146145,0.00019782484016408762,0.000193581015381476,1,2000,,7598.5,1.0,2000,ve,5.5888
grid7,16,7,0.25,1.5,219,exact,0.0,0.0,,,1,,,,,,ve,0.0404
grid7,16,7,0.25,1.5,219,mf,0.001979656873385512,0.0036478589091986768,0.0020746024890770233,0.0016948200263109789,1,5,,,,,ve,0.002
grid7,16,7,0.25,1.5,219,lbp,4.6831016459921424e-06,1.2256297182936665e-05,4.940461244268988e-06,3.911022851161607e-06,1,18,1.478830152501498e-07,,,,ve,0.0057
grid7,16,7,0.25,1.5,219,gibbs,0.0005685733998162672,0.0010024046425274416,0.0005569817748492012,0.000603348274717465,1,2000,,7247.5,0.99996,2000,ve,5.5217
grid7,16,7,0.5,1.5,219,exact,0.0,0.0,,,1,,,,,,ve,0.0412
grid7,16,7,0.5,1.5,219,mf,0.008504267017084404,0.016293626715643515,0.008942102225596585,0.0071907613915478605,1,7,,,,,ve,0.0029
grid7,16,7,0.5,1.5,219,lbp,9.712599287787222e-05,0.0002869087713609584,9.880410806160824e-05,9.209164732666415e-05,1,20,2.3132805582193328e-07,,,,ve,0.0063
grid7,16,7,0.5,1.5,219,gibbs,0.0013579543185533371,0.0030940038572805587,0.0014024764572305784,0.0012243879025216143,1,2000,,6520.6,1.00037,2000,ve,5.668
grid7,16,7,0.75,1.5,219,exact,0.0,0.0,,,1,,,,,,ve,0.0404
grid7,16,7,0.75,1.5,219,mf,0.021075511237639035,0.049848974454463554,0.02203847385954852,0.018186623371910588,1,10,,,,,ve,0.0033
grid7,16,7,0.75,1.5,219,lbp,0.0006515960056279718,0.0021089403082720504,0.0006382835787205007,0.0006915332863503848,1,23,2.916456790513777e-07,,,,ve,0.0076
grid7,16,7,0.75,1.5,219,gibbs,0.002263355220483952,0.004032880688571454,0.0022843734836730115,0.002200300430916774,1,2000,,5994.8,1.00003,2000,ve,5.4934
grid7,16,7,1.0,1.5,219,exact,0.0,0.0,,,1,,,,,,ve,0.0405
grid7,16,7,1.0,1.5,219,mf,0.04330009243388869,0.12431240978471643,0.043898289328919454,0.041505501748796386,1,18,,,,,ve,0.0054
grid7,16,7,1.0,1.5,219,lbp,0.0027762934423840105,0.009280272079647305,0.0026425405491138656,0.0031775521221944457,1,28,4.92524231676672e-07,,,,ve,0.0086
grid7,16,7,1.0,1.5,219,gibbs,0.002981150415043098,0.007267262617542004,0.002999250938613557,0.0029268488443317223,1,2000,,5501.8,0.99989,2000,ve,5.6081
grid7,16,7,1.3,1.5,219,exact,0.0,0.0,,,1,,,,,,ve,0.039
grid7,16,7,1.3,1.5,219,mf,0.14831435215604333,0.3282206353369077,0.15613613770527413,0.12484899550835085,1,33,,,,,ve,0.0105
grid7,16,7,1.3,1.5,219,lbp,0.01116594491120432,0.034004150930908236,0.01069635094153665,0.012574726820207329,1,46,6.531984801938506e-07,,,,ve,0.015
grid7,16,7,1.3,1.5,219,gibbs,0.006248444863697683,0.011874479045191752,0.0060305114037308045,0.006902245243598318,1,2000,,3690.6,1.00028,2000,ve,5.6124
grid7,16,7,1.75,1.5,219,exact,0.0,0.0,,,1,,,,,,ve,0.0417
grid7,16,7,1.75,1.5,219,mf,0.2789484602521215,0.4317418254374408,0.2738444219752136,0.2942605750828455,1,23,,,,,ve,0.008
grid7,16,7,1.75,1.5,219,lbp,0.11222506102672014,0.2027958223952157,0.11308722190779885,0.10963857838348397,1,133,7.762566960334283e-07,,,,ve,0.043
grid7,16,7,1.75,1.5,219,gibbs,0.009310947737955298,0.015166564481734703,0.008637284096824764,0.011331938661346892,1,2000,,1046.5,1.00556,2000,ve,5.6144
grid7,16,7,2.5,1.5,219,exact,0.0,0.0,,,1,,,,,,ve,0.0409
grid7,16,7,2.5,1.5,219,mf,0.11270500925763557,0.33670356864295403,0.11385697436113855,0.1092491139471267,1,24,,,,,ve,0.0082
grid7,16,7,2.5,1.5,219,lbp,0.050745887932006586,0.06864824730468586,0.05047688223772238,0.05155290501485921,1,50,4.678863380069842e-07,,,,ve,0.0156
grid7,16,7,2.5,1.5,219,gibbs,0.025734006391612562,0.03116614500031056,0.025392101590951666,0.026759720793595246,1,2000,,894.2,1.00422,2000,ve,5.6271
grid7,16,7,4.0,1.5,219,exact,0.0,0.0,,,1,,,,,,ve,0.0458
grid7,16,7,4.0,1.5,219,mf,0.05481915797554276,0.05689898186411209,0.05478543431937116,0.05492032894405755,1,10,,,,,ve,0.0034
grid7,16,7,4.0,1.5,219,lbp,0.054402757265504476,0.05457879296992374,0.05444917808553651,0.05426349480540838,1,37,3.023176196048638e-07,,,,ve,0.0098
grid7,16,7,4.0,1.5,219,gibbs,0.7410472434991002,0.743382052330429,0.7410829040830821,0.7409402617471552,0,2000,,5.9,2.69323,2000,ve,5.196
