structure,n,C,beta,alpha,draw_seed,method,tv_mean,tv_max,tv_mean_informative,tv_mean_uninformative,converged,iters,final_residual,ess_min,rhat_max,gibbs_kept,exact_method,wall_seconds
cycle,16,3,0.0,0.5,200,exact,0.0,0.0,,,1,,,,,,ve,0.0068
cycle,16,3,0.0,0.5,200,mf,2.0252896582029223e-16,7.216449660063518e-16,2.122145052278294e-16,1.734723475976807e-16,1,1,,,,,ve,0.0013
cycle,16,3,0.0,0.5,200,lbp,1.9727058528373753e-16,7.632783294297951e-16,2.008665224891478e-16,1.8648277366750676e-16,1,3,0.0,,,,ve,0.0018
cycle,16,3,0.0,0.5,200,gibbs,6.194914373147675e-15,1.504352198367087e-14,5.5768468546861056e-15,8.049116928532385e-15,1,2000,,7725.8,1.00019,2000,ve,9.4444
cycle,16,3,0.1,0.5,200,exact,0.0,0.0,,,1,,,,,,ve,0.0171
cycle,16,3,0.1,0.5,200,mf,0.0003950952219266377,0.0007008530835388299,0.00043338912508715115,0.0002802135124450973,1,4,,,,,ve,0.0025
cycle,16,3,0.1,0.5,200,lbp,9.134983997244415e-08,3.15418321447658e-07,7.808963684453191e-08,1.3113044935618087e-07,1,17,1.7493558096548512e-07,,,,ve,0.0071
cycle,16,3,0.1,0.5,200,gibbs,0.00020783983582994126,0.000533962610395157,0.00019681827415825816,0.00024090452084499052,1,2000,,7687.7,1.00016,2000,ve,8.3431
cycle,16,3,0.25,0.5,200,exact,0.0,0.0,,,1,,,,,,ve,0.0136
cycle,16,3,0.25,0.5,200,mf,0.002466357906118722,0.004468303602910912,0.002663189770311439,0.001875862313540571,1,5,,,,,ve,0.008
cycle,16,3,0.25,0.5,200,lbp,1.0426126418304222e-07,3.0409849158252733e-07,9.887047129287253e-08,1.204336428535513e-07,1,19,1.870508247736602e-07,,,,ve,0.0219
cycle,16,3,0.25,0.5,200,gibbs,0.0005621339103737275,0.0015554929336373206,0.000543374312800628,0.0006184127030930261,1,2000,,7600.3,1.00015,2000,ve,7.8522
cycle,16,3,0.5,0.5,200,exact,0.0,0.0,,,1,,,,,,ve,0.0074
cycle,16,3,0.5,0.5,200,mf,0.010194467644611849,0.018251963277269398,0.010644039366636012,0.00884575247853936,1,6,,,,,ve,0.0029
cycle,16,3,0.5,0.5,200,lbp,6.645926988894718e-08,1.4692745192723677e-07,6.050366668301835e-08,8.432607950673368e-08,1,22,2.0459202704214974e-07,,,,ve,0.0097
cycle,16,3,0.5,0.5,200,gibbs,0.0010514354240683432,0.002490822790951532,0.0010170421175427129,0.0011546153436452341,1,2000,,7167.0,1.00072,2000,ve,8.4247
cycle,16,3,0.75,0.5,200,exact,0.0,0.0,,,1,,,,,,ve,0.009
cycle,16,3,0.75,0.5,200,mf,0.023870566352066976,0.04175494823558772,0.024512940504850395,0.021943443893716715,1,7,,,,,ve,0.0029
cycle,16,3,0.75,0.5,200,lbp,1.0561437094216801e-07,2.0745607085675966e-07,9.828439056494206e-08,1.2760431207384584e-07,1,24,3.3316037534314447e-07,,,,ve,0.0076
cycle,16,3,0.75,0.5,200,gibbs,0.0010121827590174525,0.0026784357483278847,0.0010935598898841885,0.0007680513664172447,1,2000,,6668.5,1.00072,2000,ve,7.4937
cycle,16,3,1.0,0.5,200,exact,0.0,0.0,,,1,,,,,,ve,0.0084
cycle,16,3,1.0,0.5,200,mf,0.04358225677135087,0.07881547063583202,0.04542605998912397,0.038050847118031556,1,9,,,,,ve,0.0049
cycle,16,3,1.0,0.5,200,lbp,9.505932647426666e-08,1.5857066032465283e-07,1.0729107176339393e-07,5.836409060688483e-08,1,27,2.782786781008184e-07,,,,ve,0.0123
cycle,16,3,1.0,0.5,200,gibbs,0.0013838850494010339,0.0031111511946486543,0.001354744158776851,0.001471307721273582,1,2000,,6104.7,1.00047,2000,ve,8.4368
cycle,16,3,1.3,0.5,200,exact,0.0,0.0,,,1,,,,,,ve,0.0076
cycle,16,3,1.3,0.5,200,mf,0.07067970959535944,0.13671538757453372,0.07628481357705448,0.05386439765027428,1,11,,,,,ve,0.0062
cycle,16,3,1.3,0.5,200,lbp,1.6994825749200998e-07,5.63994059524231e-07,1.9733071855796563e-07,8.780087429414302e-08,1,29,3.8822025599793974e-07,,,,ve,0.0152
cycle,16,3,1.3,0.5,200,gibbs,0.0025634909108028132,0.008027871330195991,0.0026907808120658003,0.002181621207013853,1,2000,,5373.3,1.00057,2000,ve,7.8531
cycle,16,3,1.75,0.5,200,exact,0.0,0.0,,,1,,,,,,ve,0.0078
cycle,16,3,1.75,0.5,200,mf,0.11191731752051334,0.24544948387313992,0.1266408655245803,0.0677466735083125,1,16,,,,,ve,0.0079
cycle,16,3,1.75,0.5,200,lbp,3.7719164833733654e-07,8.808189865244093e-07,4.2172928993607344e-07,2.435787235411258e-07,1,36,3.446862369971271e-07,,,,ve,0.0167
cycle,16,3,1.75,0.5,200,gibbs,0.004154967730600557,0.010374860662665613,0.004832662949410629,0.0021218820741703438,1,2000,,4475.9,1.00036,2000,ve,9.5256
cycle,16,3,2.5,0.5,200,exact,0.0,0.0,,,1,,,,,,ve,0.0093
cycle,16,3,2.5,0.5,200,mf,0.25450227158475947,0.6407432061902483,0.3126198244469914,0.08014961299806363,1,27,,,,,ve,0.0147
cycle,16,3,2.5,0.5,200,lbp,1.0287753543767185e-05,2.456137013947396e-05,8.837606361242631e-06,1.4638195091340846e-05,1,50,3.76063657714365e-07,,,,ve,0.0253
cycle,16,3,2.5,0.5,200,gibbs,0.007719915538970373,0.02421845984648903,0.009467394065107495,0.002477479960559005,1,2000,,2085.6,1.00299,2000,ve,9.2421
cycle,16,3,4.0,0.5,200,exact,0.0,0.0,,,1,,,,,,ve,0.0099
cycle,16,3,4.0,0.5,200,mf,0.356416174344874,0.7208302707704128,0.4403137490780798,0.1047234501452566,1,14,,,,,ve,0.0083
cycle,16,3,4.0,0.5,200,lbp,0.0011888648726493954,0.002750048622657597,0.001014966397650441,0.00171056029764626,1,73,5.174399900775839e-07,,,,ve,0.0478
cycle,16,3,4.0,0.5,200,gibbs,0.030442875534300504,0.04315873824855225,0.033228031236205914,0.022087408428584254,0,2000,,299.6,1.01238,2000,ve,9.7489
cycle,16,3,0.0,1.5,200,exact,0.0,0.0,,,1,,,,,,ve,0.0087
cycle,16,3,0.0,1.5,200,mf,3.7426658994199613e-16,1.0824674490095276e-15,3.327777868082175e-16,4.98732999343332e-16,1,1,,,,,ve,0.001
cycle,16,3,0.0,1.5,200,lbp,3.788744491750595e-16,1.0824674490095276e-15,3.3458479042902667e-16,5.117434254131581e-16,1,3,0.0,,,,ve,0.0021
cycle,16,3,0.0,1.5,200,gibbs,5.294647099224337e-15,1.4210854715202004e-14,4.3790925746689524e-15,8.04131067289049e-15,1,2000,,7876.9,1.00019,2000,ve,9.945
cycle,16,3,0.1,1.5,200,exact,0.0,0.0,,,1,,,,,,ve,0.0129
cycle,16,3,0.1,1.5,200,mf,0.0002969280600044248,0.0005003844610335217,0.0003179768777105902,0.0002337816068859284,1,4,,,,,ve,0.003
cycle,16,3,0.1,1.5,200,lbp,7.783971766613497e-08,2.881579764801856e-07,5.8989217487917175e-08,1.3439121820078836e-07,1,17,1.7467902985179862e-07,,,,ve,0.0109
cycle,16,3,0.1,1.5,200,gibbs,0.00016269127948020001,0.000444419154991077,0.00014636982666519442,0.00021165563792521682,1,2000,,7826.1,1.00017,2000,ve,8.6463
cycle,16,3,0.25,1.5,200,exact,0.0,0.0,,,1,,,,,,ve,0.0079
cycle,16,3,0.25,1.5,200,mf,0.001836160007610405,0.0031105470729675157,0.0019388345454715416,0.0015281363940269953,1,5,,,,,ve,0.0025
cycle,16,3,0.25,1.5,200,lbp,9.113065661879409e-08,3.309241740079294e-07,7.865630472627648e-08,1.285537122963469e-07,1,19,2.0518168486471922e-07,,,,ve,0.0084
cycle,16,3,0.25,1.5,200,gibbs,0.0003235472215966513,0.0008475420327805697,0.00028290761479807827,0.00044546604199237035,1,2000,,7645.2,1.00049,2000,ve,8.3555
cycle,16,3,0.5,1.5,200,exact,0.0,0.0,,,1,,,,,,ve,0.0078
cycle,16,3,0.5,1.5,200,mf,0.0073628518162310325,0.01219818641890109,0.007462354215030151,0.007064344619833679,1,6,,,,,ve,0.0032
cycle,16,3,0.5,1.5,200,lbp,4.77387926851858e-08,1.1320377204040999e-07,3.9079825239986904e-08,7.371569502078248e-08,1,22,2.0836106207067218e-07,,,,ve,0.0102
cycle,16,3,0.5,1.5,200,gibbs,0.0006369440552248155,0.0017860464789916652,0.0005372763522258709,0.0009359471642216492,1,2000,,7354.2,1.00059,2000,ve,7.6068
cycle,16,3,0.75,1.5,200,exact,0.0,0.0,,,1,,,,,,ve,0.0079
cycle,16,3,0.75,1.5,200,mf,0.01710694586826203,0.026455929397381513,0.01678996223959024,0.018057896754277408,1,8,,,,,ve,0.0042
cycle,16,3,0.75,1.5,200,lbp,5.167317545617771e-08,1.376272237563203e-07,4.438219295939752e-08,7.354612294651827e-08,1,24,2.2549693101669988e-07,,,,ve,0.0106
cycle,16,3,0.75,1.5,200,gibbs,0.0011879806251364994,0.0033589811705174756,0.001047193288570041,0.0016103426348358743,1,2000,,6586.0,1.00033,2000,ve,8.485
cycle,16,3,1.0,1.5,200,exact,0.0,0.0,,,1,,,,,,ve,0.0072
cycle,16,3,1.0,1.5,200,mf,0.030178373232525132,0.05385529509875592,0.029272577318310466,0.03289576097516914,1,8,,,,,ve,0.0041
cycle,16,3,1.0,1.5,200,lbp,8.168902425144723e-08,1.678739427017628e-07,8.178167575867278e-08,8.141106972977055e-08,1,26,2.8380397609772956e-07,,,,ve,0.0123
cycle,16,3,1.0,1.5,200,gibbs,0.0014568314497392346,0.004285466489957675,0.0014295655858322018,0.0015386290414603331,1,2000,,6022.7,1.00055,2000,ve,7.7683
cycle,16,3,1.3,1.5,200,exact,0.0,0.0,,,1,,,,,,ve,0.0078
cycle,16,3,1.3,1.5,200,mf,0.04634096732984218,0.0754719051018555,0.045918326372622054,0.04760889020150256,1,13,,,,,ve,0.0059
cycle,16,3,1.3,1.5,200,lbp,1.3412698374081953e-07,2.6954690226024813e-07,1.5423661852541318e-07,7.379807938703853e-08,1,28,3.4072843924093377e-07,,,,ve,0.0114
cycle,16,3,1.3,1.5,200,gibbs,0.0018073517369816168,0.006449873360935304,0.0017986232646752098,0.0018335371539008388,1,2000,,5479.6,1.00067,2000,ve,8.4498
cycle,16,3,1.75,1.5,200,exact,0.0,0.0,,,1,,,,,,ve,0.008
cycle,16,3,1.75,1.5,200,mf,0.06694736001252692,0.13851773514032162,0.06990325547191777,0.058079673634354415,1,80,,,,,ve,0.0377
cycle,16,3,1.75,1.5,200,lbp,1.126595892907259e-07,3.2848251483967583e-07,1.1260680731111515e-07,1.1281793522955816e-07,1,34,3.2479991207701175e-07,,,,ve,0.0155
cycle,16,3,1.75,1.5,200,gibbs,0.0021877687823716923,0.005874746895620453,0.002391788773906122,0.0015757088077684048,1,2000,,4459.2,1.00077,2000,ve,8.0257
cycle,16,3,2.5,1.5,200,exact,0.0,0.0,,,1,,,,,,ve,0.0088
cycle,16,3,2.5,1.5,200,mf,0.1810865728368394,0.4857643848458517,0.21885156474597914,0.06779159710942012,1,15,,,,,ve,0.0074
cycle,16,3,2.5,1.5,200,lbp,1.6101905697534386e-06,6.950700305888291e-06,1.2562872258309993e-06,2.6719006015207564e-06,1,44,3.4888663597021363e-07,,,,ve,0.0187
cycle,16,3,2.5,1.5,200,gibbs,0.009276020109054622,0.02389080101554942,0.009920522778734535,0.007342512100014887,1,2000,,2420.4,1.00095,2000,ve,7.9941
cycle,16,3,4.0,1.5,200,exact,0.0,0.0,,,1,,,,,,ve,0.0082
cycle,16,3,4.0,1.5,200,mf,0.23016818651797477,0.6466174669674021,0.2674103216054091,0.11844178125567165,1,14,,,,,ve,0.0071
cycle,16,3,4.0,1.5,200,lbp,0.0017751229970380685,0.0030600277593848917,0.0016439538872954828,0.0021686303262658264,1,77,5.289566242239196e-07,,,,ve,0.0365
cycle,16,3,4.0,1.5,200,gibbs,0.02924124732751808,0.0661291627965109,0.023118119608348642,0.047610630485026395,0,2000,,98.0,1.03689,2000,ve,8.5874
cycle,16,3,0.0,0.5,201,exact,0.0,0.0,,,1,,,,,,ve,0.0136
cycle,16,3,0.0,0.5,201,mf,2.66496893996937e-16,7.632783294297951e-16,2.5673907444456745e-16,2.957703526540456e-16,1,1,,,,,ve,0.001
cycle,16,3,0.0,0.5,201,lbp,2.660632131279428e-16,7.494005416219807e-16,2.596302802378621e-16,2.8536201179818477e-16,1,3,0.0,,,,ve,0.0017
cycle,16,3,0.0,0.5,201,gibbs,9.745459647603205e-15,1.8013368574543165e-14,9.850627258334299e-15,9.429956815409923e-15,1,2000,,8221.5,1.00045,2000,ve,8.0346
cycle,16,3,0.1,0.5,201,exact,0.0,0.0,,,1,,,,,,ve,0.0086
cycle,16,3,0.1,0.5,201,mf,0.0003585615777857915,0.000661766253463994,0.00032696955813611646,0.0004533376367348166,1,4,,,,,ve,0.0028
cycle,16,3,0.1,0.5,201,lbp,1.6920177036555684e-07,3.881089918403302e-07,1.3783923676127333e-07,2.6328937117840734e-07,1,16,2.608273542703543e-07,,,,ve,0.0083
cycle,16,3,0.1,0.5,201,gibbs,0.0002782395701044454,0.0006127878781431034,0.00026761426143690473,0.00031011549610706745,1,2000,,8179.8,1.00018,2000,ve,8.5987
cycle,16,3,0.25,0.5,201,exact,0.0,0.0,,,1,,,,,,ve,0.008
cycle,16,3,0.25,0.5,201,mf,0.002275651492556769,0.004579948077312122,0.0020065023226614764,0.003083099002242646,1,5,,,,,ve,0.0027
cycle,16,3,0.25,0.5,201,lbp,1.0929614152393671e-07,2.3989265052898334e-07,9.573781770307044e-08,1.4997111298653554e-07,1,19,2.0169009323778297e-07,,,,ve,0.009
cycle,16,3,0.25,0.5,201,gibbs,0.000674195987118891,0.0013937874341839601,0.0005963989308182179,0.0009075871560209102,1,2000,,7901.3,0.99994,2000,ve,7.8628
cycle,16,3,0.5,0.5,201,exact,0.0,0.0,,,1,,,,,,ve,0.0083
cycle,16,3,0.5,0.5,201,mf,0.009250340066088603,0.020451007073052065,0.007708196800882629,0.013876769861706523,1,7,,,,,ve,0.0038
cycle,16,3,0.5,0.5,201,lbp,1.5698549284235037e-07,3.623497017296584e-07,1.693692342040707e-07,1.1983426875718933e-07,1,22,2.847960511309644e-07,,,,ve,0.0105
cycle,16,3,0.5,0.5,201,gibbs,0.0015828384739919436,0.0027389799354733124,0.0015371154630922082,0.00172000750669115,1,2000,,6769.9,0.99995,2000,ve,8.5132
cycle,16,3,0.75,0.5,201,exact,0.0,0.0,,,1,,,,,,ve,0.0072
cycle,16,3,0.75,0.5,201,mf,0.02068577942609724,0.04595893018609509,0.016787559056062797,0.03238044053620056,1,9,,,,,ve,0.0044
cycle,16,3,0.75,0.5,201,lbp,2.3944007508333066e-07,5.224812926890587e-07,2.7170129623538725e-07,1.4265641162716086e-07,1,25,4.0139182672094265e-07,,,,ve,0.0107
cycle,16,3,0.75,0.5,201,gibbs,0.0028968614589552416,0.005249223143846588,0.003090710729120698,0.002315313648458871,1,2000,,5736.0,0.99996,2000,ve,7.9019
cycle,16,3,1.0,0.5,201,exact,0.0,0.0,,,1,,,,,,ve,0.0087
cycle,16,3,1.0,0.5,201,mf,0.03770507978748517,0.07639148071307611,0.031727027609911605,0.055639236320205857,1,16,,,,,ve,0.01
cycle,16,3,1.0,0.5,201,lbp,2.495931384814904e-07,7.108170559377847e-07,2.9581655395551076e-07,1.1092289205942921e-07,1,29,3.64811353903427e-07,,,,ve,0.0155
cycle,16,3,1.0,0.5,201,gibbs,0.0036824409326094423,0.007643069389494814,0.0032084265261146153,0.005104484152093923,1,2000,,4961.3,1.00036,2000,ve,22.6404
cycle,16,3,1.3,0.5,201,exact,0.0,0.0,,,1,,,,,,ve,0.0114
cycle,16,3,1.3,0.5,201,mf,0.1032262942033566,0.17513046983079464,0.10169872445931638,0.10780900343547739,1,75,,,,,ve,0.034
cycle,16,3,1.3,0.5,201,lbp,3.051899413042533e-07,4.885964393075426e-07,3.52320935837272e-07,1.6379695770519717e-07,1,34,3.1774826897423836e-07,,,,ve,0.0145
cycle,16,3,1.3,0.5,201,gibbs,0.0037728043079417505,0.007988503701856955,0.003952151790900546,0.0032347618590653653,1,2000,,4229.5,1.00015,2000,ve,7.5352
cycle,16,3,1.75,0.5,201,exact,0.0,0.0,,,1,,,,,,ve,0.0072
cycle,16,3,1.75,0.5,201,mf,0.25993146141121803,0.466295011529519,0.29114091339200904,0.1663031054688452,1,32,,,,,ve,0.0146
cycle,16,3,1.75,0.5,201,lbp,4.6966017298689456e-06,9.444525336674281e-06,4.039164062276737e-06,6.668914732645571e-06,1,44,4.389330736653818e-07,,,,ve,0.0178
cycle,16,3,1.75,0.5,201,gibbs,0.0054903237088664925,0.011987980591529335,0.006097292314155581,0.003669417892999227,1,2000,,3236.8,1.0013,2000,ve,8.2125
cycle,16,3,2.5,0.5,201,exact,0.0,0.0,,,1,,,,,,ve,0.0072
cycle,16,3,2.5,0.5,201,mf,0.3323997304852815,0.6140313334022327,0.3944822289889712,0.14615223497421206,1,29,,,,,ve,0.0164
cycle,16,3,2.5,0.5,201,lbp,0.0004127251228952301,0.0008007372707964791,0.0003365324975255256,0.0006413029990043435,1,58,6.863133073520267e-07,,,,ve,0.0278
cycle,16,3,2.5,0.5,201,gibbs,0.008956007092497652,0.019215765338715066,0.01010227677095925,0.005517198057112857,1,2000,,1307.8,1.00301,2000,ve,8.4701
cycle,16,3,4.0,0.5,201,exact,0.0,0.0,,,1,,,,,,ve,0.0101
cycle,16,3,4.0,0.5,201,mf,0.3875230588657898,0.8671284174617271,0.48977636273436165,0.0807631472600743,1,35,,,,,ve,0.0203
cycle,16,3,4.0,0.5,201,lbp,0.030818942548737446,0.03824198772918419,0.028911678705343665,0.03654073407891879,1,116,6.891439512379804e-07,,,,ve,0.0622
cycle,16,3,4.0,0.5,201,gibbs,0.022773514778195517,0.03363380422014058,0.024539148478673004,0.01747661367676305,0,2000,,96.0,1.0519,2000,ve,7.2298
cycle,16,3,0.0,1.5,201,exact,0.0,0.0,,,1,,,,,,ve,0.007
cycle,16,3,0.0,1.5,201,mf,2.340792490396204e-16,6.938893903907228e-16,2.13515547834812e-16,2.957703526540456e-16,1,1,,,,,ve,0.0007
cycle,16,3,0.0,1.5,201,lbp,2.2985086056692694e-16,6.661338147750939e-16,2.11347143489841e-16,2.8536201179818477e-16,1,3,0.0,,,,ve,0.0021
cycle,16,3,0.0,1.5,201,gibbs,6.849447224677174e-15,1.6361911825413245e-14,5.9892773610995915e-15,9.429956815409923e-15,1,2000,,8384.8,1.00039,2000,ve,8.1891
cycle,16,3,0.1,1.5,201,exact,0.0,0.0,,,1,,,,,,ve,0.0078
cycle,16,3,0.1,1.5,201,mf,0.0004181764630283005,0.0006653440314173045,0.0003994982393840556,0.0004742111339610354,1,4,,,,,ve,0.0022
cycle,16,3,0.1,1.5,201,lbp,1.8769417604500536e-07,4.203645778133591e-07,1.557360121883534e-07,2.8356866761496125e-07,1,16,2.515932888136341e-07,,,,ve,0.0076
cycle,16,3,0.1,1.5,201,gibbs,0.00026009659037564347,0.0005795856152713275,0.00024051761993445432,0.00031883350169921096,1,2000,,8237.5,1.00027,2000,ve,6.6507
cycle,16,3,0.25,1.5,201,exact,0.0,0.0,,,1,,,,,,ve,0.0074
cycle,16,3,0.25,1.5,201,mf,0.002763907485573895,0.0046361039611270555,0.0026072903806712553,0.003233758800281813,1,5,,,,,ve,0.0023
cycle,16,3,0.25,1.5,201,lbp,1.132955189914837e-07,2.2766980004723658e-07,9.847485231981659e-08,1.5775751900648505e-07,1,19,1.9321858024667904e-07,,,,ve,0.0072
cycle,16,3,0.25,1.5,201,gibbs,0.0007232392013742712,0.0014752453567303675,0.0006895557125987279,0.0008242896677009013,1,2000,,7844.4,1.00026,2000,ve,7.1811
cycle,16,3,0.5,1.5,201,exact,0.0,0.0,,,1,,,,,,ve,0.0093
cycle,16,3,0.5,1.5,201,mf,0.012016349353852759,0.021047213951569256,0.011123025777488036,0.014696320082946917,1,7,,,,,ve,0.003
cycle,16,3,0.5,1.5,201,lbp,1.309438427008142e-07,2.4789817085202337e-07,1.3110779115765742e-07,1.304519973302845e-07,1,22,2.440972344808223e-07,,,,ve,0.0074
cycle,16,3,0.5,1.5,201,gibbs,0.0011716028989856254,0.003103062877231763,0.001005043633271048,0.001671280696129358,1,2000,,6967.0,1.0,2000,ve,6.302
cycle,16,3,0.75,1.5,201,exact,0.0,0.0,,,1,,,,,,ve,0.0072
cycle,16,3,0.75,1.5,201,mf,0.029341275962867227,0.04949160681182876,0.027255694084208294,0.035598021598844024,1,10,,,,,ve,0.0036
cycle,16,3,0.75,1.5,201,lbp,1.7244868424112596e-07,4.280341013643274e-07,1.8261359308003808e-07,1.419539577243896e-07,1,25,2.7652025025304283e-07,,,,ve,0.01
cycle,16,3,0.75,1.5,201,gibbs,0.001645524638401678,0.006013765254770459,0.0014927989395189304,0.0021037017350499215,1,2000,,5689.0,0.99991,2000,ve,7.1438
cycle,16,3,1.0,1.5,201,exact,0.0,0.0,,,1,,,,,,ve,0.0074
cycle,16,3,1.0,1.5,201,mf,0.054929388164181914,0.09783893784739509,0.05328950675366497,0.059849032395732756,1,15,,,,,ve,0.0059
cycle,16,3,1.0,1.5,201,lbp,1.1265904067395052e-07,2.0834363827909597e-07,1.1777156695008673e-07,9.732146184554188e-08,1,29,2.6581069012543423e-07,,,,ve,0.0107
cycle,16,3,1.0,1.5,201,gibbs,0.003291759577246076,0.009851480007401311,0.002852400415577879,0.004609837062250668,1,2000,,4913.0,1.00006,2000,ve,6.3624
cycle,16,3,1.3,1.5,201,exact,0.0,0.0,,,1,,,,,,ve,0.0092
cycle,16,3,1.3,1.5,201,mf,0.10419977046264876,0.18015524221946544,0.11351395689570731,0.07625721116347309,1,28,,,,,ve,0.0117
cycle,16,3,1.3,1.5,201,lbp,2.217487901309302e-07,3.887026011895056e-07,2.5251878664825367e-07,1.2943880057895985e-07,1,32,3.383421515179563e-07,,,,ve,0.0117
cycle,16,3,1.3,1.5,201,gibbs,0.005593238231492738,0.010586863978370623,0.006225582453509374,0.0036962055654428294,1,2000,,4075.2,1.00029,2000,ve,6.5866
cycle,16,3,1.75,1.5,201,exact,0.0,0.0,,,1,,,,,,ve,0.008
cycle,16,3,1.75,1.5,201,mf,0.2161249455379692,0.35968884170185267,0.2340486804851755,0.16235374069635025,1,33,,,,,ve,0.0134
cycle,16,3,1.75,1.5,201,lbp,1.2383308607426431e-06,3.442848708817836e-06,1.3447186635639e-06,9.191674522788726e-07,1,39,5.591625554801638e-07,,,,ve,0.0135
cycle,16,3,1.75,1.5,201,gibbs,0.006158628641582117,0.010955999959253088,0.0061431798950205285,0.006204974881266883,1,2000,,3302.0,1.00004,2000,ve,6.4559
cycle,16,3,2.5,1.5,201,exact,0.0,0.0,,,1,,,,,,ve,0.0071
cycle,16,3,2.5,1.5,201,mf,0.25262128863841793,0.465590304619143,0.2788891789875534,0.17381761759101153,1,12,,,,,ve,0.0051
cycle,16,3,2.5,1.5,201,lbp,0.00017045245681504366,0.00027484960802505454,0.00016063229723366126,0.0001999129355591909,1,52,5.357474831546583e-07,,,,ve,0.0196
cycle,16,3,2.5,1.5,201,gibbs,0.00684105087083548,0.014241340811967325,0.008159740656659389,0.0028849815133637543,1,2000,,1806.8,1.00374,2000,ve,7.259
cycle,16,3,4.0,1.5,201,exact,0.0,0.0,,,1,,,,,,ve,0.0081
cycle,16,3,4.0,1.5,201,mf,0.33920653641879916,0.6636875524637611,0.41014145428999066,0.12640178280522496,1,9,,,,,ve,0.004
cycle,16,3,4.0,1.5,201,lbp,0.026043363835478693,0.04009572130850272,0.02223692536580067,0.03746267924451277,1,118,6.758387234573338e-07,,,,ve,0.0462
cycle,16,3,4.0,1.5,201,gibbs,0.02563180916868476,0.04033552898657195,0.022224496652584958,0.03585374671698416,0,2000,,55.4,1.08106,2000,ve,6.3288
cycle,16,3,0.0,0.5,202,exact,0.0,0.0,,,1,,,,,,ve,0.0073
cycle,16,3,0.0,0.5,202,mf,2.181414771040835e-16,6.938893903907228e-16,1.9631287336470868e-16,2.8362728832220796e-16,1,1,,,,,ve,0.0009
cycle,16,3,0.0,0.5,202,lbp,2.209604027525458e-16,6.938893903907228e-16,2.0093880263398015e-16,2.8102520310824275e-16,1,3,0.0,,,,ve,0.0014
cycle,16,3,0.0,0.5,202,gibbs,5.771533424792086e-15,1.529332216421153e-14,5.80785419757035e-15,5.6625711064572926e-15,1,2000,,7768.2,0.99982,2000,ve,7.2047
cycle,16,3,0.1,0.5,202,exact,0.0,0.0,,,1,,,,,,ve,0.0137
cycle,16,3,0.1,0.5,202,mf,0.0003322654603273246,0.0006274174609713218,0.00037562977831376846,0.00020217250636799292,1,4,,,,,ve,0.0026
cycle,16,3,0.1,0.5,202,lbp,7.240693982628679e-08,2.0926008387212036e-07,6.553740474213772e-08,9.3015545078734e-08,1,17,1.747887997671782e-07,,,,ve,0.0083
cycle,16,3,0.1,0.5,202,gibbs,0.0001353435336575171,0.0003291675353319645,0.00014442857287849634,0.00010808841599457939,1,2000,,7868.6,0.99986,2000,ve,6.4396
cycle,16,3,0.25,0.5,202,exact,0.0,0.0,,,1,,,,,,ve,0.0066
cycle,16,3,0.25,0.5,202,mf,0.002135481604335894,0.004134933156730823,0.002438115343664429,0.0012275803863502882,1,5,,,,,ve,0.0021
cycle,16,3,0.25,0.5,202,lbp,8.810701791159845e-08,2.0307154187729215e-07,9.26776245223244e-08,7.439519807942059e-08,1,19,2.0103554981831806e-07,,,,ve,0.0069
cycle,16,3,0.25,0.5,202,gibbs,0.000389806527937382,0.0008528446812981066,0.0004205506505601094,0.00029757416006919975,1,2000,,7546.4,0.9999,2000,ve,6.6186
cycle,16,3,0.5,0.5,202,exact,0.0,0.0,,,1,,,,,,ve,0.0143
cycle,16,3,0.5,0.5,202,mf,0.009122202736874852,0.017825810714730925,0.010675934089860959,0.004461008677916527,1,6,,,,,ve,0.0301
cycle,16,3,0.5,0.5,202,lbp,9.897751135758224e-08,2.8220803911099823e-07,1.1895134414009051e-07,3.905601301005743e-08,1,22,2.2969276558537643e-07,,,,ve,0.0285
cycle,16,3,0.5,0.5,202,gibbs,0.0010825056555919643,0.002762253802016827,0.0011508600639357177,0.0008774424305607036,1,2000,,7209.6,0.99988,2000,ve,7.0811
cycle,16,3,0.75,0.5,202,exact,0.0,0.0,,,1,,,,,,ve,0.0066
cycle,16,3,0.75,0.5,202,mf,0.022913846934953526,0.04232108828044269,0.027190912437748415,0.01008265042656885,1,8,,,,,ve,0.0033
cycle,16,3,0.75,0.5,202,lbp,8.188041763124328e-08,2.1829150967378474e-07,9.746697659365176e-08,3.51207407440178e-08,1,25,2.671647574836733e-07,,,,ve,0.009
cycle,16,3,0.75,0.5,202,gibbs,0.0019125643592698993,0.004840036991168653,0.002060915899649429,0.00146750973813131,1,2000,,6424.0,0.99987,2000,ve,6.4171
cycle,16,3,1.0,0.5,202,exact,0.0,0.0,,,1,,,,,,ve,0.0074
cycle,16,3,1.0,0.5,202,mf,0.04530222787270601,0.08183558348877756,0.05328885606773615,0.021342343287615584,1,10,,,,,ve,0.0034
cycle,16,3,1.0,0.5,202,lbp,1.5554666472851388e-07,3.6536354165381257e-07,1.6532541194539652e-07,1.26210423077866e-07,1,27,3.164319583581765e-07,,,,ve,0.0097
cycle,16,3,1.0,0.5,202,gibbs,0.001709010369235443,0.0033911117806883495,0.0018633031515198697,0.001246132022382163,1,2000,,5936.7,0.99976,2000,ve,7.1935
cycle,16,3,1.3,0.5,202,exact,0.0,0.0,,,1,,,,,,ve,0.0066
cycle,16,3,1.3,0.5,202,mf,0.08158801922630679,0.1586831070761327,0.09421968672955856,0.043693016716551444,1,15,,,,,ve,0.0067
cycle,16,3,1.3,0.5,202,lbp,3.2262492740027515e-07,7.5468740971113e-07,3.3381695768878425e-07,2.890488365347478e-07,1,30,4.3933660570649735e-07,,,,ve,0.0109
cycle,16,3,1.3,0.5,202,gibbs,0.0026266902930560947,0.0073437736573254905,0.0025203356441662384,0.0029457542397256626,1,2000,,4681.6,1.00048,2000,ve,6.349
cycle,16,3,1.75,0.5,202,exact,0.0,0.0,,,1,,,,,,ve,0.0077
cycle,16,3,1.75,0.5,202,mf,0.15492693533440888,0.3118528828544441,0.16590994752695376,0.1219778987567742,1,60,,,,,ve,0.0248
cycle,16,3,1.75,0.5,202,lbp,2.3562888786746866e-07,7.163528009945797e-07,2.193411543624426e-07,2.8449208838254685e-07,1,39,3.666143261193966e-07,,,,ve,0.0142
cycle,16,3,1.75,0.5,202,gibbs,0.005751728468890131,0.014862417425360305,0.0058435258717228974,0.005476336260391827,1,2000,,3278.3,1.00047,2000,ve,7.567
cycle,16,3,2.5,0.5,202,exact,0.0,0.0,,,1,,,,,,ve,0.0066
cycle,16,3,2.5,0.5,202,mf,0.2433575264696044,0.591983304461855,0.2750862772069901,0.1481712742574474,1,30,,,,,ve,0.0112
cycle,16,3,2.5,0.5,202,lbp,4.7092184171602776e-05,8.14626678376138e-05,4.285976938908835e-05,5.9789428519146036e-05,1,52,4.593090414672929e-07,,,,ve,0.0182
cycle,16,3,2.5,0.5,202,gibbs,0.017748126674137298,0.0335766557105083,0.020046303461581896,0.010853596311803514,1,2000,,940.9,1.00403,2000,ve,6.3968
cycle,16,3,4.0,0.5,202,exact,0.0,0.0,,,1,,,,,,ve,0.0076
cycle,16,3,4.0,0.5,202,mf,0.6489420265885484,0.984566086839274,0.7057023043979452,0.47866119316035727,1,16,,,,,ve,0.0074
cycle,16,3,4.0,0.5,202,lbp,0.002145707259086361,0.0022678356914059626,0.0021482283902567933,0.002138143865575066,1,83,5.940317828745378e-07,,,,ve,0.029
cycle,16,3,4.0,0.5,202,gibbs,0.017705273712369074,0.030785741095582325,0.018958137821229654,0.013946681385787339,0,2000,,145.5,1.02252,2000,ve,7.292
cycle,16,3,0.0,1.5,202,exact,0.0,0.0,,,1,,,,,,ve,0.008
cycle,16,3,0.0,1.5,202,mf,3.645087703896266e-16,9.471590178833367e-16,3.4072860273977784e-16,4.358492733391728e-16,1,1,,,,,ve,0.0009
cycle,16,3,0.0,1.5,202,lbp,3.642919299551295e-16,9.471590178833367e-16,3.3957212042246e-16,4.38451358553138e-16,1,3,0.0,,,,ve,0.0015
cycle,16,3,0.0,1.5,202,gibbs,4.709069505864916e-15,1.4981071938535706e-14,4.316787089823452e-15,5.8859167539893065e-15,1,2000,,7948.5,0.99995,2000,ve,6.4945
cycle,16,3,0.1,1.5,202,exact,0.0,0.0,,,1,,,,,,ve,0.0082
cycle,16,3,0.1,1.5,202,mf,0.00030732553353823784,0.0006514845833118926,0.0003430925628341399,0.0002000244456505317,1,4,,,,,ve,0.002
cycle,16,3,0.1,1.5,202,lbp,6.315964074161441e-08,1.650769286959397e-07,5.4701410830224756e-08,8.853433047578338e-08,1,17,1.7267636487350302e-07,,,,ve,0.0072
cycle,16,3,0.1,1.5,202,gibbs,0.00012638303447815675,0.0004300627041882426,0.00013609346619203213,9.72517393365306e-05,1,2000,,7808.6,0.99991,2000,ve,7.2829
cycle,16,3,0.25,1.5,202,exact,0.0,0.0,,,1,,,,,,ve,0.012
cycle,16,3,0.25,1.5,202,mf,0.0019489616470070754,0.00406770266590091,0.0022003060397506346,0.0011949284687763988,1,4,,,,,ve,0.0026
cycle,16,3,0.25,1.5,202,lbp,7.155834547649528e-08,1.5712805320235168e-07,6.86576126727086e-08,8.026054388785529e-08,1,19,2.1250956644403018e-07,,,,ve,0.008
cycle,16,3,0.25,1.5,202,gibbs,0.0003497894593234582,0.0011340615783185463,0.0003981134851053296,0.00020481738197784404,1,2000,,7836.5,0.99993,2000,ve,6.7351
cycle,16,3,0.5,1.5,202,exact,0.0,0.0,,,1,,,,,,ve,0.007
cycle,16,3,0.5,1.5,202,mf,0.007722103013099532,0.017099827039135984,0.008933358723964007,0.004088335880506109,1,6,,,,,ve,0.0024
cycle,16,3,0.5,1.5,202,lbp,6.432098293882808e-08,1.1679215804888399e-07,7.062642596161277e-08,4.5404653870474015e-08,1,22,1.9501404019406365e-07,,,,ve,0.0079
cycle,16,3,0.5,1.5,202,gibbs,0.0008473157663599592,0.0023707826843920796,0.0009695628249209366,0.0004805745906770267,1,2000,,7386.3,0.99991,2000,ve,6.3133
cycle,16,3,0.75,1.5,202,exact,0.0,0.0,,,1,,,,,,ve,0.0075
cycle,16,3,0.75,1.5,202,mf,0.01704932912488392,0.04323549220122561,0.01999635667995374,0.008208246459674473,1,8,,,,,ve,0.0033
cycle,16,3,0.75,1.5,202,lbp,6.532780727106727e-08,1.2899481556527537e-07,6.985533948916194e-08,5.1745210616783305e-08,1,24,1.9246646626447372e-07,,,,ve,0.0076
cycle,16,3,0.75,1.5,202,gibbs,0.0014329525891350345,0.0033484981881935,0.0014898756964352349,0.0012621832672344326,1,2000,,6716.0,0.99995,2000,ve,7.4281
cycle,16,3,1.0,1.5,202,exact,0.0,0.0,,,1,,,,,,ve,0.0069
cycle,16,3,1.0,1.5,202,mf,0.032877560568278535,0.08657046132744134,0.03721946794271531,0.01985183844496822,1,10,,,,,ve,0.0041
cycle,16,3,1.0,1.5,202,lbp,1.0007636448060514e-07,2.9802830818492776e-07,1.1113226193944167e-07,6.690867210409554e-08,1,25,3.0978756482280545e-07,,,,ve,0.0091
cycle,16,3,1.0,1.5,202,gibbs,0.0019734977580870366,0.0052959409201527325,0.0020963745462415128,0.0016048673936236075,1,2000,,6024.2,0.99991,2000,ve,6.3204
cycle,16,3,1.3,1.5,202,exact,0.0,0.0,,,1,,,,,,ve,0.0074
cycle,16,3,1.3,1.5,202,mf,0.05886787353862888,0.13917100625291803,0.06520662002225229,0.03985163408775863,1,10,,,,,ve,0.0036
cycle,16,3,1.3,1.5,202,lbp,1.1850543486519993e-07,2.32204766359434e-07,1.2568556106904867e-07,9.696505625365372e-08,1,28,2.2380913272668224e-07,,,,ve,0.0098
cycle,16,3,1.3,1.5,202,gibbs,0.003188129210338793,0.007772452965441309,0.003385910899439001,0.0025947841430381683,1,2000,,5178.6,0.99999,2000,ve,7.3069
cycle,16,3,1.75,1.5,202,exact,0.0,0.0,,,1,,,,,,ve,0.0067
cycle,16,3,1.75,1.5,202,mf,0.09548216752789257,0.1634323247430515,0.10724830048860319,0.060183768645760735,1,13,,,,,ve,0.0046
cycle,16,3,1.75,1.5,202,lbp,2.486384932068482e-07,6.149693084281371e-07,2.601117675161144e-07,2.1421867027904967e-07,1,33,5.042081807071774e-07,,,,ve,0.0124
cycle,16,3,1.75,1.5,202,gibbs,0.004569967896019599,0.007970172441838938,0.004825773114351928,0.0038025522410226106,1,2000,,4046.8,0.99995,2000,ve,6.4431
cycle,16,3,2.5,1.5,202,exact,0.0,0.0,,,1,,,,,,ve,0.0072
cycle,16,3,2.5,1.5,202,mf,0.15590873613034134,0.3743906985580785,0.17658812582281747,0.093870567052913,1,63,,,,,ve,0.026
cycle,16,3,2.5,1.5,202,lbp,9.48257275559858e-06,1.3985015796348817e-05,8.913294763801823e-06,1.1190406730988848e-05,1,45,4.064304752748882e-07,,,,ve,0.0175
cycle,16,3,2.5,1.5,202,gibbs,0.00873260983521951,0.012179014779295026,0.008941634622714209,0.008105535472735414,1,2000,,1459.4,1.0008,2000,ve,6.5918
cycle,16,3,4.0,1.5,202,exact,0.0,0.0,,,1,,,,,,ve,0.0073
cycle,16,3,4.0,1.5,202,mf,0.7452007074548226,0.9894461167194519,0.8014490004741542,0.5764558283968282,1,15,,,,,ve,0.0064
cycle,16,3,4.0,1.5,202,lbp,0.0019754405392529493,0.002178055191052506,0.001978458191213764,0.001966387583370506,1,78,6.895807274087673e-07,,,,ve,0.0292
cycle,16,3,4.0,1.5,202,gibbs,0.007805420226452331,0.012533231422764975,0.008187726543168858,0.006658501276302752,0,2000,,271.1,1.01438,2000,ve,5.4495
cycle,16,3,0.0,0.5,203,exact,0.0,0.0,,,1,,,,,,ve,0.0052
cycle,16,3,0.0,0.5,203,mf,2.852535915809362e-16,6.106226635438361e-16,2.9302370715041565e-16,2.6194324487249787e-16,1,1,,,,,ve,0.0006
cycle,16,3,0.0,0.5,203,lbp,2.774473359390406e-16,5.551115123125783e-16,2.8145888397723695e-16,2.654126918244515e-16,1,3,0.0,,,,ve,0.0011
cycle,16,3,0.0,0.5,203,gibbs,8.516245434547765e-15,1.609823385706477e-14,9.830027417057075e-15,4.5748994870198345e-15,1,2000,,8224.4,1.00022,2000,ve,5.422
cycle,16,3,0.1,0.5,203,exact,0.0,0.0,,,1,,,,,,ve,0.0053
cycle,16,3,0.1,0.5,203,mf,0.00041817197472836503,0.0007748899065878681,0.0003698182387840033,0.0005632331825614501,1,4,,,,,ve,0.0015
cycle,16,3,0.1,0.5,203,lbp,8.026942734698202e-08,1.8478080060502222e-07,8.957402427551472e-08,5.235563656138392e-08,1,17,1.604086354300982e-07,,,,ve,0.0052
cycle,16,3,0.1,0.5,203,gibbs,0.0001998650328912032,0.00046318895509020463,0.0002320642632066189,0.00010326734194495606,1,2000,,8127.9,1.00008,2000,ve,5.3413
cycle,16,3,0.25,0.5,203,exact,0.0,0.0,,,1,,,,,,ve,0.0055
cycle,16,3,0.25,0.5,203,mf,0.0027217797871301754,0.0049251175835775055,0.0023903485216564577,0.003716073583551328,1,4,,,,,ve,0.0017
cycle,16,3,0.25,0.5,203,lbp,8.313380739545387e-08,1.8323439673548214e-07,9.117554203159964e-08,5.9008603487016587e-08,1,19,1.6678015118953837e-07,,,,ve,0.0058
cycle,16,3,0.25,0.5,203,gibbs,0.0004598192554458461,0.0011976945887028911,0.0005383565915204673,0.0002242072472219826,1,2000,,7801.6,1.00012,2000,ve,5.4663
cycle,16,3,0.5,0.5,203,exact,0.0,0.0,,,1,,,,,,ve,0.0053
cycle,16,3,0.5,0.5,203,mf,0.011656069097703198,0.020355308594525334,0.010063895754237936,0.01643258912809898,1,6,,,,,ve,0.0021
cycle,16,3,0.5,0.5,203,lbp,8.958389853758533e-08,2.463572663924385e-07,8.619571745596688e-08,9.974844178244069e-08,1,22,2.1088168494776127e-07,,,,ve,0.0061
cycle,16,3,0.5,0.5,203,gibbs,0.0011817487756626793,0.0028201383171502087,0.001222888181916709,0.0010583305569005909,1,2000,,7325.3,1.00024,2000,ve,5.3708
cycle,16,3,0.75,0.5,203,exact,0.0,0.0,,,1,,,,,,ve,0.0054
cycle,16,3,0.75,0.5,203,mf,0.027861117890613074,0.04870949675697827,0.02351008693313196,0.040914210763056416,1,8,,,,,ve,0.0027
cycle,16,3,0.75,0.5,203,lbp,1.5860693633999333e-07,4.991829070377651e-07,1.498070397751381e-07,1.8500662603455897e-07,1,25,2.9074314950028324e-07,,,,ve,0.0084
cycle,16,3,0.75,0.5,203,gibbs,0.0023743848545508487,0.006553435886660713,0.002822801843346514,0.0010291338881638508,1,2000,,6633.9,1.00062,2000,ve,5.4511
cycle,16,3,1.0,0.5,203,exact,0.0,0.0,,,1,,,,,,ve,0.0054
cycle,16,3,1.0,0.5,203,mf,0.052490008264994725,0.09345128724136845,0.04358994025950596,0.07919021228146103,1,14,,,,,ve,0.0049
cycle,16,3,1.0,0.5,203,lbp,1.5389741475982377e-07,3.1048794216226305e-07,1.5742302011269595e-07,1.4332059870120727e-07,1,29,3.081377995539647e-07,,,,ve,0.0093
cycle,16,3,1.0,0.5,203,gibbs,0.0026492390506303266,0.007865563026426728,0.0030951038915990672,0.0013116445277241064,1,2000,,5947.8,1.00069,2000,ve,5.4948
cycle,16,3,1.3,0.5,203,exact,0.0,0.0,,,1,,,,,,ve,0.0054
cycle,16,3,1.3,0.5,203,mf,0.10850801601574188,0.1973322267698437,0.09609040410883678,0.1457608517364572,1,23,,,,,ve,0.0094
cycle,16,3,1.3,0.5,203,lbp,3.875238381339163e-07,6.529630381946205e-07,4.0122780039261556e-07,3.464119513578185e-07,1,32,3.9941146956490314e-07,,,,ve,0.0108
cycle,16,3,1.3,0.5,203,gibbs,0.0032742187564094084,0.0065303546201296095,0.003608084545519303,0.002272621389079724,1,2000,,4923.5,1.00026,2000,ve,5.5811
cycle,16,3,1.75,0.5,203,exact,0.0,0.0,,,1,,,,,,ve,0.0053
cycle,16,3,1.75,0.5,203,mf,0.202995785663234,0.362120304034306,0.19390101079252872,0.23028011027534995,1,18,,,,,ve,0.0067
cycle,16,3,1.75,0.5,203,lbp,2.47021413204892e-06,7.363943154231611e-06,2.707351823687023e-06,1.758801057134612e-06,1,41,5.048405448682125e-07,,,,ve,0.0132
cycle,16,3,1.75,0.5,203,gibbs,0.006377298212550898,0.013648011556085238,0.006256740598623165,0.0067389710543341004,1,2000,,4071.4,1.00136,2000,ve,5.4068
cycle,16,3,2.5,0.5,203,exact,0.0,0.0,,,1,,,,,,ve,0.0055
cycle,16,3,2.5,0.5,203,mf,0.31925992666801917,0.5597810964885952,0.3164120939886924,0.32780342470599944,1,17,,,,,ve,0.0048
cycle,16,3,2.5,0.5,203,lbp,0.0003219725471217419,0.0006511851408948083,0.00032950404992127864,0.0002993780387231318,1,60,5.945714669497448e-07,,,,ve,0.0154
cycle,16,3,2.5,0.5,203,gibbs,0.018443308732153864,0.025157232627384077,0.017908964810388586,0.0200463404974497,1,2000,,1368.0,1.00298,2000,ve,5.5924
cycle,16,3,4.0,0.5,203,exact,0.0,0.0,,,1,,,,,,ve,0.0053
cycle,16,3,4.0,0.5,203,mf,0.5221723631104995,0.9424361600874572,0.5380308346826915,0.4745969483939233,1,16,,,,,ve,0.0054
cycle,16,3,4.0,0.5,203,lbp,0.01257365411910193,0.013755514802901048,0.012570862511634084,0.012582028941505466,1,107,7.292504008438172e-07,,,,ve,0.0289
cycle,16,3,4.0,0.5,203,gibbs,0.015434644617811967,0.027851067534325924,0.01608711015753367,0.013477247998646868,0,2000,,113.3,1.04171,2000,ve,5.3498
cycle,16,3,0.0,1.5,203,exact,0.0,0.0,,,1,,,,,,ve,0.0052
cycle,16,3,0.0,1.5,203,mf,2.5625118346694897e-16,6.661338147750939e-16,2.57245035458394e-16,2.5326962749261384e-16,1,1,,,,,ve,0.0005
cycle,16,3,0.0,1.5,203,lbp,2.60587992156891e-16,6.800116025829084e-16,2.618709647276655e-16,2.5673907444456745e-16,1,3,0.0,,,,ve,0.0013
cycle,16,3,0.0,1.5,203,gibbs,5.736784745163925e-15,1.7555401576885288e-14,6.142005307130383e-15,4.5211230592645535e-15,1,2000,,7910.1,1.0003,2000,ve,5.4552
cycle,16,3,0.1,1.5,203,exact,0.0,0.0,,,1,,,,,,ve,0.0052
cycle,16,3,0.1,1.5,203,mf,0.0003833861371613563,0.0006183932773525802,0.0003621853083275049,0.00044698862366291054,1,4,,,,,ve,0.0016
cycle,16,3,0.1,1.5,203,lbp,8.551059837335262e-08,2.0111898808850004e-07,9.265816825535939e-08,6.40678887273323e-08,1,17,1.7922522388413853e-07,,,,ve,0.0051
cycle,16,3,0.1,1.5,203,gibbs,0.0001434827917694792,0.0004226810196078651,0.00016398424147837185,8.197844264280123e-05,1,2000,,7931.3,1.0003,2000,ve,5.5488
cycle,16,3,0.25,1.5,203,exact,0.0,0.0,,,1,,,,,,ve,0.0053
cycle,16,3,0.25,1.5,203,mf,0.002459881008665571,0.0039248732088535895,0.002306327564478466,0.0029205413412268857,1,5,,,,,ve,0.0018
cycle,16,3,0.25,1.5,203,lbp,7.061565220924364e-08,1.918569788213198e-07,6.95761608175173e-08,7.373412638442267e-08,1,19,2.2275717553865704e-07,,,,ve,0.0054
cycle,16,3,0.25,1.5,203,gibbs,0.00036811212733066975,0.000994218847903433,0.00040947978600897457,0.00024400915129575533,1,2000,,7736.4,1.0004,2000,ve,5.4771
cycle,16,3,0.5,1.5,203,exact,0.0,0.0,,,1,,,,,,ve,0.0057
cycle,16,3,0.5,1.5,203,mf,0.010423747707645068,0.017753390921856654,0.009651967885035733,0.012739087175473075,1,6,,,,,ve,0.002
cycle,16,3,0.5,1.5,203,lbp,1.0256055180735732e-07,2.0036936301467967e-07,1.0460623277400724e-07,9.642350890740753e-08,1,21,2.748782932382454e-07,,,,ve,0.0056
cycle,16,3,0.5,1.5,203,gibbs,0.000876452955771296,0.0022278832680589153,0.000915479509005649,0.000759373296068237,1,2000,,7247.4,1.00015,2000,ve,5.3553
cycle,16,3,0.75,1.5,203,exact,0.0,0.0,,,1,,,,,,ve,0.0054
cycle,16,3,0.75,1.5,203,mf,0.026851196664173602,0.04991351736708076,0.02514120216681845,0.03198118015623905,1,9,,,,,ve,0.0031
cycle,16,3,0.75,1.5,203,lbp,2.0537872501700714e-07,3.654352365234717e-07,2.0131161631411725e-07,2.175800511256768e-07,1,23,2.1553553108955015e-07,,,,ve,0.0075
cycle,16,3,0.75,1.5,203,gibbs,0.0017353489118292107,0.004950503618863948,0.0019838019390833045,0.000989989830066929,1,2000,,6127.6,1.00025,2000,ve,5.5678
cycle,16,3,1.0,1.5,203,exact,0.0,0.0,,,1,,,,,,ve,0.0059
cycle,16,3,1.0,1.5,203,mf,0.05362450506407995,0.10063269409196494,0.05098983497495239,0.06152851533146266,1,12,,,,,ve,0.0163
cycle,16,3,1.0,1.5,203,lbp,4.0592811461031934e-07,7.816923449782687e-07,3.6245155071940385e-07,5.363578062830658e-07,1,25,3.6523213026162793e-07,,,,ve,0.0152
cycle,16,3,1.0,1.5,203,gibbs,0.0024850902556927635,0.005975812556369885,0.0024630438049295395,0.002551229607982435,1,2000,,5711.7,1.0007,2000,ve,5.4076
cycle,16,3,1.3,1.5,203,exact,0.0,0.0,,,1,,,,,,ve,0.0055
cycle,16,3,1.3,1.5,203,mf,0.09204279882264269,0.16886597210483634,0.09079723393874624,0.09577949347433197,1,17,,,,,ve,0.0055
cycle,16,3,1.3,1.5,203,lbp,2.563239857711596e-07,6.236604617598784e-07,2.2744221707464126e-07,3.429692918607147e-07,1,31,3.4044277891220887e-07,,,,ve,0.0092
cycle,16,3,1.3,1.5,203,gibbs,0.002633520501635516,0.005789653267947517,0.0028482355141822313,0.0019893754639953684,1,2000,,5036.1,1.00072,2000,ve,5.4172
cycle,16,3,1.75,1.5,203,exact,0.0,0.0,,,1,,,,,,ve,0.0067
cycle,16,3,1.75,1.5,203,mf,0.17930009228409044,0.31859872973658043,0.169134295136638,0.20979748372644777,1,30,,,,,ve,0.0169
cycle,16,3,1.75,1.5,203,lbp,3.442048140768741e-07,9.428820055001896e-07,3.725718056199186e-07,2.591038394477406e-07,1,40,4.368465133519628e-07,,,,ve,0.0235
cycle,16,3,1.75,1.5,203,gibbs,0.0029766793837234587,0.010178566050301853,0.003598559997366328,0.0011110375427948514,1,2000,,3560.1,1.00031,2000,ve,5.3394
cycle,16,3,2.5,1.5,203,exact,0.0,0.0,,,1,,,,,,ve,0.0053
cycle,16,3,2.5,1.5,203,mf,0.2077384878418414,0.4029119136356395,0.20470126539380454,0.2168501551859519,1,9,,,,,ve,0.003
cycle,16,3,2.5,1.5,203,lbp,8.270078180956555e-06,2.9421477312649436e-05,9.697592679327815e-06,3.987534685842776e-06,1,54,3.419956883521369e-07,,,,ve,0.0152
cycle,16,3,2.5,1.5,203,gibbs,0.018792318933760016,0.03707337168267608,0.015915209076640676,0.027423648505118026,1,2000,,1216.1,1.00217,2000,ve,5.4605
cycle,16,3,4.0,1.5,203,exact,0.0,0.0,,,1,,,,,,ve,0.0052
cycle,16,3,4.0,1.5,203,mf,0.2027692109483459,0.8894849563802899,0.25957048735342064,0.03236538173312183,1,12,,,,,ve,0.0054
cycle,16,3,4.0,1.5,203,lbp,0.00022801921551870687,0.00026006377557535854,0.00022431828874049054,0.0002391219958533559,1,72,6.61480694663652e-07,,,,ve,0.0245
cycle,16,3,4.0,1.5,203,gibbs,0.013528956981761767,0.021375132715008145,0.012499770639371618,0.016616516008932207,0,2000,,293.9,1.0066,2000,ve,5.4691
cycle,16,3,0.0,0.5,204,exact,0.0,0.0,,,1,,,,,,ve,0.0052
cycle,16,3,0.0,0.5,204,mf,2.768239196898614e-16,5.967448757360216e-16,2.742670095664164e-16,2.8449465006019636e-16,1,1,,,,,ve,0.0009
cycle,16,3,0.0,0.5,204,lbp,2.779081218623469e-16,5.967448757360216e-16,2.7686909478038163e-16,2.8102520310824275e-16,1,3,0.0,,,,ve,0.001
cycle,16,3,0.0,0.5,204,gibbs,8.03878990283946e-15,1.8915424782051105e-14,8.348754268934963e-15,7.108896804552955e-15,1,2000,,7522.1,1.00028,2000,ve,5.6213
cycle,16,3,0.1,0.5,204,exact,0.0,0.0,,,1,,,,,,ve,0.0054
cycle,16,3,0.1,0.5,204,mf,0.0003537216923088649,0.0005994261974000409,0.0003803986681731235,0.0002736907647160891,1,4,,,,,ve,0.0017
cycle,16,3,0.1,0.5,204,lbp,8.6038794332139e-08,1.9990313522566527e-07,7.112479071324223e-08,1.3078080518882929e-07,1,17,1.6529404928133928e-07,,,,ve,0.0049
cycle,16,3,0.1,0.5,204,gibbs,0.00022685490465677605,0.0005139983887627181,0.000201854650272379,0.0003018556678099672,1,2000,,7139.9,1.00013,2000,ve,5.501
cycle,16,3,0.25,0.5,204,exact,0.0,0.0,,,1,,,,,,ve,0.0054
cycle,16,3,0.25,0.5,204,mf,0.0021614116571237376,0.003768855032702953,0.002353700179600744,0.0015845460896927177,1,5,,,,,ve,0.0015
cycle,16,3,0.25,0.5,204,lbp,1.8534256797082902e-07,4.2720573700111286e-07,1.6910458638088344e-07,2.3405651274066575e-07,1,18,2.7926936091438037e-07,,,,ve,0.0062
cycle,16,3,0.25,0.5,204,gibbs,0.0005610270183304722,0.0014060918312624182,0.0004990017924012294,0.0007471026961182008,1,2000,,6899.1,1.00019,2000,ve,5.5488
cycle,16,3,0.5,0.5,204,exact,0.0,0.0,,,1,,,,,,ve,0.0056
cycle,16,3,0.5,0.5,204,mf,0.00873517207912287,0.01579367032689101,0.00930711945917386,0.0070193299389699065,1,7,,,,,ve,0.0021
cycle,16,3,0.5,0.5,204,lbp,1.2904351176799876e-07,2.918680769292692e-07,1.4174902165157584e-07,9.092698211726757e-08,1,22,2.0427482899654237e-07,,,,ve,0.0134
cycle,16,3,0.5,0.5,204,gibbs,0.000998657347295046,0.002501483297681864,0.000947357883019643,0.0011525557401212555,1,2000,,7310.6,0.9999,2000,ve,5.3489
cycle,16,3,0.75,0.5,204,exact,0.0,0.0,,,1,,,,,,ve,0.0056
cycle,16,3,0.75,0.5,204,mf,0.02249864718915076,0.041153030522472885,0.022391749556420714,0.02281934008734089,1,10,,,,,ve,0.0032
cycle,16,3,0.75,0.5,204,lbp,2.1555636551385095e-07,6.295686747065377e-07,2.0277463084890425e-07,2.5390156950869103e-07,1,25,3.1781669468378126e-07,,,,ve,0.0069
cycle,16,3,0.75,0.5,204,gibbs,0.0018430217607347814,0.004123338497788898,0.001839962836437942,0.0018521985336252995,1,2000,,6240.0,1.00046,2000,ve,5.4091
cycle,16,3,1.0,0.5,204,exact,0.0,0.0,,,1,,,,,,ve,0.0069
cycle,16,3,1.0,0.5,204,mf,0.05260251436893146,0.09834705975778121,0.049419646197445564,0.06215111888338915,1,15,,,,,ve,0.0055
cycle,16,3,1.0,0.5,204,lbp,2.4602165755470743e-07,6.850728858781574e-07,2.1963270192576923e-07,3.25188524441522e-07,1,29,3.869118676003147e-07,,,,ve,0.0093
cycle,16,3,1.0,0.5,204,gibbs,0.0032029197734499406,0.007261615097106461,0.0028661684330930927,0.004213173794520485,1,2000,,5332.1,1.00006,2000,ve,5.4152
cycle,16,3,1.3,0.5,204,exact,0.0,0.0,,,1,,,,,,ve,0.0052
cycle,16,3,1.3,0.5,204,mf,0.11698242216432195,0.22091653420486856,0.10982706071297875,0.13844850651835153,1,29,,,,,ve,0.0097
cycle,16,3,1.3,0.5,204,lbp,1.9053967660858772e-07,4.6571099343584166e-07,1.554968375200016e-07,2.9566819387434606e-07,1,35,3.6699036515264183e-07,,,,ve,0.0105
cycle,16,3,1.3,0.5,204,gibbs,0.0033398311792734296,0.008923740388371668,0.0036647828895107703,0.002364976048561408,1,2000,,4071.3,1.0001,2000,ve,5.3727
cycle,16,3,1.75,0.5,204,exact,0.0,0.0,,,1,,,,,,ve,0.0054
cycle,16,3,1.75,0.5,204,mf,0.2132055089126353,0.3590821447668751,0.21658603164227772,0.20306394072370815,1,39,,,,,ve,0.0127
cycle,16,3,1.75,0.5,204,lbp,2.6475015517099304e-06,4.849241726688491e-06,2.4001836054653807e-06,3.38945539044358e-06,1,43,3.9117799965904254e-07,,,,ve,0.0127
cycle,16,3,1.75,0.5,204,gibbs,0.0041166820419642584,0.010026719015763866,0.004190029455655715,0.003896639800889886,1,2000,,2693.0,1.00182,2000,ve,5.4792
cycle,16,3,2.5,0.5,204,exact,0.0,0.0,,,1,,,,,,ve,0.0052
cycle,16,3,2.5,0.5,204,mf,0.2619534754895002,0.5643543488630943,0.26677602577686876,0.24748582462739457,1,29,,,,,ve,0.0086
cycle,16,3,2.5,0.5,204,lbp,0.00034461481235557005,0.0005312353247185833,0.00032576131245184596,0.0004011753120667424,1,58,7.796076481603187e-07,,,,ve,0.014
cycle,16,3,2.5,0.5,204,gibbs,0.016651860606917767,0.032105767580292696,0.018778589899301087,0.010271672729767808,1,2000,,955.1,1.00399,2000,ve,5.473
cycle,16,3,4.0,0.5,204,exact,0.0,0.0,,,1,,,,,,ve,0.0053
cycle,16,3,4.0,0.5,204,mf,0.45032814691258527,0.904432739010602,0.44022083039433174,0.4806500964673462,1,38,,,,,ve,0.0115
cycle,16,3,4.0,0.5,204,lbp,0.03844581034593876,0.06188008835397001,0.0421741351289418,0.027260835996929633,1,149,7.486722561900194e-07,,,,ve,0.0421
cycle,16,3,4.0,0.5,204,gibbs,0.10321144263987617,0.10701444053921896,0.10311963233907429,0.10348687354228178,0,2000,,111.2,1.06359,2000,ve,5.5135
cycle,16,3,0.0,1.5,204,exact,0.0,0.0,,,1,,,,,,ve,0.0052
cycle,16,3,0.0,1.5,204,mf,2.812894773877861e-16,7.494005416219807e-16,2.802210864969827e-16,2.8449465006019636e-16,1,1,,,,,ve,0.0006
cycle,16,3,0.0,1.5,204,lbp,2.8399998281899985e-16,7.632783294297951e-16,2.849915760559189e-16,2.8102520310824275e-16,1,3,0.0,,,,ve,0.0012
cycle,16,3,0.0,1.5,204,gibbs,7.234596493925494e-15,1.477290512141849e-14,7.276496390383006e-15,7.108896804552955e-15,1,2000,,7761.0,1.00061,2000,ve,5.532
cycle,16,3,0.1,1.5,204,exact,0.0,0.0,,,1,,,,,,ve,0.0064
cycle,16,3,0.1,1.5,204,mf,0.0003470890469860904,0.0006768010101675381,0.0003771387884033798,0.0002569398227342222,1,4,,,,,ve,0.0015
cycle,16,3,0.1,1.5,204,lbp,7.458974391809462e-08,1.682925406532032e-07,6.876848884008683e-08,9.205350915211796e-08,1,17,1.6951430836797954e-07,,,,ve,0.0049
cycle,16,3,0.1,1.5,204,gibbs,0.0001674895473397603,0.00036990122045651996,0.00016400941339465402,0.0001779299491750791,1,2000,,7822.3,1.00108,2000,ve,5.4621
cycle,16,3,0.25,1.5,204,exact,0.0,0.0,,,1,,,,,,ve,0.0053
cycle,16,3,0.25,1.5,204,mf,0.002120845673446209,0.004358333129097298,0.0023401852709888883,0.0014628268808181723,1,4,,,,,ve,0.0016
cycle,16,3,0.25,1.5,204,lbp,7.608964971974003e-08,1.5315243293706482e-07,7.147809073896087e-08,8.99243266620775e-08,1,19,1.510367558799075e-07,,,,ve,0.005
cycle,16,3,0.25,1.5,204,gibbs,0.00045253901536535906,0.0011271283121676093,0.00046820699164513497,0.0004055350865260314,1,2000,,7662.6,1.00066,2000,ve,5.3876
cycle,16,3,0.5,1.5,204,exact,0.0,0.0,,,1,,,,,,ve,0.0065
cycle,16,3,0.5,1.5,204,mf,0.008155946621314521,0.018069709009515354,0.009068647846977394,0.005417842944325901,1,6,,,,,ve,0.0022
cycle,16,3,0.5,1.5,204,lbp,1.3873836827835482e-07,3.417024490720566e-07,1.2633816167439472e-07,1.7593898809023512e-07,1,21,2.4598775344442103e-07,,,,ve,0.0065
cycle,16,3,0.5,1.5,204,gibbs,0.0008959073341819595,0.002454125464034118,0.0008632997784742842,0.0009937300013049856,1,2000,,7559.4,1.00071,2000,ve,5.4047
cycle,16,3,0.75,1.5,204,exact,0.0,0.0,,,1,,,,,,ve,0.0053
cycle,16,3,0.75,1.5,204,mf,0.017957215083340063,0.040956063621930106,0.019692684802573183,0.01275080592564069,1,8,,,,,ve,0.0028
cycle,16,3,0.75,1.5,204,lbp,1.772269150161098e-07,5.035138613967982e-07,1.5751825339939307e-07,2.3635289986626007e-07,1,24,3.622370440825584e-07,,,,ve,0.0071
cycle,16,3,0.75,1.5,204,gibbs,0.0013729675471424916,0.0031304499308505984,0.0012281521559770452,0.0018074137206388306,1,2000,,7123.2,1.00047,2000,ve,5.4527
cycle,16,3,1.0,1.5,204,exact,0.0,0.0,,,1,,,,,,ve,0.0057
cycle,16,3,1.0,1.5,204,mf,0.033914518437728323,0.0692270035581321,0.03556863266829296,0.0289521757460344,1,12,,,,,ve,0.004
cycle,16,3,1.0,1.5,204,lbp,7.20657067803575e-08,2.546729883368126e-07,6.369958017745927e-08,9.716408658905218e-08,1,29,2.640141509302474e-07,,,,ve,0.0085
cycle,16,3,1.0,1.5,204,gibbs,0.0023988807712738225,0.005462309681720151,0.002028311007547582,0.003510590062452544,1,2000,,6542.3,1.00025,2000,ve,5.6243
cycle,16,3,1.3,1.5,204,exact,0.0,0.0,,,1,,,,,,ve,0.0053
cycle,16,3,1.3,1.5,204,mf,0.06652774251727832,0.15949738622085188,0.06572328696579684,0.06894110917172279,1,21,,,,,ve,0.0071
cycle,16,3,1.3,1.5,204,lbp,1.1218151877722435e-07,1.7516713010645724e-07,1.0568947279474775e-07,1.3165765672465413e-07,1,33,2.569647376549078e-07,,,,ve,0.0092
cycle,16,3,1.3,1.5,204,gibbs,0.0044302868718793815,0.009085689706292407,0.0038324097125415173,0.006223918349892974,1,2000,,5215.2,1.0001,2000,ve,5.5298
cycle,16,3,1.75,1.5,204,exact,0.0,0.0,,,1,,,,,,ve,0.0052
cycle,16,3,1.75,1.5,204,mf,0.21181986004343967,0.39424035126874857,0.1941201168884852,0.264919089508303,1,55,,,,,ve,0.0174
cycle,16,3,1.75,1.5,204,lbp,5.682608506186646e-07,9.920765152854338e-07,5.762996342696872e-07,5.44144499665597e-07,1,38,4.4050761549563333e-07,,,,ve,0.0109
cycle,16,3,1.75,1.5,204,gibbs,0.005710138166070894,0.011588683001405364,0.005751447851105862,0.005586209110965993,1,2000,,3798.4,1.00042,2000,ve,5.3782
cycle,16,3,2.5,1.5,204,exact,0.0,0.0,,,1,,,,,,ve,0.0054
cycle,16,3,2.5,1.5,204,mf,0.29960532830453285,0.517315937478352,0.29312323688198233,0.31905160257218446,1,29,,,,,ve,0.0094
cycle,16,3,2.5,1.5,204,lbp,8.335822824385113e-05,0.00015096395942111335,8.277209224606624e-05,8.511663623720581e-05,1,51,4.245628363597209e-07,,,,ve,0.014
cycle,16,3,2.5,1.5,204,gibbs,0.010209075702002864,0.017696223560694953,0.009269949222436612,0.013026455140701618,1,2000,,1956.9,1.0021,2000,ve,5.4199
cycle,16,3,4.0,1.5,204,exact,0.0,0.0,,,1,,,,,,ve,0.0062
cycle,16,3,4.0,1.5,204,mf,0.47537523862577835,0.8233408768618256,0.48052801294125064,0.45991691567936144,1,23,,,,,ve,0.0073
cycle,16,3,4.0,1.5,204,lbp,0.020618668337337668,0.04595795797267873,0.019784644622680005,0.02312073948131066,1,113,6.435903940338328e-07,,,,ve,0.0314
cycle,16,3,4.0,1.5,204,gibbs,0.10702323031487676,0.1468288757272569,0.11364375726428283,0.0871616494666586,0,2000,,113.5,1.04276,2000,ve,5.4418
cycle,16,3,0.0,0.5,205,exact,0.0,0.0,,,1,,,,,,ve,0.0055
cycle,16,3,0.0,0.5,205,mf,2.856872724499304e-16,4.787836793695988e-16,3.1730983581409095e-16,1.9081958235744878e-16,1,1,,,,,ve,0.0005
cycle,16,3,0.0,0.5,205,lbp,2.863377937534217e-16,4.440892098500626e-16,3.2164664450403297e-16,1.8041124150158794e-16,1,3,0.0,,,,ve,0.0011
cycle,16,3,0.0,0.5,205,gibbs,8.544272060706515e-15,2.128158760328347e-14,7.366647801025176e-15,1.2077144839750531e-14,1,2000,,7909.7,0.99971,2000,ve,5.3505
cycle,16,3,0.1,0.5,205,exact,0.0,0.0,,,1,,,,,,ve,0.0053
cycle,16,3,0.1,0.5,205,mf,0.00032174699220760463,0.0006608510011541086,0.00033770961819790113,0.00027385911423671513,1,4,,,,,ve,0.0015
cycle,16,3,0.1,0.5,205,lbp,6.320144235597621e-08,1.5468799263729238e-07,6.601701762149724e-08,5.475471655941311e-08,1,17,1.3584897523566397e-07,,,,ve,0.0053
cycle,16,3,0.1,0.5,205,gibbs,0.00018995353717581455,0.00046024624918036827,0.00020115818499976163,0.00015633959370397327,1,2000,,7869.8,0.9997,2000,ve,5.4877
cycle,16,3,0.25,0.5,205,exact,0.0,0.0,,,1,,,,,,ve,0.0054
cycle,16,3,0.25,0.5,205,mf,0.0019228442989243503,0.004266940745764836,0.0020024764880386217,0.0016839477315815365,1,5,,,,,ve,0.0022
cycle,16,3,0.25,0.5,205,lbp,1.1981736768300767e-07,2.1534743646113574e-07,1.328902347725279e-07,8.059876641444697e-08,1,18,2.0478666495904463e-07,,,,ve,0.0059
cycle,16,3,0.25,0.5,205,gibbs,0.00045947044157840504,0.001015229746021487,0.00048651344315272046,0.00037834143685545885,1,2000,,7824.7,0.99989,2000,ve,5.5123
cycle,16,3,0.5,0.5,205,exact,0.0,0.0,,,1,,,,,,ve,0.0059
cycle,16,3,0.5,0.5,205,mf,0.007664716411026295,0.018483880879141407,0.00790068474820399,0.006956811399493206,1,7,,,,,ve,0.0027
cycle,16,3,0.5,0.5,205,lbp,1.0522642397931079e-07,2.62933605832405e-07,9.354746197193346e-08,1.4026331000144276e-07,1,22,1.9916711180290037e-07,,,,ve,0.0064
cycle,16,3,0.5,0.5,205,gibbs,0.0009500930913653661,0.0015975924567459502,0.0009328673432540002,0.0010017703356994638,1,2000,,7429.0,1.0,2000,ve,5.6643
cycle,16,3,0.75,0.5,205,exact,0.0,0.0,,,1,,,,,,ve,0.0058
cycle,16,3,0.75,0.5,205,mf,0.019718695654603255,0.0471393546791507,0.02026502845546964,0.018079697252004114,1,11,,,,,ve,0.0041
cycle,16,3,0.75,0.5,205,lbp,1.7271146893958712e-07,3.923952728163149e-07,1.727797106628222e-07,1.7250674376988184e-07,1,25,2.8320107681167883e-07,,,,ve,0.0083
cycle,16,3,0.75,0.5,205,gibbs,0.0015629921361247114,0.003541959415274354,0.0012268288264804244,0.002571482065057572,1,2000,,6808.1,0.99979,2000,ve,5.4713
cycle,16,3,1.0,0.5,205,exact,0.0,0.0,,,1,,,,,,ve,0.0071
cycle,16,3,1.0,0.5,205,mf,0.04432590054503144,0.10088344689113683,0.04595495304835096,0.03943874303507283,1,18,,,,,ve,0.013
cycle,16,3,1.0,0.5,205,lbp,2.516921088300942e-07,4.4061299454833946e-07,2.672973213706965e-07,2.0487647120828734e-07,1,29,3.035743237345123e-07,,,,ve,0.0068
cycle,16,3,1.0,0.5,205,gibbs,0.002551645915866506,0.005661974363847161,0.002312549454328261,0.003268935300481241,1,2000,,6177.1,0.99979,2000,ve,5.5177
cycle,16,3,1.3,0.5,205,exact,0.0,0.0,,,1,,,,,,ve,0.0052
cycle,16,3,1.3,0.5,205,mf,0.11739097343295982,0.2266853235189892,0.13226133697963777,0.07277988279292597,1,43,,,,,ve,0.0131
cycle,16,3,1.3,0.5,205,lbp,4.5324152097751076e-07,1.0995871844027283e-06,4.536093833574454e-07,4.5213793383770684e-07,1,33,4.6178254697881727e-07,,,,ve,0.0096
cycle,16,3,1.3,0.5,205,gibbs,0.0030735277019393837,0.008002331854382738,0.002857076291138541,0.00372288193434191,1,2000,,5004.4,0.99987,2000,ve,5.4619
cycle,16,3,1.75,0.5,205,exact,0.0,0.0,,,1,,,,,,ve,0.0053
cycle,16,3,1.75,0.5,205,mf,0.33965718061870087,0.4761616031928799,0.35121755485550027,0.30497605790830273,1,108,,,,,ve,0.0354
cycle,16,3,1.75,0.5,205,lbp,2.0648226552861984e-05,5.886830011431199e-05,2.2210399568172107e-05,1.5961707506931613e-05,1,42,6.624912277097827e-07,,,,ve,0.013
cycle,16,3,1.75,0.5,205,gibbs,0.007555271515970909,0.01458032580391125,0.0077537568458166855,0.006959815526433575,1,2000,,4033.6,1.00003,2000,ve,5.4162
cycle,16,3,2.5,0.5,205,exact,0.0,0.0,,,1,,,,,,ve,0.0052
cycle,16,3,2.5,0.5,205,mf,0.4959479619448097,0.6718644805630449,0.4698858219163314,0.5741343820302445,1,75,,,,,ve,0.0223
cycle,16,3,2.5,0.5,205,lbp,0.001367202471251814,0.004362783347882905,0.0014773776155987855,0.0010366770382108995,1,69,6.84974535203331e-07,,,,ve,0.0195
cycle,16,3,2.5,0.5,205,gibbs,0.025439865830943667,0.03151376568025471,0.025713480677530622,0.02461902129118281,1,2000,,1403.2,1.00203,2000,ve,5.5354
cycle,16,3,4.0,0.5,205,exact,0.0,0.0,,,1,,,,,,ve,0.0052
cycle,16,3,4.0,0.5,205,mf,0.752716627445452,0.8894435600018191,0.7410485383435015,0.7877208947513031,1,28,,,,,ve,0.0092
cycle,16,3,4.0,0.5,205,lbp,0.09089035766846298,0.10844398558262847,0.089102531728472,0.09625383548843593,1,197,9.021878811799056e-07,,,,ve,0.0556
cycle,16,3,4.0,0.5,205,gibbs,0.029304098953286044,0.046662491790269815,0.027770774424015016,0.03390407254109913,0,2000,,45.4,1.06483,2000,ve,5.6385
cycle,16,3,0.0,1.5,205,exact,0.0,0.0,,,1,,,,,,ve,0.0053
cycle,16,3,0.0,1.5,205,mf,2.6638847377968844e-16,6.245004513516506e-16,2.9157810425376834e-16,1.9081958235744878e-16,1,1,,,,,ve,0.0006
cycle,16,3,0.0,1.5,205,lbp,2.616179842207522e-16,6.245004513516506e-16,2.8868689846047363e-16,1.8041124150158794e-16,1,3,0.0,,,,ve,0.0011
cycle,16,3,0.0,1.5,205,gibbs,8.528388498879602e-15,1.7555401576885288e-14,7.345469718589293e-15,1.2077144839750531e-14,1,2000,,7937.7,1.00032,2000,ve,5.532
cycle,16,3,0.1,1.5,205,exact,0.0,0.0,,,1,,,,,,ve,0.0053
cycle,16,3,0.1,1.5,205,mf,0.0003792581515927219,0.0006382850052325043,0.0004103018032786902,0.0002861271965348168,1,4,,,,,ve,0.0015
cycle,16,3,0.1,1.5,205,lbp,7.866822721507927e-08,2.33077619926636e-07,8.092294182846249e-08,7.19040833749296e-08,1,17,1.672164886001859e-07,,,,ve,0.0052
cycle,16,3,0.1,1.5,205,gibbs,0.0001929658263013963,0.0005534906492411784,0.00017633440764383708,0.00024286008227407396,1,2000,,8015.7,1.00013,2000,ve,5.643
cycle,16,3,0.25,1.5,205,exact,0.0,0.0,,,1,,,,,,ve,0.0066
cycle,16,3,0.25,1.5,205,mf,0.0023323789567187567,0.003925650818810616,0.0025800668594513237,0.0015893152485210553,1,5,,,,,ve,0.0016
cycle,16,3,0.25,1.5,205,lbp,7.744417190001796e-08,2.3610538974882384e-07,8.785575242887626e-08,4.6209430313443045e-08,1,19,2.0665489142146498e-07,,,,ve,0.0056
cycle,16,3,0.25,1.5,205,gibbs,0.0004321726751127449,0.001016267457581932,0.0004380288854629771,0.0004146040440620481,1,2000,,7955.2,1.00004,2000,ve,10.0942
cycle,16,3,0.5,1.5,205,exact,0.0,0.0,,,1,,,,,,ve,0.0059
cycle,16,3,0.5,1.5,205,mf,0.009174418561849128,0.015568673424533618,0.010200104976618714,0.006097359317540369,1,7,,,,,ve,0.0071
cycle,16,3,0.5,1.5,205,lbp,1.033780185995454e-07,2.557546408543665e-07,9.776266398973307e-08,1.2022408242898242e-07,1,22,2.4215817845396614e-07,,,,ve,0.0288
cycle,16,3,0.5,1.5,205,gibbs,0.0008900947225087214,0.002003670713074973,0.0009260738213581823,0.0007821574259603385,1,2000,,7401.8,1.00036,2000,ve,12.051
cycle,16,3,0.75,1.5,205,exact,0.0,0.0,,,1,,,,,,ve,0.0056
cycle,16,3,0.75,1.5,205,mf,0.020812332420170727,0.03468850062886637,0.02267383515065814,0.015227824228708511,1,9,,,,,ve,0.0078
cycle,16,3,0.75,1.5,205,lbp,1.0396013986566652e-07,3.523756825288271e-07,9.095349722978349e-08,1.4298006777331562e-07,1,25,2.5366542366622724e-07,,,,ve,0.0289
cycle,16,3,0.75,1.5,205,gibbs,0.0012239014561578544,0.0026806769485104177,0.0013127062875125488,0.0009574869620937714,1,2000,,6954.0,1.00049,2000,ve,11.8713
cycle,16,3,1.0,1.5,205,exact,0.0,0.0,,,1,,,,,,ve,0.0068
cycle,16,3,1.0,1.5,205,mf,0.03921524348636736,0.07186063008387125,0.039956643244651556,0.03699104421151479,1,15,,,,,ve,0.0184
cycle,16,3,1.0,1.5,205,lbp,1.6459725154583434e-07,3.4083930609135615e-07,1.5816055888327624e-07,1.8390732953350863e-07,1,28,3.392666649282283e-07,,,,ve,0.0212
cycle,16,3,1.0,1.5,205,gibbs,0.002011986626069136,0.003657288426827207,0.0019621583513560765,0.0021614714502083167,1,2000,,6464.3,0.99988,2000,ve,11.1013
cycle,16,3,1.3,1.5,205,exact,0.0,0.0,,,1,,,,,,ve,0.0057
cycle,16,3,1.3,1.5,205,mf,0.07306179338853064,0.16845611322529025,0.06780915308950776,0.08881971428559926,1,31,,,,,ve,0.0789
cycle,16,3,1.3,1.5,205,lbp,2.670279095150609e-07,5.640175696278171e-07,2.464819316573841e-07,3.286658430880912e-07,1,32,3.2769551250311224e-07,,,,ve,0.0146
cycle,16,3,1.3,1.5,205,gibbs,0.0027675645654646184,0.00700252960555546,0.002391427478357035,0.003895975826787367,1,2000,,5687.7,0.99997,2000,ve,11.798
cycle,16,3,1.75,1.5,205,exact,0.0,0.0,,,1,,,,,,ve,0.0053
cycle,16,3,1.75,1.5,205,mf,0.21345223355775764,0.4007190697285251,0.18766066945919868,0.2908269258534345,1,255,,,,,ve,0.1346
cycle,16,3,1.75,1.5,205,lbp,1.381961277987663e-06,2.877981980317461e-06,1.5060213624453818e-06,1.0097810246145061e-06,1,41,4.0612206064771783e-07,,,,ve,0.015
cycle,16,3,1.75,1.5,205,gibbs,0.005996967997517699,0.014383958398632504,0.005189130720568569,0.00842047982836509,1,2000,,4290.3,0.99971,2000,ve,10.7052
cycle,16,3,2.5,1.5,205,exact,0.0,0.0,,,1,,,,,,ve,0.0053
cycle,16,3,2.5,1.5,205,mf,0.39142027643376603,0.6492240861929757,0.35885106264479666,0.4891279178006741,1,14,,,,,ve,0.0075
cycle,16,3,2.5,1.5,205,lbp,0.00018308363359116606,0.0003861875864635978,0.0001959631077906019,0.0001444452109928586,1,55,3.945832982577002e-07,,,,ve,0.0297
cycle,16,3,2.5,1.5,205,gibbs,0.007006571380364646,0.014557701046023497,0.0067020042979368324,0.007920272627648087,1,2000,,1882.2,1.00148,2000,ve,12.2151
cycle,16,3,4.0,1.5,205,exact,0.0,0.0,,,1,,,,,,ve,0.0081
cycle,16,3,4.0,1.5,205,mf,0.34838975202458683,0.7848359549442401,0.31959533955322234,0.4347729894386803,1,21,,,,,ve,0.0624
cycle,16,3,4.0,1.5,205,lbp,0.02875201037035452,0.045325750208239896,0.029974727083020018,0.025083860232358014,1,121,5.966454791339615e-07,,,,ve,0.1313
cycle,16,3,4.0,1.5,205,gibbs,0.04294066090166351,0.05657064485079164,0.043479844123232435,0.041323111236956755,0,2000,,55.2,1.06392,2000,ve,11.0128
cycle,16,3,0.0,0.5,206,exact,0.0,0.0,,,1,,,,,,ve,0.0096
cycle,16,3,0.0,0.5,206,mf,2.1873778829895052e-16,5.551115123125783e-16,2.25730892311482e-16,1.97758476261356e-16,1,1,,,,,ve,0.0023
cycle,16,3,0.0,0.5,206,lbp,2.0578157233774874e-16,6.106226635438361e-16,2.1886427855240717e-16,1.6653345369377348e-16,1,3,0.0,,,,ve,0.0052
cycle,16,3,0.0,0.5,206,gibbs,5.02663232218592e-15,1.1823875212257917e-14,4.931023760608906e-15,5.31345800691696e-15,1,2000,,7495.2,0.99996,2000,ve,10.8948
cycle,16,3,0.1,0.5,206,exact,0.0,0.0,,,1,,,,,,ve,0.0058
cycle,16,3,0.1,0.5,206,mf,0.00039104539703855163,0.0006389702582250759,0.00036040754347128114,0.00048295895774036306,1,4,,,,,ve,0.0012
cycle,16,3,0.1,0.5,206,lbp,1.2304603264962815e-07,3.636776249663076e-07,1.2812962605763685e-07,1.0779525242560206e-07,1,17,1.7262414381269409e-07,,,,ve,0.0043
cycle,16,3,0.1,0.5,206,gibbs,0.0001445254400860813,0.0002807824267260506,0.000140817402606345,0.00015564955252529017,1,2000,,7482.0,1.00003,2000,ve,11.5863
cycle,16,3,0.25,0.5,206,exact,0.0,0.0,,,1,,,,,,ve,0.0068
cycle,16,3,0.25,0.5,206,mf,0.0025091313475343593,0.003964063017263479,0.0023694872204851,0.002928063728682137,1,5,,,,,ve,0.0092
cycle,16,3,0.25,0.5,206,lbp,1.474228471484468e-07,2.828777377339442e-07,1.6259471295663615e-07,1.0190724972387877e-07,1,19,2.0684026003081613e-07,,,,ve,0.023
cycle,16,3,0.25,0.5,206,gibbs,0.00044785437559476734,0.001048701179505368,0.00041119787473980536,0.0005578238781596533,1,2000,,7567.9,1.00016,2000,ve,11.5451
cycle,16,3,0.5,0.5,206,exact,0.0,0.0,,,1,,,,,,ve,0.012
cycle,16,3,0.5,0.5,206,mf,0.010439648549217676,0.015381446259701236,0.009843701066422192,0.012227490997604121,1,6,,,,,ve,0.0114
cycle,16,3,0.5,0.5,206,lbp,1.674994598820903e-07,3.143616091050294e-07,1.7376947861173745e-07,1.4868940369314881e-07,1,22,2.017072696647304e-07,,,,ve,0.0442
cycle,16,3,0.5,0.5,206,gibbs,0.0009123467661772789,0.0023481076446706106,0.0009715946670401896,0.0007346030635885471,1,2000,,6899.6,0.99999,2000,ve,10.6858
cycle,16,3,0.75,0.5,206,exact,0.0,0.0,,,1,,,,,,ve,0.0077
cycle,16,3,0.75,0.5,206,mf,0.02308498984995252,0.03615404203722959,0.02143866620625719,0.02802396078103848,1,8,,,,,ve,0.0026
cycle,16,3,0.75,0.5,206,lbp,3.2800847379400085e-07,5.395254178211517e-07,3.1541894710444715e-07,3.65777053862662e-07,1,24,3.1362760150033253e-07,,,,ve,0.0082
cycle,16,3,0.75,0.5,206,gibbs,0.0010800227770081273,0.0031271076839456055,0.0012012086011086616,0.0007164653047065242,1,2000,,6287.6,0.99991,2000,ve,11.1499
cycle,16,3,1.0,0.5,206,exact,0.0,0.0,,,1,,,,,,ve,0.0061
cycle,16,3,1.0,0.5,206,mf,0.03813802656971915,0.06829379116545978,0.03474712972581533,0.04831071710143063,1,12,,,,,ve,0.0203
cycle,16,3,1.0,0.5,206,lbp,2.4410036454181137e-07,4.868645905875546e-07,2.3786131347107559e-07,2.6281751775401874e-07,1,28,2.627611308536615e-07,,,,ve,0.0439
cycle,16,3,1.0,0.5,206,gibbs,0.0015315990602899616,0.003207157656994135,0.0016427960333541397,0.001198008141097428,1,2000,,5670.6,0.99981,2000,ve,12.3355
cycle,16,3,1.3,0.5,206,exact,0.0,0.0,,,1,,,,,,ve,0.0069
cycle,16,3,1.3,0.5,206,mf,0.058299656376601006,0.1195966019691356,0.05352338575430395,0.07262846824349217,1,19,,,,,ve,0.0337
cycle,16,3,1.3,0.5,206,lbp,2.829279111744875e-07,4.2699700545170693e-07,2.882097820905514e-07,2.670822984262959e-07,1,32,3.236528658967508e-07,,,,ve,0.0212
cycle,16,3,1.3,0.5,206,gibbs,0.0018135697691084285,0.004368770997526979,0.0018579266640200724,0.0016804990843734967,1,2000,,4543.5,1.00091,2000,ve,11.7414
cycle,16,3,1.75,0.5,206,exact,0.0,0.0,,,1,,,,,,ve,0.0055
cycle,16,3,1.75,0.5,206,mf,0.10343536393850636,0.21671470644233357,0.10953646835935253,0.08513205067596774,1,33,,,,,ve,0.0107
cycle,16,3,1.75,0.5,206,lbp,1.1060082963124684e-07,3.409260279953197e-07,1.2835056903325344e-07,5.7351611425227045e-08,1,39,4.1520447124909765e-07,,,,ve,0.035
cycle,16,3,1.75,0.5,206,gibbs,0.002747485878415808,0.005343165741458513,0.003153596900083582,0.001529152813412486,1,2000,,3058.2,1.00085,2000,ve,11.4626
cycle,16,3,2.5,0.5,206,exact,0.0,0.0,,,1,,,,,,ve,0.0065
cycle,16,3,2.5,0.5,206,mf,0.060450853199457116,0.2008747088443526,0.06814861253327652,0.03735757519799894,1,10,,,,,ve,0.0107
cycle,16,3,2.5,0.5,206,lbp,6.984872008545837e-07,8.473157722335706e-07,6.750970985338975e-07,7.686575078166423e-07,1,47,3.406958478668898e-07,,,,ve,0.0743
cycle,16,3,2.5,0.5,206,gibbs,0.0031545356466427307,0.011142320736334373,0.003632023649789772,0.0017220716372016065,1,2000,,1744.4,1.00418,2000,ve,11.0491
cycle,16,3,4.0,0.5,206,exact,0.0,0.0,,,1,,,,,,ve,0.0054
cycle,16,3,4.0,0.5,206,mf,0.0038371224512321147,0.014569521508120922,0.004385995220856117,0.00219050414236011,1,11,,,,,ve,0.0179
cycle,16,3,4.0,0.5,206,lbp,6.854702420747937e-07,6.954316747447839e-07,6.838187574459016e-07,6.904246959614702e-07,1,48,4.233985922974526e-07,,,,ve,0.0556
cycle,16,3,4.0,0.5,206,gibbs,0.0015647129662745595,0.0053779577360972735,0.0017134640463135071,0.0011184597261577165,1,2000,,1345.4,1.00233,2000,ve,12.4775
cycle,16,3,0.0,1.5,206,exact,0.0,0.0,,,1,,,,,,ve,0.0056
cycle,16,3,0.0,1.5,206,mf,2.4017788625985137e-16,7.771561172376096e-16,2.5431768959268314e-16,1.97758476261356e-16,1,1,,,,,ve,0.0005
cycle,16,3,0.0,1.5,206,lbp,2.3150426887996733e-16,7.91033905045424e-16,2.531612072753653e-16,1.6653345369377348e-16,1,3,0.0,,,,ve,0.0011
cycle,16,3,0.0,1.5,206,gibbs,5.766058203821034e-15,1.177877240188252e-14,5.916924936122392e-15,5.31345800691696e-15,1,2000,,8168.7,0.99994,2000,ve,12.5022
cycle,16,3,0.1,1.5,206,exact,0.0,0.0,,,1,,,,,,ve,0.0056
cycle,16,3,0.1,1.5,206,mf,0.0003612026627417773,0.0006353774466973244,0.00035821859776015414,0.0003701548576866467,1,4,,,,,ve,0.0058
cycle,16,3,0.1,1.5,206,lbp,1.0161349643241185e-07,2.7535983838922196e-07,9.904121730001329e-08,1.0933033382960755e-07,1,17,1.7727893120156324e-07,,,,ve,0.0199
cycle,16,3,0.1,1.5,206,gibbs,0.00013546961926743539,0.0003120357470592777,0.00013501803458429245,0.0001368243733168642,1,2000,,7975.5,0.99977,2000,ve,10.2657
cycle,16,3,0.25,1.5,206,exact,0.0,0.0,,,1,,,,,,ve,0.0056
cycle,16,3,0.25,1.5,206,mf,0.0021991591934497,0.004038745247205745,0.002162073243905388,0.0023104170420826338,1,5,,,,,ve,0.0205
cycle,16,3,0.25,1.5,206,lbp,1.0792299223477025e-07,1.7794728246825486e-07,1.1543861151186022e-07,8.537613440350034e-08,1,19,2.070608882687175e-07,,,,ve,0.0439
cycle,16,3,0.25,1.5,206,gibbs,0.0003216951367849234,0.0010120768345930342,0.00032568372727086333,0.00030972936532710355,1,2000,,7842.8,0.99989,2000,ve,10.9626
cycle,16,3,0.5,1.5,206,exact,0.0,0.0,,,1,,,,,,ve,0.0058
cycle,16,3,0.5,1.5,206,mf,0.008817144109405387,0.016954774981179914,0.008198831831368299,0.010672080943516647,1,6,,,,,ve,0.0049
cycle,16,3,0.5,1.5,206,lbp,1.9278573539065213e-07,3.028818844480474e-07,1.9421501304906882e-07,1.884979024154021e-07,1,21,2.1833817154259805e-07,,,,ve,0.0121
cycle,16,3,0.5,1.5,206,gibbs,0.000949791736882553,0.002790564305746236,0.0008964423220646934,0.0011098399813361318,1,2000,,7326.1,0.99991,2000,ve,12.0521
cycle,16,3,0.75,1.5,206,exact,0.0,0.0,,,1,,,,,,ve,0.006
cycle,16,3,0.75,1.5,206,mf,0.020898069876547576,0.0415635826147336,0.018742059329096842,0.02736610151889977,1,9,,,,,ve,0.0087
cycle,16,3,0.75,1.5,206,lbp,3.7361180173728717e-07,6.920174054139694e-07,3.51260050522147e-07,4.406670553827076e-07,1,23,3.198650759261845e-07,,,,ve,0.031
cycle,16,3,0.75,1.5,206,gibbs,0.0016334797499706795,0.005243831432868086,0.0015792324342529815,0.0017962216971237734,1,2000,,6642.1,0.9999,2000,ve,11.1458
cycle,16,3,1.0,1.5,206,exact,0.0,0.0,,,1,,,,,,ve,0.0054
cycle,16,3,1.0,1.5,206,mf,0.03748144267625926,0.08170712567887423,0.03213271682803468,0.05352762022093299,1,11,,,,,ve,0.0043
cycle,16,3,1.0,1.5,206,lbp,3.1713957069211154e-07,6.006750052946208e-07,3.134399614495191e-07,3.282383984198889e-07,1,27,2.5449437984770285e-07,,,,ve,0.0344
cycle,16,3,1.0,1.5,206,gibbs,0.0017140477606630677,0.005954963466750257,0.0015740638430759516,0.0021339995134244155,1,2000,,6076.4,0.99991,2000,ve,10.4297
cycle,16,3,1.3,1.5,206,exact,0.0,0.0,,,1,,,,,,ve,0.0053
cycle,16,3,1.3,1.5,206,mf,0.06291869008085636,0.14160419206749014,0.05388045215895937,0.09003340384654734,1,17,,,,,ve,0.0152
cycle,16,3,1.3,1.5,206,lbp,3.061123726743813e-07,6.039142007585596e-07,3.184065849149391e-07,2.692297359527078e-07,1,32,3.164284677059648e-07,,,,ve,0.0302
cycle,16,3,1.3,1.5,206,gibbs,0.002694213136693907,0.009118275677433813,0.002449653636556162,0.0034278916371071433,1,2000,,4692.9,1.00038,2000,ve,12.0279
cycle,16,3,1.75,1.5,206,exact,0.0,0.0,,,1,,,,,,ve,0.0066
cycle,16,3,1.75,1.5,206,mf,0.12899727790829615,0.2653443188741269,0.1349230860251415,0.1112198535577602,1,22,,,,,ve,0.0158
cycle,16,3,1.75,1.5,206,lbp,1.0115195537386454e-07,3.452062223019414e-07,1.1978101199971227e-07,4.5264785496321354e-08,1,41,3.935532231214012e-07,,,,ve,0.0496
cycle,16,3,1.75,1.5,206,gibbs,0.004193132905525302,0.008573549297846091,0.004173173422609676,0.004253011354272176,1,2000,,2861.3,1.00108,2000,ve,11.6362
cycle,16,3,2.5,1.5,206,exact,0.0,0.0,,,1,,,,,,ve,0.0054
cycle,16,3,2.5,1.5,206,mf,0.07452473134814504,0.1935709171025462,0.08175223560083406,0.05284221859007799,1,9,,,,,ve,0.0048
cycle,16,3,2.5,1.5,206,lbp,4.682048319388893e-07,5.875839181101867e-07,4.516107994006321e-07,5.179869295536608e-07,1,50,3.422013006293412e-07,,,,ve,0.0728
cycle,16,3,2.5,1.5,206,gibbs,0.004337953607328137,0.010201097115342974,0.0040698285454894385,0.00514232879284423,1,2000,,1398.1,1.00502,2000,ve,11.2965
cycle,16,3,4.0,1.5,206,exact,0.0,0.0,,,1,,,,,,ve,0.0075
cycle,16,3,4.0,1.5,206,mf,0.3752522088525985,0.9937516114763827,0.4155558298577326,0.2543413458371963,1,12,,,,,ve,0.0069
cycle,16,3,4.0,1.5,206,lbp,1.526748282494307e-06,1.546187849921228e-06,1.524260122953128e-06,1.534212761117844e-06,1,54,3.389063531339387e-07,,,,ve,0.0214
cycle,16,3,4.0,1.5,206,gibbs,0.0018134412018380838,0.005515050444160438,0.0019412874844866787,0.0014299023538923003,1,2000,,1394.7,1.00241,2000,ve,11.4278
cycle,16,3,0.0,0.5,207,exact,0.0,0.0,,,1,,,,,,ve,0.0062
cycle,16,3,0.0,0.5,207,mf,2.7424893953020835e-16,4.996003610813204e-16,2.4083744258144673e-16,3.7448343037649323e-16,1,1,,,,,ve,0.001
cycle,16,3,0.0,0.5,207,lbp,2.7815206735115616e-16,5.134781488891349e-16,2.4604161300937716e-16,3.7448343037649323e-16,1,3,0.0,,,,ve,0.0012
cycle,16,3,0.0,0.5,207,gibbs,5.521624824034177e-15,1.2418885364517962e-14,4.3450486264529076e-15,9.051353416777985e-15,1,2000,,7912.4,0.99991,2000,ve,11.3338
cycle,16,3,0.1,0.5,207,exact,0.0,0.0,,,1,,,,,,ve,0.0053
cycle,16,3,0.1,0.5,207,mf,0.0003686005638766207,0.0006833321510325979,0.0003266682795560022,0.0004943974168384762,1,4,,,,,ve,0.0015
cycle,16,3,0.1,0.5,207,lbp,8.692365422515195e-08,1.730489451734485e-07,8.877199955233232e-08,8.137861824361083e-08,1,17,1.4626326338973428e-07,,,,ve,0.0092
cycle,16,3,0.1,0.5,207,gibbs,0.00018735156509464522,0.00045445828895679385,0.00019301120051907808,0.00017037265882134667,1,2000,,7995.7,1.00023,2000,ve,9.175
cycle,16,3,0.25,0.5,207,exact,0.0,0.0,,,1,,,,,,ve,0.0053
cycle,16,3,0.25,0.5,207,mf,0.0022911599694808407,0.004315508801183754,0.0020458107370664117,0.003027207666724128,1,5,,,,,ve,0.0033
cycle,16,3,0.25,0.5,207,lbp,1.504442508438791e-07,3.1152125352928994e-07,1.4285081233623292e-07,1.7322456636681763e-07,1,18,2.613140352436538e-07,,,,ve,0.0098
cycle,16,3,0.25,0.5,207,gibbs,0.0005122910738007773,0.001235092204924293,0.000525791962303194,0.00047178840829352735,1,2000,,7925.0,1.00027,2000,ve,9.4257
cycle,16,3,0.5,0.5,207,exact,0.0,0.0,,,1,,,,,,ve,0.0052
cycle,16,3,0.5,0.5,207,mf,0.00980644203174591,0.018637555384678817,0.009150028477090547,0.011775682695711998,1,7,,,,,ve,0.0095
cycle,16,3,0.5,0.5,207,lbp,1.2078690258708266e-07,3.400319468216395e-07,1.250402882913467e-07,1.0802674547429059e-07,1,21,2.2750333855681149e-07,,,,ve,0.0176
cycle,16,3,0.5,0.5,207,gibbs,0.001342202473704121,0.003023421406858462,0.001478421106487619,0.0009335465753536273,1,2000,,7345.3,1.0,2000,ve,9.6646
cycle,16,3,0.75,0.5,207,exact,0.0,0.0,,,1,,,,,,ve,0.0062
cycle,16,3,0.75,0.5,207,mf,0.025665330778588628,0.048225310925826645,0.025285388318689612,0.026805158158285672,1,10,,,,,ve,0.0102
cycle,16,3,0.75,0.5,207,lbp,2.1757609199431422e-07,3.501884823344306e-07,2.03306411290273e-07,2.603851341064379e-07,1,24,2.554851589731122e-07,,,,ve,0.0252
cycle,16,3,0.75,0.5,207,gibbs,0.0023160892789420282,0.005718908806018136,0.0024540905445697616,0.0019020854820588277,1,2000,,6473.4,1.00007,2000,ve,10.3247
cycle,16,3,1.0,0.5,207,exact,0.0,0.0,,,1,,,,,,ve,0.0053
cycle,16,3,1.0,0.5,207,mf,0.057773202173946436,0.09821009796335378,0.05768210192783627,0.05804650291227695,1,18,,,,,ve,0.0086
cycle,16,3,1.0,0.5,207,lbp,2.495715173049073e-07,5.031363150553858e-07,2.292643393360383e-07,3.104930512115144e-07,1,28,2.888627212982442e-07,,,,ve,0.0119
cycle,16,3,1.0,0.5,207,gibbs,0.003475221956707155,0.007994711291191621,0.0035387057606485165,0.0032847705448830703,1,2000,,5482.8,1.00056,2000,ve,9.6186
cycle,16,3,1.3,0.5,207,exact,0.0,0.0,,,1,,,,,,ve,0.0108
cycle,16,3,1.3,0.5,207,mf,0.12941112132413005,0.1917899181474119,0.12825508350547543,0.13287923478009386,1,39,,,,,ve,0.0374
cycle,16,3,1.3,0.5,207,lbp,2.467818620860581e-07,5.604468531553164e-07,2.5398497245686727e-07,2.2517253097363056e-07,1,33,3.3710554503407764e-07,,,,ve,0.0204
cycle,16,3,1.3,0.5,207,gibbs,0.007068297744556972,0.013907297299710825,0.007172973423746919,0.0067542707069871335,1,2000,,4193.7,1.00027,2000,ve,8.4318
cycle,16,3,1.75,0.5,207,exact,0.0,0.0,,,1,,,,,,ve,0.0056
cycle,16,3,1.75,0.5,207,mf,0.23676978529156784,0.4535717088519454,0.23366977644141498,0.24606981184202634,1,32,,,,,ve,0.0153
cycle,16,3,1.75,0.5,207,lbp,4.8972871290979135e-06,1.286340493363014e-05,4.916500039938484e-06,4.839648396576203e-06,1,40,4.460273659856462e-07,,,,ve,0.0143
cycle,16,3,1.75,0.5,207,gibbs,0.006682538119209948,0.014956352933665817,0.00638800991561463,0.007566122729995904,1,2000,,2902.9,1.00172,2000,ve,7.478
cycle,16,3,2.5,0.5,207,exact,0.0,0.0,,,1,,,,,,ve,0.0055
cycle,16,3,2.5,0.5,207,mf,0.26374291192760785,0.3566552639002728,0.26205960469625267,0.2687928336216733,1,15,,,,,ve,0.0056
cycle,16,3,2.5,0.5,207,lbp,0.0005046587055749609,0.0007971091135187541,0.000504387347869064,0.0005054727786926517,1,61,5.563547316178585e-07,,,,ve,0.0208
cycle,16,3,2.5,0.5,207,gibbs,0.019019802296539268,0.034979389255564784,0.01939230135136084,0.017902305132074546,1,2000,,1366.7,1.00199,2000,ve,6.3477
cycle,16,3,4.0,0.5,207,exact,0.0,0.0,,,1,,,,,,ve,0.0057
cycle,16,3,4.0,0.5,207,mf,0.28620479543715255,0.8266907990805945,0.24100040831154854,0.42181795681396456,1,23,,,,,ve,0.0093
cycle,16,3,4.0,0.5,207,lbp,0.01685556570221447,0.01962984465750315,0.01709348804208766,0.01614179868259489,1,112,7.026316528602194e-07,,,,ve,0.0391
cycle,16,3,4.0,0.5,207,gibbs,0.008345314834332172,0.018653972237584034,0.008176624150361493,0.008851386886244214,0,2000,,116.6,1.01323,2000,ve,6.1673
cycle,16,3,0.0,1.5,207,exact,0.0,0.0,,,1,,,,,,ve,0.0056
cycle,16,3,0.0,1.5,207,mf,4.623038063478191e-16,1.27675647831893e-15,4.563045543267327e-16,4.803015624110785e-16,1,1,,,,,ve,0.0006
cycle,16,3,0.0,1.5,207,lbp,4.5775015722338e-16,1.27675647831893e-15,4.47920057526178e-16,4.872404563149857e-16,1,3,0.0,,,,ve,0.0015
cycle,16,3,0.0,1.5,207,gibbs,6.211990557364322e-15,1.3534312559571049e-14,5.269583959003714e-15,9.039210352446148e-15,1,2000,,7820.6,0.99983,2000,ve,6.3261
cycle,16,3,0.1,1.5,207,exact,0.0,0.0,,,1,,,,,,ve,0.0053
cycle,16,3,0.1,1.5,207,mf,0.0003446653740199609,0.000578550485352311,0.0003225847478421407,0.0004109072525534216,1,4,,,,,ve,0.0015
cycle,16,3,0.1,1.5,207,lbp,8.31385216800264e-08,1.7944130541180936e-07,7.835840275589578e-08,9.747887845241825e-08,1,17,1.6167143884748825e-07,,,,ve,0.0053
cycle,16,3,0.1,1.5,207,gibbs,0.0001607885950463118,0.0004992131046352433,0.00017573740486421033,0.00011594216559261618,1,2000,,7773.4,0.99988,2000,ve,5.7333
cycle,16,3,0.25,1.5,207,exact,0.0,0.0,,,1,,,,,,ve,0.0054
cycle,16,3,0.25,1.5,207,mf,0.0021774495470674436,0.0036419138560255387,0.002071282409565728,0.00249595095957259,1,5,,,,,ve,0.0023
cycle,16,3,0.25,1.5,207,lbp,8.862202677777228e-08,1.8000888160618622e-07,8.444139330589702e-08,1.0116392719339805e-07,1,19,1.5349745763337808e-07,,,,ve,0.0063
cycle,16,3,0.25,1.5,207,gibbs,0.0004098740387443193,0.0013633589010888236,0.00043391120415056883,0.0003377625425255706,1,2000,,7742.4,1.00001,2000,ve,5.6807
cycle,16,3,0.5,1.5,207,exact,0.0,0.0,,,1,,,,,,ve,0.0053
cycle,16,3,0.5,1.5,207,mf,0.008685213665653817,0.015424001034277851,0.008471220593973693,0.00932719288069419,1,6,,,,,ve,0.0022
cycle,16,3,0.5,1.5,207,lbp,1.672147874314119e-07,5.259784721239891e-07,1.6716186642556398e-07,1.673735504489557e-07,1,21,2.9038812338066933e-07,,,,ve,0.0065
cycle,16,3,0.5,1.5,207,gibbs,0.0008785619963890216,0.0022292843060214076,0.0009423500465456973,0.0006871978459189944,1,2000,,7423.4,0.99976,2000,ve,5.8216
cycle,16,3,0.75,1.5,207,exact,0.0,0.0,,,1,,,,,,ve,0.0058
cycle,16,3,0.75,1.5,207,mf,0.019931134169847424,0.03539916210789662,0.020095671226068507,0.019437523001184173,1,9,,,,,ve,0.0033
cycle,16,3,0.75,1.5,207,lbp,8.724682545120568e-08,2.746714732188016e-07,9.224889147817679e-08,7.224062737029233e-08,1,25,2.422914831545775e-07,,,,ve,0.0079
cycle,16,3,0.75,1.5,207,gibbs,0.0013084494615830198,0.0038829897419129233,0.0013649280712779651,0.0011390136324981833,1,2000,,6961.6,0.99993,2000,ve,5.6581
cycle,16,3,1.0,1.5,207,exact,0.0,0.0,,,1,,,,,,ve,0.0053
cycle,16,3,1.0,1.5,207,mf,0.03611257030831542,0.06220157586295397,0.03720841355728835,0.03282504056139661,1,14,,,,,ve,0.0049
cycle,16,3,1.0,1.5,207,lbp,1.2208391921057988e-07,1.8363320686276552e-07,1.1117454579503971e-07,1.5481203945720036e-07,1,28,2.2788420123154296e-07,,,,ve,0.0088
cycle,16,3,1.0,1.5,207,gibbs,0.001990059274672212,0.004590699110860054,0.0019450010481153856,0.0021252339543426898,1,2000,,6137.5,0.99999,2000,ve,5.6594
cycle,16,3,1.3,1.5,207,exact,0.0,0.0,,,1,,,,,,ve,0.0052
cycle,16,3,1.3,1.5,207,mf,0.06844905152577957,0.15350849218210522,0.07165870049200139,0.05882010462711412,1,59,,,,,ve,0.0191
cycle,16,3,1.3,1.5,207,lbp,2.719415015947158e-07,7.26891448123157e-07,2.523954928704333e-07,3.305795277675633e-07,1,31,3.6455881929908784e-07,,,,ve,0.0094
cycle,16,3,1.3,1.5,207,gibbs,0.002668116882963784,0.004645941100435758,0.0025498174492084072,0.0030230151842299143,1,2000,,5115.7,0.99992,2000,ve,5.7146
cycle,16,3,1.75,1.5,207,exact,0.0,0.0,,,1,,,,,,ve,0.0053
cycle,16,3,1.75,1.5,207,mf,0.20889865208933944,0.3611088947869748,0.20780409055131957,0.2121823367033989,1,28,,,,,ve,0.0105
cycle,16,3,1.75,1.5,207,lbp,6.424858471053567e-07,1.6814751929890293e-06,6.416429014351506e-07,6.45014684115975e-07,1,40,3.798150665090816e-07,,,,ve,0.0128
cycle,16,3,1.75,1.5,207,gibbs,0.005471095839252092,0.011027177544346088,0.005483840760489512,0.00543286107553983,1,2000,,2817.2,1.00048,2000,ve,5.7258
cycle,16,3,2.5,1.5,207,exact,0.0,0.0,,,1,,,,,,ve,0.0053
cycle,16,3,2.5,1.5,207,mf,0.2197250269259357,0.3819835391068048,0.21092641330218057,0.24612086779720105,1,17,,,,,ve,0.006
cycle,16,3,2.5,1.5,207,lbp,7.781384642635527e-05,0.00011998668723286338,8.018239607847106e-05,7.07081974700079e-05,1,55,4.361035397248969e-07,,,,ve,0.0169
cycle,16,3,2.5,1.5,207,gibbs,0.013118501224155601,0.02521142088816007,0.012843605291340973,0.013943189022599483,1,2000,,1421.5,1.00382,2000,ve,5.6818
cycle,16,3,4.0,1.5,207,exact,0.0,0.0,,,1,,,,,,ve,0.0053
cycle,16,3,4.0,1.5,207,mf,0.07687371158156352,0.18347965257445203,0.06897284885955321,0.10057629974759444,1,6,,,,,ve,0.0025
cycle,16,3,4.0,1.5,207,lbp,0.001098301091396523,0.0012897676291861295,0.0011197303841822455,0.0010340132130393553,1,79,6.995071047954937e-07,,,,ve,0.0248
cycle,16,3,4.0,1.5,207,gibbs,0.008716520073313985,0.01676720251850354,0.008141949708421943,0.01044023116799011,0,2000,,160.6,1.0199,2000,ve,5.7234
cycle,16,3,0.0,0.5,208,exact,0.0,0.0,,,1,,,,,,ve,0.0052
cycle,16,3,0.0,0.5,208,mf,2.2616457318047622e-16,4.85722573273506e-16,2.6830389761774615e-16,9.974659986866641e-17,1,1,,,,,ve,0.0006
cycle,16,3,0.0,0.5,208,lbp,2.3050138187041824e-16,4.718447854656915e-16,2.6483445066579253e-16,1.2750217548429532e-16,1,3,0.0,,,,ve,0.0013
cycle,16,3,0.0,0.5,208,gibbs,8.542645757447787e-15,1.6812939929167214e-14,9.031259536514588e-15,7.0768044202473845e-15,1,2000,,7815.4,1.00013,2000,ve,5.7858
cycle,16,3,0.1,0.5,208,exact,0.0,0.0,,,1,,,,,,ve,0.0056
cycle,16,3,0.1,0.5,208,mf,0.0004354081476442319,0.0006560464969342129,0.00045547336662959465,0.00037521249068814353,1,4,,,,,ve,0.0024
cycle,16,3,0.1,0.5,208,lbp,1.2550152309943365e-07,2.397407770221571e-07,1.0953125153944966e-07,1.7341233777938558e-07,1,17,1.6183521950319246e-07,,,,ve,0.0054
cycle,16,3,0.1,0.5,208,gibbs,0.0002672848139619137,0.0007117283043917809,0.000255646386560032,0.000302200096167559,1,2000,,7627.9,1.00015,2000,ve,5.6465
cycle,16,3,0.25,0.5,208,exact,0.0,0.0,,,1,,,,,,ve,0.0068
cycle,16,3,0.25,0.5,208,mf,0.002901469466096631,0.004276555141322719,0.0029186785976872006,0.002849842071324924,1,5,,,,,ve,0.0019
cycle,16,3,0.25,0.5,208,lbp,1.1998577894125392e-07,2.298109587073327e-07,1.291704460384032e-07,9.243177764980612e-08,1,19,2.283962597382505e-07,,,,ve,0.0058
cycle,16,3,0.25,0.5,208,gibbs,0.0006681438713717958,0.0018477001303816958,0.0006571080763250692,0.0007012512565119757,1,2000,,7217.7,1.00013,2000,ve,5.9294
cycle,16,3,0.5,0.5,208,exact,0.0,0.0,,,1,,,,,,ve,0.0053
cycle,16,3,0.5,0.5,208,mf,0.012890807225970479,0.02066954410929503,0.012635704771308811,0.01365611458995548,1,7,,,,,ve,0.0025
cycle,16,3,0.5,0.5,208,lbp,1.6982764740130184e-07,4.825352232368241e-07,1.9761000271742204e-07,8.648058145294124e-08,1,22,3.123859587672584e-07,,,,ve,0.0061
cycle,16,3,0.5,0.5,208,gibbs,0.0014549838371311172,0.003734601939284019,0.0014671298108647494,0.0014185459159302208,1,2000,,6627.8,1.00016,2000,ve,5.621
cycle,16,3,0.75,0.5,208,exact,0.0,0.0,,,1,,,,,,ve,0.0268
cycle,16,3,0.75,0.5,208,mf,0.031178895632064142,0.05390791559178623,0.031154892822432917,0.031250904060957846,1,9,,,,,ve,0.0029
cycle,16,3,0.75,0.5,208,lbp,2.097300164864268e-07,5.832142233597182e-07,2.510399540432695e-07,8.580020381589865e-08,1,25,2.894688655441513e-07,,,,ve,0.0059
cycle,16,3,0.75,0.5,208,gibbs,0.002130955407856175,0.005239689766844104,0.0020823802759320363,0.002276680803628591,1,2000,,5919.0,1.00007,2000,ve,5.6572
cycle,16,3,1.0,0.5,208,exact,0.0,0.0,,,1,,,,,,ve,0.0052
cycle,16,3,1.0,0.5,208,mf,0.05796634759079704,0.10198741391029585,0.06104338838692353,0.04873522520241755,1,12,,,,,ve,0.005
cycle,16,3,1.0,0.5,208,lbp,1.228534146491939e-07,3.0531626836471926e-07,1.4189324074043164e-07,6.573393637548074e-08,1,29,2.962932751371383e-07,,,,ve,0.0111
cycle,16,3,1.0,0.5,208,gibbs,0.0035635683365596946,0.007363558711907105,0.0037276504943912375,0.0030713218630650666,1,2000,,5165.5,1.00004,2000,ve,5.6605
cycle,16,3,1.3,0.5,208,exact,0.0,0.0,,,1,,,,,,ve,0.0052
cycle,16,3,1.3,0.5,208,mf,0.09236572436342663,0.1620451537483444,0.10283340840031611,0.0609626722527582,1,13,,,,,ve,0.0043
cycle,16,3,1.3,0.5,208,lbp,9.513568160210775e-08,2.1055572667870448e-07,9.375356379301772e-08,9.928203502937785e-08,1,33,2.890763551310904e-07,,,,ve,0.0102
cycle,16,3,1.3,0.5,208,gibbs,0.003972266769874059,0.011663154718653746,0.004434016074983867,0.0025870188545446347,1,2000,,4277.5,1.00007,2000,ve,5.6746
cycle,16,3,1.75,0.5,208,exact,0.0,0.0,,,1,,,,,,ve,0.0052
cycle,16,3,1.75,0.5,208,mf,0.12271998130395606,0.24366801670651966,0.1425912934450904,0.06310604488055305,1,15,,,,,ve,0.0053
cycle,16,3,1.75,0.5,208,lbp,1.6395405968229514e-07,4.132329758932407e-07,1.6147449829551422e-07,1.713927438426379e-07,1,38,3.9558820746909973e-07,,,,ve,0.0118
cycle,16,3,1.75,0.5,208,gibbs,0.005707962853357567,0.011348536818506321,0.00666155750539208,0.0028471788972540338,1,2000,,3300.6,1.00024,2000,ve,5.6364
cycle,16,3,2.5,0.5,208,exact,0.0,0.0,,,1,,,,,,ve,0.0053
cycle,16,3,2.5,0.5,208,mf,0.14843426711632893,0.3749323421101397,0.17892210288846785,0.05697075979991212,1,18,,,,,ve,0.0064
cycle,16,3,2.5,0.5,208,lbp,1.9940993451645196e-05,3.401159659108255e-05,1.818850071124395e-05,2.519847167284893e-05,1,46,4.837359386389295e-07,,,,ve,0.0141
cycle,16,3,2.5,0.5,208,gibbs,0.005275899382604591,0.010501388743510122,0.006373411121772984,0.001983364165099409,1,2000,,2260.3,1.0014,2000,ve,5.652
cycle,16,3,4.0,0.5,208,exact,0.0,0.0,,,1,,,,,,ve,0.0054
cycle,16,3,4.0,0.5,208,mf,0.22338938038253592,0.6709287551683565,0.27306107176355215,0.07437430623948718,1,42,,,,,ve,0.0142
cycle,16,3,4.0,0.5,208,lbp,0.005400341875784693,0.006794899531563443,0.005061706827717075,0.006416247019987551,1,78,6.642514296939517e-07,,,,ve,0.0239
cycle,16,3,4.0,0.5,208,gibbs,0.015432658425090699,0.022868743393254135,0.01668665722430067,0.011670662027460789,0,2000,,526.3,1.01007,2000,ve,5.6707
cycle,16,3,0.0,1.5,208,exact,0.0,0.0,,,1,,,,,,ve,0.0052
cycle,16,3,0.0,1.5,208,mf,2.2410458905275377e-16,5.689893001203927e-16,2.6555725211411624e-16,9.974659986866641e-17,1,1,,,,,ve,0.0006
cycle,16,3,0.0,1.5,208,lbp,2.321276851291465e-16,5.689893001203927e-16,2.6700285501076354e-16,1.2750217548429532e-16,1,3,0.0,,,,ve,0.0013
cycle,16,3,0.0,1.5,208,gibbs,6.700477846177666e-15,1.509903313490213e-14,6.575035654821093e-15,7.0768044202473845e-15,1,2000,,7927.4,0.99989,2000,ve,5.7102
cycle,16,3,0.1,1.5,208,exact,0.0,0.0,,,1,,,,,,ve,0.0054
cycle,16,3,0.1,1.5,208,mf,0.00035022138615358606,0.0007035209587858832,0.000364792891199347,0.00030650687101630315,1,4,,,,,ve,0.0017
cycle,16,3,0.1,1.5,208,lbp,1.4495611812465926e-07,2.8928773104439087e-07,1.2596979726403149e-07,2.0191508070654257e-07,1,17,1.7077436681445235e-07,,,,ve,0.005
cycle,16,3,0.1,1.5,208,gibbs,0.00020993136730616086,0.00047319080682847736,0.00020677635624137967,0.00021939640050050446,1,2000,,7637.5,0.99998,2000,ve,5.691
cycle,16,3,0.25,1.5,208,exact,0.0,0.0,,,1,,,,,,ve,0.006
cycle,16,3,0.25,1.5,208,mf,0.0023175347184136805,0.00424997713089733,0.0023249411759313104,0.002295315345860792,1,5,,,,,ve,0.0024
cycle,16,3,0.25,1.5,208,lbp,1.8024717581715567e-07,3.10772286599148e-07,1.9346760556137113e-07,1.405858865845093e-07,1,19,2.250306950779546e-07,,,,ve,0.0061
cycle,16,3,0.25,1.5,208,gibbs,0.0005176911039263379,0.0011515312869168244,0.0005124822037080886,0.000533317804581086,1,2000,,7233.4,1.0,2000,ve,5.6361
cycle,16,3,0.5,1.5,208,exact,0.0,0.0,,,1,,,,,,ve,0.0053
cycle,16,3,0.5,1.5,208,mf,0.00977147789991057,0.016354185773718572,0.009517438345917322,0.010533596561890315,1,7,,,,,ve,0.0028
cycle,16,3,0.5,1.5,208,lbp,1.9305273227509254e-07,5.438139591279478e-07,2.283984891478328e-07,8.701546165687177e-08,1,22,3.40108645580095e-07,,,,ve,0.0066
cycle,16,3,0.5,1.5,208,gibbs,0.0011146754682406063,0.002939487478457181,0.0011726977464593385,0.0009406086335844097,1,2000,,6752.1,1.00006,2000,ve,5.7756
cycle,16,3,0.75,1.5,208,exact,0.0,0.0,,,1,,,,,,ve,0.0053
cycle,16,3,0.75,1.5,208,mf,0.02284278008895857,0.036259705022463395,0.022762752230134038,0.023082863665432156,1,9,,,,,ve,0.0034
cycle,16,3,0.75,1.5,208,lbp,9.339380730143945e-08,2.649199375426292e-07,1.0779722982648399e-07,5.0183539726305834e-08,1,26,2.5972844958088714e-07,,,,ve,0.008
cycle,16,3,0.75,1.5,208,gibbs,0.0016531386168634646,0.004008724704782474,0.001825133497367084,0.0011371539753526057,1,2000,,6046.1,1.00026,2000,ve,5.9155
cycle,16,3,1.0,1.5,208,exact,0.0,0.0,,,1,,,,,,ve,0.0053
cycle,16,3,1.0,1.5,208,mf,0.04125184347571799,0.07094034389237366,0.04340327871219818,0.03479753776627743,1,12,,,,,ve,0.0038
cycle,16,3,1.0,1.5,208,lbp,1.0740010031697663e-07,3.061414977773014e-07,1.20179649443046e-07,6.906145293876856e-08,1,28,3.823077352471671e-07,,,,ve,0.0077
cycle,16,3,1.0,1.5,208,gibbs,0.0020861968258258567,0.005647779866727001,0.002228740455470127,0.0016585659368930459,1,2000,,5174.6,1.00053,2000,ve,5.7779
cycle,16,3,1.3,1.5,208,exact,0.0,0.0,,,1,,,,,,ve,0.0052
cycle,16,3,1.3,1.5,208,mf,0.06539184653944702,0.14135370901625083,0.07321139408606539,0.04193320389959186,1,15,,,,,ve,0.0049
cycle,16,3,1.3,1.5,208,lbp,6.96566056079405e-08,1.840962070912e-07,7.682337897593472e-08,4.815628550395787e-08,1,31,3.4596870768233146e-07,,,,ve,0.0097
cycle,16,3,1.3,1.5,208,gibbs,0.002243316805588535,0.006022216428692807,0.0026056984045120784,0.0011561720088179052,1,2000,,4403.2,1.00019,2000,ve,5.513
cycle,16,3,1.75,1.5,208,exact,0.0,0.0,,,1,,,,,,ve,0.0052
cycle,16,3,1.75,1.5,208,mf,0.0850211105927714,0.24641757942299772,0.10018034624177896,0.03954340364574868,1,14,,,,,ve,0.0041
cycle,16,3,1.75,1.5,208,lbp,3.960842577771344e-08,1.2913576703105223e-07,4.937257241224268e-08,1.0315985874125716e-08,1,35,2.950735603357568e-07,,,,ve,0.0106
cycle,16,3,1.75,1.5,208,gibbs,0.00251259597712891,0.005360376102169967,0.0029979534752025035,0.0010565234829081295,1,2000,,3060.6,1.0004,2000,ve,5.7029
cycle,16,3,2.5,1.5,208,exact,0.0,0.0,,,1,,,,,,ve,0.0056
cycle,16,3,2.5,1.5,208,mf,0.08125509080964871,0.2623560646314369,0.09918701042932486,0.027459331950620267,1,13,,,,,ve,0.0039
cycle,16,3,2.5,1.5,208,lbp,4.196317621639085e-07,7.115283019564628e-07,4.2319088374384426e-07,4.089543974241012e-07,1,41,2.646657236426986e-07,,,,ve,0.0293
cycle,16,3,2.5,1.5,208,gibbs,0.002252618669614401,0.005139187536358704,0.0026374227841099497,0.0010982063261277544,1,2000,,2701.4,1.00144,2000,ve,5.7706
cycle,16,3,4.0,1.5,208,exact,0.0,0.0,,,1,,,,,,ve,0.006
cycle,16,3,4.0,1.5,208,mf,0.062130730535662926,0.205545105715021,0.07731639488537671,0.016573737486521578,1,12,,,,,ve,0.0046
cycle,16,3,4.0,1.5,208,lbp,4.396764899457277e-05,4.9444998227396626e-05,4.392515304433821e-05,4.4095136845276434e-05,1,50,4.676272282455596e-07,,,,ve,0.0172
cycle,16,3,4.0,1.5,208,gibbs,0.003009685584428268,0.006405436059455632,0.003469663986511988,0.001629750378177109,1,2000,,2193.9,1.00272,2000,ve,5.8471
cycle,16,3,0.0,0.5,209,exact,0.0,0.0,,,1,,,,,,ve,0.0052
cycle,16,3,0.0,0.5,209,mf,2.296882302410541e-16,5.204170427930421e-16,2.6490673081062493e-16,1.240327285323417e-16,1,1,,,,,ve,0.0006
cycle,16,3,0.0,0.5,209,lbp,2.1830410742995632e-16,5.065392549852277e-16,2.495833401061631e-16,1.244664094013359e-16,1,3,0.0,,,,ve,0.0012
cycle,16,3,0.0,0.5,209,gibbs,6.469651203655502e-15,1.970645868709653e-14,5.938681259716934e-15,8.062561035471205e-15,1,2000,,7773.5,1.0005,2000,ve,5.6695
cycle,16,3,0.1,0.5,209,exact,0.0,0.0,,,1,,,,,,ve,0.0052
cycle,16,3,0.1,0.5,209,mf,0.00036486631985704736,0.000722438956677323,0.00039154843655097834,0.0002848199697752544,1,4,,,,,ve,0.0019
cycle,16,3,0.1,0.5,209,lbp,9.264330713459803e-08,1.9440682363230932e-07,1.0275377631604789e-07,6.231189959024844e-08,1,17,1.6512737954776924e-07,,,,ve,0.0055
cycle,16,3,0.1,0.5,209,gibbs,0.00017804723399364572,0.00045367916006153197,0.00019842457750976613,0.00011691520344528448,1,2000,,7802.2,1.0005,2000,ve,5.8097
cycle,16,3,0.25,0.5,209,exact,0.0,0.0,,,1,,,,,,ve,0.0053
cycle,16,3,0.25,0.5,209,mf,0.002306605594506742,0.004608698712694798,0.002462786176299909,0.001838063849127241,1,5,,,,,ve,0.0019
cycle,16,3,0.25,0.5,209,lbp,1.0820320006020524e-07,2.2000299646982024e-07,1.2449792061345068e-07,5.9319038400468954e-08,1,19,1.9253867322710505e-07,,,,ve,0.0061
cycle,16,3,0.25,0.5,209,gibbs,0.0004540865557597063,0.0011643292451553877,0.000521530402649957,0.00025175501508895417,1,2000,,7912.1,1.0,2000,ve,5.6494
cycle,16,3,0.5,0.5,209,exact,0.0,0.0,,,1,,,,,,ve,0.0055
cycle,16,3,0.5,0.5,209,mf,0.010149788701243886,0.018989954936859312,0.010677055283302905,0.00856798895506683,1,7,,,,,ve,0.0027
cycle,16,3,0.5,0.5,209,lbp,2.3063594224048039e-07,3.77705567732034e-07,2.433020185393323e-07,1.9263771334392457e-07,1,21,3.138938772240252e-07,,,,ve,0.0069
cycle,16,3,0.5,0.5,209,gibbs,0.0008874644252780161,0.00208650238756114,0.0010517761962587585,0.0003945291123357889,1,2000,,7265.5,1.00005,2000,ve,5.7377
cycle,16,3,0.75,0.5,209,exact,0.0,0.0,,,1,,,,,,ve,0.0056
cycle,16,3,0.75,0.5,209,mf,0.025236550944876267,0.053239407056492064,0.026119939388155905,0.022586385615037355,1,10,,,,,ve,0.0033
cycle,16,3,0.75,0.5,209,lbp,1.2192756138678317e-07,2.3872219154924545e-07,1.2568145351147478e-07,1.1066588501270833e-07,1,25,2.49973250265878e-07,,,,ve,0.0077
cycle,16,3,0.75,0.5,209,gibbs,0.0012826779205626975,0.0027919475026076807,0.0015117557459352015,0.0005954444444451856,1,2000,,6569.0,1.0006,2000,ve,5.6675
cycle,16,3,1.0,0.5,209,exact,0.0,0.0,,,1,,,,,,ve,0.0063
cycle,16,3,1.0,0.5,209,mf,0.05022640583354404,0.11543481758962049,0.05171778206792662,0.04575227713039632,1,14,,,,,ve,0.0053
cycle,16,3,1.0,0.5,209,lbp,2.2737873213270134e-07,5.414351772758952e-07,2.1832494098955168e-07,2.545401055621503e-07,1,28,2.951593037758826e-07,,,,ve,0.009
cycle,16,3,1.0,0.5,209,gibbs,0.0021171049282325324,0.00484894420744493,0.0023985861804015876,0.0012726611717253653,1,2000,,5331.2,1.0006,2000,ve,5.7197
cycle,16,3,1.3,0.5,209,exact,0.0,0.0,,,1,,,,,,ve,0.0059
cycle,16,3,1.3,0.5,209,mf,0.10549302274170211,0.19935889777197083,0.11627823481907923,0.07313738650957069,1,19,,,,,ve,0.0081
cycle,16,3,1.3,0.5,209,lbp,2.469114604802759e-07,7.811301685062277e-07,2.4657867091385503e-07,2.4790982917953855e-07,1,33,4.898483528248398e-07,,,,ve,0.0121
cycle,16,3,1.3,0.5,209,gibbs,0.00319193478284435,0.007526680682855412,0.0034806445007101276,0.0023258056292470176,1,2000,,4386.6,1.00125,2000,ve,5.6955
cycle,16,3,1.75,0.5,209,exact,0.0,0.0,,,1,,,,,,ve,0.0053
cycle,16,3,1.75,0.5,209,mf,0.17917357108770654,0.30281150477618424,0.18721037552007283,0.1550631577906076,1,16,,,,,ve,0.0058
cycle,16,3,1.75,0.5,209,lbp,1.2958920466416528e-06,2.991963639630696e-06,1.1696933856571521e-06,1.6744880295951545e-06,1,41,3.542681356605293e-07,,,,ve,0.0144
cycle,16,3,1.75,0.5,209,gibbs,0.005037413888704816,0.012894030794915343,0.005192466597777279,0.0045722557614874225,1,2000,,2874.4,1.00324,2000,ve,5.7461
cycle,16,3,2.5,0.5,209,exact,0.0,0.0,,,1,,,,,,ve,0.0052
cycle,16,3,2.5,0.5,209,mf,0.1605908069501497,0.353396833641942,0.14788067721847842,0.19872119614516354,1,14,,,,,ve,0.0048
cycle,16,3,2.5,0.5,209,lbp,9.263474688219579e-05,0.00014672502850715248,9.884099452833674e-05,7.401600394377292e-05,1,54,4.5053373964876187e-07,,,,ve,0.0161
cycle,16,3,2.5,0.5,209,gibbs,0.013513934063026558,0.0194296820925203,0.012905560027409049,0.01533905616987909,1,2000,,1418.2,1.00243,2000,ve,5.6598
cycle,16,3,4.0,0.5,209,exact,0.0,0.0,,,1,,,,,,ve,0.0053
cycle,16,3,4.0,0.5,209,mf,0.12866258172041037,0.8101477470170952,0.04914399433974819,0.3672183438623968,1,12,,,,,ve,0.0045
cycle,16,3,4.0,0.5,209,lbp,0.0008060701765271515,0.0008971430035120439,0.0008385358753313759,0.0007086730801144784,1,78,5.966712076643788e-07,,,,ve,0.0249
cycle,16,3,4.0,0.5,209,gibbs,0.021747749073973508,0.029003454378705783,0.0202829420518981,0.02614217014019974,0,2000,,120.4,1.03689,2000,ve,5.7917
cycle,16,3,0.0,1.5,209,exact,0.0,0.0,,,1,,,,,,ve,0.0053
cycle,16,3,0.0,1.5,209,mf,1.7791757650487128e-16,5.204170427930421e-16,1.9587919249571448e-16,1.240327285323417e-16,1,1,,,,,ve,0.0005
cycle,16,3,0.0,1.5,209,lbp,1.7639969346339157e-16,5.065392549852277e-16,1.9371078815074347e-16,1.244664094013359e-16,1,3,0.0,,,,ve,0.0011
cycle,16,3,0.0,1.5,209,gibbs,5.3495890443150396e-15,1.970645868709653e-14,4.445265047262985e-15,8.062561035471205e-15,1,2000,,8162.6,1.00058,2000,ve,5.6089
cycle,16,3,0.1,1.5,209,exact,0.0,0.0,,,1,,,,,,ve,0.0053
cycle,16,3,0.1,1.5,209,mf,0.00032191400446281116,0.0006796474763893362,0.00033284491010722016,0.00028912128752958417,1,4,,,,,ve,0.0016
cycle,16,3,0.1,1.5,209,lbp,1.0276893055126413e-07,2.154452217704994e-07,1.1123607982059987e-07,7.736748274325689e-08,1,17,1.7429373921906688e-07,,,,ve,0.0053
cycle,16,3,0.1,1.5,209,gibbs,0.0001391312469457239,0.00040384788726141596,0.00014974518172224612,0.00010728944261615726,1,2000,,8186.5,1.00053,2000,ve,5.9166
cycle,16,3,0.25,1.5,209,exact,0.0,0.0,,,1,,,,,,ve,0.0053
cycle,16,3,0.25,1.5,209,mf,0.0020021213852331314,0.004193964879470664,0.002086296667648502,0.001749595537987019,1,5,,,,,ve,0.0017
cycle,16,3,0.25,1.5,209,lbp,9.844259105958432e-08,2.2347284319226834e-07,9.67041439421494e-08,1.0365793241188907e-07,1,19,2.0562093167031392e-07,,,,ve,0.0063
cycle,16,3,0.25,1.5,209,gibbs,0.0002898273215537848,0.000898463223302462,0.00029339022497163603,0.0002791386113002309,1,2000,,8129.6,1.00033,2000,ve,5.6416
cycle,16,3,0.5,1.5,209,exact,0.0,0.0,,,1,,,,,,ve,0.0066
cycle,16,3,0.5,1.5,209,mf,0.008115305997953137,0.01624014379781641,0.008623962396533373,0.006589336802212433,1,6,,,,,ve,0.003
cycle,16,3,0.5,1.5,209,lbp,7.553087384992729e-08,2.3709208568645224e-07,7.396667551283212e-08,8.02234688612128e-08,1,22,2.399630879001968e-07,,,,ve,0.0073
cycle,16,3,0.5,1.5,209,gibbs,0.0006539444584941032,0.0017298852476278076,0.0006468697990739957,0.0006751684367544261,1,2000,,7366.8,1.00078,2000,ve,5.7799
cycle,16,3,0.75,1.5,209,exact,0.0,0.0,,,1,,,,,,ve,0.0064
cycle,16,3,0.75,1.5,209,mf,0.018685349385664324,0.036571620787830744,0.020116188397778498,0.014392832349321791,1,9,,,,,ve,0.0038
cycle,16,3,0.75,1.5,209,lbp,6.137857900409484e-08,2.0325460030334863e-07,5.8449255792371716e-08,7.01665486392642e-08,1,25,2.3423940004319022e-07,,,,ve,0.0083
cycle,16,3,0.75,1.5,209,gibbs,0.0010308445967766495,0.004141293697043018,0.0010913441786601964,0.0008493458511260089,1,2000,,6486.0,1.00062,2000,ve,5.6528
cycle,16,3,1.0,1.5,209,exact,0.0,0.0,,,1,,,,,,ve,0.0056
cycle,16,3,1.0,1.5,209,mf,0.03371773827647496,0.07142500222813572,0.0364535919997044,0.025510177106786634,1,11,,,,,ve,0.0039
cycle,16,3,1.0,1.5,209,lbp,7.175188388088032e-08,2.270606846016543e-07,6.482278045726888e-08,9.253919415171466e-08,1,28,2.870918752173601e-07,,,,ve,0.0091
cycle,16,3,1.0,1.5,209,gibbs,0.002121185296121176,0.006816703494851438,0.002250975829925847,0.0017318136947071644,1,2000,,6255.0,1.00064,2000,ve,5.7851
cycle,16,3,1.3,1.5,209,exact,0.0,0.0,,,1,,,,,,ve,0.0053
cycle,16,3,1.3,1.5,209,mf,0.0570936211525231,0.13355410782149374,0.058988269012266115,0.05140967757329412,1,16,,,,,ve,0.005
cycle,16,3,1.3,1.5,209,lbp,6.838771695885312e-08,1.8213767243036028e-07,6.630070612215746e-08,7.464874946894011e-08,1,32,2.8010537950207137e-07,,,,ve,0.0099
cycle,16,3,1.3,1.5,209,gibbs,0.004578319633397425,0.014846831177733943,0.004455078942504888,0.004948041706075037,1,2000,,5327.1,1.00161,2000,ve,5.6673
cycle,16,3,1.75,1.5,209,exact,0.0,0.0,,,1,,,,,,ve,0.0056
cycle,16,3,1.75,1.5,209,mf,0.09714852366990206,0.24621930477708015,0.0908462072608852,0.11605547289695267,1,19,,,,,ve,0.0065
cycle,16,3,1.75,1.5,209,lbp,1.5016908946945007e-07,3.9959948832865577e-07,1.5399916538590084e-07,1.3867886172009777e-07,1,36,3.9371444571223435e-07,,,,ve,0.0112
cycle,16,3,1.75,1.5,209,gibbs,0.0029140728363192736,0.007108513961913178,0.002970952876418869,0.0027434327160204856,1,2000,,4003.4,1.0013,2000,ve,5.6645
cycle,16,3,2.5,1.5,209,exact,0.0,0.0,,,1,,,,,,ve,0.0053
cycle,16,3,2.5,1.5,209,mf,0.1438669853798434,0.40817826674622615,0.14917045260430284,0.12795658370646518,1,22,,,,,ve,0.0079
cycle,16,3,2.5,1.5,209,lbp,6.300498563316713e-07,1.0375953519638648e-06,6.336278305341759e-07,6.193159337241575e-07,1,47,4.4771058416159804e-07,,,,ve,0.0147
cycle,16,3,2.5,1.5,209,gibbs,0.003916995784794562,0.011701667803071136,0.0038548811389395358,0.004103339722359644,1,2000,,2479.5,1.00075,2000,ve,5.6425
cycle,16,3,4.0,1.5,209,exact,0.0,0.0,,,1,,,,,,ve,0.0052
cycle,16,3,4.0,1.5,209,mf,0.13920039517175575,0.6446898889450984,0.08612383930543249,0.2984300627707255,1,59,,,,,ve,0.0188
cycle,16,3,4.0,1.5,209,lbp,1.8286899705676945e-05,2.3128000676233117e-05,1.957107106982302e-05,1.4434385613238719e-05,1,60,4.314241754954651e-07,,,,ve,0.0174
cycle,16,3,4.0,1.5,209,gibbs,0.004488506017657415,0.010006535577013358,0.003841118713380673,0.006430667930487644,0,2000,,171.2,1.02571,2000,ve,5.7823
cycle,16,3,0.0,0.5,210,exact,0.0,0.0,,,1,,,,,,ve,0.0053
cycle,16,3,0.0,0.5,210,mf,2.6194324487249787e-16,5.551115123125783e-16,2.382353573674815e-16,3.3306690738754696e-16,1,1,,,,,ve,0.0006
cycle,16,3,0.0,0.5,210,lbp,2.7029160160063626e-16,5.828670879282072e-16,2.5008930111998967e-16,3.3089850304257595e-16,1,3,0.0,,,,ve,0.001
cycle,16,3,0.0,0.5,210,gibbs,6.969576825388568e-15,1.749989042565403e-14,6.540052064722228e-15,8.25815110738759e-15,1,2000,,7925.1,1.00006,2000,ve,5.6625
cycle,16,3,0.1,0.5,210,exact,0.0,0.0,,,1,,,,,,ve,0.0054
cycle,16,3,0.1,0.5,210,mf,0.00035851090137232686,0.0006148234486199888,0.0003675867630524913,0.0003312833163318335,1,4,,,,,ve,0.0019
cycle,16,3,0.1,0.5,210,lbp,1.107115534148195e-07,2.5457421820931914e-07,9.984724020009374e-08,1.4330449305899676e-07,1,17,1.6801033869695559e-07,,,,ve,0.0055
cycle,16,3,0.1,0.5,210,gibbs,0.0001505459778403974,0.00040299112635289874,0.00015023136180755884,0.00015148982593891306,1,2000,,7849.4,1.00001,2000,ve,5.7427
cycle,16,3,0.25,0.5,210,exact,0.0,0.0,,,1,,,,,,ve,0.0053
cycle,16,3,0.25,0.5,210,mf,0.0022008609984740146,0.004035777250516159,0.0021967888424862855,0.002213077466437201,1,5,,,,,ve,0.002
cycle,16,3,0.25,0.5,210,lbp,1.3910344443424528e-07,2.611269222449475e-07,1.4144666645897128e-07,1.3207377836006728e-07,1,19,2.1928339161148003e-07,,,,ve,0.0056
cycle,16,3,0.25,0.5,210,gibbs,0.00034718503847141796,0.0007688049933800949,0.0003676433418845309,0.0002858101282320791,1,2000,,7586.4,0.99993,2000,ve,5.7834
cycle,16,3,0.5,0.5,210,exact,0.0,0.0,,,1,,,,,,ve,0.0053
cycle,16,3,0.5,0.5,210,mf,0.009644387743443266,0.01885517542300475,0.009276849385756647,0.01074700281650312,1,7,,,,,ve,0.0033
cycle,16,3,0.5,0.5,210,lbp,1.6511378740906996e-07,4.646960387322263e-07,1.7696861260811428e-07,1.2954931181193702e-07,1,22,3.375487946377653e-07,,,,ve,0.0085
cycle,16,3,0.5,0.5,210,gibbs,0.0009468340029644632,0.002255005901710211,0.0009350240281521424,0.0009822639274014258,1,2000,,7009.9,1.00001,2000,ve,5.7528
cycle,16,3,0.75,0.5,210,exact,0.0,0.0,,,1,,,,,,ve,0.0052
cycle,16,3,0.75,0.5,210,mf,0.02535348274709154,0.05091091411046943,0.024057298982746732,0.02924203404012596,1,9,,,,,ve,0.0032
cycle,16,3,0.75,0.5,210,lbp,8.157806536865896e-08,1.5858018075770586e-07,8.754006244748637e-08,6.36920741321767e-08,1,26,2.019458747448688e-07,,,,ve,0.0079
cycle,16,3,0.75,0.5,210,gibbs,0.0021833568282039854,0.004496060640668348,0.002207952151773125,0.0021095708574965684,1,2000,,6249.9,1.00023,2000,ve,5.7624
cycle,16,3,1.0,0.5,210,exact,0.0,0.0,,,1,,,,,,ve,0.0067
cycle,16,3,1.0,0.5,210,mf,0.05411944525879492,0.09931837701299803,0.05256646512067962,0.05877838567314084,1,13,,,,,ve,0.0052
cycle,16,3,1.0,0.5,210,lbp,1.1881338161457214e-07,3.3658023389920855e-07,1.2376147214418604e-07,1.0396911002573048e-07,1,28,2.8631277654289633e-07,,,,ve,0.0098
cycle,16,3,1.0,0.5,210,gibbs,0.0027930845488732684,0.007266712376326687,0.002294074300659044,0.004290115293515942,1,2000,,5365.3,1.00008,2000,ve,5.6766
cycle,16,3,1.3,0.5,210,exact,0.0,0.0,,,1,,,,,,ve,0.0053
cycle,16,3,1.3,0.5,210,mf,0.09884685855200442,0.1607261787216157,0.09951696880657494,0.09683652778829283,1,16,,,,,ve,0.0051
cycle,16,3,1.3,0.5,210,lbp,1.3504899353824172e-07,2.7061249698728806e-07,1.5368349507678564e-07,7.914548892260995e-08,1,32,3.7169466066133694e-07,,,,ve,0.008
cycle,16,3,1.3,0.5,210,gibbs,0.002254179742499269,0.00835255280040274,0.0018292234056204021,0.003529048753135869,1,2000,,4660.9,1.0006,2000,ve,5.4309
cycle,16,3,1.75,0.5,210,exact,0.0,0.0,,,1,,,,,,ve,0.0054
cycle,16,3,1.75,0.5,210,mf,0.14545612156523213,0.25870326338926053,0.1527249203891475,0.12364972509348619,1,17,,,,,ve,0.0048
cycle,16,3,1.75,0.5,210,lbp,2.686377946119016e-07,8.143069449018103e-07,3.058664473204262e-07,1.569518364863279e-07,1,37,4.65217166456533e-07,,,,ve,0.0092
cycle,16,3,1.75,0.5,210,gibbs,0.003991942240404193,0.008597982609655358,0.003982851427383148,0.00401921467946733,1,2000,,3502.0,1.00055,2000,ve,5.7749
cycle,16,3,2.5,0.5,210,exact,0.0,0.0,,,1,,,,,,ve,0.0059
cycle,16,3,2.5,0.5,210,mf,0.1779124235438992,0.4138697046609631,0.1968423990938658,0.12112249689399937,1,28,,,,,ve,0.0101
cycle,16,3,2.5,0.5,210,lbp,8.733423101675073e-06,2.7538181427838593e-05,1.098138580269499e-05,1.9895349986153257e-06,1,51,3.732273667900188e-07,,,,ve,0.0164
cycle,16,3,2.5,0.5,210,gibbs,0.012343929881415895,0.023413444292556027,0.011391277433514669,0.015201887225119573,1,2000,,2437.6,1.00341,2000,ve,5.5547
cycle,16,3,4.0,0.5,210,exact,0.0,0.0,,,1,,,,,,ve,0.0052
cycle,16,3,4.0,0.5,210,mf,0.25880637493058484,0.7128183043557277,0.28972432032912737,0.16605253873495732,1,44,,,,,ve,0.0141
cycle,16,3,4.0,0.5,210,lbp,0.0036441077098570626,0.005167475898011552,0.003666950245071706,0.0035755801042131343,1,82,6.245950427974378e-07,,,,ve,0.025
cycle,16,3,4.0,0.5,210,gibbs,0.03901677666897766,0.0663615234109369,0.03624853695489445,0.047321495811227285,0,2000,,436.5,1.01517,2000,ve,5.8037
cycle,16,3,0.0,1.5,210,exact,0.0,0.0,,,1,,,,,,ve,0.0053
cycle,16,3,0.0,1.5,210,mf,4.803015624110785e-16,1.2247147740396258e-15,4.849997718251823e-16,4.662069341687669e-16,1,1,,,,,ve,0.0005
cycle,16,3,0.0,1.5,210,lbp,4.689174395999807e-16,1.2299189444675562e-15,4.74302310389992e-16,4.527628272299467e-16,1,3,0.0,,,,ve,0.0011
cycle,16,3,0.0,1.5,210,gibbs,7.19975294660724e-15,1.4752088439706768e-14,6.8638671135712315e-15,8.207410445715269e-15,1,2000,,7479.1,1.00078,2000,ve,5.5898
cycle,16,3,0.1,1.5,210,exact,0.0,0.0,,,1,,,,,,ve,0.006
cycle,16,3,0.1,1.5,210,mf,0.00030665219802876106,0.0005511033960252116,0.0003016649071146467,0.00032161407077110427,1,4,,,,,ve,0.0016
cycle,16,3,0.1,1.5,210,lbp,1.014654680633084e-07,2.374335980742659e-07,8.892775211183657e-08,1.3907861591772389e-07,1,17,1.7039712413291497e-07,,,,ve,0.0053
cycle,16,3,0.1,1.5,210,gibbs,0.00020124825897057871,0.0006015831910651959,0.0001713599119111208,0.0002909133001489524,1,2000,,7084.8,1.00078,2000,ve,5.6614
cycle,16,3,0.25,1.5,210,exact,0.0,0.0,,,1,,,,,,ve,0.0053
cycle,16,3,0.25,1.5,210,mf,0.0019238263213022788,0.0034214554438623673,0.0018625913790735811,0.0021075311479883726,1,5,,,,,ve,0.002
cycle,16,3,0.25,1.5,210,lbp,1.0615983668380751e-07,2.671820013601389e-07,1.0842240650723509e-07,9.937212721352479e-08,1,19,2.1813092088152075e-07,,,,ve,0.0058
cycle,16,3,0.25,1.5,210,gibbs,0.0005715598727767757,0.0011735507323838105,0.0005275799985188595,0.000703499495550524,1,2000,,7121.2,1.00025,2000,ve,5.3828
cycle,16,3,0.5,1.5,210,exact,0.0,0.0,,,1,,,,,,ve,0.0055
cycle,16,3,0.5,1.5,210,mf,0.0074823499955089644,0.013934556795213984,0.007023177093919406,0.00885986870027764,1,7,,,,,ve,0.0028
cycle,16,3,0.5,1.5,210,lbp,1.5450863020093075e-07,4.3768357042145434e-07,1.4462138338046845e-07,1.8417037066231767e-07,1,22,2.5783441659488204e-07,,,,ve,0.0065
cycle,16,3,0.5,1.5,210,gibbs,0.0010017538696208876,0.0021753386223420604,0.0009568046941196154,0.0011366013961247043,1,2000,,6680.5,1.00018,2000,ve,5.7012
cycle,16,3,0.75,1.5,210,exact,0.0,0.0,,,1,,,,,,ve,0.0055
cycle,16,3,0.75,1.5,210,mf,0.016859093127113527,0.0339254309320728,0.015562825607869054,0.02074789568484694,1,10,,,,,ve,0.0035
cycle,16,3,0.75,1.5,210,lbp,1.3548557182744116e-07,3.216893177740432e-07,1.3074100363231976e-07,1.4971927641280539e-07,1,25,3.15010864337939e-07,,,,ve,0.0074
cycle,16,3,0.75,1.5,210,gibbs,0.0012235314088566206,0.00322676862641387,0.0013995325563048646,0.0006955279665118884,1,2000,,6742.4,1.00025,2000,ve,5.6904
cycle,16,3,1.0,1.5,210,exact,0.0,0.0,,,1,,,,,,ve,0.0054
cycle,16,3,1.0,1.5,210,mf,0.03517861980074448,0.0714377993181898,0.03392515592576099,0.03893901142569495,1,14,,,,,ve,0.0051
cycle,16,3,1.0,1.5,210,lbp,1.0252271330794729e-07,4.806395549269982e-07,1.0720214567850987e-07,8.848441619625953e-08,1,28,2.811612568875965e-07,,,,ve,0.0091
cycle,16,3,1.0,1.5,210,gibbs,0.0017349983833683468,0.004379078812784222,0.0017188121177341864,0.001783557180270827,1,2000,,6098.1,0.99998,2000,ve,5.61
cycle,16,3,1.3,1.5,210,exact,0.0,0.0,,,1,,,,,,ve,0.0052
cycle,16,3,1.3,1.5,210,mf,0.07129324387946444,0.1630451116918397,0.06771955388268566,0.08201431386980076,1,26,,,,,ve,0.0084
cycle,16,3,1.3,1.5,210,lbp,7.690772544640756e-08,2.8571289676510014e-07,8.174518538953356e-08,6.23953456170296e-08,1,32,3.2947908989999775e-07,,,,ve,0.0095
cycle,16,3,1.3,1.5,210,gibbs,0.0018701783046246399,0.00562803207111149,0.0019137622628841702,0.0017394264298460492,1,2000,,5187.0,1.00014,2000,ve,5.5482
cycle,16,3,1.75,1.5,210,exact,0.0,0.0,,,1,,,,,,ve,0.0055
cycle,16,3,1.75,1.5,210,mf,0.13829912171084358,0.31298754474435875,0.11867414912926484,0.19717403945557982,1,44,,,,,ve,0.0136
cycle,16,3,1.75,1.5,210,lbp,1.659972333109799e-07,4.790112028540267e-07,1.8954409299741225e-07,9.535665425168278e-08,1,36,3.552314596921846e-07,,,,ve,0.0108
cycle,16,3,1.75,1.5,210,gibbs,0.004684609800180798,0.012730443381817953,0.0043992711408478045,0.005540625778179779,1,2000,,4189.2,0.99969,2000,ve,5.6817
cycle,16,3,2.5,1.5,210,exact,0.0,0.0,,,1,,,,,,ve,0.0052
cycle,16,3,2.5,1.5,210,mf,0.18843101479022145,0.4772698564995703,0.16619092809375027,0.25515127487963496,1,15,,,,,ve,0.0049
cycle,16,3,2.5,1.5,210,lbp,1.704970949598035e-06,4.662267436898911e-06,2.090447235363076e-06,5.485420923029131e-07,1,48,4.835763708355145e-07,,,,ve,0.0141
cycle,16,3,2.5,1.5,210,gibbs,0.012636358491776276,0.030100429895606892,0.011230930382986953,0.016852642818144248,1,2000,,2705.9,1.00165,2000,ve,5.6168
cycle,16,3,4.0,1.5,210,exact,0.0,0.0,,,1,,,,,,ve,0.0087
cycle,16,3,4.0,1.5,210,mf,0.25192332456945155,0.5218280651922607,0.22595137969842075,0.32983915918254403,1,12,,,,,ve,0.0065
cycle,16,3,4.0,1.5,210,lbp,0.001241944672444677,0.002763726783450427,0.001337850667899458,0.000954226686080334,1,78,6.620273261814802e-07,,,,ve,0.0311
cycle,16,3,4.0,1.5,210,gibbs,0.04567248658603394,0.08386450425157735,0.04022809051401723,0.062005674802084076,1,2000,,1226.2,1.00596,2000,ve,11.4363
cycle,16,3,0.0,0.5,211,exact,0.0,0.0,,,1,,,,,,ve,0.0066
cycle,16,3,0.0,0.5,211,mf,2.9089144287786084e-16,5.828670879282072e-16,3.016973245302997e-16,2.5847379792054426e-16,1,1,,,,,ve,0.0009
cycle,16,3,0.0,0.5,211,lbp,2.9002408113987244e-16,5.967448757360216e-16,2.9649315410236926e-16,2.706168622523819e-16,1,3,0.0,,,,ve,0.0023
cycle,16,3,0.0,0.5,211,gibbs,9.348424812039013e-15,1.7950918529408e-14,1.062720513441325e-14,5.5120838449163045e-15,1,2000,,7661.6,1.00002,2000,ve,13.5634
cycle,16,3,0.1,0.5,211,exact,0.0,0.0,,,1,,,,,,ve,0.0053
cycle,16,3,0.1,0.5,211,mf,0.00039744020977336815,0.0006932046113239526,0.0004127942684975158,0.0003513780336009253,1,4,,,,,ve,0.0016
cycle,16,3,0.1,0.5,211,lbp,1.0168278961582636e-07,1.721901508114354e-07,1.0102916870625978e-07,1.036436523445261e-07,1,17,1.4323265928872786e-07,,,,ve,0.0031
cycle,16,3,0.1,0.5,211,gibbs,0.00021098808524144471,0.00045129697889337295,0.00023816370692849478,0.00012946122018029456,1,2000,,7746.2,1.00029,2000,ve,14.4361
cycle,16,3,0.25,0.5,211,exact,0.0,0.0,,,1,,,,,,ve,0.0076
cycle,16,3,0.25,0.5,211,mf,0.0024560100834636793,0.004464326007921883,0.002637428828694554,0.0019117538477710543,1,5,,,,,ve,0.0062
cycle,16,3,0.25,0.5,211,lbp,1.2253673881286974e-07,2.470998248516043e-07,1.3332541368207365e-07,9.017071420525796e-08,1,19,1.433487212820772e-07,,,,ve,0.0182
cycle,16,3,0.25,0.5,211,gibbs,0.0005435455813936164,0.0012913354398443183,0.0005924887016756419,0.00039671622054753995,1,2000,,7709.0,0.99993,2000,ve,14.7236
cycle,16,3,0.5,0.5,211,exact,0.0,0.0,,,1,,,,,,ve,0.0053
cycle,16,3,0.5,0.5,211,mf,0.010730681416892575,0.01864611324169986,0.011225764316471343,0.00924543271815627,1,7,,,,,ve,0.0166
cycle,16,3,0.5,0.5,211,lbp,9.288773642119642e-08,1.8854565282666602e-07,9.015706671774866e-08,1.0107974553153973e-07,1,22,2.0934813982353973e-07,,,,ve,0.0717
cycle,16,3,0.5,0.5,211,gibbs,0.0012592582396617313,0.0031356448192435965,0.001176748354401598,0.0015067878954421314,1,2000,,7096.6,1.00015,2000,ve,14.8387
cycle,16,3,0.75,0.5,211,exact,0.0,0.0,,,1,,,,,,ve,0.0071
cycle,16,3,0.75,0.5,211,mf,0.027680050511755344,0.04418970612471069,0.02756003523109793,0.028040096353727575,1,10,,,,,ve,0.0278
cycle,16,3,0.75,0.5,211,lbp,1.915162959318685e-07,3.9937554552338383e-07,1.9735575987420845e-07,1.7399790410484867e-07,1,25,3.1052620136362563e-07,,,,ve,0.0245
cycle,16,3,0.75,0.5,211,gibbs,0.0021086601312291127,0.0050586838449551835,0.00199193749986108,0.00245882802533321,1,2000,,5820.1,1.00109,2000,ve,15.7651
cycle,16,3,1.0,0.5,211,exact,0.0,0.0,,,1,,,,,,ve,0.0073
cycle,16,3,1.0,0.5,211,mf,0.06105210856820294,0.1064255607603825,0.05963583040073487,0.06530094307060709,1,13,,,,,ve,0.0482
cycle,16,3,1.0,0.5,211,lbp,3.0165740152077614e-07,6.339216837430994e-07,2.963828906133471e-07,3.174809342430633e-07,1,29,3.334223115936119e-07,,,,ve,0.0566
cycle,16,3,1.0,0.5,211,gibbs,0.004075643609400684,0.008937909281514889,0.003611678947542208,0.0054675375949761115,1,2000,,4889.0,1.00183,2000,ve,15.4173
cycle,16,3,1.3,0.5,211,exact,0.0,0.0,,,1,,,,,,ve,0.0163
cycle,16,3,1.3,0.5,211,mf,0.1237924335646663,0.1821259883817619,0.12359425839768985,0.12438695906559558,1,16,,,,,ve,0.0394
cycle,16,3,1.3,0.5,211,lbp,3.6069724944386757e-07,6.162060271555636e-07,3.6343082260968895e-07,3.524965299464035e-07,1,34,3.5833557032738383e-07,,,,ve,0.0111
cycle,16,3,1.3,0.5,211,gibbs,0.005590008663782717,0.009505714100878748,0.005403007518671291,0.006151012099116993,1,2000,,3887.0,1.00191,2000,ve,14.7309
cycle,16,3,1.75,0.5,211,exact,0.0,0.0,,,1,,,,,,ve,0.0126
cycle,16,3,1.75,0.5,211,mf,0.18440009192897774,0.30939935613682207,0.18599696043353867,0.1796094864152949,1,20,,,,,ve,0.0457
cycle,16,3,1.75,0.5,211,lbp,6.798664620020014e-06,1.0934617785261086e-05,6.887928834807154e-06,6.530871975658596e-06,1,42,5.841820031049494e-07,,,,ve,0.0718
cycle,16,3,1.75,0.5,211,gibbs,0.004667158715531216,0.013683844290845529,0.004056031506940788,0.006500540341302501,1,2000,,2870.7,1.00438,2000,ve,14.9657
cycle,16,3,2.5,0.5,211,exact,0.0,0.0,,,1,,,,,,ve,0.0073
cycle,16,3,2.5,0.5,211,mf,0.19577740492053644,0.3209704165601337,0.18699331094043134,0.22212968686085188,1,38,,,,,ve,0.1553
cycle,16,3,2.5,0.5,211,lbp,0.00047340036178244625,0.0007625380847440244,0.00047712856722340524,0.00046221574545956927,1,61,6.96989195747566e-07,,,,ve,0.0246
cycle,16,3,2.5,0.5,211,gibbs,0.017028988246019595,0.03088285704975849,0.015996460995767677,0.02012656999677535,1,2000,,1138.9,1.00751,2000,ve,15.7963
cycle,16,3,4.0,0.5,211,exact,0.0,0.0,,,1,,,,,,ve,0.0108
cycle,16,3,4.0,0.5,211,mf,0.34849607738790256,0.6260287393214133,0.3380039809442044,0.37997236671899703,1,19,,,,,ve,0.0038
cycle,16,3,4.0,0.5,211,lbp,0.025951787519256267,0.05031519057971258,0.025771794910172886,0.026491765346506428,1,133,8.989513576862507e-07,,,,ve,0.2106
cycle,16,3,4.0,0.5,211,gibbs,0.023167197066218587,0.0431299679996346,0.023693151130643974,0.02158933487294243,0,2000,,31.9,1.08941,2000,ve,15.9198
cycle,16,3,0.0,1.5,211,exact,0.0,0.0,,,1,,,,,,ve,0.0057
cycle,16,3,0.0,1.5,211,mf,2.717010644248674e-16,5.134781488891349e-16,2.761101532596418e-16,2.5847379792054426e-16,1,1,,,,,ve,0.0007
cycle,16,3,0.0,1.5,211,lbp,2.759294528975609e-16,4.85722573273506e-16,2.777003164459539e-16,2.706168622523819e-16,1,3,0.0,,,,ve,0.0015
cycle,16,3,0.0,1.5,211,gibbs,6.070447963746339e-15,1.3378187446733136e-14,6.256569336689684e-15,5.5120838449163045e-15,1,2000,,7467.5,1.00089,2000,ve,16.4446
cycle,16,3,0.1,1.5,211,exact,0.0,0.0,,,1,,,,,,ve,0.0072
cycle,16,3,0.1,1.5,211,mf,0.00033996097639009144,0.0007771400154856223,0.00034743244433549006,0.0003175465725538955,1,4,,,,,ve,0.025
cycle,16,3,0.1,1.5,211,lbp,8.685619508341791e-08,1.523550605675439e-07,8.550500497006217e-08,9.090976542348514e-08,1,17,1.6777637157350256e-07,,,,ve,0.1043
cycle,16,3,0.1,1.5,211,gibbs,0.00016024674128925877,0.000419641866400991,0.00017046347181289391,0.00012959654971835335,1,2000,,7461.2,1.00113,2000,ve,17.1798
cycle,16,3,0.25,1.5,211,exact,0.0,0.0,,,1,,,,,,ve,0.0084
cycle,16,3,0.25,1.5,211,mf,0.0020709757705096882,0.004903524331677636,0.002184877081976421,0.001729271836109489,1,5,,,,,ve,0.0057
cycle,16,3,0.25,1.5,211,lbp,8.411074649343183e-08,1.5361266503255422e-07,9.426420844537628e-08,5.365036063759848e-08,1,19,2.125335206160095e-07,,,,ve,0.0222
cycle,16,3,0.25,1.5,211,gibbs,0.00046975189822709705,0.001094892096575678,0.0005079886636382081,0.0003550416019937638,1,2000,,7605.2,1.0012,2000,ve,17.0776
cycle,16,3,0.5,1.5,211,exact,0.0,0.0,,,1,,,,,,ve,0.0073
cycle,16,3,0.5,1.5,211,mf,0.008519258106421837,0.020442342602382375,0.008952866832499125,0.007218431928189973,1,7,,,,,ve,0.0176
cycle,16,3,0.5,1.5,211,lbp,1.3578896921408222e-07,3.323695238061086e-07,1.1965260237191237e-07,1.8419806974059177e-07,1,21,2.622660391637943e-07,,,,ve,0.0832
cycle,16,3,0.5,1.5,211,gibbs,0.0012015853928000022,0.0026216778363070126,0.001259098526770243,0.0010290459908892796,1,2000,,6656.6,1.00116,2000,ve,17.0011
cycle,16,3,0.75,1.5,211,exact,0.0,0.0,,,1,,,,,,ve,0.0056
cycle,16,3,0.75,1.5,211,mf,0.0219637029838839,0.049246630811274575,0.021821706978357152,0.022389691000464153,1,10,,,,,ve,0.0331
cycle,16,3,0.75,1.5,211,lbp,1.7378339115312188e-07,4.5668983458813095e-07,1.4670599449346546e-07,2.5501558113209116e-07,1,24,3.0188314326107246e-07,,,,ve,0.0216
cycle,16,3,0.75,1.5,211,gibbs,0.0019079208998742747,0.0029378743459593515,0.0019993699736245694,0.0016335736786233903,1,2000,,6164.4,1.00098,2000,ve,17.0666
cycle,16,3,1.0,1.5,211,exact,0.0,0.0,,,1,,,,,,ve,0.0054
cycle,16,3,1.0,1.5,211,mf,0.04909579666917477,0.09401662664273419,0.046522463020307186,0.05681579761577753,1,16,,,,,ve,0.0096
cycle,16,3,1.0,1.5,211,lbp,2.0997063434577716e-07,4.7124783612850774e-07,2.131481462683936e-07,2.0043809857792777e-07,1,28,2.97816266925377e-07,,,,ve,0.0179
cycle,16,3,1.0,1.5,211,gibbs,0.0025843424084109603,0.004914241579703105,0.002410031957347212,0.0031072737616022056,1,2000,,5261.3,1.00111,2000,ve,16.6122
cycle,16,3,1.3,1.5,211,exact,0.0,0.0,,,1,,,,,,ve,0.0055
cycle,16,3,1.3,1.5,211,mf,0.11917630535050887,0.21245632128013958,0.11481546802459512,0.13225881732825007,1,21,,,,,ve,0.0438
cycle,16,3,1.3,1.5,211,lbp,2.09544479526987e-07,5.291423489373059e-07,2.1629522316666343e-07,1.8929224860795776e-07,1,33,2.852661726837624e-07,,,,ve,0.0999
cycle,16,3,1.3,1.5,211,gibbs,0.007347431019116876,0.01529016061562358,0.006778671175665486,0.00905371054947105,1,2000,,4096.1,1.00184,2000,ve,15.4126
cycle,16,3,1.75,1.5,211,exact,0.0,0.0,,,1,,,,,,ve,0.0081
cycle,16,3,1.75,1.5,211,mf,0.22679058735055427,0.3474301385140364,0.2383126607452178,0.19222436716656377,1,18,,,,,ve,0.0675
cycle,16,3,1.75,1.5,211,lbp,2.5237310149405726e-06,6.4172968563119825e-06,2.4616923797114777e-06,2.709846920627857e-06,1,40,3.248340341155398e-07,,,,ve,0.0403
cycle,16,3,1.75,1.5,211,gibbs,0.009657225098378661,0.02161299200176112,0.008915663625428696,0.011881909517228555,1,2000,,3025.1,1.00395,2000,ve,16.3571
cycle,16,3,2.5,1.5,211,exact,0.0,0.0,,,1,,,,,,ve,0.006
cycle,16,3,2.5,1.5,211,mf,0.24152431432640653,0.4479164678623106,0.2501453850117306,0.21566110227043445,1,16,,,,,ve,0.0964
cycle,16,3,2.5,1.5,211,lbp,0.0003137588481126959,0.00047679490954640087,0.00032159433636481954,0.00029025238335632494,1,60,5.161834528699671e-07,,,,ve,0.1289
cycle,16,3,2.5,1.5,211,gibbs,0.018959995976086004,0.04409602878899509,0.019693837702820943,0.016758470795881192,1,2000,,1680.3,1.00503,2000,ve,27.3155
cycle,16,3,4.0,1.5,211,exact,0.0,0.0,,,1,,,,,,ve,0.0064
cycle,16,3,4.0,1.5,211,mf,0.3893309893790855,0.6586451389565298,0.38812511792563953,0.3929486037394232,1,11,,,,,ve,0.0031
cycle,16,3,4.0,1.5,211,lbp,0.019452243136561055,0.043227795302478875,0.019785279541773986,0.018453133920922276,1,126,8.67245949387474e-07,,,,ve,0.0267
cycle,16,3,4.0,1.5,211,gibbs,0.04478421286195899,0.05822328475451615,0.04626777928606953,0.04033351358962739,0,2000,,75.9,1.02296,2000,ve,11.0706
cycle,16,3,0.0,0.5,212,exact,0.0,0.0,,,1,,,,,,ve,0.0058
cycle,16,3,0.0,0.5,212,mf,2.7798943702528334e-16,6.38378239159465e-16,2.7264070630768817e-16,2.940356291780688e-16,1,1,,,,,ve,0.0012
cycle,16,3,0.0,0.5,212,lbp,2.701831813833877e-16,6.106226635438361e-16,2.581846773412148e-16,3.0617869350990645e-16,1,3,0.0,,,,ve,0.0019
cycle,16,3,0.0,0.5,212,gibbs,7.186091999233923e-15,1.45924938799169e-14,6.8099461255262855e-15,8.314529620356836e-15,1,2000,,7769.7,1.00061,2000,ve,11.6822
cycle,16,3,0.1,0.5,212,exact,0.0,0.0,,,1,,,,,,ve,0.0058
cycle,16,3,0.1,0.5,212,mf,0.00035411381297225254,0.0006313395702942301,0.00038892443465787563,0.0002496819479153832,1,4,,,,,ve,0.002
cycle,16,3,0.1,0.5,212,lbp,7.59263052414836e-08,1.957299245805566e-07,6.863673966192353e-08,9.779500198016378e-08,1,17,1.6529422464106602e-07,,,,ve,0.0061
cycle,16,3,0.1,0.5,212,gibbs,0.00014514903841084527,0.0003983861656223775,0.00014143342187436197,0.0001562958880202952,1,2000,,7755.5,1.00073,2000,ve,11.0958
cycle,16,3,0.25,0.5,212,exact,0.0,0.0,,,1,,,,,,ve,0.0061
cycle,16,3,0.25,0.5,212,mf,0.0022528476405334714,0.004008231526826771,0.002456941105467419,0.0016405672457316302,1,5,,,,,ve,0.0018
cycle,16,3,0.25,0.5,212,lbp,7.197856739652765e-08,2.4580134153073807e-07,5.733823603213071e-08,1.1589956148971847e-07,1,19,1.805380071551177e-07,,,,ve,0.0069
cycle,16,3,0.25,0.5,212,gibbs,0.0004628698080054159,0.0011075896664732021,0.0004478352982614448,0.0005079733372373293,1,2000,,7419.4,1.00064,2000,ve,11.0284
cycle,16,3,0.5,0.5,212,exact,0.0,0.0,,,1,,,,,,ve,0.0075
cycle,16,3,0.5,0.5,212,mf,0.009389502985069543,0.01641715816142,0.009974004723867216,0.007635997768676523,1,6,,,,,ve,0.0078
cycle,16,3,0.5,0.5,212,lbp,7.418610684995549e-08,2.1425172375133528e-07,5.6278156969983194e-08,1.2790995648987238e-07,1,22,2.124691622085173e-07,,,,ve,0.0317
cycle,16,3,0.5,0.5,212,gibbs,0.0007435289505156428,0.0020728309961562524,0.0007426219216300949,0.0007462500371722865,1,2000,,7358.3,1.00084,2000,ve,10.8284
cycle,16,3,0.75,0.5,212,exact,0.0,0.0,,,1,,,,,,ve,0.0063
cycle,16,3,0.75,0.5,212,mf,0.022438699013156104,0.039607999500667124,0.023793039128791035,0.01837567866625131,1,8,,,,,ve,0.0061
cycle,16,3,0.75,0.5,212,lbp,1.1039877546663822e-07,2.615228985695939e-07,9.488158538133636e-08,1.569503457225438e-07,1,24,2.420820269244395e-07,,,,ve,0.0185
cycle,16,3,0.75,0.5,212,gibbs,0.0011504566905355844,0.0035565355344888,0.0012377805847149613,0.0008884850079974539,1,2000,,6664.1,1.00085,2000,ve,11.0602
cycle,16,3,1.0,0.5,212,exact,0.0,0.0,,,1,,,,,,ve,0.0056
cycle,16,3,1.0,0.5,212,mf,0.04439079792247656,0.07554005584036383,0.048224523653988105,0.032889620727941965,1,12,,,,,ve,0.0161
cycle,16,3,1.0,0.5,212,lbp,1.5170121920270434e-07,5.379250949955061e-07,1.5267228769492297e-07,1.4878801372604847e-07,1,26,3.534524076753698e-07,,,,ve,0.0344
cycle,16,3,1.0,0.5,212,gibbs,0.0019330168377737949,0.007090578582249485,0.002054433202163096,0.0015687677446058913,1,2000,,5861.9,1.00117,2000,ve,11.049
cycle,16,3,1.3,0.5,212,exact,0.0,0.0,,,1,,,,,,ve,0.0123
cycle,16,3,1.3,0.5,212,mf,0.08463416986887666,0.1595840417553752,0.09373727881608877,0.05732484302724035,1,19,,,,,ve,0.012
cycle,16,3,1.3,0.5,212,lbp,1.1934008942973869e-07,2.8777678073854673e-07,1.4292755144580208e-07,4.857770338154849e-08,1,31,3.4205392457353767e-07,,,,ve,0.0151
cycle,16,3,1.3,0.5,212,gibbs,0.0033864507154315517,0.00936765810833784,0.003304647846444113,0.003631859322393868,1,2000,,5171.7,1.0003,2000,ve,11.5222
cycle,16,3,1.75,0.5,212,exact,0.0,0.0,,,1,,,,,,ve,0.0065
cycle,16,3,1.75,0.5,212,mf,0.17365254680076866,0.3381055375606828,0.18207991423602532,0.14837044449499873,1,23,,,,,ve,0.0189
cycle,16,3,1.75,0.5,212,lbp,5.773898776495652e-07,9.997090006513831e-07,5.964924279473644e-07,5.200822267561675e-07,1,37,3.754564227853585e-07,,,,ve,0.0308
cycle,16,3,1.75,0.5,212,gibbs,0.00488128240747587,0.014174858263332188,0.00503174528696752,0.004429893769000916,1,2000,,3585.8,1.00075,2000,ve,11.0398
cycle,16,3,2.5,0.5,212,exact,0.0,0.0,,,1,,,,,,ve,0.0063
cycle,16,3,2.5,0.5,212,mf,0.30389698760029604,0.5965712423366654,0.308772433720577,0.2892706492394531,1,52,,,,,ve,0.0216
cycle,16,3,2.5,0.5,212,lbp,0.0001561305949078697,0.00026737772415989097,0.00016292360783706628,0.00013575155612027996,1,51,5.263669573540852e-07,,,,ve,0.0242
cycle,16,3,2.5,0.5,212,gibbs,0.010840627878957752,0.027915743846774865,0.010284535477118564,0.012508905084475316,1,2000,,1598.8,1.00135,2000,ve,10.8113
cycle,16,3,4.0,0.5,212,exact,0.0,0.0,,,1,,,,,,ve,0.0062
cycle,16,3,4.0,0.5,212,mf,0.521303470075245,0.84801109721594,0.5672812875946609,0.3833700175169975,1,26,,,,,ve,0.0175
cycle,16,3,4.0,0.5,212,lbp,0.03060235263877944,0.06363192231190637,0.03140897481552826,0.028182486108532967,1,141,8.615911529785691e-07,,,,ve,0.0911
cycle,16,3,4.0,0.5,212,gibbs,0.027943398114460928,0.044064813015559395,0.026063687354935704,0.0335825303930366,0,2000,,154.4,1.02814,2000,ve,10.3076
cycle,16,3,0.0,1.5,212,exact,0.0,0.0,,,1,,,,,,ve,0.0072
cycle,16,3,0.0,1.5,212,mf,2.422107653332617e-16,4.3368086899420177e-16,2.1741867565575981e-16,3.165870343657673e-16,1,1,,,,,ve,0.0008
cycle,16,3,0.0,1.5,212,lbp,2.409097227262791e-16,4.3368086899420177e-16,2.1510571102112408e-16,3.183217578417441e-16,1,3,0.0,,,,ve,0.0039
cycle,16,3,0.0,1.5,212,gibbs,6.641388827777206e-15,1.518576930870097e-14,6.078471059822732e-15,8.330142131640628e-15,1,2000,,8047.7,1.0,2000,ve,11.2086
cycle,16,3,0.1,1.5,212,exact,0.0,0.0,,,1,,,,,,ve,0.0062
cycle,16,3,0.1,1.5,212,mf,0.00036854462469515764,0.0005880976496134872,0.0004128950647363674,0.0002354933045715284,1,4,,,,,ve,0.0042
cycle,16,3,0.1,1.5,212,lbp,7.049088965142836e-08,1.3371429176400884e-07,6.904308630546752e-08,7.483429968931088e-08,1,17,1.638966747319337e-07,,,,ve,0.0184
cycle,16,3,0.1,1.5,212,gibbs,0.00015044857063385535,0.00046971419040195417,0.00013915147796729246,0.00018433984863354402,1,2000,,7894.7,1.00018,2000,ve,10.7563
cycle,16,3,0.25,1.5,212,exact,0.0,0.0,,,1,,,,,,ve,0.0062
cycle,16,3,0.25,1.5,212,mf,0.002364121325796306,0.0037363810155780636,0.002629098910872183,0.001569188570568673,1,4,,,,,ve,0.004
cycle,16,3,0.25,1.5,212,lbp,5.869783871351002e-08,1.7138820858353387e-07,4.960031189851083e-08,8.599041915850758e-08,1,19,1.803348951834316e-07,,,,ve,0.0155
cycle,16,3,0.25,1.5,212,gibbs,0.0004083284073877841,0.0012223493379018985,0.0003787393584738327,0.0004970955541296384,1,2000,,7717.5,0.99995,2000,ve,9.8092
cycle,16,3,0.5,1.5,212,exact,0.0,0.0,,,1,,,,,,ve,0.006
cycle,16,3,0.5,1.5,212,mf,0.01007540587805655,0.015785147568164272,0.010722454277402017,0.008134260680020149,1,6,,,,,ve,0.0034
cycle,16,3,0.5,1.5,212,lbp,5.82644438483753e-08,1.5447183598915615e-07,4.388841757698112e-08,1.0139252266255783e-07,1,22,1.7924662393253854e-07,,,,ve,0.0113
cycle,16,3,0.5,1.5,212,gibbs,0.0008326459997351485,0.002021680388429689,0.0007318436966502235,0.0011350529089899234,1,2000,,7335.6,0.99982,2000,ve,10.0158
cycle,16,3,0.75,1.5,212,exact,0.0,0.0,,,1,,,,,,ve,0.0061
cycle,16,3,0.75,1.5,212,mf,0.023759184064738165,0.039031120556892104,0.024311050331624576,0.02210358526407894,1,8,,,,,ve,0.0051
cycle,16,3,0.75,1.5,212,lbp,6.897765331473609e-08,1.5142760616260187e-07,6.128810631353052e-08,9.204629431835282e-08,1,24,1.767525760199007e-07,,,,ve,0.0131
cycle,16,3,0.75,1.5,212,gibbs,0.001127496330471338,0.003018630713816986,0.0009842089555413779,0.0015573584552612185,1,2000,,6692.3,1.00006,2000,ve,9.922
cycle,16,3,1.0,1.5,212,exact,0.0,0.0,,,1,,,,,,ve,0.0061
cycle,16,3,1.0,1.5,212,mf,0.04351784881726976,0.06986457185709485,0.04310887840865235,0.044744760043121945,1,10,,,,,ve,0.0032
cycle,16,3,1.0,1.5,212,lbp,1.9096631988463428e-07,2.946562684298659e-07,1.8804338152500372e-07,1.9973513496352596e-07,1,25,2.6755994586569187e-07,,,,ve,0.0084
cycle,16,3,1.0,1.5,212,gibbs,0.002050511657140504,0.004128441452482257,0.0018830500210788314,0.0025528965653255214,1,2000,,5988.0,1.00029,2000,ve,9.4739
cycle,16,3,1.3,1.5,212,exact,0.0,0.0,,,1,,,,,,ve,0.0062
cycle,16,3,1.3,1.5,212,mf,0.0744552694530057,0.12274884307928949,0.07162091573543287,0.08295833060572419,1,16,,,,,ve,0.0616
cycle,16,3,1.3,1.5,212,lbp,1.9841881510832687e-07,4.131497462894762e-07,1.8810781138734606e-07,2.2935182627126932e-07,1,29,2.6297045191414625e-07,,,,ve,0.0648
cycle,16,3,1.3,1.5,212,gibbs,0.003257316372530767,0.005779802450161506,0.003183546731119754,0.003478625296763809,1,2000,,5267.9,1.00069,2000,ve,9.4936
cycle,16,3,1.75,1.5,212,exact,0.0,0.0,,,1,,,,,,ve,0.0067
cycle,16,3,1.75,1.5,212,mf,0.13102888129991608,0.2230380534483542,0.12362514925635731,0.15324007743059248,1,49,,,,,ve,0.0226
cycle,16,3,1.75,1.5,212,lbp,6.113061394717083e-07,1.2443607843928839e-06,5.885387554852538e-07,6.796082914310719e-07,1,36,3.422890456628025e-07,,,,ve,0.0157
cycle,16,3,1.75,1.5,212,gibbs,0.005144143867765521,0.013100437565112838,0.004947675618781166,0.005733548614718583,1,2000,,4258.5,1.00126,2000,ve,9.6248
cycle,16,3,2.5,1.5,212,exact,0.0,0.0,,,1,,,,,,ve,0.0059
cycle,16,3,2.5,1.5,212,mf,0.3665750058035703,0.6671728444914454,0.36838278599202406,0.36115166523820896,1,24,,,,,ve,0.0111
cycle,16,3,2.5,1.5,212,lbp,0.00018003559084789204,0.00033136960569907226,0.0001913897076963461,0.0001459732403025298,1,53,5.751980917123589e-07,,,,ve,0.0226
cycle,16,3,2.5,1.5,212,gibbs,0.012272292188728615,0.028209577503023754,0.012641115960608545,0.01116582087308883,1,2000,,1329.4,1.00255,2000,ve,10.2481
cycle,16,3,4.0,1.5,212,exact,0.0,0.0,,,1,,,,,,ve,0.0064
cycle,16,3,4.0,1.5,212,mf,0.5757624252047473,0.9666863851069739,0.596419102279994,0.5137923939790073,1,22,,,,,ve,0.0096
cycle,16,3,4.0,1.5,212,lbp,0.025561663735256094,0.02788633115866184,0.02584644218375101,0.02470732838977134,1,114,7.817397279508143e-07,,,,ve,0.0624
cycle,16,3,4.0,1.5,212,gibbs,0.0230725769197078,0.03167794499244579,0.024101621115846263,0.019985444331292415,0,2000,,30.3,1.09277,2000,ve,10.2573
cycle,16,3,0.0,0.5,213,exact,0.0,0.0,,,1,,,,,,ve,0.0073
cycle,16,3,0.0,0.5,213,mf,3.294890402183448e-16,7.632783294297951e-16,3.1976736073839146e-16,3.5865407865820487e-16,1,1,,,,,ve,0.0008
cycle,16,3,0.0,0.5,213,lbp,3.4932993997482953e-16,7.632783294297951e-16,3.3436794999452957e-16,3.942159099157294e-16,1,3,0.0,,,,ve,0.0013
cycle,16,3,0.0,0.5,213,gibbs,7.808966147326846e-15,1.4030443473700416e-14,8.011531253219554e-15,7.20127082964872e-15,1,2000,,7987.8,1.00015,2000,ve,10.0466
cycle,16,3,0.1,0.5,213,exact,0.0,0.0,,,1,,,,,,ve,0.0068
cycle,16,3,0.1,0.5,213,mf,0.0003835703002753433,0.0006350360438070329,0.0003810139155593191,0.0003912394544234158,1,4,,,,,ve,0.0051
cycle,16,3,0.1,0.5,213,lbp,6.62570744395987e-08,1.458431833634144e-07,7.979340809014662e-08,2.5648073487954948e-08,1,17,1.717411524659873e-07,,,,ve,0.0123
cycle,16,3,0.1,0.5,213,gibbs,0.0002312366739118287,0.0008207004066271145,0.00021017728849811708,0.0002944148301529635,1,2000,,7799.6,0.99998,2000,ve,10.1032
cycle,16,3,0.25,0.5,213,exact,0.0,0.0,,,1,,,,,,ve,0.0076
cycle,16,3,0.25,0.5,213,mf,0.00252814993080294,0.004100084558848305,0.0025740609309073226,0.0023904169304897914,1,5,,,,,ve,0.0034
cycle,16,3,0.25,0.5,213,lbp,5.908006007614326e-08,1.326743404445052e-07,6.248023166364446e-08,4.8879545313639666e-08,1,19,2.1822572454643918e-07,,,,ve,0.0089
cycle,16,3,0.25,0.5,213,gibbs,0.0004995128981635467,0.0015396477913206686,0.0004903641034471172,0.0005269592823128355,1,2000,,7518.5,1.00016,2000,ve,10.8719
cycle,16,3,0.5,0.5,213,exact,0.0,0.0,,,1,,,,,,ve,0.0069
cycle,16,3,0.5,0.5,213,mf,0.011244259608455553,0.018102930418210525,0.011821923437394856,0.009511268121637644,1,7,,,,,ve,0.0241
cycle,16,3,0.5,0.5,213,lbp,1.2226217694115069e-07,2.2613719046632452e-07,1.3810347604421616e-07,7.473827963195429e-08,1,21,2.5883087895195445e-07,,,,ve,0.0939
cycle,16,3,0.5,0.5,213,gibbs,0.0008506189919830185,0.0021043565591806895,0.0009320479809788207,0.0006063320249956121,1,2000,,6978.2,0.99996,2000,ve,10.5978
cycle,16,3,0.75,0.5,213,exact,0.0,0.0,,,1,,,,,,ve,0.0068
cycle,16,3,0.75,0.5,213,mf,0.028961525703364077,0.04590968843396269,0.03107306900443187,0.02262689580016069,1,10,,,,,ve,0.0034
cycle,16,3,0.75,0.5,213,lbp,1.4767918115287087e-07,2.945212648538392e-07,1.7014755097578016e-07,8.027407168414297e-08,1,24,2.2125620874335894e-07,,,,ve,0.0113
cycle,16,3,0.75,0.5,213,gibbs,0.0011471535580478648,0.003015188971230251,0.0011711924817609128,0.001075036786908721,1,2000,,6450.7,1.00013,2000,ve,10.5304
cycle,16,3,1.0,0.5,213,exact,0.0,0.0,,,1,,,,,,ve,0.0071
cycle,16,3,1.0,0.5,213,mf,0.05967529964680811,0.09503288009466382,0.06446324609521785,0.045311460301578864,1,14,,,,,ve,0.0099
cycle,16,3,1.0,0.5,213,lbp,1.4638665540021075e-07,3.0628296870949256e-07,1.5152931238850836e-07,1.309586844353179e-07,1,27,3.24780123517332e-07,,,,ve,0.0157
cycle,16,3,1.0,0.5,213,gibbs,0.0019870831514070936,0.004338325445205585,0.0020616960200448443,0.0017632445454938421,1,2000,,5383.3,1.00034,2000,ve,10.3918
cycle,16,3,1.3,0.5,213,exact,0.0,0.0,,,1,,,,,,ve,0.0065
cycle,16,3,1.3,0.5,213,mf,0.11270202109652676,0.19037162417015407,0.1214649959039275,0.08641309667432455,1,17,,,,,ve,0.0051
cycle,16,3,1.3,0.5,213,lbp,1.2613490664101223e-07,3.733789759492734e-07,1.4528279706687552e-07,6.869123536342239e-08,1,31,3.1918624693316744e-07,,,,ve,0.0101
cycle,16,3,1.3,0.5,213,gibbs,0.003202863173307233,0.007693708952331575,0.0029756778805309562,0.003884419051636064,1,2000,,5139.5,0.99979,2000,ve,10.8966
cycle,16,3,1.75,0.5,213,exact,0.0,0.0,,,1,,,,,,ve,0.0064
cycle,16,3,1.75,0.5,213,mf,0.1828435991415105,0.2889229696677069,0.19548241990209805,0.14492713685974776,1,17,,,,,ve,0.0384
cycle,16,3,1.75,0.5,213,lbp,1.6099704379339682e-06,2.9877886401144527e-06,1.6693453554725232e-06,1.4318456853183031e-06,1,38,4.234016736659463e-07,,,,ve,0.0814
cycle,16,3,1.75,0.5,213,gibbs,0.006205718810902235,0.01317160268062706,0.005737247641283992,0.007611132319756961,1,2000,,4075.7,1.00023,2000,ve,11.081
cycle,16,3,2.5,0.5,213,exact,0.0,0.0,,,1,,,,,,ve,0.0062
cycle,16,3,2.5,0.5,213,mf,0.2798224798280249,0.4693420425995072,0.29030746797966056,0.2483675153731179,1,13,,,,,ve,0.0101
cycle,16,3,2.5,0.5,213,lbp,0.00013135486981443242,0.000216627575385632,0.00013067742341391062,0.00013338720901599787,1,52,5.966862027806386e-07,,,,ve,0.033
cycle,16,3,2.5,0.5,213,gibbs,0.009001779524031523,0.017181355782067437,0.009134729440949849,0.008602929773276535,1,2000,,1999.3,1.00084,2000,ve,11.4125
cycle,16,3,4.0,0.5,213,exact,0.0,0.0,,,1,,,,,,ve,0.0081
cycle,16,3,4.0,0.5,213,mf,0.3959249833601197,0.6851533903374453,0.45941507272172855,0.20545471527529302,1,12,,,,,ve,0.0055
cycle,16,3,4.0,0.5,213,lbp,0.024561110944854404,0.04019128482823336,0.021032228988836388,0.03514775681290843,1,115,9.1487569642279e-07,,,,ve,0.0406
cycle,16,3,4.0,0.5,213,gibbs,0.031445804317157,0.046773234991131535,0.03144622781882018,0.03144453381216748,0,2000,,89.2,1.02436,2000,ve,10.1573
cycle,16,3,0.0,1.5,213,exact,0.0,0.0,,,1,,,,,,ve,0.0114
cycle,16,3,0.0,1.5,213,mf,2.660090030193185e-16,7.632783294297951e-16,2.351273111396897e-16,3.5865407865820487e-16,1,1,,,,,ve,0.0026
cycle,16,3,0.0,1.5,213,lbp,2.7446577996470545e-16,7.632783294297951e-16,2.345490699810308e-16,3.942159099157294e-16,1,3,0.0,,,,ve,0.0034
cycle,16,3,0.0,1.5,213,gibbs,4.720345208458765e-15,9.56179579958416e-15,3.8933700013954464e-15,7.20127082964872e-15,1,2000,,8025.9,1.00036,2000,ve,11.9231
cycle,16,3,0.1,1.5,213,exact,0.0,0.0,,,1,,,,,,ve,0.0065
cycle,16,3,0.1,1.5,213,mf,0.00036810676205599284,0.0006603094946957613,0.0003907778009399558,0.00030009364540410383,1,4,,,,,ve,0.0342
cycle,16,3,0.1,1.5,213,lbp,7.504150036525279e-08,2.2060592656109046e-07,7.849603544803133e-08,6.467789511691718e-08,1,17,1.787038967915322e-07,,,,ve,0.0191
cycle,16,3,0.1,1.5,213,gibbs,0.00010352724515813166,0.00023468423878604192,0.0001013915866396098,0.00010993422071369722,1,2000,,7954.1,1.00017,2000,ve,13.2132
cycle,16,3,0.25,1.5,213,exact,0.0,0.0,,,1,,,,,,ve,0.0116
cycle,16,3,0.25,1.5,213,mf,0.0023244658898042975,0.004366541769719904,0.002449370529467322,0.0019497519708152238,1,5,,,,,ve,0.0053
cycle,16,3,0.25,1.5,213,lbp,6.427259995625762e-08,1.760251856046391e-07,5.3608015621433094e-08,9.626635296073119e-08,1,19,2.1223446439178062e-07,,,,ve,0.0161
cycle,16,3,0.25,1.5,213,gibbs,0.0002773018286745558,0.0007248013431696912,0.0003116720451101479,0.0001741911793677795,1,2000,,7790.7,1.00006,2000,ve,11.3881
cycle,16,3,0.5,1.5,213,exact,0.0,0.0,,,1,,,,,,ve,0.0062
cycle,16,3,0.5,1.5,213,mf,0.00945882718125187,0.017986597102843026,0.009839627856431605,0.00831642515571267,1,6,,,,,ve,0.0023
cycle,16,3,0.5,1.5,213,lbp,6.766070404521035e-08,1.3959141105870931e-07,6.363017230353399e-08,7.975229927023944e-08,1,21,2.7830606180723194e-07,,,,ve,0.0065
cycle,16,3,0.5,1.5,213,gibbs,0.00047565887118593655,0.0015079874960896092,0.0005681359066255371,0.00019822776486713494,1,2000,,7477.1,0.99989,2000,ve,10.9334
cycle,16,3,0.75,1.5,213,exact,0.0,0.0,,,1,,,,,,ve,0.0069
cycle,16,3,0.75,1.5,213,mf,0.021967059369132402,0.03850021106408056,0.022816339024716553,0.019419220402379946,1,7,,,,,ve,0.0259
cycle,16,3,0.75,1.5,213,lbp,8.069317056219475e-08,1.4944714905526513e-07,9.162752065518139e-08,4.7890120283234847e-08,1,23,2.133860246278374e-07,,,,ve,0.0101
cycle,16,3,0.75,1.5,213,gibbs,0.0008503519725706185,0.001756497760454355,0.000907058929045224,0.0006802311031468022,1,2000,,6675.1,1.00013,2000,ve,10.4712
cycle,16,3,1.0,1.5,213,exact,0.0,0.0,,,1,,,,,,ve,0.0081
cycle,16,3,1.0,1.5,213,mf,0.03887927144866372,0.0713194361089637,0.040499939414037144,0.03401726755254345,1,8,,,,,ve,0.0046
cycle,16,3,1.0,1.5,213,lbp,1.1630935203829954e-07,2.7315366180058476e-07,1.2179141434901156e-07,9.98631651061635e-08,1,25,2.972935316813974e-07,,,,ve,0.0202
cycle,16,3,1.0,1.5,213,gibbs,0.0015809308487953278,0.003802397568825111,0.001287381685693253,0.0024615783381015523,1,2000,,5915.9,1.00003,2000,ve,10.3372
cycle,16,3,1.3,1.5,213,exact,0.0,0.0,,,1,,,,,,ve,0.0075
cycle,16,3,1.3,1.5,213,mf,0.06360453171448388,0.11899843377418932,0.06733121328088669,0.05242448701527546,1,9,,,,,ve,0.0076
cycle,16,3,1.3,1.5,213,lbp,1.210248624096378e-07,3.2211237936674575e-07,1.2835058023811697e-07,9.904770892420027e-08,1,28,4.0272759810333625e-07,,,,ve,0.0143
cycle,16,3,1.3,1.5,213,gibbs,0.002278525512313622,0.00696873647233958,0.0019176054326052758,0.0033612857514386616,1,2000,,4481.5,1.00012,2000,ve,9.6512
cycle,16,3,1.75,1.5,213,exact,0.0,0.0,,,1,,,,,,ve,0.0082
cycle,16,3,1.75,1.5,213,mf,0.10276448342808941,0.19635992199449318,0.11135391683100214,0.0769961832193512,1,10,,,,,ve,0.0093
cycle,16,3,1.75,1.5,213,lbp,1.0461055462358034e-07,3.4233709076368635e-07,1.181750505981997e-07,6.391706669972227e-08,1,34,4.2347900786054993e-07,,,,ve,0.0293
cycle,16,3,1.75,1.5,213,gibbs,0.0035277962835191306,0.01105366403596747,0.0031392284492509463,0.004693499786323682,1,2000,,3968.0,1.00059,2000,ve,9.1901
cycle,16,3,2.5,1.5,213,exact,0.0,0.0,,,1,,,,,,ve,0.0057
cycle,16,3,2.5,1.5,213,mf,0.16097369736810915,0.37923197647658835,0.17168429404721444,0.1288419073307933,1,13,,,,,ve,0.0061
cycle,16,3,2.5,1.5,213,lbp,2.6053922133998666e-06,4.3264493305426345e-06,2.523888803570933e-06,2.849902442886667e-06,1,45,3.9073758645313816e-07,,,,ve,0.0187
cycle,16,3,2.5,1.5,213,gibbs,0.00846357062609979,0.017843807443664227,0.009047060579152647,0.006713100766941222,1,2000,,3094.6,1.0008,2000,ve,9.6829
cycle,16,3,4.0,1.5,213,exact,0.0,0.0,,,1,,,,,,ve,0.0057
cycle,16,3,4.0,1.5,213,mf,0.24762910932062127,0.5066481853890602,0.2971604209078341,0.09903517455898259,1,8,,,,,ve,0.0045
cycle,16,3,4.0,1.5,213,lbp,0.0017735908061188614,0.002909703788050168,0.0015611232986329233,0.0024109933285766756,1,77,6.195380249374161e-07,,,,ve,0.0448
cycle,16,3,4.0,1.5,213,gibbs,0.05517054407245604,0.10264291453834776,0.062637126782543,0.03277079594219519,0,2000,,244.4,1.01239,2000,ve,9.9566
cycle,16,3,0.0,0.5,214,exact,0.0,0.0,,,1,,,,,,ve,0.0067
cycle,16,3,0.0,0.5,214,mf,2.738694687698384e-16,7.077671781985373e-16,3.10226381620519e-16,1.6479873021779667e-16,1,1,,,,,ve,0.0007
cycle,16,3,0.0,0.5,214,lbp,2.8210940528072825e-16,7.28583859910259e-16,3.2410416942833348e-16,1.5612511283791264e-16,1,3,0.0,,,,ve,0.0017
cycle,16,3,0.0,0.5,214,gibbs,7.908387486543766e-15,1.6417422976644502e-14,7.686848842632562e-15,8.57300341827738e-15,1,2000,,8056.7,0.99983,2000,ve,9.8465
cycle,16,3,0.1,0.5,214,exact,0.0,0.0,,,1,,,,,,ve,0.0066
cycle,16,3,0.1,0.5,214,mf,0.0004180630491730929,0.0006060830505921835,0.00041537242187001815,0.00042613493108231704,1,4,,,,,ve,0.0015
cycle,16,3,0.1,0.5,214,lbp,8.263714882631064e-08,1.433161397265681e-07,8.302548184576976e-08,8.147214976793327e-08,1,17,1.4333275077937913e-07,,,,ve,0.0052
cycle,16,3,0.1,0.5,214,gibbs,0.00017651443419315095,0.0004122671926860902,0.00016536623789580027,0.00020995902308520303,1,2000,,8074.7,0.99981,2000,ve,9.7015
cycle,16,3,0.25,0.5,214,exact,0.0,0.0,,,1,,,,,,ve,0.0062
cycle,16,3,0.25,0.5,214,mf,0.002746151484261246,0.003923849559169794,0.002761111975312433,0.0027012700111076864,1,5,,,,,ve,0.0037
cycle,16,3,0.25,0.5,214,lbp,1.7603744674238222e-07,4.4101788775063877e-07,1.8787457984230255e-07,1.405260474426212e-07,1,18,2.7234281751997713e-07,,,,ve,0.0158
cycle,16,3,0.25,0.5,214,gibbs,0.0004763319342352257,0.0010952190664848122,0.00044534308737187054,0.0005692984748252913,1,2000,,7659.3,0.99984,2000,ve,9.7478
cycle,16,3,0.5,0.5,214,exact,0.0,0.0,,,1,,,,,,ve,0.0063
cycle,16,3,0.5,0.5,214,mf,0.012217579258517259,0.01866499765443743,0.012439689988253478,0.011551247069308594,1,8,,,,,ve,0.0043
cycle,16,3,0.5,0.5,214,lbp,1.8066348500653424e-07,3.696590708812675e-07,1.936793706464393e-07,1.4161582808681905e-07,1,21,2.361025958630414e-07,,,,ve,0.0099
cycle,16,3,0.5,0.5,214,gibbs,0.0008905391861815714,0.0018639975816401658,0.0008445145373307243,0.001028613132734113,1,2000,,6837.5,0.99977,2000,ve,9.7534
cycle,16,3,0.75,0.5,214,exact,0.0,0.0,,,1,,,,,,ve,0.0061
cycle,16,3,0.75,0.5,214,mf,0.032691845903951425,0.05467160148711589,0.032177390672629834,0.0342352115979162,1,11,,,,,ve,0.0082
cycle,16,3,0.75,0.5,214,lbp,3.025411793904564e-07,6.858582246582756e-07,3.0903404327831005e-07,2.830625877268955e-07,1,24,3.786866716870563e-07,,,,ve,0.0154
cycle,16,3,0.75,0.5,214,gibbs,0.0014042736932192784,0.0029459922471252453,0.0014194971075251488,0.0013586034503016674,1,2000,,6050.5,1.00011,2000,ve,9.9919
cycle,16,3,1.0,0.5,214,exact,0.0,0.0,,,1,,,,,,ve,0.0068
cycle,16,3,1.0,0.5,214,mf,0.07188118720005962,0.12260263511126067,0.06982726912496201,0.07804294142535245,1,16,,,,,ve,0.0109
cycle,16,3,1.0,0.5,214,lbp,2.9920166369598773e-07,5.58821524627301e-07,3.1572578173579e-07,2.4962930957658086e-07,1,29,3.013069974078242e-07,,,,ve,0.0143
cycle,16,3,1.0,0.5,214,gibbs,0.001859199072421872,0.003773877710200782,0.0019472050177573093,0.0015951812364155592,1,2000,,5387.9,1.00003,2000,ve,9.6364
cycle,16,3,1.3,0.5,214,exact,0.0,0.0,,,1,,,,,,ve,0.0055
cycle,16,3,1.3,0.5,214,mf,0.14061321939342816,0.22070523018010713,0.13872790671745838,0.1462691574213375,1,17,,,,,ve,0.0081
cycle,16,3,1.3,0.5,214,lbp,4.872187737131996e-07,9.390618225524339e-07,5.225636173811164e-07,3.8118424270944945e-07,1,34,4.090809234691406e-07,,,,ve,0.0153
cycle,16,3,1.3,0.5,214,gibbs,0.004218403997530325,0.013386390139178778,0.0044789320424168085,0.00343681986287087,1,2000,,4352.9,1.00054,2000,ve,9.4574
cycle,16,3,1.75,0.5,214,exact,0.0,0.0,,,1,,,,,,ve,0.0066
cycle,16,3,1.75,0.5,214,mf,0.20009625369580716,0.2967140502312881,0.1966920941454183,0.2103087323469738,1,28,,,,,ve,0.0154
cycle,16,3,1.75,0.5,214,lbp,2.8851349830267712e-05,3.838927127860353e-05,2.923531034152302e-05,2.769946829650179e-05,1,43,5.303430807845899e-07,,,,ve,0.0207
cycle,16,3,1.75,0.5,214,gibbs,0.006417266446258195,0.016870869571495816,0.005618625137766401,0.00881319037173358,1,2000,,2995.5,1.00064,2000,ve,10.0771
cycle,16,3,2.5,0.5,214,exact,0.0,0.0,,,1,,,,,,ve,0.0081
cycle,16,3,2.5,0.5,214,mf,0.2832726538210397,0.44072877248155695,0.2627609788805892,0.34480767864239126,1,16,,,,,ve,0.0159
cycle,16,3,2.5,0.5,214,lbp,0.0027975147550908445,0.003770435355799122,0.002847732527342026,0.0026468614383373013,1,70,6.170443723751973e-07,,,,ve,0.0561
cycle,16,3,2.5,0.5,214,gibbs,0.03057349335127156,0.043826324482439866,0.028489614925835006,0.03682512862758122,1,2000,,1436.8,1.00369,2000,ve,10.1304
cycle,16,3,4.0,0.5,214,exact,0.0,0.0,,,1,,,,,,ve,0.0055
cycle,16,3,4.0,0.5,214,mf,0.4229564714745252,0.5429517153734927,0.4264123644277725,0.41258879261478365,1,71,,,,,ve,0.0246
cycle,16,3,4.0,0.5,214,lbp,0.07231905146332436,0.10817929514598708,0.07608018852324677,0.061035640283557124,1,230,9.260781581588162e-07,,,,ve,0.0751
cycle,16,3,4.0,0.5,214,gibbs,0.04110430964550851,0.07496466012850493,0.0378610564352922,0.050834069276157454,0,2000,,104.2,1.08846,2000,ve,9.8573
cycle,16,3,0.0,1.5,214,exact,0.0,0.0,,,1,,,,,,ve,0.0057
cycle,16,3,0.0,1.5,214,mf,3.2656169435263394e-16,9.71445146547012e-16,3.677613769070831e-16,2.0296264668928643e-16,1,1,,,,,ve,0.0009
cycle,16,3,0.0,1.5,214,lbp,3.3133218391157016e-16,9.992007221626409e-16,3.770132354456261e-16,1.942890293094024e-16,1,3,0.0,,,,ve,0.0014
cycle,16,3,0.0,1.5,214,gibbs,8.029547079319022e-15,1.3988810110276972e-14,7.82179587303459e-15,8.652800698172314e-15,1,2000,,7823.8,1.00036,2000,ve,9.1704
cycle,16,3,0.1,1.5,214,exact,0.0,0.0,,,1,,,,,,ve,0.0064
cycle,16,3,0.1,1.5,214,mf,0.00036142338624031446,0.0005607766232816752,0.00032120766431442964,0.0004820705520179689,1,4,,,,,ve,0.0024
cycle,16,3,0.1,1.5,214,lbp,1.1321453161018593e-07,2.2641617523216917e-07,1.2763916967213512e-07,6.994061742433832e-08,1,17,1.7149596870380535e-07,,,,ve,0.0084
cycle,16,3,0.1,1.5,214,gibbs,0.00017012034142572244,0.0004935054248672577,0.00014711494765336743,0.00023913652274278746,1,2000,,7672.1,1.00048,2000,ve,8.3341
cycle,16,3,0.25,1.5,214,exact,0.0,0.0,,,1,,,,,,ve,0.0053
cycle,16,3,0.25,1.5,214,mf,0.0021940731684755906,0.0036115745791486034,0.001900515632274448,0.0030747457770790177,1,5,,,,,ve,0.0024
cycle,16,3,0.25,1.5,214,lbp,1.4884027361875083e-07,2.944036375518433e-07,1.504964344055682e-07,1.4387179125829874e-07,1,19,2.0063155004024225e-07,,,,ve,0.0083
cycle,16,3,0.25,1.5,214,gibbs,0.0005160609224062643,0.0018651411857718153,0.0003685795400686341,0.0009585050694191546,1,2000,,7457.4,1.00016,2000,ve,7.9923
cycle,16,3,0.5,1.5,214,exact,0.0,0.0,,,1,,,,,,ve,0.0057
cycle,16,3,0.5,1.5,214,mf,0.009154124873876348,0.015426938382467281,0.007919811231304938,0.012857065801590576,1,7,,,,,ve,0.0035
cycle,16,3,0.5,1.5,214,lbp,8.975017331354276e-08,2.259566735107743e-07,6.654617798864185e-08,1.5936215928824549e-07,1,22,3.0595104227870706e-07,,,,ve,0.0092
cycle,16,3,0.5,1.5,214,gibbs,0.0008527948616701127,0.0035618519984679103,0.0004991951190836192,0.0019135940894295933,1,2000,,6763.7,0.99973,2000,ve,7.592
cycle,16,3,0.75,1.5,214,exact,0.0,0.0,,,1,,,,,,ve,0.0053
cycle,16,3,0.75,1.5,214,mf,0.022705451895439432,0.04483994564990936,0.020119613819709763,0.030462966122628447,1,10,,,,,ve,0.0053
cycle,16,3,0.75,1.5,214,lbp,2.431184272228665e-07,6.668443362310011e-07,2.662520906774665e-07,1.737174368590666e-07,1,26,2.954986549341676e-07,,,,ve,0.0127
cycle,16,3,0.75,1.5,214,gibbs,0.0009329378836295037,0.0029901198265393954,0.0006799782865442435,0.0016918166748852844,1,2000,,6131.6,0.99999,2000,ve,7.6428
cycle,16,3,1.0,1.5,214,exact,0.0,0.0,,,1,,,,,,ve,0.0056
cycle,16,3,1.0,1.5,214,mf,0.04479943054521866,0.10112205784689829,0.04119189761745679,0.05562202932850425,1,17,,,,,ve,0.0049
cycle,16,3,1.0,1.5,214,lbp,1.7210213688209305e-07,5.043849669022354e-07,1.992723843018433e-07,9.059139462284233e-08,1,31,3.6573763323444197e-07,,,,ve,0.0085
cycle,16,3,1.0,1.5,214,gibbs,0.002190730130960645,0.00687655321838361,0.0021716577230635136,0.0022479473546520396,1,2000,,5138.4,1.00027,2000,ve,7.5224
cycle,16,3,1.3,1.5,214,exact,0.0,0.0,,,1,,,,,,ve,0.0053
cycle,16,3,1.3,1.5,214,mf,0.0773225818908854,0.17691075351546695,0.07364140995581551,0.08836609769609502,1,25,,,,,ve,0.012
cycle,16,3,1.3,1.5,214,lbp,8.796251489245595e-08,1.978900999524691e-07,1.0471441866424849e-07,3.770680357707834e-08,1,36,3.04884600899058e-07,,,,ve,0.0172
cycle,16,3,1.3,1.5,214,gibbs,0.0030946564338573844,0.007926936891917216,0.003138664336838737,0.002962632724913328,1,2000,,4186.4,1.00068,2000,ve,7.5016
cycle,16,3,1.75,1.5,214,exact,0.0,0.0,,,1,,,,,,ve,0.0059
cycle,16,3,1.75,1.5,214,mf,0.16074193215520674,0.3134576048413038,0.1299027650926305,0.25325943334293555,1,38,,,,,ve,0.0158
cycle,16,3,1.75,1.5,214,lbp,1.1098565952123973e-06,2.4122109735253555e-06,1.2732878448432701e-06,6.195628463197787e-07,1,40,4.559567006734433e-07,,,,ve,0.016
cycle,16,3,1.75,1.5,214,gibbs,0.0032833176597800353,0.01067269296151362,0.0029939018301775653,0.0041515651485874465,1,2000,,3483.9,1.00041,2000,ve,6.8133
cycle,16,3,2.5,1.5,214,exact,0.0,0.0,,,1,,,,,,ve,0.0055
cycle,16,3,2.5,1.5,214,mf,0.16953188333349054,0.3348449576308997,0.12742423492195046,0.29585482856811085,1,33,,,,,ve,0.0085
cycle,16,3,2.5,1.5,214,lbp,8.349581649995605e-05,0.00013652401311064393,9.35387686857772e-05,5.336695994249258e-05,1,53,3.300601534861336e-07,,,,ve,0.0111
cycle,16,3,2.5,1.5,214,gibbs,0.007005846951244772,0.016272325366822278,0.0060094175357512285,0.0099951351977254,1,2000,,2391.1,1.00006,2000,ve,6.8416
cycle,16,3,4.0,1.5,214,exact,0.0,0.0,,,1,,,,,,ve,0.0055
cycle,16,3,4.0,1.5,214,mf,0.25230308898279225,0.4721966558900024,0.22726828566928547,0.3274074989233126,1,17,,,,,ve,0.0046
cycle,16,3,4.0,1.5,214,lbp,0.01496237803773039,0.026974494672891775,0.015661848807357,0.012863965728850558,1,113,6.335826580050608e-07,,,,ve,0.0328
cycle,16,3,4.0,1.5,214,gibbs,0.05558067565048311,0.10642169779030239,0.06116428114316146,0.03882985917244804,0,2000,,47.6,1.06707,2000,ve,6.9837
cycle,16,3,0.0,0.5,215,exact,0.0,0.0,,,1,,,,,,ve,0.0054
cycle,16,3,0.0,0.5,215,mf,2.1716569514884654e-16,4.996003610813204e-16,1.8604909279851256e-16,3.1051550219984847e-16,1,1,,,,,ve,0.001
cycle,16,3,0.0,0.5,215,lbp,2.273571955702103e-16,4.996003610813204e-16,1.9790303655102073e-16,3.157196726277789e-16,1,3,0.0,,,,ve,0.0011
cycle,16,3,0.0,0.5,215,gibbs,6.154636262439839e-15,1.3822276656583199e-14,6.903982593953195e-15,3.9065972678997696e-15,1,2000,,8106.3,1.00022,2000,ve,6.9168
cycle,16,3,0.1,0.5,215,exact,0.0,0.0,,,1,,,,,,ve,0.0053
cycle,16,3,0.1,0.5,215,mf,0.00040858797447433756,0.0007288601911417114,0.0003916172634143425,0.0004595001076543228,1,4,,,,,ve,0.002
cycle,16,3,0.1,0.5,215,lbp,1.3343341481795827e-07,2.7611587402609494e-07,1.3303780778319702e-07,1.3462023592224204e-07,1,17,1.551123708920521e-07,,,,ve,0.0072
cycle,16,3,0.1,0.5,215,gibbs,0.0002318972303240051,0.00047406191067857206,0.00023939813658768508,0.0002093945115329652,1,2000,,7953.0,1.00049,2000,ve,6.9407
cycle,16,3,0.25,0.5,215,exact,0.0,0.0,,,1,,,,,,ve,0.0054
cycle,16,3,0.25,0.5,215,mf,0.00254856040055335,0.004706209999769145,0.0023780775554360757,0.003060008935905174,1,5,,,,,ve,0.0023
cycle,16,3,0.25,0.5,215,lbp,1.562668709022383e-07,3.5077244192778523e-07,1.5583957570903216e-07,1.5754875648185673e-07,1,19,2.0564916564103086e-07,,,,ve,0.0067
cycle,16,3,0.25,0.5,215,gibbs,0.0005643771785937712,0.0014018977689273376,0.0006023209233814243,0.0004505459442308117,1,2000,,7617.2,1.00058,2000,ve,6.9496
cycle,16,3,0.5,0.5,215,exact,0.0,0.0,,,1,,,,,,ve,0.0055
cycle,16,3,0.5,0.5,215,mf,0.010147860385459603,0.020042223449263853,0.009163092739464867,0.01310216332344381,1,7,,,,,ve,0.0032
cycle,16,3,0.5,0.5,215,lbp,2.3457758300000756e-07,4.842749713879213e-07,2.2425893799078982e-07,2.655335180276608e-07,1,22,3.147002011760769e-07,,,,ve,0.0105
cycle,16,3,0.5,0.5,215,gibbs,0.0010623546514012764,0.0019075469189198026,0.001135192629538018,0.0008438407169910518,1,2000,,7026.8,1.00025,2000,ve,6.823
cycle,16,3,0.75,0.5,215,exact,0.0,0.0,,,1,,,,,,ve,0.0055
cycle,16,3,0.75,0.5,215,mf,0.025884121342498158,0.046835658084348974,0.025082206267506357,0.02828986656747354,1,10,,,,,ve,0.0059
cycle,16,3,0.75,0.5,215,lbp,1.6237807197685863e-07,3.1293577002627915e-07,1.5863992671324845e-07,1.735925077676892e-07,1,26,2.6864079422095344e-07,,,,ve,0.0125
cycle,16,3,0.75,0.5,215,gibbs,0.001734073636332723,0.0043005050698387975,0.0017618894924050818,0.0016506260681156482,1,2000,,6148.5,0.99989,2000,ve,6.9402
cycle,16,3,1.0,0.5,215,exact,0.0,0.0,,,1,,,,,,ve,0.0056
cycle,16,3,1.0,0.5,215,mf,0.05320770914364601,0.08100596415767043,0.05306739927332793,0.053628638754600215,1,16,,,,,ve,0.0069
cycle,16,3,1.0,0.5,215,lbp,2.553154333181679e-07,4.501458864131225e-07,2.6725451529311203e-07,2.1949818739333549e-07,1,29,3.0769433284616454e-07,,,,ve,0.0118
cycle,16,3,1.0,0.5,215,gibbs,0.0019061617535669055,0.0040071067450729025,0.0019960580880186633,0.0016364727502116323,1,2000,,5194.0,1.00002,2000,ve,6.7966
cycle,16,3,1.3,0.5,215,exact,0.0,0.0,,,1,,,,,,ve,0.0055
cycle,16,3,1.3,0.5,215,mf,0.09006122486904655,0.15209502863847538,0.08869293804269622,0.09416608534809756,1,27,,,,,ve,0.0135
cycle,16,3,1.3,0.5,215,lbp,3.145848092091398e-07,7.475539999524106e-07,3.097336727874218e-07,3.2913821847429386e-07,1,33,2.9914882004877796e-07,,,,ve,0.0165
cycle,16,3,1.3,0.5,215,gibbs,0.0025582641647221996,0.007780567827959824,0.0030094814518757036,0.0012046123032616873,1,2000,,3955.2,0.99994,2000,ve,6.5555
cycle,16,3,1.75,0.5,215,exact,0.0,0.0,,,1,,,,,,ve,0.0054
cycle,16,3,1.75,0.5,215,mf,0.11310459237877604,0.2192600158308979,0.10718824442680001,0.1308536362347042,1,37,,,,,ve,0.0143
cycle,16,3,1.75,0.5,215,lbp,2.444337195171496e-06,3.8031868301158624e-06,2.279725096774982e-06,2.9381734903610388e-06,1,40,4.6071072068443186e-07,,,,ve,0.0158
cycle,16,3,1.75,0.5,215,gibbs,0.006672104903308009,0.014204216172964829,0.006036269167237808,0.00857961211151861,1,2000,,3258.0,1.00038,2000,ve,6.6376
cycle,16,3,2.5,0.5,215,exact,0.0,0.0,,,1,,,,,,ve,0.0053
cycle,16,3,2.5,0.5,215,mf,0.12001147349872558,0.3864843674133466,0.09132650408508226,0.20606638173965558,1,29,,,,,ve,0.0118
cycle,16,3,2.5,0.5,215,lbp,0.00013801050709080865,0.00019705428870675048,0.00014403156320083946,0.00011994733876071622,1,54,6.106729144583767e-07,,,,ve,0.0215
cycle,16,3,2.5,0.5,215,gibbs,0.005487714606490893,0.01839086320786694,0.004361613153664566,0.008866018964969878,1,2000,,1193.8,1.0046,2000,ve,6.754
cycle,16,3,4.0,0.5,215,exact,0.0,0.0,,,1,,,,,,ve,0.0055
cycle,16,3,4.0,0.5,215,mf,0.17635510057037504,0.9084401648539019,0.0827868141716052,0.4570599597666846,1,22,,,,,ve,0.024
cycle,16,3,4.0,0.5,215,lbp,0.002323506506551044,0.002435737245515837,0.002353976747029129,0.0022320957851167888,1,80,5.707307220159663e-07,,,,ve,0.0666
cycle,16,3,4.0,0.5,215,gibbs,0.0057001932344830095,0.02053098651935817,0.004274930463336428,0.009975981547922754,0,2000,,236.9,1.00561,2000,ve,6.148
cycle,16,3,0.0,1.5,215,exact,0.0,0.0,,,1,,,,,,ve,0.0055
cycle,16,3,0.0,1.5,215,mf,2.2863113312288075e-16,4.996003610813204e-16,2.0133634343055817e-16,3.1051550219984847e-16,1,1,,,,,ve,0.0006
cycle,16,3,0.0,1.5,215,lbp,2.3318478224731987e-16,4.996003610813204e-16,2.056731521205002e-16,3.157196726277789e-16,1,3,0.0,,,,ve,0.0012
cycle,16,3,0.0,1.5,215,gibbs,5.39030083589187e-15,1.0474260347947961e-14,5.8848686918892374e-15,3.9065972678997696e-15,1,2000,,7861.4,0.99989,2000,ve,6.1117
cycle,16,3,0.1,1.5,215,exact,0.0,0.0,,,1,,,,,,ve,0.0054
cycle,16,3,0.1,1.5,215,mf,0.00043163497030715566,0.0007866534778964897,0.0004509968056012205,0.0003735494644249611,1,4,,,,,ve,0.0019
cycle,16,3,0.1,1.5,215,lbp,1.1719587761770014e-07,3.508508799911214e-07,1.1283060201742415e-07,1.302917044185281e-07,1,17,1.648258231012889e-07,,,,ve,0.0052
cycle,16,3,0.1,1.5,215,gibbs,0.00014570256859009514,0.0004131710609583117,0.00012502985472807965,0.00020772071017614163,1,2000,,7764.0,0.99982,2000,ve,6.1606
cycle,16,3,0.25,1.5,215,exact,0.0,0.0,,,1,,,,,,ve,0.0057
cycle,16,3,0.25,1.5,215,mf,0.0027603833189995984,0.004918292613984191,0.0028464383019259688,0.0025022183702204867,1,5,,,,,ve,0.0022
cycle,16,3,0.25,1.5,215,lbp,1.1239520113174987e-07,3.0510020994703457e-07,1.0911798958198957e-07,1.2222683578103077e-07,1,19,2.112664186371127e-07,,,,ve,0.0072
cycle,16,3,0.25,1.5,215,gibbs,0.0004069833035117256,0.000996704545647098,0.00034885793462592656,0.0005813594101691227,1,2000,,7633.3,0.99991,2000,ve,6.0804
cycle,16,3,0.5,1.5,215,exact,0.0,0.0,,,1,,,,,,ve,0.0054
cycle,16,3,0.5,1.5,215,mf,0.011304460947127531,0.018887679710420272,0.011385167559707468,0.011062341109387724,1,6,,,,,ve,0.002
cycle,16,3,0.5,1.5,215,lbp,1.0928440809421138e-07,2.852040861395233e-07,9.538339856325498e-08,1.509874366870806e-07,1,22,2.405459382792685e-07,,,,ve,0.0068
cycle,16,3,0.5,1.5,215,gibbs,0.0008066281567115365,0.0014653551666383574,0.0008278098413157268,0.0007430831028989657,1,2000,,7019.9,1.00023,2000,ve,6.1155
cycle,16,3,0.75,1.5,215,exact,0.0,0.0,,,1,,,,,,ve,0.0052
cycle,16,3,0.75,1.5,215,mf,0.02461070850088609,0.04319818149473001,0.024003625723798314,0.026431956832149432,1,8,,,,,ve,0.0033
cycle,16,3,0.75,1.5,215,lbp,2.3610429930820626e-07,4.958600578475192e-07,2.3074381071253787e-07,2.521857650952114e-07,1,24,3.350715511718505e-07,,,,ve,0.0091
cycle,16,3,0.75,1.5,215,gibbs,0.001245442763863701,0.0028312098714310535,0.001229802272265986,0.0012923642386568467,1,2000,,6606.8,1.00006,2000,ve,6.16
cycle,16,3,1.0,1.5,215,exact,0.0,0.0,,,1,,,,,,ve,0.0054
cycle,16,3,1.0,1.5,215,mf,0.042901013511721875,0.08982927272419887,0.04059609986334079,0.049815754456865105,1,13,,,,,ve,0.005
cycle,16,3,1.0,1.5,215,lbp,1.793103878107357e-07,5.847527870112001e-07,1.964036143371884e-07,1.2803070823137752e-07,1,28,3.0658565186580944e-07,,,,ve,0.0098
cycle,16,3,1.0,1.5,215,gibbs,0.001661339611857834,0.0046565756190361345,0.0016462333174284457,0.0017066584951460004,1,2000,,5801.6,1.00004,2000,ve,6.1397
cycle,16,3,1.3,1.5,215,exact,0.0,0.0,,,1,,,,,,ve,0.0055
cycle,16,3,1.3,1.5,215,mf,0.08388165060805396,0.18283427754933734,0.08010808663459419,0.09520234252843324,1,18,,,,,ve,0.0072
cycle,16,3,1.3,1.5,215,lbp,2.647546159114818e-07,5.814599108033836e-07,2.6113592929962533e-07,2.756106757470511e-07,1,32,4.2695188251506977e-07,,,,ve,0.0127
cycle,16,3,1.3,1.5,215,gibbs,0.0017745721186715902,0.004873996174240985,0.0017376773670870628,0.001885256373425172,1,2000,,5463.0,0.99995,2000,ve,6.0901
cycle,16,3,1.75,1.5,215,exact,0.0,0.0,,,1,,,,,,ve,0.0061
cycle,16,3,1.75,1.5,215,mf,0.15586924713578124,0.3660027903342316,0.14970006691794044,0.17437678778930366,1,18,,,,,ve,0.0065
cycle,16,3,1.75,1.5,215,lbp,3.5792391470473875e-07,7.632540018204237e-07,2.9977560847423395e-07,5.323688333962531e-07,1,40,4.190077955712468e-07,,,,ve,0.0128
cycle,16,3,1.75,1.5,215,gibbs,0.004540853938576529,0.009917920711148387,0.0036077018646369758,0.007340310160395187,1,2000,,5043.1,1.00019,2000,ve,6.1378
cycle,16,3,2.5,1.5,215,exact,0.0,0.0,,,1,,,,,,ve,0.0056
cycle,16,3,2.5,1.5,215,mf,0.2867845159641802,0.6021328945157997,0.27077401377651217,0.334816022527184,1,32,,,,,ve,0.0163
cycle,16,3,2.5,1.5,215,lbp,2.81084698764636e-05,5.3389348625753496e-05,3.023210148691667e-05,2.1737575045104388e-05,1,54,3.3155249512528684e-07,,,,ve,0.0205
cycle,16,3,2.5,1.5,215,gibbs,0.01567212478578924,0.032112754078484795,0.014531070561275158,0.019095287459331478,1,2000,,1163.4,1.00159,2000,ve,6.0762
cycle,16,3,4.0,1.5,215,exact,0.0,0.0,,,1,,,,,,ve,0.0052
cycle,16,3,4.0,1.5,215,mf,0.538326309421507,0.9585346327663692,0.48298902462106935,0.70433816382282,1,10,,,,,ve,0.0035
cycle,16,3,4.0,1.5,215,lbp,0.0008590906014957579,0.0009172592530429523,0.000866923276194519,0.0008355925773994746,1,78,5.87824370845702e-07,,,,ve,0.0257
cycle,16,3,4.0,1.5,215,gibbs,0.004514280820007828,0.010050253846556771,0.003723505885323023,0.006886605624062245,0,2000,,166.7,1.01645,2000,ve,6.2441
cycle,16,3,0.0,0.5,216,exact,0.0,0.0,,,1,,,,,,ve,0.0052
cycle,16,3,0.0,0.5,216,mf,2.8601253310167607e-16,6.245004513516506e-16,3.1629791378643784e-16,1.951563910473908e-16,1,1,,,,,ve,0.0006
cycle,16,3,0.0,0.5,216,lbp,2.8319360745321376e-16,5.689893001203927e-16,3.0791341698588326e-16,2.0903417885520525e-16,1,3,0.0,,,,ve,0.0013
cycle,16,3,0.0,0.5,216,gibbs,6.799031823656598e-15,1.3530843112619095e-14,7.606762442158299e-15,4.375839968151496e-15,1,2000,,7711.6,0.99983,2000,ve,6.1642
cycle,16,3,0.1,0.5,216,exact,0.0,0.0,,,1,,,,,,ve,0.0053
cycle,16,3,0.1,0.5,216,mf,0.00041485887198786727,0.0005688605014194312,0.00039167062976427593,0.0004844235986586412,1,4,,,,,ve,0.002
cycle,16,3,0.1,0.5,216,lbp,9.569857071850194e-08,1.7701866995845084e-07,1.0027056118281734e-07,8.198259932555574e-08,1,17,1.666842973091498e-07,,,,ve,0.0063
cycle,16,3,0.1,0.5,216,gibbs,0.00015952932751582593,0.00029578578656423715,0.00017942309655039358,9.984802041212298e-05,1,2000,,7793.6,0.99986,2000,ve,6.1062
cycle,16,3,0.25,0.5,216,exact,0.0,0.0,,,1,,,,,,ve,0.0053
cycle,16,3,0.25,0.5,216,mf,0.002584395647427202,0.003731492625231019,0.0024275014892474523,0.00305507812196645,1,5,,,,,ve,0.002
cycle,16,3,0.25,0.5,216,lbp,1.0211455998289896e-07,2.244413244041621e-07,1.0172489147269408e-07,1.0328356551351364e-07,1,19,1.8838106963237067e-07,,,,ve,0.0065
cycle,16,3,0.25,0.5,216,gibbs,0.00039387083386982166,0.0009938915937829779,0.00042213402304544425,0.0003090812663429539,1,2000,,7478.5,0.99999,2000,ve,6.2364
cycle,16,3,0.5,0.5,216,exact,0.0,0.0,,,1,,,,,,ve,0.0052
cycle,16,3,0.5,0.5,216,mf,0.010345905581545613,0.017345589807675407,0.009648456513167277,0.01243825278668062,1,7,,,,,ve,0.0023
cycle,16,3,0.5,0.5,216,lbp,1.1851636859427396e-07,2.465529495287999e-07,1.2222168540987113e-07,1.0740041814748247e-07,1,22,2.407619638655767e-07,,,,ve,0.007
cycle,16,3,0.5,0.5,216,gibbs,0.0009328284296254857,0.001752567623281756,0.0009335461910062861,0.0009306751454830845,1,2000,,6847.4,0.99992,2000,ve,6.2604
cycle,16,3,0.75,0.5,216,exact,0.0,0.0,,,1,,,,,,ve,0.0055
cycle,16,3,0.75,0.5,216,mf,0.024261919826146693,0.046626616634169095,0.022721964450164694,0.028881785954092687,1,10,,,,,ve,0.0066
cycle,16,3,0.75,0.5,216,lbp,1.342626473360047e-07,4.0755276264903273e-07,1.5698935130993227e-07,6.608253541422193e-08,1,25,2.4004782372966105e-07,,,,ve,0.0164
cycle,16,3,0.75,0.5,216,gibbs,0.0016359461475644317,0.003602414074453525,0.001836816360189913,0.0010333355096879874,1,2000,,5997.8,1.00014,2000,ve,6.1321
cycle,16,3,1.0,0.5,216,exact,0.0,0.0,,,1,,,,,,ve,0.0056
cycle,16,3,1.0,0.5,216,mf,0.051897780643171805,0.09396456178918924,0.05059718501665376,0.05579956752272594,1,16,,,,,ve,0.0075
cycle,16,3,1.0,0.5,216,lbp,2.7359194832441217e-07,6.023341907884783e-07,2.977067196312533e-07,2.0124763440388868e-07,1,28,3.2619770845565554e-07,,,,ve,0.0114
cycle,16,3,1.0,0.5,216,gibbs,0.002628067529125014,0.004970193839193809,0.00265457200669657,0.0025485540964103486,1,2000,,5424.7,0.99986,2000,ve,6.1679
cycle,16,3,1.3,0.5,216,exact,0.0,0.0,,,1,,,,,,ve,0.0053
cycle,16,3,1.3,0.5,216,mf,0.1222643638176505,0.2255325874125883,0.12238994081172799,0.12188763283541806,1,24,,,,,ve,0.0089
cycle,16,3,1.3,0.5,216,lbp,2.2608932212042718e-07,4.31017672802847e-07,2.2996355503656848e-07,2.1446662337200328e-07,1,33,4.254393634606224e-07,,,,ve,0.0136
cycle,16,3,1.3,0.5,216,gibbs,0.006943933885364932,0.013452000548247363,0.007348821219331415,0.00572927188346548,1,2000,,4740.2,1.00017,2000,ve,6.193
cycle,16,3,1.75,0.5,216,exact,0.0,0.0,,,1,,,,,,ve,0.0053
cycle,16,3,1.75,0.5,216,mf,0.22685442946064877,0.40758798937811164,0.22846883981824714,0.22201119838785363,1,24,,,,,ve,0.008
cycle,16,3,1.75,0.5,216,lbp,3.5680744332334657e-06,6.749145619688521e-06,3.781182107613504e-06,2.92875141009335e-06,1,41,3.7526048768388165e-07,,,,ve,0.0124
cycle,16,3,1.75,0.5,216,gibbs,0.006633449637070748,0.013646273925930708,0.007414286631579259,0.004290938653545212,1,2000,,3827.3,1.00017,2000,ve,6.17
cycle,16,3,2.5,0.5,216,exact,0.0,0.0,,,1,,,,,,ve,0.0056
cycle,16,3,2.5,0.5,216,mf,0.3298528872759239,0.5875751495420802,0.3237830937756423,0.34806226777676874,1,20,,,,,ve,0.006
cycle,16,3,2.5,0.5,216,lbp,0.0004498592476750997,0.0007618334180755581,0.00046100420958135124,0.0004164243619563451,1,57,7.34174333660853e-07,,,,ve,0.0168
cycle,16,3,2.5,0.5,216,gibbs,0.020757807554164336,0.03206858842939475,0.020220874737536858,0.022368606004046755,1,2000,,1657.8,1.00071,2000,ve,6.0811
cycle,16,3,4.0,0.5,216,exact,0.0,0.0,,,1,,,,,,ve,0.0056
cycle,16,3,4.0,0.5,216,mf,0.5849423314151873,0.7885170783755252,0.569718264275027,0.6306145328356678,1,34,,,,,ve,0.0149
cycle,16,3,4.0,0.5,216,lbp,0.0612188792393258,0.0749345612834804,0.0611549645180196,0.06141062340324442,1,147,7.945239037798757e-07,,,,ve,0.056
cycle,16,3,4.0,0.5,216,gibbs,0.025307474753488032,0.04376804696365193,0.02721116831143362,0.01959639407965128,0,2000,,99.1,1.03625,2000,ve,6.1192
cycle,16,3,0.0,1.5,216,exact,0.0,0.0,,,1,,,,,,ve,0.0054
cycle,16,3,0.0,1.5,216,mf,2.2079777242667298e-16,4.996003610813204e-16,2.293448995531004e-16,1.951563910473908e-16,1,1,,,,,ve,0.0006
cycle,16,3,0.0,1.5,216,lbp,2.220988150336556e-16,4.718447854656915e-16,2.264536937598057e-16,2.0903417885520525e-16,1,3,0.0,,,,ve,0.0015
cycle,16,3,0.0,1.5,216,gibbs,6.1711161354616184e-15,1.8263168755083825e-14,6.7695415245649926e-15,4.375839968151496e-15,1,2000,,8094.6,0.99997,2000,ve,6.1548
cycle,16,3,0.1,1.5,216,exact,0.0,0.0,,,1,,,,,,ve,0.0052
cycle,16,3,0.1,1.5,216,mf,0.0003819780518262402,0.0006488201319610754,0.00039190020195443813,0.00035221160144164633,1,4,,,,,ve,0.0018
cycle,16,3,0.1,1.5,216,lbp,9.727202893942272e-08,2.4840773144019224e-07,8.64047184145784e-08,1.2987396051395567e-07,1,17,1.6803562646883208e-07,,,,ve,0.0067
cycle,16,3,0.1,1.5,216,gibbs,0.0001475578251809875,0.0003033409368495832,0.00014042733476463056,0.00016894929643005829,1,2000,,8133.1,0.99987,2000,ve,6.1523
cycle,16,3,0.25,1.5,216,exact,0.0,0.0,,,1,,,,,,ve,0.0069
cycle,16,3,0.25,1.5,216,mf,0.002371303218063699,0.00417062761645981,0.0024398142605779375,0.002165770090520984,1,5,,,,,ve,0.0026
cycle,16,3,0.25,1.5,216,lbp,9.430934180262385e-08,2.0467959377726275e-07,8.235036140451987e-08,1.301862829969358e-07,1,19,2.0042452386626053e-07,,,,ve,0.0078
cycle,16,3,0.25,1.5,216,gibbs,0.0003704099765758833,0.0006783641644638426,0.0003628604870512231,0.00039305844514986397,1,2000,,7997.6,0.99998,2000,ve,6.1735
cycle,16,3,0.5,1.5,216,exact,0.0,0.0,,,1,,,,,,ve,0.0054
cycle,16,3,0.5,1.5,216,mf,0.00974511973365217,0.01749748291362515,0.010356962762139332,0.007909590648190684,1,6,,,,,ve,0.0025
cycle,16,3,0.5,1.5,216,lbp,1.410408779432262e-07,4.099977877203287e-07,1.3019141654691557e-07,1.7358926213215803e-07,1,21,3.173925212651696e-07,,,,ve,0.008
cycle,16,3,0.5,1.5,216,gibbs,0.0008076460161704932,0.0017383795301438992,0.0007492810300609213,0.000982740974499209,1,2000,,7592.6,0.99994,2000,ve,6.1489
cycle,16,3,0.75,1.5,216,exact,0.0,0.0,,,1,,,,,,ve,0.0057
cycle,16,3,0.75,1.5,216,mf,0.02195836443682928,0.04071158636995086,0.024624125987129097,0.013961079785929819,1,9,,,,,ve,0.0036
cycle,16,3,0.75,1.5,216,lbp,8.24041762692118e-08,1.9377901882416948e-07,9.318933870398605e-08,5.0048688964889065e-08,1,25,1.9983466165163222e-07,,,,ve,0.0087
cycle,16,3,0.75,1.5,216,gibbs,0.0016699858280300604,0.003994119122261733,0.001733988502770933,0.0014779778038074426,1,2000,,6785.4,1.00032,2000,ve,6.0611
cycle,16,3,1.0,1.5,216,exact,0.0,0.0,,,1,,,,,,ve,0.0055
cycle,16,3,1.0,1.5,216,mf,0.04233801340228644,0.07094882396737509,0.047541638967940315,0.026727136705324804,1,15,,,,,ve,0.0066
cycle,16,3,1.0,1.5,216,lbp,2.0313273621931204e-07,8.574494960861268e-07,2.571851316126213e-07,4.097555003938422e-08,1,27,4.809757995216657e-07,,,,ve,0.0093
cycle,16,3,1.0,1.5,216,gibbs,0.0024089585678307296,0.004238272702226431,0.0027505706173361136,0.0013841224193145772,1,2000,,5946.4,1.00018,2000,ve,6.1245
cycle,16,3,1.3,1.5,216,exact,0.0,0.0,,,1,,,,,,ve,0.0054
cycle,16,3,1.3,1.5,216,mf,0.09505962144074946,0.17755359742701127,0.09406182494570459,0.09805301092588409,1,22,,,,,ve,0.0091
cycle,16,3,1.3,1.5,216,lbp,9.626416799980589e-08,3.741168177751053e-07,1.1709102534242753e-07,3.378359597194097e-08,1,33,3.978996719888883e-07,,,,ve,0.0123
cycle,16,3,1.3,1.5,216,gibbs,0.0033419859848544163,0.007058085414367712,0.0035611844587489574,0.0026843905631707943,1,2000,,4739.0,1.0003,2000,ve,6.0531
cycle,16,3,1.75,1.5,216,exact,0.0,0.0,,,1,,,,,,ve,0.0052
cycle,16,3,1.75,1.5,216,mf,0.19404451401190662,0.39294184460048803,0.20009314858177085,0.17589861030231393,1,43,,,,,ve,0.0119
cycle,16,3,1.75,1.5,216,lbp,4.935753025739277e-07,8.847314578418197e-07,5.387715589958165e-07,3.579865333082615e-07,1,40,3.45811738133861e-07,,,,ve,0.0104
cycle,16,3,1.75,1.5,216,gibbs,0.0037471745273706877,0.009283363707885753,0.0035729373899700324,0.004269885939572652,1,2000,,3397.0,0.99998,2000,ve,6.2981
cycle,16,3,2.5,1.5,216,exact,0.0,0.0,,,1,,,,,,ve,0.0052
cycle,16,3,2.5,1.5,216,mf,0.22163893496867398,0.42929914133474123,0.23185995543428828,0.19097587357183124,1,18,,,,,ve,0.0077
cycle,16,3,2.5,1.5,216,lbp,8.64639043198247e-05,0.00012008773482413975,8.620106692549657e-05,8.725241650280909e-05,1,52,5.099053913548701e-07,,,,ve,0.0209
cycle,16,3,2.5,1.5,216,gibbs,0.01954188370627003,0.03953843496547334,0.01991751716597544,0.01841498332715381,1,2000,,1429.8,1.00085,2000,ve,6.2305
cycle,16,3,4.0,1.5,216,exact,0.0,0.0,,,1,,,,,,ve,0.0057
cycle,16,3,4.0,1.5,216,mf,0.26713676044578205,0.7824924408902195,0.2566861210021331,0.2984886787767286,1,15,,,,,ve,0.0067
cycle,16,3,4.0,1.5,216,lbp,0.00955470143782728,0.011084252616885159,0.009508502604144172,0.009693297938876612,1,93,6.841120411271717e-07,,,,ve,0.035
cycle,16,3,4.0,1.5,216,gibbs,0.020882522127709684,0.027301230166666052,0.021278788923775698,0.019693721739511644,0,2000,,143.3,1.02781,2000,ve,6.2836
cycle,16,3,0.0,0.5,217,exact,0.0,0.0,,,1,,,,,,ve,0.0055
cycle,16,3,0.0,0.5,217,mf,2.977219165645195e-16,6.522560269672795e-16,2.9866155844734027e-16,2.949029909160572e-16,1,1,,,,,ve,0.0007
cycle,16,3,0.0,0.5,217,lbp,2.9989032090949053e-16,6.106226635438361e-16,2.9866155844734027e-16,3.0357660829594124e-16,1,3,0.0,,,,ve,0.0015
cycle,16,3,0.0,0.5,217,gibbs,8.412758337184023e-15,1.8818280267396403e-14,9.089661893539139e-15,6.382047668118673e-15,1,2000,,7822.8,1.00003,2000,ve,6.2679
cycle,16,3,0.1,0.5,217,exact,0.0,0.0,,,1,,,,,,ve,0.0057
cycle,16,3,0.1,0.5,217,mf,0.0003999545485274907,0.0006544935021208578,0.00038875619117201304,0.00043354962059392356,1,4,,,,,ve,0.0017
cycle,16,3,0.1,0.5,217,lbp,8.274576749028699e-08,1.631755477127239e-07,7.918675550607629e-08,9.342280344291909e-08,1,17,1.2914375135952838e-07,,,,ve,0.006
cycle,16,3,0.1,0.5,217,gibbs,0.0002569785817312714,0.0005692056395230211,0.0002349170732122765,0.000323163107288256,1,2000,,8004.1,0.99999,2000,ve,6.1598
cycle,16,3,0.25,0.5,217,exact,0.0,0.0,,,1,,,,,,ve,0.0055
cycle,16,3,0.25,0.5,217,mf,0.0025562418047489774,0.004149288811931162,0.0024761328430950797,0.0027965686897106715,1,5,,,,,ve,0.0018
cycle,16,3,0.25,0.5,217,lbp,2.1956062599905353e-07,4.86663212784233e-07,2.0933747660236562e-07,2.5023007418911725e-07,1,18,2.6824390358948236e-07,,,,ve,0.0053
cycle,16,3,0.25,0.5,217,gibbs,0.0006533031249950105,0.0015707371540654297,0.0005767443889722815,0.0008829793330631976,1,2000,,7615.9,1.00006,2000,ve,6.1623
cycle,16,3,0.5,0.5,217,exact,0.0,0.0,,,1,,,,,,ve,0.006
cycle,16,3,0.5,0.5,217,mf,0.011296933025367531,0.01847695904030086,0.010983402823709939,0.012237523630340313,1,7,,,,,ve,0.0026
cycle,16,3,0.5,0.5,217,lbp,2.261227341757762e-07,4.1718493543063673e-07,2.4000105966395097e-07,1.8448775771125192e-07,1,21,2.968269950387459e-07,,,,ve,0.0068
cycle,16,3,0.5,0.5,217,gibbs,0.0013457267436741028,0.002945152820463516,0.001228346089549016,0.001697868706049363,1,2000,,6899.7,1.00018,2000,ve,6.31
cycle,16,3,0.75,0.5,217,exact,0.0,0.0,,,1,,,,,,ve,0.0055
cycle,16,3,0.75,0.5,217,mf,0.031094937376011704,0.05299623665309633,0.029990451603643452,0.03440839469311647,1,11,,,,,ve,0.0047
cycle,16,3,0.75,0.5,217,lbp,2.3006804648765047e-07,3.8173596762780537e-07,2.5119655612295305e-07,1.6668251758174268e-07,1,25,2.962100655867772e-07,,,,ve,0.0099
cycle,16,3,0.75,0.5,217,gibbs,0.0020909027994479475,0.0032746310040776827,0.002008042661676431,0.0023394832127624984,1,2000,,5697.4,1.00026,2000,ve,6.2718
cycle,16,3,1.0,0.5,217,exact,0.0,0.0,,,1,,,,,,ve,0.0053
cycle,16,3,1.0,0.5,217,mf,0.07591517703833615,0.12613612628495702,0.07476696496598469,0.07935981325539056,1,15,,,,,ve,0.0054
cycle,16,3,1.0,0.5,217,lbp,3.784303633433666e-07,5.981221703199591e-07,3.583427395691466e-07,4.386932346660266e-07,1,29,3.2779348624334403e-07,,,,ve,0.0095
cycle,16,3,1.0,0.5,217,gibbs,0.0024306421910058273,0.004227263011220513,0.002149995475682448,0.003272582336975966,1,2000,,4766.4,1.00015,2000,ve,5.9726
cycle,16,3,1.3,0.5,217,exact,0.0,0.0,,,1,,,,,,ve,0.0052
cycle,16,3,1.3,0.5,217,mf,0.13998180515237812,0.20772159820516062,0.14285056441346686,0.13137552736911187,1,28,,,,,ve,0.0103
cycle,16,3,1.3,0.5,217,lbp,6.484261400587985e-07,1.0675581669367107e-06,6.380556612436972e-07,6.795375765041023e-07,1,34,4.4621473799244527e-07,,,,ve,0.0116
cycle,16,3,1.3,0.5,217,gibbs,0.004233909664592878,0.009387634324213794,0.0037633490779480617,0.005645591424527327,1,2000,,3875.2,0.99986,2000,ve,5.7513
cycle,16,3,1.75,0.5,217,exact,0.0,0.0,,,1,,,,,,ve,0.0054
cycle,16,3,1.75,0.5,217,mf,0.21473334206295158,0.3270152267354504,0.20729755650593104,0.2370406987340132,1,29,,,,,ve,0.0105
cycle,16,3,1.75,0.5,217,lbp,3.4642095563805876e-05,5.4484806405893926e-05,3.554849230609647e-05,3.192290533693409e-05,1,43,4.6832714950539867e-07,,,,ve,0.0145
cycle,16,3,1.75,0.5,217,gibbs,0.00642830602976608,0.01625124430415935,0.00586192544064898,0.008127447797117385,1,2000,,2811.9,1.00041,2000,ve,5.852
cycle,16,3,2.5,0.5,217,exact,0.0,0.0,,,1,,,,,,ve,0.0053
cycle,16,3,2.5,0.5,217,mf,0.271395736619531,0.451605669955795,0.26103049778593257,0.3024914531203264,1,29,,,,,ve,0.0103
cycle,16,3,2.5,0.5,217,lbp,0.00264068820749427,0.003955767076895286,0.0026488000751050344,0.002616352604661977,1,70,6.43574526781876e-07,,,,ve,0.0239
cycle,16,3,2.5,0.5,217,gibbs,0.011330914838174057,0.020813517692673242,0.011208587916771054,0.011697895602383067,1,2000,,1426.4,1.00199,2000,ve,5.8798
cycle,16,3,4.0,0.5,217,exact,0.0,0.0,,,1,,,,,,ve,0.0053
cycle,16,3,4.0,0.5,217,mf,0.4085034221269068,0.5975780682693558,0.39102158632285827,0.46094892953905253,1,71,,,,,ve,0.0226
cycle,16,3,4.0,0.5,217,lbp,0.09877849731989297,0.13061537332819903,0.09974157505321396,0.09588926411992996,1,220,9.208499716639729e-07,,,,ve,0.0717
cycle,16,3,4.0,0.5,217,gibbs,0.03827581235243471,0.05524743471544123,0.03781196322238407,0.039667359742586644,0,2000,,40.3,1.14807,2000,ve,5.7747
cycle,16,3,0.0,1.5,217,exact,0.0,0.0,,,1,,,,,,ve,0.0052
cycle,16,3,0.0,1.5,217,mf,2.507759624958972e-16,6.106226635438361e-16,2.3722343533982837e-16,2.914335439641036e-16,1,1,,,,,ve,0.0007
cycle,16,3,0.0,1.5,217,lbp,2.574980159653073e-16,5.828670879282072e-16,2.432949675057472e-16,3.0010716134398763e-16,1,3,0.0,,,,ve,0.0012
cycle,16,3,0.0,1.5,217,gibbs,6.5252707751040084e-15,1.3766765505351941e-14,6.500153424774761e-15,6.600622826091751e-15,1,2000,,7824.0,0.99976,2000,ve,5.5055
cycle,16,3,0.1,1.5,217,exact,0.0,0.0,,,1,,,,,,ve,0.0076
cycle,16,3,0.1,1.5,217,mf,0.00038921705762122005,0.0005731881678665424,0.00039501223750921887,0.00037183151795722354,1,4,,,,,ve,0.0012
cycle,16,3,0.1,1.5,217,lbp,7.44131736119414e-08,1.719917031711704e-07,7.185173417906023e-08,8.209749191058491e-08,1,17,1.466963687191125e-07,,,,ve,0.004
cycle,16,3,0.1,1.5,217,gibbs,0.0002209090369158683,0.0006579319290283547,0.00020275290442685204,0.00027537743438291705,1,2000,,8123.6,1.00007,2000,ve,5.1491
cycle,16,3,0.25,1.5,217,exact,0.0,0.0,,,1,,,,,,ve,0.0056
cycle,16,3,0.25,1.5,217,mf,0.002451649769221526,0.003858315332367468,0.002520238558787387,0.0022458834005239427,1,5,,,,,ve,0.002
cycle,16,3,0.25,1.5,217,lbp,8.681220429410802e-08,1.7041219323166157e-07,8.145517609430923e-08,1.028832888935044e-07,1,19,1.4130919345767268e-07,,,,ve,0.0063
cycle,16,3,0.25,1.5,217,gibbs,0.0005682711608473342,0.0014528135056475905,0.0005299508269959522,0.00068323216240148,1,2000,,7808.9,1.00021,2000,ve,5.9435
cycle,16,3,0.5,1.5,217,exact,0.0,0.0,,,1,,,,,,ve,0.0052
cycle,16,3,0.5,1.5,217,mf,0.010130160817059834,0.017989369281498066,0.010458204814015151,0.009146028826193886,1,7,,,,,ve,0.0027
cycle,16,3,0.5,1.5,217,lbp,1.516887381805207e-07,3.6112308157698614e-07,1.5685057050523107e-07,1.362032412063896e-07,1,21,2.986492250722783e-07,,,,ve,0.0073
cycle,16,3,0.5,1.5,217,gibbs,0.0009340121964839337,0.002237860493561651,0.0007953581305765842,0.0013499743942059824,1,2000,,7318.0,1.00027,2000,ve,5.7884
cycle,16,3,0.75,1.5,217,exact,0.0,0.0,,,1,,,,,,ve,0.0054
cycle,16,3,0.75,1.5,217,mf,0.025389991113084744,0.0483162299728455,0.0256467271234931,0.024619783081859664,1,10,,,,,ve,0.0036
cycle,16,3,0.75,1.5,217,lbp,1.0257390372768894e-07,2.4375785380448267e-07,1.0421560313406246e-07,9.764880550856836e-08,1,24,2.795517785592061e-07,,,,ve,0.0079
cycle,16,3,0.75,1.5,217,gibbs,0.0014025162761232748,0.0037485089515430087,0.0011637891259033526,0.002118697726783041,1,2000,,6748.6,1.00005,2000,ve,5.7437
cycle,16,3,1.0,1.5,217,exact,0.0,0.0,,,1,,,,,,ve,0.0055
cycle,16,3,1.0,1.5,217,mf,0.05305406257962189,0.09742511495405988,0.05212513342780489,0.05584085003507291,1,15,,,,,ve,0.0056
cycle,16,3,1.0,1.5,217,lbp,2.7383375264902234e-07,5.888140544307863e-07,2.741472035705632e-07,2.7289339988439965e-07,1,27,3.913446411374366e-07,,,,ve,0.0092
cycle,16,3,1.0,1.5,217,gibbs,0.0020415668547354602,0.005601832381204638,0.001902416572180074,0.0024590177024016195,1,2000,,6009.7,1.0001,2000,ve,5.6587
cycle,16,3,1.3,1.5,217,exact,0.0,0.0,,,1,,,,,,ve,0.0053
cycle,16,3,1.3,1.5,217,mf,0.11353759620887315,0.2198317191165548,0.1093318747152104,0.1261547606898613,1,26,,,,,ve,0.0091
cycle,16,3,1.3,1.5,217,lbp,4.428468579663683e-07,8.309506212313134e-07,4.312522129103792e-07,4.776307931343357e-07,1,32,3.5794365660368754e-07,,,,ve,0.01
cycle,16,3,1.3,1.5,217,gibbs,0.0034067072164770313,0.007595341456397828,0.0034528039709306765,0.003268416953116096,1,2000,,5032.0,1.00077,2000,ve,5.655
cycle,16,3,1.75,1.5,217,exact,0.0,0.0,,,1,,,,,,ve,0.0054
cycle,16,3,1.75,1.5,217,mf,0.23735046361359996,0.3842080853244328,0.23449662093435678,0.2459119916513294,1,25,,,,,ve,0.0083
cycle,16,3,1.75,1.5,217,lbp,1.0086900869034831e-05,1.9243640460332723e-05,1.0476306092857372e-05,8.918685197567208e-06,1,42,4.1757569890776836e-07,,,,ve,0.0138
cycle,16,3,1.75,1.5,217,gibbs,0.004462727545475097,0.008484530621832395,0.004391940465310285,0.0046750887859695325,1,2000,,2945.4,1.00093,2000,ve,5.9119
cycle,16,3,2.5,1.5,217,exact,0.0,0.0,,,1,,,,,,ve,0.0053
cycle,16,3,2.5,1.5,217,mf,0.28659887318012633,0.3947692446483909,0.28021253515244915,0.3057578872631581,1,34,,,,,ve,0.0119
cycle,16,3,2.5,1.5,217,lbp,0.0011701491425536114,0.0018956131333462412,0.0011384273588558394,0.0012653144936469267,1,69,5.658411789677409e-07,,,,ve,0.0208
cycle,16,3,2.5,1.5,217,gibbs,0.02391481766675331,0.03434197079976953,0.024091667971215605,0.023384266753366433,1,2000,,1313.3,1.00174,2000,ve,5.6032
cycle,16,3,4.0,1.5,217,exact,0.0,0.0,,,1,,,,,,ve,0.0053
cycle,16,3,4.0,1.5,217,mf,0.4710964411447767,0.8003875925196414,0.4754381258954658,0.4580713868927097,1,19,,,,,ve,0.0064
cycle,16,3,4.0,1.5,217,lbp,0.05981495368412307,0.07203876204423282,0.05955411271154073,0.060597476601870134,1,150,7.69610305595414e-07,,,,ve,0.0462
cycle,16,3,4.0,1.5,217,gibbs,0.03981146527547538,0.05905485637239859,0.039400824580109,0.041043387361574514,0,2000,,28.9,1.11533,2000,ve,5.5877
cycle,16,3,0.0,0.5,218,exact,0.0,0.0,,,1,,,,,,ve,0.0055
cycle,16,3,0.0,0.5,218,mf,2.931682674400804e-16,6.522560269672795e-16,2.9374650859873935e-16,2.914335439641036e-16,1,1,,,,,ve,0.0009
cycle,16,3,0.0,0.5,218,lbp,2.9479457069880866e-16,6.782768791069316e-16,2.9938435989566397e-16,2.8102520310824275e-16,1,3,0.0,,,,ve,0.0012
cycle,16,3,0.0,0.5,218,gibbs,7.334085595778195e-15,1.6459056340067946e-14,8.351681614800674e-15,4.28129753871076e-15,1,2000,,7564.0,1.00058,2000,ve,5.775
cycle,16,3,0.1,0.5,218,exact,0.0,0.0,,,1,,,,,,ve,0.0052
cycle,16,3,0.1,0.5,218,mf,0.0003513658889558938,0.0007867093167512329,0.00033234344924659985,0.0004084332080837756,1,4,,,,,ve,0.0015
cycle,16,3,0.1,0.5,218,lbp,7.402141469963017e-08,1.9373017089152622e-07,6.994236625588665e-08,8.625856003086074e-08,1,17,1.4927704361511474e-07,,,,ve,0.0058
cycle,16,3,0.1,0.5,218,gibbs,0.00017690338365717944,0.00041285249715855565,0.00017537352382982117,0.00018149296313925423,1,2000,,7628.8,1.00048,2000,ve,5.6694
cycle,16,3,0.25,0.5,218,exact,0.0,0.0,,,1,,,,,,ve,0.0053
cycle,16,3,0.25,0.5,218,mf,0.0023481796025655766,0.00507175837972422,0.002191114250682089,0.0028193756582160397,1,5,,,,,ve,0.0019
cycle,16,3,0.25,0.5,218,lbp,7.378600253417442e-08,1.7202496435664294e-07,6.710623860371398e-08,9.382529432555575e-08,1,19,1.481323746443941e-07,,,,ve,0.0059
cycle,16,3,0.25,0.5,218,gibbs,0.0005501465879925393,0.001377805248174352,0.0005319743938647387,0.0006046631703759409,1,2000,,7613.4,1.00014,2000,ve,5.6968
cycle,16,3,0.5,0.5,218,exact,0.0,0.0,,,1,,,,,,ve,0.0053
cycle,16,3,0.5,0.5,218,mf,0.010593108216608506,0.021749665346319447,0.009814458262047139,0.012929058080292603,1,6,,,,,ve,0.0022
cycle,16,3,0.5,0.5,218,lbp,1.6087688893377805e-07,2.818154515998872e-07,1.4922391955325223e-07,1.9583579707535548e-07,1,21,2.4918980140453684e-07,,,,ve,0.0068
cycle,16,3,0.5,0.5,218,gibbs,0.0010183946423284848,0.0019178437652631747,0.0009946902430159235,0.0010895078402661691,1,2000,,6929.4,1.00022,2000,ve,5.5711
cycle,16,3,0.75,0.5,218,exact,0.0,0.0,,,1,,,,,,ve,0.0055
cycle,16,3,0.75,0.5,218,mf,0.02730757799847309,0.05328385974740281,0.024872358293569218,0.0346132371131847,1,9,,,,,ve,0.0033
cycle,16,3,0.75,0.5,218,lbp,1.61752684935579e-07,3.388787131741733e-07,1.419037906799705e-07,2.2129936770240444e-07,1,24,3.0994569510944814e-07,,,,ve,0.0079
cycle,16,3,0.75,0.5,218,gibbs,0.0015837961601065243,0.0032494944072376727,0.001638068655458586,0.0014209786740503397,1,2000,,5846.0,0.99985,2000,ve,5.7615
cycle,16,3,1.0,0.5,218,exact,0.0,0.0,,,1,,,,,,ve,0.0053
cycle,16,3,1.0,0.5,218,mf,0.058664625913916524,0.10269748396095102,0.05285172551335421,0.0761033271156035,1,12,,,,,ve,0.0038
cycle,16,3,1.0,0.5,218,lbp,1.767725795889059e-07,5.361094799899435e-07,1.6274394257206315e-07,2.188584906394342e-07,1,28,2.585128238696832e-07,,,,ve,0.0083
cycle,16,3,1.0,0.5,218,gibbs,0.0025040904219871605,0.005253199966407079,0.0022928534740041338,0.003137801265936241,1,2000,,5041.1,0.99995,2000,ve,5.5293
cycle,16,3,1.3,0.5,218,exact,0.0,0.0,,,1,,,,,,ve,0.0053
cycle,16,3,1.3,0.5,218,mf,0.11207979113841217,0.1908356984392633,0.10150182877719967,0.14381367822204963,1,19,,,,,ve,0.0063
cycle,16,3,1.3,0.5,218,lbp,2.3271008483616643e-07,6.430300939497258e-07,2.4402594536211686e-07,1.9876250325831513e-07,1,33,4.283353958189906e-07,,,,ve,0.0105
cycle,16,3,1.3,0.5,218,gibbs,0.004490629781890081,0.010022803329817642,0.004020521999479854,0.005900953129120763,1,2000,,4666.8,1.00034,2000,ve,5.5166
cycle,16,3,1.75,0.5,218,exact,0.0,0.0,,,1,,,,,,ve,0.0054
cycle,16,3,1.75,0.5,218,mf,0.17383538448351027,0.33136262277144646,0.16608143532965744,0.19709723194506873,1,43,,,,,ve,0.0151
cycle,16,3,1.75,0.5,218,lbp,4.486302901780424e-06,7.033474283796304e-06,4.494621345176551e-06,4.461347571592042e-06,1,41,4.14041177954072e-07,,,,ve,0.0136
cycle,16,3,1.75,0.5,218,gibbs,0.005985313026771974,0.01082857449040997,0.005841360457654148,0.006417170734125451,1,2000,,3435.3,1.00061,2000,ve,5.6117
cycle,16,3,2.5,0.5,218,exact,0.0,0.0,,,1,,,,,,ve,0.0053
cycle,16,3,2.5,0.5,218,mf,0.3058447426564955,0.5658897262762492,0.270280417698,0.4125377175319825,1,45,,,,,ve,0.0132
cycle,16,3,2.5,0.5,218,lbp,0.0007082292367612727,0.0011532384158355023,0.0007192251547015401,0.0006752414829404706,1,61,6.907927395660707e-07,,,,ve,0.0184
cycle,16,3,2.5,0.5,218,gibbs,0.011144211661453258,0.025769144010124277,0.01155557882102865,0.00991011018272709,1,2000,,1298.4,1.00369,2000,ve,5.617
cycle,16,3,4.0,0.5,218,exact,0.0,0.0,,,1,,,,,,ve,0.0054
cycle,16,3,4.0,0.5,218,mf,0.42034915431238074,0.9188341588522302,0.3841056881860692,0.5290795526913152,1,21,,,,,ve,0.0053
cycle,16,3,4.0,0.5,218,lbp,0.06396424318573654,0.07495097911254674,0.063979287419941,0.06391911048312315,1,149,7.374820955030614e-07,,,,ve,0.0336
cycle,16,3,4.0,0.5,218,gibbs,0.050660247681835774,0.05848935093584294,0.050525073385590535,0.05106577057057149,0,2000,,96.4,1.03618,2000,ve,5.6184
cycle,16,3,0.0,1.5,218,exact,0.0,0.0,,,1,,,,,,ve,0.0055
cycle,16,3,0.0,1.5,218,mf,2.5435382966509934e-16,6.245004513516506e-16,2.419939248987646e-16,2.914335439641036e-16,1,1,,,,,ve,0.0006
cycle,16,3,0.0,1.5,218,lbp,2.566306542273189e-16,6.245004513516506e-16,2.484991379336776e-16,2.8102520310824275e-16,1,3,0.0,,,,ve,0.0011
cycle,16,3,0.0,1.5,218,gibbs,5.563149767240372e-15,1.0005885009434223e-14,5.990433843416909e-15,4.28129753871076e-15,1,2000,,7894.5,0.99991,2000,ve,4.6411
cycle,16,3,0.1,1.5,218,exact,0.0,0.0,,,1,,,,,,ve,0.0054
cycle,16,3,0.1,1.5,218,mf,0.00033539343103276777,0.0007406898454124788,0.00033220414767115846,0.00034496128111759575,1,4,,,,,ve,0.0013
cycle,16,3,0.1,1.5,218,lbp,8.797722517172885e-08,2.2955894651843778e-07,7.733398727080218e-08,1.1990693887450887e-07,1,17,1.6523897233833296e-07,,,,ve,0.0043
cycle,16,3,0.1,1.5,218,gibbs,0.00018186462098308484,0.00037219332968510543,0.0001670273277252396,0.00022637650075662055,1,2000,,7903.1,1.00002,2000,ve,4.2157
cycle,16,3,0.25,1.5,218,exact,0.0,0.0,,,1,,,,,,ve,0.0071
cycle,16,3,0.25,1.5,218,mf,0.002164415894508294,0.004745961963993475,0.0020995721727932195,0.0023589470596535184,1,5,,,,,ve,0.0017
cycle,16,3,0.25,1.5,218,lbp,8.82300143589896e-08,2.4697096731585155e-07,7.761891588405762e-08,1.2006330978378554e-07,1,19,2.0664295014016787e-07,,,,ve,0.0047
cycle,16,3,0.25,1.5,218,gibbs,0.00042198363314093233,0.0009992812947973578,0.00039425020862344996,0.0005051839066933794,1,2000,,7774.1,1.00015,2000,ve,4.3187
cycle,16,3,0.5,1.5,218,exact,0.0,0.0,,,1,,,,,,ve,0.0053
cycle,16,3,0.5,1.5,218,mf,0.009008797480805623,0.020334097677376678,0.008457316440068039,0.010663240603018383,1,7,,,,,ve,0.0023
cycle,16,3,0.5,1.5,218,lbp,1.1003007044705195e-07,4.1848297394064815e-07,8.089015482415883e-08,1.974498173157313e-07,1,22,2.514378572016085e-07,,,,ve,0.0054
cycle,16,3,0.5,1.5,218,gibbs,0.00089005020036727,0.0017197698753044777,0.0007892165466356344,0.0011925511615621769,1,2000,,7036.3,0.99989,2000,ve,4.2341
cycle,16,3,0.75,1.5,218,exact,0.0,0.0,,,1,,,,,,ve,0.0053
cycle,16,3,0.75,1.5,218,mf,0.022396558740549598,0.050025587784561204,0.020381314943154108,0.028442290132736078,1,9,,,,,ve,0.0026
cycle,16,3,0.75,1.5,218,lbp,8.410856025434059e-08,2.2660927466444658e-07,6.873367310352106e-08,1.3023322170679918e-07,1,26,2.29333795565001e-07,,,,ve,0.0061
cycle,16,3,0.75,1.5,218,gibbs,0.0011383760507456143,0.0029022893760735358,0.001078978066994939,0.0013165700019976394,1,2000,,6041.5,1.0002,2000,ve,4.1703
cycle,16,3,1.0,1.5,218,exact,0.0,0.0,,,1,,,,,,ve,0.0053
cycle,16,3,1.0,1.5,218,mf,0.04535661694387893,0.097316032701917,0.03935325107653317,0.06336671454591622,1,14,,,,,ve,0.0037
cycle,16,3,1.0,1.5,218,lbp,1.1610659220835044e-07,3.978894696082813e-07,1.213606762672711e-07,1.0034434003158843e-07,1,29,2.666054521038852e-07,,,,ve,0.0068
cycle,16,3,1.0,1.5,218,gibbs,0.001599840859513265,0.0044090446180633375,0.0016317249628320278,0.0015041885495569764,1,2000,,5354.8,1.00013,2000,ve,4.2389
cycle,16,3,1.3,1.5,218,exact,0.0,0.0,,,1,,,,,,ve,0.0052
cycle,16,3,1.3,1.5,218,mf,0.08585339321572949,0.18331201781469827,0.0699561499685534,0.1335451229572578,1,19,,,,,ve,0.005
cycle,16,3,1.3,1.5,218,lbp,1.5232355977088958e-07,5.480077457653554e-07,1.6728072584721795e-07,1.0745206154190445e-07,1,33,3.9975130333713693e-07,,,,ve,0.008
cycle,16,3,1.3,1.5,218,gibbs,0.002642358925750916,0.007626229433468884,0.0020865574729268185,0.004309763284223209,1,2000,,4802.6,1.00085,2000,ve,4.3384
cycle,16,3,1.75,1.5,218,exact,0.0,0.0,,,1,,,,,,ve,0.0053
cycle,16,3,1.75,1.5,218,mf,0.13450814352405066,0.31449732343156206,0.1026962403763726,0.22994385296708486,1,16,,,,,ve,0.0039
cycle,16,3,1.75,1.5,218,lbp,2.799334594803956e-07,5.421684500361151e-07,2.987167247545542e-07,2.235836636579197e-07,1,39,4.0628604069947727e-07,,,,ve,0.0085
cycle,16,3,1.75,1.5,218,gibbs,0.002696029369331706,0.006769426648627154,0.0024216754595829137,0.0035190910985780817,1,2000,,3537.5,1.0007,2000,ve,4.0728
cycle,16,3,2.5,1.5,218,exact,0.0,0.0,,,1,,,,,,ve,0.0053
cycle,16,3,2.5,1.5,218,mf,0.22009617515496227,0.5525111579727575,0.18004486412091322,0.34025010825710944,1,23,,,,,ve,0.0058
cycle,16,3,2.5,1.5,218,lbp,3.3280609633821404e-05,4.928459548392619e-05,3.466042444207843e-05,2.9141165209050322e-05,1,47,5.0169088550156e-07,,,,ve,0.0109
cycle,16,3,2.5,1.5,218,gibbs,0.007559604980657527,0.013659138500423655,0.006713812277292828,0.010096983090751618,1,2000,,1178.7,1.00257,2000,ve,4.3627
cycle,16,3,4.0,1.5,218,exact,0.0,0.0,,,1,,,,,,ve,0.0053
cycle,16,3,4.0,1.5,218,mf,0.4100165791249633,0.9086480638778567,0.3542279894383307,0.577382348184861,1,20,,,,,ve,0.0049
cycle,16,3,4.0,1.5,218,lbp,0.019901127776366177,0.02796118014137875,0.019763623605381534,0.02031364028932009,1,108,8.026254393334042e-07,,,,ve,0.0252
cycle,16,3,4.0,1.5,218,gibbs,0.04580810007132645,0.06905845876946883,0.04671992285226421,0.043072631728513174,0,2000,,97.5,1.04705,2000,ve,4.1887
cycle,16,3,0.0,0.5,219,exact,0.0,0.0,,,1,,,,,,ve,0.0052
cycle,16,3,0.0,0.5,219,mf,2.8059152223924855e-16,5.551115123125783e-16,2.723515857283587e-16,3.0531133177191805e-16,1,1,,,,,ve,0.0006
cycle,16,3,0.0,0.5,219,lbp,2.636779683484747e-16,5.273559366969494e-16,2.6194324487249787e-16,2.688821387764051e-16,1,3,0.0,,,,ve,0.0009
cycle,16,3,0.0,0.5,219,gibbs,5.721226443988758e-15,1.5432100042289676e-14,5.128565396435765e-15,7.499209586647737e-15,1,2000,,8148.2,1.00057,2000,ve,4.3409
cycle,16,3,0.1,0.5,219,exact,0.0,0.0,,,1,,,,,,ve,0.0053
cycle,16,3,0.1,0.5,219,mf,0.0003672260559679525,0.0005766968329411412,0.00036998343743613874,0.00035895391156339374,1,4,,,,,ve,0.0013
cycle,16,3,0.1,0.5,219,lbp,7.737734972483763e-08,2.124437222528197e-07,6.02293059373075e-08,1.2882148108742802e-07,1,17,1.4405602238865e-07,,,,ve,0.0044
cycle,16,3,0.1,0.5,219,gibbs,0.00023684867739733864,0.0005318016042233364,0.00022458189077837628,0.0002736490372542257,1,2000,,8072.9,1.00038,2000,ve,4.1305
cycle,16,3,0.25,0.5,219,exact,0.0,0.0,,,1,,,,,,ve,0.0059
cycle,16,3,0.25,0.5,219,mf,0.002279680234692728,0.0037755393993379877,0.0023301562126013787,0.0021282523009667773,1,5,,,,,ve,0.0014
cycle,16,3,0.25,0.5,219,lbp,1.237772161065626e-07,3.5772867731931335e-07,9.41455651026132e-08,2.126721691184108e-07,1,18,2.535787133606249e-07,,,,ve,0.0045
cycle,16,3,0.25,0.5,219,gibbs,0.0004310459696445373,0.0011323989441575436,0.0004623020167343793,0.00033727782837501136,1,2000,,8111.5,0.99993,2000,ve,4.2995
cycle,16,3,0.5,0.5,219,exact,0.0,0.0,,,1,,,,,,ve,0.0053
cycle,16,3,0.5,0.5,219,mf,0.008917099449929203,0.016007494565419625,0.00938720856987913,0.0075067720900794275,1,7,,,,,ve,0.0022
cycle,16,3,0.5,0.5,219,lbp,5.9295237725604834e-08,2.0695792585234685e-07,6.62812631187978e-08,3.8337161546025955e-08,1,22,2.1083342627292723e-07,,,,ve,0.0052
cycle,16,3,0.5,0.5,219,gibbs,0.0008927988500773337,0.002579867453710645,0.0009099163700563841,0.0008414462901401827,1,2000,,7827.0,1.00012,2000,ve,4.1441
cycle,16,3,0.75,0.5,219,exact,0.0,0.0,,,1,,,,,,ve,0.0055
cycle,16,3,0.75,0.5,219,mf,0.021881876459327973,0.04096458414767837,0.021362786673241794,0.023439145817586507,1,9,,,,,ve,0.0024
cycle,16,3,0.75,0.5,219,lbp,8.81552103472634e-08,2.921469100386487e-07,8.604735636461487e-08,9.447877229520896e-08,1,25,2.8665338736022505e-07,,,,ve,0.006
cycle,16,3,0.75,0.5,219,gibbs,0.0018057027751553784,0.0034780885209983806,0.001814718363377324,0.0017786560104895424,1,2000,,6902.5,0.99974,2000,ve,4.3234
cycle,16,3,1.0,0.5,219,exact,0.0,0.0,,,1,,,,,,ve,0.0054
cycle,16,3,1.0,0.5,219,mf,0.0473903646431635,0.08487287132568927,0.042901500076513686,0.06085695834311292,1,14,,,,,ve,0.0042
cycle,16,3,1.0,0.5,219,lbp,1.0299492846533188e-07,2.6543856834759794e-07,9.795481841860336e-08,1.1811525860551744e-07,1,28,3.21623066568133e-07,,,,ve,0.0065
cycle,16,3,1.0,0.5,219,gibbs,0.0024062071177506183,0.005060394650576186,0.00218601026152995,0.003066797686412624,1,2000,,6055.5,1.00022,2000,ve,4.2869
cycle,16,3,1.3,0.5,219,exact,0.0,0.0,,,1,,,,,,ve,0.0058
cycle,16,3,1.3,0.5,219,mf,0.09259320046939847,0.14466089646189467,0.08279111118314816,0.12199946832814934,1,22,,,,,ve,0.0059
cycle,16,3,1.3,0.5,219,lbp,1.7814609305170231e-07,3.563552333635256e-07,1.8196114249689407e-07,1.6670094471612704e-07,1,31,3.5008523990853746e-07,,,,ve,0.0074
cycle,16,3,1.3,0.5,219,gibbs,0.0034176677395176616,0.006238172357428018,0.00315780576736671,0.0041972536559705155,1,2000,,4722.1,1.00048,2000,ve,4.2679
cycle,16,3,1.75,0.5,219,exact,0.0,0.0,,,1,,,,,,ve,0.0056
cycle,16,3,1.75,0.5,219,mf,0.16592206012955296,0.2896917615234608,0.15166479191476653,0.20869386477391236,1,37,,,,,ve,0.0108
cycle,16,3,1.75,0.5,219,lbp,4.853311377990858e-07,9.594068105869824e-07,5.176905934702221e-07,3.88252770785677e-07,1,37,4.1050749605142656e-07,,,,ve,0.0113
cycle,16,3,1.75,0.5,219,gibbs,0.004682509356485358,0.009646663247050248,0.00407047810962534,0.006518603097065413,1,2000,,3760.2,1.00088,2000,ve,4.1758
cycle,16,3,2.5,0.5,219,exact,0.0,0.0,,,1,,,,,,ve,0.0077
cycle,16,3,2.5,0.5,219,mf,0.3824949489095141,0.68527116651205,0.42823899654746106,0.24526280599567313,1,45,,,,,ve,0.0103
cycle,16,3,2.5,0.5,219,lbp,0.00010822209710593521,0.0001700215511655917,9.948587653137873e-05,0.00013443075882960467,1,51,4.0333098252909316e-07,,,,ve,0.0111
cycle,16,3,2.5,0.5,219,gibbs,0.013689054022541346,0.02225679270319251,0.012849635411106798,0.016207309856844987,1,2000,,2176.6,1.00139,2000,ve,4.3082
cycle,16,3,4.0,0.5,219,exact,0.0,0.0,,,1,,,,,,ve,0.0053
cycle,16,3,4.0,0.5,219,mf,0.5168439004629717,0.8826018496030452,0.5861469538922682,0.30893474017508216,1,32,,,,,ve,0.0072
cycle,16,3,4.0,0.5,219,lbp,0.02525628380442116,0.04665597441702096,0.02186325173030503,0.03543538002676953,1,114,4.65990450226883e-07,,,,ve,0.0228
cycle,16,3,4.0,0.5,219,gibbs,0.09045720778307097,0.09904327230622445,0.0908187332078697,0.0893726315086747,0,2000,,156.7,1.03849,2000,ve,4.2533
cycle,16,3,0.0,1.5,219,exact,0.0,0.0,,,1,,,,,,ve,0.0056
cycle,16,3,0.0,1.5,219,mf,2.4345759783162e-16,4.718447854656915e-16,2.2283968651818736e-16,3.0531133177191805e-16,1,1,,,,,ve,0.0004
cycle,16,3,0.0,1.5,219,lbp,2.2676088437534325e-16,4.163336342344337e-16,2.1272046624165597e-16,2.688821387764051e-16,1,3,0.0,,,,ve,0.0011
cycle,16,3,0.0,1.5,219,gibbs,6.24936842726076e-15,1.6736612096224235e-14,5.8327547074651e-15,7.499209586647737e-15,1,2000,,8299.6,1.00027,2000,ve,4.2945
cycle,16,3,0.1,1.5,219,exact,0.0,0.0,,,1,,,,,,ve,0.0056
cycle,16,3,0.1,1.5,219,mf,0.0003030372489837295,0.000633417752032614,0.0002857956685857334,0.0003547619901777179,1,4,,,,,ve,0.0014
cycle,16,3,0.1,1.5,219,lbp,6.967489774977603e-08,1.695995835646058e-07,5.736778491399058e-08,1.0659623625713238e-07,1,17,1.5887964843752655e-07,,,,ve,0.0041
cycle,16,3,0.1,1.5,219,gibbs,0.00019244469399443741,0.0004426104655660401,0.00018157796371276577,0.00022504488483945234,1,2000,,8308.6,1.00026,2000,ve,4.2248
cycle,16,3,0.25,1.5,219,exact,0.0,0.0,,,1,,,,,,ve,0.0052
cycle,16,3,0.25,1.5,219,mf,0.0019235408624518743,0.004030007887393494,0.0018730733043836195,0.0020749435366566385,1,5,,,,,ve,0.0015
cycle,16,3,0.25,1.5,219,lbp,1.223102873205463e-07,2.3676368653829938e-07,9.539618661217701e-08,2.0305258944565419e-07,1,18,2.2871427118875687e-07,,,,ve,0.0042
cycle,16,3,0.25,1.5,219,gibbs,0.00036721383512486273,0.001079406595757025,0.0003744622168868245,0.0003454686898389774,1,2000,,8240.1,1.00054,2000,ve,4.2741
cycle,16,3,0.5,1.5,219,exact,0.0,0.0,,,1,,,,,,ve,0.0072
cycle,16,3,0.5,1.5,219,mf,0.007975641843722224,0.0165299523080537,0.008209240547298442,0.007274845732993568,1,7,,,,,ve,0.0026
cycle,16,3,0.5,1.5,219,lbp,8.112223447728859e-08,2.721807015881872e-07,7.693066631257392e-08,9.369693897143261e-08,1,21,2.6267116237654875e-07,,,,ve,0.0053
cycle,16,3,0.5,1.5,219,gibbs,0.0008596173140632668,0.0018348670555205157,0.0007683056226971253,0.0011335523881616915,1,2000,,7816.7,1.00113,2000,ve,4.1539
cycle,16,3,0.75,1.5,219,exact,0.0,0.0,,,1,,,,,,ve,0.0053
cycle,16,3,0.75,1.5,219,mf,0.020536692013204943,0.04346773144205353,0.020387464738828295,0.0209843738363349,1,10,,,,,ve,0.0027
cycle,16,3,0.75,1.5,219,lbp,5.8754435300058206e-08,1.5628679904747256e-07,5.0282016838079126e-08,8.417169068599545e-08,1,25,2.1105877545668505e-07,,,,ve,0.0062
cycle,16,3,0.75,1.5,219,gibbs,0.0010830559210383548,0.003340465031915568,0.0007775480060385866,0.0019995796660376595,1,2000,,6912.4,1.00078,2000,ve,4.2323
cycle,16,3,1.0,1.5,219,exact,0.0,0.0,,,1,,,,,,ve,0.0057
cycle,16,3,1.0,1.5,219,mf,0.04449235505485649,0.10016923364130072,0.03965539307100545,0.05900324100640962,1,13,,,,,ve,0.0035
cycle,16,3,1.0,1.5,219,lbp,1.0459816630859712e-07,4.7396379680708645e-07,8.929557788406432e-08,1.505059315821955e-07,1,27,3.075867711088698e-07,,,,ve,0.007
cycle,16,3,1.0,1.5,219,gibbs,0.0015432118696968844,0.0050135672548829655,0.001012353281256079,0.003135787635019301,1,2000,,6190.9,1.00007,2000,ve,4.234
cycle,16,3,1.3,1.5,219,exact,0.0,0.0,,,1,,,,,,ve,0.0057
cycle,16,3,1.3,1.5,219,mf,0.08503847939180015,0.1844220270735875,0.0730516062776491,0.12099909873425327,1,18,,,,,ve,0.0041
cycle,16,3,1.3,1.5,219,lbp,9.613576766324592e-08,4.2659890425733593e-07,8.67915340723166e-08,1.241684684360339e-07,1,31,4.0447073124116883e-07,,,,ve,0.0066
cycle,16,3,1.3,1.5,219,gibbs,0.0035762610614400595,0.007807158113697421,0.003184469713500827,0.004751635105257758,1,2000,,4940.7,1.0008,2000,ve,4.2354
cycle,16,3,1.75,1.5,219,exact,0.0,0.0,,,1,,,,,,ve,0.0065
cycle,16,3,1.75,1.5,219,mf,0.18384420055191575,0.2650795816322146,0.17182478673743895,0.21990244199534617,1,89,,,,,ve,0.0238
cycle,16,3,1.75,1.5,219,lbp,3.7403532132884937e-07,7.188297602017668e-07,3.5404641473859726e-07,4.3400204109960566e-07,1,37,2.652008017633989e-07,,,,ve,0.009
cycle,16,3,1.75,1.5,219,gibbs,0.008301552892474078,0.017557124088028377,0.006572336388284898,0.013489202405041619,1,2000,,3646.8,1.00142,2000,ve,4.3562
cycle,16,3,2.5,1.5,219,exact,0.0,0.0,,,1,,,,,,ve,0.0068
cycle,16,3,2.5,1.5,219,mf,0.31327981943872424,0.4931809186236761,0.33112279865975747,0.25975088177562444,1,33,,,,,ve,0.0094
cycle,16,3,2.5,1.5,219,lbp,8.651950487604772e-05,0.0001475671408804613,8.102030007060242e-05,0.00010301711929238365,1,51,6.205945707882243e-07,,,,ve,0.0119
cycle,16,3,2.5,1.5,219,gibbs,0.01584372169997341,0.03523309875276216,0.013255044045129954,0.02360975466450378,1,2000,,1926.4,1.00187,2000,ve,3.8286
cycle,16,3,4.0,1.5,219,exact,0.0,0.0,,,1,,,,,,ve,0.0057
cycle,16,3,4.0,1.5,219,mf,0.4639628092508322,0.6003776083529826,0.4669782205976891,0.4549165752102618,1,14,,,,,ve,0.0032
cycle,16,3,4.0,1.5,219,lbp,0.017537361503603813,0.03633895676065818,0.01673557523561939,0.01994272030755708,1,113,8.333095400381296e-07,,,,ve,0.023
cycle,16,3,4.0,1.5,219,gibbs,0.1120352620711247,0.18423819137726077,0.1099467062176742,0.11830092963147619,0,2000,,121.1,1.02675,2000,ve,3.7531
