structure,n,C,beta,alpha,draw_seed,method,tv_mean,tv_max,tv_mean_informative,tv_mean_uninformative,converged,iters,final_residual,ess_min,rhat_max,gibbs_kept,exact_method,wall_seconds
dense,14,3,0.0,0.5,200,exact,0.0,0.0,,,1,,,,,,enumerate,0.6045
dense,14,3,0.0,0.5,200,mf,7.359688255651317e-15,1.2947976024690888e-14,6.913913885853162e-15,8.474124180146703e-15,1,1,,,,,enumerate,0.0015
dense,14,3,0.0,0.5,200,lbp,7.306283554355174e-15,1.301736496372996e-14,6.8981279022217734e-15,8.326672684688674e-15,1,3,0.0,,,,enumerate,0.0008
dense,14,3,0.0,0.5,200,gibbs,4.9722131174283795e-15,1.3378187446733136e-14,4.383472751445794e-15,6.444064032384844e-15,1,2000,,7803.8,1.00012,2000,enumerate,15.4309
dense,14,3,0.1,0.5,200,exact,0.0,0.0,,,1,,,,,,enumerate,1.41
dense,14,3,0.1,0.5,200,mf,0.0013391629088844398,0.002345845133172396,0.0012431020928405164,0.0015793149489942483,1,6,,,,,enumerate,0.0144
dense,14,3,0.1,0.5,200,lbp,0.00011716424297190433,0.0002187986407168538,0.00011013669323075102,0.00013473311732478763,1,18,1.9930080069618938e-07,,,,enumerate,0.0184
dense,14,3,0.1,0.5,200,gibbs,0.000437328525367354,0.0009650872700690816,0.00044169264729997207,0.0004264182205358088,1,2000,,7812.2,0.99979,2000,enumerate,13.4071
dense,14,3,0.25,0.5,200,exact,0.0,0.0,,,1,,,,,,enumerate,1.1794
dense,14,3,0.25,0.5,200,mf,0.009873015835190154,0.020188320755249435,0.0088268514676603,0.012488426754014788,1,10,,,,,enumerate,0.0104
dense,14,3,0.25,0.5,200,lbp,0.0023825458103057143,0.005367596138738506,0.002128083986431756,0.0030187003699906102,1,27,4.86253959930405e-07,,,,enumerate,0.0107
dense,14,3,0.25,0.5,200,gibbs,0.000952389003950091,0.0017707353920219937,0.000928762322918939,0.0010114557065279712,1,2000,,6735.2,0.99979,2000,enumerate,13.23
dense,14,3,0.5,0.5,200,exact,0.0,0.0,,,1,,,,,,enumerate,1.1755
dense,14,3,0.5,0.5,200,mf,0.1226251480418691,0.2235183483578307,0.12043883208027073,0.128090937945865,1,19,,,,,enumerate,0.0217
dense,14,3,0.5,0.5,200,lbp,0.06793094692084549,0.12174217872888916,0.06535642171144922,0.07436725994433621,1,64,6.829781123984802e-07,,,,enumerate,0.0332
dense,14,3,0.5,0.5,200,gibbs,0.001963556475120942,0.003684087565316324,0.0019189210859657663,0.0020751449480088816,1,2000,,2374.0,1.00099,2000,enumerate,13.8444
dense,14,3,0.75,0.5,200,exact,0.0,0.0,,,1,,,,,,enumerate,1.7068
dense,14,3,0.75,0.5,200,mf,0.057368877573300066,0.08957990989029146,0.05993184823323007,0.05096145092347507,1,10,,,,,enumerate,0.018
dense,14,3,0.75,0.5,200,lbp,0.0474886714246126,0.06103670898872073,0.047870227130890675,0.04653478215891739,1,38,3.7929043783524463e-07,,,,enumerate,0.1118
dense,14,3,0.75,0.5,200,gibbs,0.008467830103924313,0.011148794853640537,0.008809193284585216,0.007614422152272057,1,2000,,825.2,1.00688,2000,enumerate,15.3106
dense,14,3,1.0,0.5,200,exact,0.0,0.0,,,1,,,,,,enumerate,1.429
dense,14,3,1.0,0.5,200,mf,0.030401104506085828,0.03638506378982008,0.030961355419836162,0.029000477221709987,1,7,,,,,enumerate,0.0087
dense,14,3,1.0,0.5,200,lbp,0.02843257817418205,0.0304347837275876,0.028521499143635415,0.028210275750548647,1,32,2.383243827841497e-07,,,,enumerate,0.0133
dense,14,3,1.0,0.5,200,gibbs,0.028428698242949295,0.03019325454239312,0.028540769987774793,0.028148518880885542,1,2000,,7136.1,0.99966,2000,enumerate,14.8179
dense,14,3,1.3,0.5,200,exact,0.0,0.0,,,1,,,,,,enumerate,1.4871
dense,14,3,1.3,0.5,200,mf,0.02262605113121358,0.023288881353546554,0.022682615545085445,0.022484640096533913,1,6,,,,,enumerate,0.0098
dense,14,3,1.3,0.5,200,lbp,0.022384904838248683,0.022821847045360163,0.02240827848881602,0.022326470711830353,1,29,2.718427164483117e-07,,,,enumerate,0.0182
dense,14,3,1.3,0.5,200,gibbs,0.22223424473524322,0.2286205061148333,0.22433281950110445,0.2169878078205901,0,2000,,6.2,1.70846,2000,enumerate,13.9688
dense,14,3,1.75,0.5,200,exact,0.0,0.0,,,1,,,,,,enumerate,1.2231
dense,14,3,1.75,0.5,200,mf,0.020186042515664325,0.02024739408027821,0.020190450284192696,0.020175023094343398,1,6,,,,,enumerate,0.0075
dense,14,3,1.75,0.5,200,lbp,0.020174996940914635,0.02023896734190519,0.02017956115741266,0.020163586399669566,1,28,2.038915568602917e-07,,,,enumerate,0.0137
dense,14,3,1.75,0.5,200,gibbs,0.2388783022952811,0.24015743503889422,0.23945569948794915,0.2374348093136109,0,2000,,4.9,2.37241,2000,enumerate,13.7398
dense,14,3,2.5,0.5,200,exact,0.0,0.0,,,1,,,,,,enumerate,1.1683
dense,14,3,2.5,0.5,200,mf,0.48614288844813597,0.9898809465021654,0.498729064005839,0.4546774495538783,1,9,,,,,enumerate,0.0109
dense,14,3,2.5,0.5,200,lbp,0.019764345644835892,0.01976737210339593,0.01976459864932382,0.019763713133616054,1,27,1.5168401934495535e-07,,,,enumerate,0.0155
dense,14,3,2.5,0.5,200,gibbs,0.24031062149248994,0.2403737263559985,0.24034115774685225,0.2402342808565842,0,2000,,4.2,5.48888,2000,enumerate,13.6253
dense,14,3,4.0,0.5,200,exact,0.0,0.0,,,1,,,,,,enumerate,1.2051
dense,14,3,4.0,0.5,200,mf,0.9903836200535049,0.990384245752572,0.9903839396022525,0.9903828211816361,1,3,,,,,enumerate,0.004
dense,14,3,4.0,0.5,200,lbp,0.019743940430317887,0.019743947759980687,0.019743941105241393,0.01974393874300913,1,26,1.534955424986606e-07,,,,enumerate,0.0119
dense,14,3,4.0,0.5,200,gibbs,0.24038409236216013,0.24038424575257267,0.24038416931645085,0.2403838999764334,0,2000,,4.0,5617601238189621.0,2000,enumerate,13.6651
dense,14,3,0.0,1.5,200,exact,0.0,0.0,,,1,,,,,,enumerate,0.6591
dense,14,3,0.0,1.5,200,mf,6.1035625958145396e-15,1.557087792036782e-14,6.4773707231235985e-15,5.169042277541891e-15,1,1,,,,,enumerate,0.0013
dense,14,3,0.0,1.5,200,lbp,6.04842317104242e-15,1.5751289161869408e-14,6.4619316841874056e-15,5.014651888179955e-15,1,3,0.0,,,,enumerate,0.0013
dense,14,3,0.0,1.5,200,gibbs,6.630237034003069e-15,1.762479051592436e-14,5.452409357342702e-15,9.574806225653987e-15,1,2000,,7676.0,1.00029,2000,enumerate,13.4174
dense,14,3,0.1,1.5,200,exact,0.0,0.0,,,1,,,,,,enumerate,1.2087
dense,14,3,0.1,1.5,200,mf,0.0011666747454333079,0.0021385037802797643,0.0010791741994009853,0.0013854261105141143,1,6,,,,,enumerate,0.0066
dense,14,3,0.1,1.5,200,lbp,9.10171822189898e-05,0.0001791670297478093,8.336594797704391e-05,0.00011014526782385453,1,19,2.126356294929188e-07,,,,enumerate,0.0085
dense,14,3,0.1,1.5,200,gibbs,0.0001675872152944196,0.0004019138789694357,0.00017241776312979014,0.00015551084570599328,1,2000,,7902.1,1.00068,2000,enumerate,13.9746
dense,14,3,0.25,1.5,200,exact,0.0,0.0,,,1,,,,,,enumerate,1.368
dense,14,3,0.25,1.5,200,mf,0.00867042255873452,0.020031090337879337,0.008157942267823442,0.009951623286012217,1,9,,,,,enumerate,0.0093
dense,14,3,0.25,1.5,200,lbp,0.0018598451892532194,0.004438633629996816,0.001744943865347381,0.002147098499017815,1,27,4.036818501140793e-07,,,,enumerate,0.013
dense,14,3,0.25,1.5,200,gibbs,0.0008997760479842939,0.002523925215272331,0.0008775876021298188,0.0009552471626204815,1,2000,,6785.3,1.00061,2000,enumerate,13.5968
dense,14,3,0.5,1.5,200,exact,0.0,0.0,,,1,,,,,,enumerate,1.2656
dense,14,3,0.5,1.5,200,mf,0.03495822557368501,0.09376844216529333,0.029783894194718302,0.04789405402110178,1,16,,,,,enumerate,0.0178
dense,14,3,0.5,1.5,200,lbp,0.01499717488842781,0.03263728268327672,0.013411045144158019,0.018962499249102302,1,44,4.4888000488851887e-07,,,,enumerate,0.0258
dense,14,3,0.5,1.5,200,gibbs,0.003144247955259746,0.006453957376047745,0.003102026105347893,0.0032498025800393794,1,2000,,4103.1,1.00044,2000,enumerate,28.9801
dense,14,3,0.75,1.5,200,exact,0.0,0.0,,,1,,,,,,enumerate,1.3582
dense,14,3,0.75,1.5,200,mf,0.03706082969390872,0.11095598646062074,0.03869870878661087,0.032966131962153325,1,18,,,,,enumerate,0.0157
dense,14,3,0.75,1.5,200,lbp,0.01926876929156154,0.0480574700947253,0.01834785605129035,0.02157105239223952,1,48,5.570957112843722e-07,,,,enumerate,0.0162
dense,14,3,0.75,1.5,200,gibbs,0.003203519365975785,0.00432128237225074,0.003551965461191864,0.002332404127935589,1,2000,,2446.1,1.0019,2000,enumerate,12.2902
dense,14,3,1.0,1.5,200,exact,0.0,0.0,,,1,,,,,,enumerate,1.1532
dense,14,3,1.0,1.5,200,mf,0.02188875980834078,0.061635332523910055,0.025854034678875704,0.01197557263200348,1,10,,,,,enumerate,0.0104
dense,14,3,1.0,1.5,200,lbp,0.012298704602799637,0.023328933567202777,0.013091378671835529,0.010317019430209906,1,39,3.0204733680871954e-07,,,,enumerate,0.0171
dense,14,3,1.0,1.5,200,gibbs,0.009086969888327844,0.012521909998178418,0.009412291913758229,0.008273664824751881,1,2000,,5117.4,1.0007,2000,enumerate,12.8031
dense,14,3,1.3,1.5,200,exact,0.0,0.0,,,1,,,,,,enumerate,1.4595
dense,14,3,1.3,1.5,200,mf,0.010358480636793654,0.014107240479539828,0.010796914530387568,0.009262395902808874,1,7,,,,,enumerate,0.0064
dense,14,3,1.3,1.5,200,lbp,0.009112233369048515,0.010061879373498787,0.009186498494593303,0.008926570555186543,1,33,1.9035059262151321e-07,,,,enumerate,0.0215
dense,14,3,1.3,1.5,200,gibbs,0.24050879200316086,0.2498877667742205,0.2376122168182671,0.24775022996539528,0,2000,,5.7,1.84901,2000,enumerate,12.6225
dense,14,3,1.75,1.5,200,exact,0.0,0.0,,,1,,,,,,enumerate,1.5399
dense,14,3,1.75,1.5,200,mf,0.009617546441779904,0.009739851773860985,0.009623576106687983,0.009602472279509694,1,8,,,,,enumerate,0.0096
dense,14,3,1.75,1.5,200,lbp,0.009575785945426574,0.00964676345885698,0.00957598648267168,0.00957528460231381,1,30,2.1483436507541143e-07,,,,enumerate,0.0189
dense,14,3,1.75,1.5,200,gibbs,0.24776659366461842,0.2499263131320342,0.2469966399983039,0.2496914778304048,0,2000,,4.7,2.66293,2000,enumerate,12.5814
dense,14,3,2.5,1.5,200,exact,0.0,0.0,,,1,,,,,,enumerate,1.06
dense,14,3,2.5,1.5,200,mf,0.4850606362266016,0.9892068458452803,0.4974435239698023,0.4541034168686001,1,5,,,,,enumerate,0.0049
dense,14,3,2.5,1.5,200,lbp,0.009770449209036013,0.009773840711178747,0.009770462703787989,0.009770415472156072,1,28,2.5924697155677023e-07,,,,enumerate,0.0087
dense,14,3,2.5,1.5,200,gibbs,0.2498102388148594,0.24993083671575103,0.2497655702490728,0.2499219102293258,0,2000,,4.1,7.23629,2000,enumerate,12.0367
dense,14,3,4.0,1.5,200,exact,0.0,0.0,,,1,,,,,,enumerate,1.0977
dense,14,3,4.0,1.5,200,mf,0.4990273570777917,0.9902833261637813,0.49964234260298834,0.4974898932648003,1,4,,,,,enumerate,0.0043
dense,14,3,4.0,1.5,200,lbp,0.009782350809784192,0.009782359056714549,0.009782350904926717,0.009782350571927875,1,27,1.9031274911540663e-07,,,,enumerate,0.0099
dense,14,3,4.0,1.5,200,gibbs,0.24028633846538985,0.24028657800822706,0.24028638090413607,0.24028623236852434,0,2000,,4.0,5617601238189621.0,2000,enumerate,12.1409
dense,14,3,0.0,0.5,201,exact,0.0,0.0,,,1,,,,,,enumerate,0.5638
dense,14,3,0.0,0.5,201,mf,7.238009794693515e-15,1.9713397581000436e-14,8.407857743364389e-15,4.313389923016331e-15,1,1,,,,,enumerate,0.0019
dense,14,3,0.0,0.5,201,lbp,7.270226087818799e-15,1.9720336474904343e-14,8.455042221910958e-15,4.3081857525884004e-15,1,3,0.0,,,,enumerate,0.0013
dense,14,3,0.0,0.5,201,gibbs,9.962269104895378e-15,2.3533258675101365e-14,1.1051576320753043e-14,7.239001065251216e-15,1,2000,,7745.7,1.00019,2000,enumerate,13.3133
dense,14,3,0.1,0.5,201,exact,0.0,0.0,,,1,,,,,,enumerate,1.2713
dense,14,3,0.1,0.5,201,mf,0.0017574942610039774,0.003122003521345139,0.0015839695259473637,0.0021913060986455115,1,6,,,,,enumerate,0.0086
dense,14,3,0.1,0.5,201,lbp,0.00024167006352071585,0.0004610015329584438,0.00021711609280541353,0.00030305499030897163,1,19,2.3809483357117855e-07,,,,enumerate,0.0084
dense,14,3,0.1,0.5,201,gibbs,0.00031744122120024254,0.0006646045824265784,0.00033838742134878545,0.00026507572082888533,1,2000,,6816.0,1.00064,2000,enumerate,13.6878
dense,14,3,0.25,0.5,201,exact,0.0,0.0,,,1,,,,,,enumerate,1.3583
dense,14,3,0.25,0.5,201,mf,0.01807695989249388,0.02797436217257384,0.017868607412493215,0.01859784109249555,1,13,,,,,enumerate,0.018
dense,14,3,0.25,0.5,201,lbp,0.006236425187684763,0.010606188431899082,0.005983468792830836,0.006868816174819583,1,33,4.670553324093163e-07,,,,enumerate,0.0141
dense,14,3,0.25,0.5,201,gibbs,0.0007949483857981795,0.001972335505684486,0.0008470367036018757,0.0006647275912889392,1,2000,,5333.4,1.00024,2000,enumerate,13.7272
dense,14,3,0.5,0.5,201,exact,0.0,0.0,,,1,,,,,,enumerate,1.2178
dense,14,3,0.5,0.5,201,mf,0.21748645264739255,0.31077709483296845,0.21780329983662355,0.21669433467431504,1,22,,,,,enumerate,0.03
dense,14,3,0.5,0.5,201,lbp,0.1826534346654158,0.2641852406551276,0.1857831141231961,0.17482923602096512,1,74,6.411034681463867e-07,,,,enumerate,0.0334
dense,14,3,0.5,0.5,201,gibbs,0.012196622681332822,0.016004573544285142,0.012791450747101623,0.01070955251691082,1,2000,,1462.5,1.00276,2000,enumerate,13.8052
dense,14,3,0.75,0.5,201,exact,0.0,0.0,,,1,,,,,,enumerate,1.3261
dense,14,3,0.75,0.5,201,mf,0.17843330172825062,0.18271977275920312,0.17839357942325856,0.17853260749073074,1,9,,,,,enumerate,0.0134
dense,14,3,0.75,0.5,201,lbp,0.17641809439720085,0.18103329910103477,0.17674274990481387,0.1756064556281683,1,37,2.1577395464822402e-07,,,,enumerate,0.0151
dense,14,3,0.75,0.5,201,gibbs,0.2776046127526284,0.2850788239994646,0.2779699719508953,0.2766912147569611,0,2000,,12.3,1.22689,2000,enumerate,13.779
dense,14,3,1.0,0.5,201,exact,0.0,0.0,,,1,,,,,,enumerate,1.2305
dense,14,3,1.0,0.5,201,mf,0.1800129900435901,0.18054762938068156,0.18003036619881133,0.17996954965553708,1,7,,,,,enumerate,0.0089
dense,14,3,1.0,0.5,201,lbp,0.17989732226891106,0.18054303185119439,0.179937786203853,0.17979616243155622,1,31,1.6050610485152106e-07,,,,enumerate,0.0136
dense,14,3,1.0,0.5,201,gibbs,0.4954790001350698,0.4972247515657728,0.49547442473549097,0.49549043863401654,0,2000,,4.8,2.49898,2000,enumerate,13.8995
dense,14,3,1.3,0.5,201,exact,0.0,0.0,,,1,,,,,,enumerate,1.2447
dense,14,3,1.3,0.5,201,mf,0.18072358272509037,0.18079676120696453,0.18072545186194203,0.18071890988296122,1,6,,,,,enumerate,0.0097
dense,14,3,1.3,0.5,201,lbp,0.18071977436281417,0.18079672092867777,0.18072237538491756,0.18071327180755567,1,28,2.1266737437741767e-07,,,,enumerate,0.0114
dense,14,3,1.3,0.5,201,gibbs,0.247188730758844,0.24729840100291814,0.24718149576494994,0.24720681824357918,0,2000,,4.3,3.96278,2000,enumerate,14.3616
dense,14,3,1.75,0.5,201,exact,0.0,0.0,,,1,,,,,,enumerate,1.2153
dense,14,3,1.75,0.5,201,mf,0.1808391747433764,0.18084260472393515,0.18083914436884957,0.18083925067969364,1,5,,,,,enumerate,0.0079
dense,14,3,1.75,0.5,201,lbp,0.18083915185460955,0.18084260468830898,0.1808391251867618,0.18083921852422896,1,27,1.9224563119202287e-07,,,,enumerate,0.0119
dense,14,3,1.75,0.5,201,gibbs,0.4972930200240538,0.4973042937738449,0.49729169126014555,0.4972963419338241,0,2000,,4.1,67.64838,2000,enumerate,13.7189
dense,14,3,2.5,0.5,201,exact,0.0,0.0,,,1,,,,,,enumerate,1.3056
dense,14,3,2.5,0.5,201,mf,0.18084487237270985,0.18084489496828796,0.18084487027973362,0.1808448776051505,1,4,,,,,enumerate,0.0081
dense,14,3,2.5,0.5,201,lbp,0.18084487236780689,0.1808448949682877,0.1808448702753261,0.18084487759900889,1,27,1.65877333535569e-07,,,,enumerate,0.0142
dense,14,3,2.5,0.5,201,gibbs,0.49730456433614145,0.497304658199488,0.49730454325910856,0.49730461702872375,0,2000,,4.0,6491245172516403.0,2000,enumerate,14.0873
dense,14,3,4.0,0.5,201,exact,0.0,0.0,,,1,,,,,,enumerate,1.2332
dense,14,3,4.0,0.5,201,mf,0.180844903248996,0.18084490325050717,0.18084490324858188,0.18084490325003133,1,4,,,,,enumerate,0.0062
dense,14,3,4.0,0.5,201,lbp,0.1808449032489959,0.18084490325050717,0.1808449032485818,0.18084490325003127,1,27,1.389119619332746e-07,,,,enumerate,0.0127
dense,14,3,4.0,0.5,201,gibbs,0.49730466207074614,0.4973046620798359,0.49730466206756124,0.4973046620787084,0,2000,,4.0,6491245172516403.0,2000,enumerate,13.7922
dense,14,3,0.0,1.5,201,exact,0.0,0.0,,,1,,,,,,enumerate,0.5646
dense,14,3,0.0,1.5,201,mf,9.024774974949627e-15,1.7409684804903236e-14,7.534597945557663e-15,1.2750217548429532e-14,1,1,,,,,enumerate,0.0014
dense,14,3,0.0,1.5,201,lbp,8.996152037596009e-15,1.7465195956134494e-14,7.500770837776116e-15,1.2734605037145741e-14,1,3,0.0,,,,enumerate,0.0011
dense,14,3,0.0,1.5,201,gibbs,1.1810740877368379e-14,2.5868196473766147e-14,1.0455525334407411e-14,1.5198779734770795e-14,1,2000,,7928.9,1.00043,2000,enumerate,11.3943
dense,14,3,0.1,1.5,201,exact,0.0,0.0,,,1,,,,,,enumerate,0.7813
dense,14,3,0.1,1.5,201,mf,0.0016845527882399908,0.003017614504720517,0.0017365996682997356,0.001554435588090629,1,5,,,,,enumerate,0.0042
dense,14,3,0.1,1.5,201,lbp,0.00018443359351916745,0.0003853917973554652,0.00019144525612891736,0.00016690443699479262,1,19,2.1832056540382894e-07,,,,enumerate,0.0043
dense,14,3,0.1,1.5,201,gibbs,0.0001745180742828751,0.0004435910924836389,0.00016271346022576506,0.00020402960942565024,1,2000,,6946.1,1.00105,2000,enumerate,10.4125
dense,14,3,0.25,1.5,201,exact,0.0,0.0,,,1,,,,,,enumerate,0.7896
dense,14,3,0.25,1.5,201,mf,0.011281155562347071,0.020494564755240963,0.012012689303690866,0.009452321208987584,1,8,,,,,enumerate,0.0055
dense,14,3,0.25,1.5,201,lbp,0.0031915962296429515,0.006354466155050819,0.003377690632032504,0.002726360223669069,1,24,4.25169492834776e-07,,,,enumerate,0.0046
dense,14,3,0.25,1.5,201,gibbs,0.0004819068877954393,0.0009267667889239356,0.00044632466338099635,0.0005708624488315467,1,2000,,5953.6,0.99998,2000,enumerate,10.3905
dense,14,3,0.5,1.5,201,exact,0.0,0.0,,,1,,,,,,enumerate,0.7798
dense,14,3,0.5,1.5,201,mf,0.07133949871254937,0.14986942662492256,0.0718218517902235,0.07013361601836401,1,16,,,,,enumerate,0.0105
dense,14,3,0.5,1.5,201,lbp,0.04625379534979758,0.089036970954422,0.046917018125416765,0.04459573841074964,1,54,6.400076004164923e-07,,,,enumerate,0.01
dense,14,3,0.5,1.5,201,gibbs,0.006074539678048401,0.010652835031928768,0.005935818508710081,0.006421342601394202,1,2000,,5414.1,1.00042,2000,enumerate,10.4726
dense,14,3,0.75,1.5,201,exact,0.0,0.0,,,1,,,,,,enumerate,0.8068
dense,14,3,0.75,1.5,201,mf,0.20100820387943358,0.251316958866466,0.19764881751916294,0.2094066697801102,1,52,,,,,enumerate,0.0335
dense,14,3,0.75,1.5,201,lbp,0.1933457074776452,0.23692082818083013,0.1904861047859394,0.20049471420690973,1,61,4.2677741379781864e-07,,,,enumerate,0.0124
dense,14,3,0.75,1.5,201,gibbs,0.04632595282384594,0.04927109660805412,0.04606661622469013,0.04697429432173546,1,2000,,574.3,1.00334,2000,enumerate,10.5887
dense,14,3,1.0,1.5,201,exact,0.0,0.0,,,1,,,,,,enumerate,0.8132
dense,14,3,1.0,1.5,201,mf,0.17811407110150362,0.17938153473616414,0.17789939928219364,0.1786507506497786,1,12,,,,,enumerate,0.008
dense,14,3,1.0,1.5,201,lbp,0.17773767974008794,0.1790059407020968,0.17754442226664752,0.17822082342368886,1,38,1.7261469131835128e-07,,,,enumerate,0.0075
dense,14,3,1.0,1.5,201,gibbs,0.07067892807248448,0.07133962387535583,0.07060572499174192,0.07086193577434094,0,2000,,6.5,1.63776,2000,enumerate,10.4632
dense,14,3,1.3,1.5,201,exact,0.0,0.0,,,1,,,,,,enumerate,0.8197
dense,14,3,1.3,1.5,201,mf,0.17848224740391197,0.1786093703499404,0.17845751847302876,0.17854406973111991,1,8,,,,,enumerate,0.0058
dense,14,3,1.3,1.5,201,lbp,0.17846971850636223,0.17860917976233298,0.17844528058020498,0.17853081332175544,1,32,1.49489396417124e-07,,,,enumerate,0.0061
dense,14,3,1.3,1.5,201,gibbs,0.24978991586293622,0.24998036369269522,0.24975087506198984,0.2498875178653022,0,2000,,4.1,6.7417,2000,enumerate,10.4989
dense,14,3,1.75,1.5,201,exact,0.0,0.0,,,1,,,,,,enumerate,0.8728
dense,14,3,1.75,1.5,201,mf,0.1786341016111915,0.1786402612870617,0.1786329438473303,0.1786369960208446,1,7,,,,,enumerate,0.0048
dense,14,3,1.75,1.5,201,lbp,0.17863402080897348,0.17864026111604653,0.1786328619245588,0.1786369180200102,1,29,1.943263463477507e-07,,,,enumerate,0.0056
dense,14,3,1.75,1.5,201,gibbs,0.2499718760622945,0.24998177606899352,0.24996945722719016,0.24997792315005551,0,2000,,4.0,20.4342,2000,enumerate,10.4074
dense,14,3,2.5,1.5,201,exact,0.0,0.0,,,1,,,,,,enumerate,0.8484
dense,14,3,2.5,1.5,201,mf,0.17864586657920375,0.17864590535136549,0.17864585791474813,0.17864588824034291,1,6,,,,,enumerate,0.0046
dense,14,3,2.5,1.5,201,lbp,0.17864586656043094,0.17864590535136404,0.17864585789440693,0.17864588822549105,1,28,1.9833020581394578e-07,,,,enumerate,0.006
dense,14,3,2.5,1.5,201,gibbs,0.49998162440306654,0.4999817901511414,0.49998157466184284,0.49998174875612567,0,2000,,4.0,6491245172516403.0,2000,enumerate,10.3818
dense,14,3,4.0,1.5,201,exact,0.0,0.0,,,1,,,,,,enumerate,0.8376
dense,14,3,4.0,1.5,201,mf,0.17864599328149758,0.17864599328377928,0.17864599328077252,0.17864599328331013,1,5,,,,,enumerate,0.0049
dense,14,3,4.0,1.5,201,lbp,0.1786459932814974,0.17864599328377928,0.17864599328077232,0.1786459932833101,1,28,1.5337053038688708e-07,,,,enumerate,0.007
dense,14,3,4.0,1.5,201,gibbs,0.4999817901889313,0.4999817902051048,0.4999817901829154,0.4999817902039711,0,2000,,4.0,6491245172516403.0,2000,enumerate,10.3953
dense,14,3,0.0,0.5,202,exact,0.0,0.0,,,1,,,,,,enumerate,0.4401
dense,14,3,0.0,0.5,202,mf,7.414084227505161e-15,1.6403545188836688e-14,8.529288386682765e-15,4.62607382956115e-15,1,1,,,,,enumerate,0.0007
dense,14,3,0.0,0.5,202,lbp,7.388620965054216e-15,1.634803403760543e-14,8.521655603388467e-15,4.556034369218587e-15,1,3,0.0,,,,enumerate,0.0008
dense,14,3,0.0,0.5,202,gibbs,1.0734592778164195e-14,2.5177776530327378e-14,1.2175677133186014e-14,7.131881890609648e-15,1,2000,,7611.5,1.00011,2000,enumerate,6.4309
dense,14,3,0.1,0.5,202,exact,0.0,0.0,,,1,,,,,,enumerate,0.7272
dense,14,3,0.1,0.5,202,mf,0.001160909487614638,0.002402814128624829,0.001077543644584299,0.0013693240951904854,1,5,,,,,enumerate,0.0025
dense,14,3,0.1,0.5,202,lbp,7.27150879660675e-05,0.0001562769111037171,6.860451643145443e-05,8.29915168026002e-05,1,18,1.966162067046362e-07,,,,enumerate,0.0037
dense,14,3,0.1,0.5,202,gibbs,0.0006579685411515723,0.0014102312324560072,0.0007949017763065978,0.00031563545326400845,1,2000,,7521.7,1.00015,2000,enumerate,6.3359
dense,14,3,0.25,0.5,202,exact,0.0,0.0,,,1,,,,,,enumerate,0.8004
dense,14,3,0.25,0.5,202,mf,0.008880015311172051,0.019556482621891205,0.008337470401207712,0.010236377586082899,1,9,,,,,enumerate,0.0043
dense,14,3,0.25,0.5,202,lbp,0.001525087003148098,0.0036725434774961263,0.0014208211894127317,0.001785751537486514,1,27,3.4692753325682446e-07,,,,enumerate,0.0056
dense,14,3,0.25,0.5,202,gibbs,0.0014247903604033667,0.0027878752843209995,0.0015583288973791687,0.0010909440179638608,1,2000,,6675.6,1.0007,2000,enumerate,6.4381
dense,14,3,0.5,0.5,202,exact,0.0,0.0,,,1,,,,,,enumerate,0.752
dense,14,3,0.5,0.5,202,mf,0.0893373970231099,0.1371023865778877,0.09433699886375461,0.07683839242149812,1,17,,,,,enumerate,0.0086
dense,14,3,0.5,0.5,202,lbp,0.034565834223786784,0.052238181330721445,0.03750986102563268,0.02720576721917204,1,54,6.350425711953989e-07,,,,enumerate,0.0112
dense,14,3,0.5,0.5,202,gibbs,0.0032603251881296084,0.007530878516069144,0.0029713164141839275,0.003982847122993812,1,2000,,2360.1,1.00252,2000,enumerate,6.3787
dense,14,3,0.75,0.5,202,exact,0.0,0.0,,,1,,,,,,enumerate,0.7673
dense,14,3,0.75,0.5,202,mf,0.017683068565998876,0.028147003545815112,0.017390379107451642,0.018414792212366953,1,8,,,,,enumerate,0.0039
dense,14,3,0.75,0.5,202,lbp,0.0101293013568055,0.013965484020548168,0.010204579290242122,0.009941106523213953,1,35,3.915001837162535e-07,,,,enumerate,0.007
dense,14,3,0.75,0.5,202,gibbs,0.0035275247972936788,0.004757057466066992,0.0036684169654401704,0.003175294376927449,1,2000,,3774.9,1.00182,2000,enumerate,6.334
dense,14,3,1.0,0.5,202,exact,0.0,0.0,,,1,,,,,,enumerate,0.7572
dense,14,3,1.0,0.5,202,mf,0.004149832257769414,0.005124333504696256,0.004134748449519217,0.004187541778394905,1,6,,,,,enumerate,0.0028
dense,14,3,1.0,0.5,202,lbp,0.0034002053176706098,0.003587624484884662,0.0033911935469129206,0.0034227347445648345,1,29,2.645850946114692e-07,,,,enumerate,0.0057
dense,14,3,1.0,0.5,202,gibbs,0.08689183785942818,0.08960594324524651,0.08675895631144903,0.087224041729376,0,2000,,12.1,1.23104,2000,enumerate,6.2544
dense,14,3,1.3,0.5,202,exact,0.0,0.0,,,1,,,,,,enumerate,0.7976
dense,14,3,1.3,0.5,202,mf,0.0029624795314013236,0.0030315401803399987,0.0029617546921518563,0.0029642916295249933,1,5,,,,,enumerate,0.0027
dense,14,3,1.3,0.5,202,lbp,0.002911120108218818,0.0029297152790235302,0.0029085154448811354,0.0029176317665630235,1,27,2.4448121282993895e-07,,,,enumerate,0.0059
dense,14,3,1.3,0.5,202,gibbs,0.24587921853495628,0.24753185816082907,0.24565013255643636,0.24645193348125605,0,2000,,4.9,2.3773,2000,enumerate,6.3832
dense,14,3,1.75,0.5,202,exact,0.0,0.0,,,1,,,,,,enumerate,0.7626
dense,14,3,1.75,0.5,202,mf,0.002851142537786146,0.0028533179745179518,0.0028508728579995845,0.0028518167372525486,1,4,,,,,enumerate,0.0021
dense,14,3,1.75,0.5,202,lbp,0.002850010680461605,0.0028519451512430682,0.002849603412500652,0.002851028850363988,1,26,1.778092091342387e-07,,,,enumerate,0.0055
dense,14,3,1.75,0.5,202,gibbs,0.2474520011285238,0.24764638574540843,0.2474035939025255,0.24757301919351954,0,2000,,4.4,3.39955,2000,enumerate,6.2946
dense,14,3,2.5,0.5,202,exact,0.0,0.0,,,1,,,,,,enumerate,0.7297
dense,14,3,2.5,0.5,202,mf,0.00284465796095041,0.0028447112146182557,0.0028446420840543434,0.002844697653190578,1,3,,,,,enumerate,0.0016
dense,14,3,2.5,0.5,202,lbp,0.0028446546858365584,0.002844711057977957,0.0028446378939540294,0.0028446966655428785,1,25,1.6551230463957012e-07,,,,enumerate,0.0055
dense,14,3,2.5,0.5,202,gibbs,0.49714576456097276,0.49715528481978094,0.4971432623739619,0.4971520200284997,0,2000,,4.0,5877473739351861.0,2000,enumerate,6.3262
dense,14,3,4.0,0.5,202,exact,0.0,0.0,,,1,,,,,,enumerate,0.7905
dense,14,3,4.0,0.5,202,mf,0.002844502301092388,0.002844502381468641,0.002844502271043094,0.0028445023762156234,1,3,,,,,enumerate,0.0015
dense,14,3,4.0,0.5,202,lbp,0.002844502300919121,0.002844502381468524,0.0028445022708040294,0.0028445023762068496,1,25,1.3414191912808349e-07,,,,enumerate,0.005
dense,14,3,4.0,0.5,202,gibbs,0.4971554837203077,0.49715549761851124,0.4971554786843395,0.49715549631022826,0,2000,,4.0,5553690661299247.0,2000,enumerate,6.3885
dense,14,3,0.0,1.5,202,exact,0.0,0.0,,,1,,,,,,enumerate,0.4444
dense,14,3,0.0,1.5,202,mf,1.0037295895231375e-14,2.2176704916887502e-14,1.0364452351918629e-14,9.219404753513238e-15,1,1,,,,,enumerate,0.0007
dense,14,3,0.0,1.5,202,lbp,1.0058174531352952e-14,2.2273849431542203e-14,1.0405044881256487e-14,9.190998656594118e-15,1,3,0.0,,,,enumerate,0.0008
dense,14,3,0.0,1.5,202,gibbs,1.3795202579475989e-14,3.136380044566067e-14,1.427625379024633e-14,1.259257455255014e-14,1,2000,,8058.6,1.00041,2000,enumerate,6.285
dense,14,3,0.1,1.5,202,exact,0.0,0.0,,,1,,,,,,enumerate,0.7436
dense,14,3,0.1,1.5,202,mf,0.0012962406625009713,0.0019787741847134555,0.0013316576831180341,0.0012076981109583136,1,5,,,,,enumerate,0.0026
dense,14,3,0.1,1.5,202,lbp,6.807350733222797e-05,0.0001258237843941648,6.766474056671933e-05,6.909542424599958e-05,1,19,2.0279867546380004e-07,,,,enumerate,0.0039
dense,14,3,0.1,1.5,202,gibbs,0.00048054094138528554,0.0009020923679041518,0.0005294449044452639,0.0003582810337353396,1,2000,,7441.0,1.00044,2000,enumerate,6.3515
dense,14,3,0.25,1.5,202,exact,0.0,0.0,,,1,,,,,,enumerate,0.7594
dense,14,3,0.25,1.5,202,mf,0.009574636269993263,0.014458812065243264,0.010165992950028764,0.008096244569904513,1,9,,,,,enumerate,0.0046
dense,14,3,0.25,1.5,202,lbp,0.001382171340236634,0.0022030242904496067,0.001418254921540726,0.001291962386976404,1,26,3.4400998644157355e-07,,,,enumerate,0.0053
dense,14,3,0.25,1.5,202,gibbs,0.0007360220954920598,0.002174085619411556,0.0006993043354975184,0.0008278164954784136,1,2000,,6621.3,1.00005,2000,enumerate,6.4434
dense,14,3,0.5,1.5,202,exact,0.0,0.0,,,1,,,,,,enumerate,0.7374
dense,14,3,0.5,1.5,202,mf,0.039683064591292685,0.07163654827445184,0.035670665363709164,0.04971406266025149,1,14,,,,,enumerate,0.0072
dense,14,3,0.5,1.5,202,lbp,0.012402045642872946,0.026664327129647926,0.011742138690226587,0.014051813024488845,1,43,4.695577715541077e-07,,,,enumerate,0.0095
dense,14,3,0.5,1.5,202,gibbs,0.0012324113626937048,0.0025282763541539313,0.0011881478917209131,0.001343070040125684,1,2000,,3625.2,1.00099,2000,enumerate,6.443
dense,14,3,0.75,1.5,202,exact,0.0,0.0,,,1,,,,,,enumerate,0.7521
dense,14,3,0.75,1.5,202,mf,0.01188133261382025,0.03798967823252322,0.01023323372797037,0.01600157982844494,1,8,,,,,enumerate,0.0043
dense,14,3,0.75,1.5,202,lbp,0.00444519303661909,0.009738114543000652,0.003826979025951578,0.0059907280632878705,1,34,3.769010756826674e-07,,,,enumerate,0.0071
dense,14,3,0.75,1.5,202,gibbs,0.0007388688200316329,0.0014482214004775656,0.0006566177147930413,0.000944496583128112,1,2000,,4577.6,1.0006,2000,enumerate,6.403
dense,14,3,1.0,1.5,202,exact,0.0,0.0,,,1,,,,,,enumerate,0.7479
dense,14,3,1.0,1.5,202,mf,0.0014486538479198086,0.0044684804330503616,0.0014428949744204676,0.0014630510316681607,1,6,,,,,enumerate,0.0031
dense,14,3,1.0,1.5,202,lbp,0.0005583611008315185,0.0008354385970484543,0.0005299788565685052,0.0006293167114890522,1,29,2.697765928427742e-07,,,,enumerate,0.0062
dense,14,3,1.0,1.5,202,gibbs,0.0004695779663506553,0.0008093905557438744,0.00045687739558231583,0.0005013293932715042,1,2000,,6807.2,1.00043,2000,enumerate,6.3671
dense,14,3,1.3,1.5,202,exact,0.0,0.0,,,1,,,,,,enumerate,0.7742
dense,14,3,1.3,1.5,202,mf,0.00039374373624682626,0.0005680653638690414,0.00039830403110839693,0.0003823429990928994,1,5,,,,,enumerate,0.0026
dense,14,3,1.3,1.5,202,lbp,0.0003350052658993693,0.00034294950780601664,0.00033352245777675546,0.00033871228620590383,1,28,1.794134741883724e-07,,,,enumerate,0.0059
dense,14,3,1.3,1.5,202,gibbs,0.2466901908184472,0.24954187990054089,0.2458851441426257,0.24870280750800106,0,2000,,4.8,2.53367,2000,enumerate,6.4387
dense,14,3,1.75,1.5,202,exact,0.0,0.0,,,1,,,,,,enumerate,0.7628
dense,14,3,1.75,1.5,202,mf,0.0003217834130328623,0.00032408653851271,0.00032174358744327316,0.0003218829770068351,1,4,,,,,enumerate,0.0024
dense,14,3,1.75,1.5,202,lbp,0.00032088013246269837,0.0003212816690748782,0.00032075510408891597,0.00032119270339715425,1,27,1.380924172789122e-07,,,,enumerate,0.0061
dense,14,3,1.75,1.5,202,gibbs,0.2493905283263021,0.2496783908076844,0.24930294531777433,0.24960948584762155,0,2000,,4.2,4.40691,2000,enumerate,6.3186
dense,14,3,2.5,1.5,202,exact,0.0,0.0,,,1,,,,,,enumerate,0.7791
dense,14,3,2.5,1.5,202,mf,0.0003196251227017472,0.00031963652439070554,0.0003196213573904915,0.0003196345359798864,1,3,,,,,enumerate,0.0016
dense,14,3,2.5,1.5,202,lbp,0.0003196239356285367,0.0003196349300456066,0.0003196200836715924,0.0003196335655208974,1,25,2.0321563742875526e-07,,,,enumerate,0.0055
dense,14,3,2.5,1.5,202,gibbs,0.2496731531723499,0.24968160017653074,0.24967019864720555,0.24968053948521063,0,2000,,4.0,14.85727,2000,enumerate,6.4331
dense,14,3,4.0,1.5,202,exact,0.0,0.0,,,1,,,,,,enumerate,0.779
dense,14,3,4.0,1.5,202,mf,0.0003195680399376277,0.00031956805439453857,0.0003195680343370962,0.0003195680539389567,1,3,,,,,enumerate,0.0018
dense,14,3,4.0,1.5,202,lbp,0.00031956803986376203,0.00031956805439453727,0.00031956803423805445,0.0003195680539280309,1,25,1.4732806863371195e-07,,,,enumerate,0.005
dense,14,3,4.0,1.5,202,gibbs,0.24968165727614916,0.24968167020463738,0.24968165224571442,0.24968166985223605,0,2000,,4.0,5617601238189621.0,2000,enumerate,6.4681
dense,14,3,0.0,0.5,203,exact,0.0,0.0,,,1,,,,,,enumerate,0.4534
dense,14,3,0.0,0.5,203,mf,1.0998146837692957e-14,2.0899948438568572e-14,1.1410664080280242e-14,9.966853731224745e-15,1,1,,,,,enumerate,0.0009
dense,14,3,0.0,0.5,203,lbp,1.0997527293594393e-14,2.0650148258027912e-14,1.1445705494494973e-14,9.877081791342945e-15,1,3,0.0,,,,enumerate,0.0008
dense,14,3,0.0,0.5,203,gibbs,1.1947412305511408e-14,2.2440382885235977e-14,1.0730652477697334e-14,1.4989311875046596e-14,1,2000,,8161.1,1.00043,2000,enumerate,7.8938
dense,14,3,0.1,0.5,203,exact,0.0,0.0,,,1,,,,,,enumerate,0.8307
dense,14,3,0.1,0.5,203,mf,0.0015312912712671528,0.0029765547837912604,0.0014673997504641243,0.001691020073274724,1,5,,,,,enumerate,0.003
dense,14,3,0.1,0.5,203,lbp,0.0001453986110665002,0.00025201972746518794,0.0001390453698950446,0.00016128171399513915,1,18,1.917581654575784e-07,,,,enumerate,0.0037
dense,14,3,0.1,0.5,203,gibbs,0.0006552986975417085,0.0012257889111713521,0.0006118895318829945,0.0007638216116884937,1,2000,,7996.5,1.00019,2000,enumerate,7.7491
dense,14,3,0.25,0.5,203,exact,0.0,0.0,,,1,,,,,,enumerate,0.7865
dense,14,3,0.25,0.5,203,mf,0.0124733055660002,0.02228489196043218,0.012739409929144695,0.01180804465813896,1,9,,,,,enumerate,0.0053
dense,14,3,0.25,0.5,203,lbp,0.003336181012811803,0.006201605570486511,0.003361312982240626,0.0032733510892397457,1,26,4.3046903513976886e-07,,,,enumerate,0.0052
dense,14,3,0.25,0.5,203,gibbs,0.002652103720772002,0.004252462213847688,0.0024767468192597453,0.003090495974552643,1,2000,,7380.2,1.00046,2000,enumerate,7.7933
dense,14,3,0.5,0.5,203,exact,0.0,0.0,,,1,,,,,,enumerate,0.7946
dense,14,3,0.5,0.5,203,mf,0.24104419245343686,0.35734390297501306,0.2352263073167114,0.25558890529525047,1,29,,,,,enumerate,0.0171
dense,14,3,0.5,0.5,203,lbp,0.1516883546288296,0.2442676790681168,0.14798650425655374,0.1609429805595192,1,107,7.668809104965923e-07,,,,enumerate,0.0215
dense,14,3,0.5,0.5,203,gibbs,0.011022779854680807,0.015931433559154155,0.011074124745436027,0.010894417627792759,1,2000,,2337.7,1.00092,2000,enumerate,7.8358
dense,14,3,0.75,0.5,203,exact,0.0,0.0,,,1,,,,,,enumerate,0.8042
dense,14,3,0.75,0.5,203,mf,0.18144447662892116,0.1992227175888729,0.18271807483471644,0.17826048111443293,1,9,,,,,enumerate,0.0053
dense,14,3,0.75,0.5,203,lbp,0.17689460829864162,0.19260485851748227,0.1776354319074192,0.17504254927669774,1,38,3.315100607914623e-07,,,,enumerate,0.0077
dense,14,3,0.75,0.5,203,gibbs,0.06688825326621387,0.0724323184060187,0.06604293997852675,0.06900153648543161,0,2000,,61.5,1.04347,2000,enumerate,9.5418
dense,14,3,1.0,0.5,203,exact,0.0,0.0,,,1,,,,,,enumerate,0.9012
dense,14,3,1.0,0.5,203,mf,0.14298543578343617,0.14607454576913936,0.14302512524960478,0.14288621211801472,1,6,,,,,enumerate,0.0067
dense,14,3,1.0,0.5,203,lbp,0.1426649563957648,0.14588375932514816,0.14265324789010245,0.14269422765992062,1,30,2.6679578235544454e-07,,,,enumerate,0.0108
dense,14,3,1.0,0.5,203,gibbs,0.1237716310209938,0.12702657384163582,0.12397920829920672,0.12325268782546143,0,2000,,10.6,1.28608,2000,enumerate,9.9016
dense,14,3,1.3,0.5,203,exact,0.0,0.0,,,1,,,,,,enumerate,0.9663
dense,14,3,1.3,0.5,203,mf,0.1348404205253551,0.1355441240209887,0.13475290751392036,0.13505920305394206,1,5,,,,,enumerate,0.0055
dense,14,3,1.3,0.5,203,lbp,0.1348236591341049,0.13554241079757606,0.13473317540450824,0.13504986845809663,1,28,1.6382654977054045e-07,,,,enumerate,0.0099
dense,14,3,1.3,0.5,203,gibbs,0.137105730490007,0.13792978699112873,0.1370528769546284,0.13723786432845347,0,2000,,6.1,1.73466,2000,enumerate,10.1632
dense,14,3,1.75,0.5,203,exact,0.0,0.0,,,1,,,,,,enumerate,0.9734
dense,14,3,1.75,0.5,203,mf,0.13344314941322452,0.13353857165483213,0.1334177226689044,0.13350671627402477,1,4,,,,,enumerate,0.004
dense,14,3,1.75,0.5,203,lbp,0.13344292064662788,0.1335385674451275,0.13341745254434828,0.13350659090232675,1,26,2.4564983969188603e-07,,,,enumerate,0.0101
dense,14,3,1.75,0.5,203,gibbs,0.14011679126680296,0.14022834571151196,0.14009079239773953,0.1401817884394616,0,2000,,4.4,3.40551,2000,enumerate,9.568
dense,14,3,2.5,0.5,203,exact,0.0,0.0,,,1,,,,,,enumerate,0.862
dense,14,3,2.5,0.5,203,mf,0.1333498684142135,0.13335397227390144,0.1333483665655369,0.13335362303590503,1,4,,,,,enumerate,0.004
dense,14,3,2.5,0.5,203,lbp,0.13334986817328118,0.13335397227377027,0.13334836627638003,0.13335362291553401,1,26,1.3867596826422357e-07,,,,enumerate,0.0094
dense,14,3,2.5,0.5,203,gibbs,0.1404716270410254,0.14047640971394354,0.14046991990889154,0.14047589487136,0,2000,,4.0,5617601238189621.0,2000,enumerate,9.2019
dense,14,3,4.0,0.5,203,exact,0.0,0.0,,,1,,,,,,enumerate,0.9153
dense,14,3,4.0,0.5,203,mf,0.13334866737854173,0.13334867682400708,0.133348663617479,0.13334867678119858,1,3,,,,,enumerate,0.0033
dense,14,3,4.0,0.5,203,lbp,0.13334866737811274,0.13334867682400708,0.13334866361687844,0.13334867678119838,1,25,2.4616060345650226e-07,,,,enumerate,0.0077
dense,14,3,4.0,0.5,203,gibbs,0.36665129816747977,0.3666513231759929,0.3666512881901013,0.36665132311092596,0,2000,,4.0,5877473739351861.0,2000,enumerate,9.5811
dense,14,3,0.0,1.5,203,exact,0.0,0.0,,,1,,,,,,enumerate,0.5791
dense,14,3,0.0,1.5,203,mf,9.97484585009621e-15,2.6631474803195943e-14,8.930963607545195e-15,1.2584551456473747e-14,1,1,,,,,enumerate,0.001
dense,14,3,0.0,1.5,203,lbp,9.978687023507301e-15,2.6825763832505345e-14,8.911534704614254e-15,1.2646567820739918e-14,1,3,0.0,,,,enumerate,0.0008
dense,14,3,0.0,1.5,203,gibbs,1.2468324983583301e-14,3.493039191226899e-14,1.095304402731756e-14,1.6256527374247653e-14,1,2000,,8132.6,1.00004,2000,enumerate,9.7761
dense,14,3,0.1,1.5,203,exact,0.0,0.0,,,1,,,,,,enumerate,0.9195
dense,14,3,0.1,1.5,203,mf,0.001469461353450037,0.0027909381376317946,0.0014423939472975882,0.0015371298688311593,1,5,,,,,enumerate,0.0059
dense,14,3,0.1,1.5,203,lbp,0.00013210023727592814,0.0003037175976174991,0.00012756656899374965,0.0001434344079813744,1,19,1.844684735519131e-07,,,,enumerate,0.0076
dense,14,3,0.1,1.5,203,gibbs,0.0005284296910908287,0.0011992429871485882,0.0005096455256837236,0.0005753901046085916,1,2000,,8122.0,0.99991,2000,enumerate,9.8269
dense,14,3,0.25,1.5,203,exact,0.0,0.0,,,1,,,,,,enumerate,0.9227
dense,14,3,0.25,1.5,203,mf,0.011745799786254984,0.02841496909144979,0.011761990336860855,0.011705323409740306,1,9,,,,,enumerate,0.0099
dense,14,3,0.25,1.5,203,lbp,0.0028569276612313435,0.00786277018628051,0.0028500146083513486,0.002874210293431331,1,27,4.6751806337397284e-07,,,,enumerate,0.0106
dense,14,3,0.25,1.5,203,gibbs,0.0014253606555002624,0.003713121312287085,0.0012574138286233082,0.001845227722692648,1,2000,,6612.6,1.00033,2000,enumerate,9.7659
dense,14,3,0.5,1.5,203,exact,0.0,0.0,,,1,,,,,,enumerate,0.9606
dense,14,3,0.5,1.5,203,mf,0.08081560171039019,0.1535445267543562,0.07163079563859244,0.10377761688988459,1,19,,,,,enumerate,0.0152
dense,14,3,0.5,1.5,203,lbp,0.04255854390120912,0.07497350135820148,0.03867782548661708,0.052260339937689214,1,54,6.273831015812803e-07,,,,enumerate,0.0183
dense,14,3,0.5,1.5,203,gibbs,0.006728702766547525,0.009576407927237296,0.006542337366474117,0.007194616266731044,1,2000,,2790.2,1.00105,2000,enumerate,9.9196
dense,14,3,0.75,1.5,203,exact,0.0,0.0,,,1,,,,,,enumerate,0.8907
dense,14,3,0.75,1.5,203,mf,0.03373023200274151,0.055162606050371155,0.03308751224575347,0.035337031395211604,1,8,,,,,enumerate,0.0076
dense,14,3,0.75,1.5,203,lbp,0.028168839035636075,0.03630286612454419,0.027331183274963873,0.03026297843731658,1,36,2.5395443509212967e-07,,,,enumerate,0.0114
dense,14,3,0.75,1.5,203,gibbs,0.015096645932830515,0.018522111541410678,0.014794828935560295,0.015851188426006066,1,2000,,2945.4,1.00168,2000,enumerate,9.9853
dense,14,3,1.0,1.5,203,exact,0.0,0.0,,,1,,,,,,enumerate,0.8905
dense,14,3,1.0,1.5,203,mf,0.024891180476119764,0.026509208994571622,0.024704271621171742,0.025358452613489818,1,6,,,,,enumerate,0.0065
dense,14,3,1.0,1.5,203,lbp,0.024462297258392725,0.025255258081112834,0.024237525085018207,0.025024227691829028,1,29,2.2959432277591674e-07,,,,enumerate,0.0099
dense,14,3,1.0,1.5,203,gibbs,0.024430673208317717,0.025137603319185402,0.02421959334993738,0.024958372854268565,1,2000,,7210.8,1.00043,2000,enumerate,10.0625
dense,14,3,1.3,1.5,203,exact,0.0,0.0,,,1,,,,,,enumerate,0.9059
dense,14,3,1.3,1.5,203,mf,0.02637439508584381,0.026593406507857888,0.026303488962048628,0.026551660395331786,1,5,,,,,enumerate,0.0063
dense,14,3,1.3,1.5,203,lbp,0.026351357169727727,0.0265571021174669,0.02627838906758135,0.026533777425093684,1,27,2.6455364210420385e-07,,,,enumerate,0.0107
dense,14,3,1.3,1.5,203,gibbs,0.24667392130464152,0.24912678285929904,0.2461972070455926,0.2478657069522639,0,2000,,4.9,2.41629,2000,enumerate,9.8146
dense,14,3,1.75,1.5,203,exact,0.0,0.0,,,1,,,,,,enumerate,0.8784
dense,14,3,1.75,1.5,203,mf,0.027360238180864315,0.027392924240696823,0.0273477430064611,0.027391476116872367,1,4,,,,,enumerate,0.0051
dense,14,3,1.75,1.5,203,lbp,0.027359927197551006,0.027392635610914064,0.027347411154946266,0.02739121730406286,1,27,1.6350930842623512e-07,,,,enumerate,0.0112
dense,14,3,1.75,1.5,203,gibbs,0.24880400485013277,0.24916657339001713,0.24869209831560876,0.24908377118644276,0,2000,,4.3,3.75496,2000,enumerate,9.9589
dense,14,3,2.5,1.5,203,exact,0.0,0.0,,,1,,,,,,enumerate,0.8904
dense,14,3,2.5,1.5,203,mf,0.027560759732949254,0.027562306786551964,0.027560146592749114,0.02756229258344959,1,3,,,,,enumerate,0.0043
dense,14,3,2.5,1.5,203,lbp,0.027560759414574674,0.027562306785683527,0.027560146249786387,0.027562292326545404,1,26,1.460357254012834e-07,,,,enumerate,0.0084
dense,14,3,2.5,1.5,203,gibbs,0.24915516378792932,0.24917179253271554,0.2491488774883285,0.24917087953693134,0,2000,,4.0,5617601238189621.0,2000,enumerate,10.2894
dense,14,3,4.0,1.5,203,exact,0.0,0.0,,,1,,,,,,enumerate,0.8902
dense,14,3,4.0,1.5,203,mf,0.02757084631287562,0.027570850006786753,0.027570844835992148,0.027570850005084302,1,3,,,,,enumerate,0.0043
dense,14,3,4.0,1.5,203,lbp,0.02757084631224549,0.027570850006786753,0.027570844835110103,0.027570850005083962,1,25,1.9720228761066494e-07,,,,enumerate,0.0109
dense,14,3,4.0,1.5,203,gibbs,0.2491719912741402,0.2491720308531973,0.24917197548739525,0.24917203074100247,0,2000,,4.0,5617601238189621.0,2000,enumerate,9.9466
dense,14,3,0.0,0.5,204,exact,0.0,0.0,,,1,,,,,,enumerate,0.5641
dense,14,3,0.0,0.5,204,mf,1.254886571639651e-14,3.284872374109682e-14,1.3065590276362116e-14,1.1257054316482495e-14,1,1,,,,,enumerate,0.001
dense,14,3,0.0,0.5,204,lbp,1.2575134386175587e-14,3.299444051307887e-14,1.3097509188320089e-14,1.1269197380814333e-14,1,3,0.0,,,,enumerate,0.001
dense,14,3,0.0,0.5,204,gibbs,1.606242420816782e-14,3.184258412503027e-14,1.6823695214718272e-14,1.4159246691791694e-14,1,2000,,7380.1,1.00052,2000,enumerate,11.8868
dense,14,3,0.1,0.5,204,exact,0.0,0.0,,,1,,,,,,enumerate,0.8567
dense,14,3,0.1,0.5,204,mf,0.0013278762089523298,0.003053984539150595,0.0014281279118229476,0.0010772469517757856,1,6,,,,,enumerate,0.0055
dense,14,3,0.1,0.5,204,lbp,0.0001389627464809719,0.00035491211688365443,0.00015575872755265208,9.697279380177135e-05,1,19,2.2181382064445643e-07,,,,enumerate,0.006
dense,14,3,0.1,0.5,204,gibbs,0.0005816701028553201,0.0012214020178205054,0.0005421941760919851,0.0006803599197636578,1,2000,,6978.3,1.00014,2000,enumerate,11.5869
dense,14,3,0.25,0.5,204,exact,0.0,0.0,,,1,,,,,,enumerate,0.9164
dense,14,3,0.25,0.5,204,mf,0.01585205298853895,0.027763247235717638,0.015735710835663125,0.016142908370728515,1,12,,,,,enumerate,0.0118
dense,14,3,0.25,0.5,204,lbp,0.0039569919353685075,0.008229661136804896,0.00407142181204489,0.003670917243677552,1,32,3.857865648604353e-07,,,,enumerate,0.0111
dense,14,3,0.25,0.5,204,gibbs,0.0021182465784880737,0.003689335182455733,0.002090335548644734,0.0021880241530964233,1,2000,,5073.1,1.00109,2000,enumerate,12.0252
dense,14,3,0.5,0.5,204,exact,0.0,0.0,,,1,,,,,,enumerate,0.8986
dense,14,3,0.5,0.5,204,mf,0.03422399426264456,0.05813136396594788,0.03275945898257908,0.03788533246280825,1,10,,,,,enumerate,0.0121
dense,14,3,0.5,0.5,204,lbp,0.01714170307842569,0.026609885550854036,0.016013569064787965,0.019962038112520012,1,40,3.636694246855754e-07,,,,enumerate,0.0154
dense,14,3,0.5,0.5,204,gibbs,0.005379067531967148,0.010541013771847116,0.005151576921121542,0.005947794059081164,1,2000,,3019.2,1.00044,2000,enumerate,12.3552
dense,14,3,0.75,0.5,204,exact,0.0,0.0,,,1,,,,,,enumerate,0.9418
dense,14,3,0.75,0.5,204,mf,0.0022552202704893267,0.006508933518304717,0.0021513388844534567,0.002514923735579,1,6,,,,,enumerate,0.008
dense,14,3,0.75,0.5,204,lbp,0.0008778133848865051,0.0014726249115519178,0.0008305266551015643,0.0009960302093488568,1,29,2.5446399748441095e-07,,,,enumerate,0.012
dense,14,3,0.75,0.5,204,gibbs,0.008434321637769537,0.009298317219771228,0.008296833624131025,0.008778041671865815,1,2000,,897.6,1.00493,2000,enumerate,11.5078
dense,14,3,1.0,0.5,204,exact,0.0,0.0,,,1,,,,,,enumerate,0.899
dense,14,3,1.0,0.5,204,mf,0.00039986149457809386,0.000758420214602184,0.0003865627492070315,0.0004331083580057496,1,5,,,,,enumerate,0.0044
dense,14,3,1.0,0.5,204,lbp,0.00028637925527533886,0.0003062403609874532,0.000284723067608549,0.00029051972444231363,1,26,2.3419941475033568e-07,,,,enumerate,0.0081
dense,14,3,1.0,0.5,204,gibbs,0.14904662098871332,0.15119937185126373,0.14908639979018817,0.14894717398502616,0,2000,,7.1,1.53388,2000,enumerate,11.4592
dense,14,3,1.3,0.5,204,exact,0.0,0.0,,,1,,,,,,enumerate,0.9042
dense,14,3,1.3,0.5,204,mf,0.0002608550584047574,0.0002787030534682861,0.00025987712865855076,0.000263299882770274,1,4,,,,,enumerate,0.0043
dense,14,3,1.3,0.5,204,lbp,0.000254931197834692,0.0002554437347067413,0.0002549019611689079,0.0002550042894991521,1,25,1.8261556078424945e-07,,,,enumerate,0.0071
dense,14,3,1.3,0.5,204,gibbs,0.7482003123797146,0.7496975866786243,0.7484182936825551,0.7476553591226129,0,2000,,4.4,3.63346,2000,enumerate,11.8861
dense,14,3,1.75,0.5,204,exact,0.0,0.0,,,1,,,,,,enumerate,0.8731
dense,14,3,1.75,0.5,204,mf,0.0002520739651067953,0.00025228283118895994,0.00025206071111919795,0.0002521071000757888,1,3,,,,,enumerate,0.0035
dense,14,3,1.75,0.5,204,lbp,0.00025200037944458876,0.00025203299826419756,0.0002520028619881218,0.0002519941730857562,1,24,1.9530275841006528e-07,,,,enumerate,0.0117
dense,14,3,1.75,0.5,204,gibbs,0.7496197829249149,0.7497471631344387,0.7496560548186617,0.7495291031905482,0,2000,,4.1,8.79042,2000,enumerate,11.4836
dense,14,3,2.5,0.5,204,exact,0.0,0.0,,,1,,,,,,enumerate,0.8666
dense,14,3,2.5,0.5,204,mf,0.00025184287689457844,0.0002518434480042855,0.0002518429654424711,0.0002518426555248466,1,3,,,,,enumerate,0.003
dense,14,3,2.5,0.5,204,lbp,0.00025184281824746615,0.0002518433657368816,0.00025184292233562525,0.00025184255802706835,1,24,1.672516799500201e-07,,,,enumerate,0.0078
dense,14,3,2.5,0.5,204,gibbs,0.7498299957984077,0.7499800076369963,0.7498430591388247,0.7497973374473653,0,2000,,4.0,12.57551,2000,enumerate,11.6051
dense,14,3,4.0,0.5,204,exact,0.0,0.0,,,1,,,,,,enumerate,0.9676
dense,14,3,4.0,0.5,204,mf,0.00025184159722830895,0.00025184159745997086,0.0002518415973001524,0.0002518415970487003,1,3,,,,,enumerate,0.0058
dense,14,3,4.0,0.5,204,lbp,0.0002518415972205913,0.00025184159745997086,0.0002518415972961923,0.00025184159703158876,1,24,1.8447427507783942e-07,,,,enumerate,0.0124
dense,14,3,4.0,0.5,204,gibbs,0.7498638592001766,0.7499802943408919,0.7498869305736088,0.7498061807665963,0,2000,,4.0,5877473739351861.0,2000,enumerate,11.803
dense,14,3,0.0,1.5,204,exact,0.0,0.0,,,1,,,,,,enumerate,0.5782
dense,14,3,0.0,1.5,204,mf,1.197931882658741e-14,2.225997164373439e-14,1.1342315975326755e-14,1.3571825954739047e-14,1,1,,,,,enumerate,0.001
dense,14,3,0.0,1.5,204,lbp,1.2012030754991544e-14,2.220446049250313e-14,1.1386031006921372e-14,1.3577030125166978e-14,1,3,0.0,,,,enumerate,0.0012
dense,14,3,0.0,1.5,204,gibbs,1.0182517031934576e-14,2.688821387764051e-14,9.669869072137516e-15,1.1464136931427227e-14,1,2000,,8278.5,1.00072,2000,enumerate,11.5489
dense,14,3,0.1,1.5,204,exact,0.0,0.0,,,1,,,,,,enumerate,0.8913
dense,14,3,0.1,1.5,204,mf,0.0013540506088540317,0.0021559860565323608,0.0015330996350058814,0.0009064280434744074,1,6,,,,,enumerate,0.0076
dense,14,3,0.1,1.5,204,lbp,0.00011731669376770939,0.00021519311964342952,0.00013774223476509468,6.625284127424616e-05,1,19,2.997177372399129e-07,,,,enumerate,0.0054
dense,14,3,0.1,1.5,204,gibbs,0.0007193124743913904,0.001428064354424663,0.0006546989842868601,0.0008808461996527158,1,2000,,7678.4,1.00062,2000,enumerate,11.3256
dense,14,3,0.25,1.5,204,exact,0.0,0.0,,,1,,,,,,enumerate,0.9083
dense,14,3,0.25,1.5,204,mf,0.010887140297822145,0.01620127780255993,0.011201261047404296,0.010101838423866765,1,10,,,,,enumerate,0.0102
dense,14,3,0.25,1.5,204,lbp,0.0023074867944975095,0.004293601754289847,0.002468033466038545,0.0019061201156449195,1,29,4.0217438029843677e-07,,,,enumerate,0.0079
dense,14,3,0.25,1.5,204,gibbs,0.002579025644918224,0.005205868964512209,0.0022406937341992524,0.003424855421715652,1,2000,,6342.8,1.00015,2000,enumerate,11.3016
dense,14,3,0.5,1.5,204,exact,0.0,0.0,,,1,,,,,,enumerate,0.8551
dense,14,3,0.5,1.5,204,mf,0.03905444081574443,0.09242124783199655,0.03581997377335792,0.04714060842171072,1,14,,,,,enumerate,0.0153
dense,14,3,0.5,1.5,204,lbp,0.01649283257676745,0.040870660675584536,0.01398697166779756,0.022757484849192176,1,46,5.533086639419871e-07,,,,enumerate,0.0171
dense,14,3,0.5,1.5,204,gibbs,0.005497902086477392,0.012064234740640778,0.00503150194114709,0.006663902449803143,1,2000,,3582.8,1.00008,2000,enumerate,11.2149
dense,14,3,0.75,1.5,204,exact,0.0,0.0,,,1,,,,,,enumerate,0.8596
dense,14,3,0.75,1.5,204,mf,0.004849944409988851,0.01879520905686817,0.005227726601917683,0.0039054889301667725,1,7,,,,,enumerate,0.0089
dense,14,3,0.75,1.5,204,lbp,0.001963398490708912,0.005530045014234004,0.0020188035675371627,0.0018248857986382853,1,32,3.4255056996501665e-07,,,,enumerate,0.0104
dense,14,3,0.75,1.5,204,gibbs,0.0005861692028269414,0.0023107142322593976,0.0005697107597549296,0.0006273153105069705,1,2000,,5210.2,1.00025,2000,enumerate,11.3431
dense,14,3,1.0,1.5,204,exact,0.0,0.0,,,1,,,,,,enumerate,0.8894
dense,14,3,1.0,1.5,204,mf,0.00029051966852908933,0.0014073061196825097,0.0003156490154855885,0.00022769630113784128,1,5,,,,,enumerate,0.0045
dense,14,3,1.0,1.5,204,lbp,6.478058720401317e-05,0.00020847709384223183,6.958189074337473e-05,5.277732835560932e-05,1,28,1.716242801208523e-07,,,,enumerate,0.009
dense,14,3,1.0,1.5,204,gibbs,4.126517868929134e-05,0.00011271327037362287,3.541854413485193e-05,5.588176507538987e-05,1,2000,,7105.6,1.00017,2000,enumerate,11.3722
dense,14,3,1.3,1.5,204,exact,0.0,0.0,,,1,,,,,,enumerate,0.8655
dense,14,3,1.3,1.5,204,mf,1.4684870157732517e-05,6.259375353244071e-05,1.5102577633482194e-05,1.3640601468358332e-05,1,4,,,,,enumerate,0.0043
dense,14,3,1.3,1.5,204,lbp,4.464972801620118e-06,6.847848634424327e-06,4.508305994616213e-06,4.356639819129883e-06,1,26,1.3834208134611004e-07,,,,enumerate,0.0082
dense,14,3,1.3,1.5,204,gibbs,0.09550494107440226,0.09659532019673689,0.09543571399058856,0.09567800878393654,0,2000,,5.7,1.874,2000,enumerate,11.1622
dense,14,3,1.75,1.5,204,exact,0.0,0.0,,,1,,,,,,enumerate,0.8554
dense,14,3,1.75,1.5,204,mf,3.359834158427514e-06,3.80004167845254e-06,3.3545274085667956e-06,3.373101033079309e-06,1,4,,,,,enumerate,0.0032
dense,14,3,1.75,1.5,204,lbp,3.260581437208772e-06,3.2686041123502337e-06,3.2601077393488524e-06,3.2617656818585706e-06,1,25,1.3470125148629108e-07,,,,enumerate,0.007
dense,14,3,1.75,1.5,204,gibbs,0.49984627455968006,0.4999969736811025,0.4998608872503493,0.49980974283300694,0,2000,,4.1,9.31007,2000,enumerate,10.7324
dense,14,3,2.5,1.5,204,exact,0.0,0.0,,,1,,,,,,enumerate,0.8658
dense,14,3,2.5,1.5,204,mf,3.2433341496493156e-06,3.2435303948232824e-06,3.2433274176655127e-06,3.243350979608823e-06,1,3,,,,,enumerate,0.004
dense,14,3,2.5,1.5,204,lbp,3.243282517450312e-06,3.2433020560169464e-06,3.2432859433644955e-06,3.2432739526648534e-06,1,24,2.453918263034538e-07,,,,enumerate,0.0088
dense,14,3,2.5,1.5,204,gibbs,0.6249459217964729,0.7499963276254682,0.5999954370596438,0.6873221336385462,0,2000,,4.0,11.54786,2000,enumerate,9.7143
dense,14,3,4.0,1.5,204,exact,0.0,0.0,,,1,,,,,,enumerate,0.8138
dense,14,3,4.0,1.5,204,mf,3.2430729134004368e-06,3.2430729191952682e-06,3.2430729150588315e-06,3.243072909254449e-06,1,3,,,,,enumerate,0.0024
dense,14,3,4.0,1.5,204,lbp,3.2430729107439055e-06,3.2430729191809187e-06,3.2430729143606142e-06,3.243072901702131e-06,1,25,1.2650681346926262e-07,,,,enumerate,0.0064
dense,14,3,4.0,1.5,204,gibbs,0.6249965650381667,0.749996756878121,0.5999970679348241,0.6874953077965232,0,2000,,4.0,5877473739351861.0,2000,enumerate,9.4487
dense,14,3,0.0,0.5,205,exact,0.0,0.0,,,1,,,,,,enumerate,0.5197
dense,14,3,0.0,0.5,205,mf,9.742950494004025e-15,2.8158031462055533e-14,1.0206765987952338e-14,8.583411759133242e-15,1,1,,,,,enumerate,0.0012
dense,14,3,0.0,0.5,205,lbp,9.72485980632598e-15,2.853273173286652e-14,1.0198786259962844e-14,8.540043672233821e-15,1,3,0.0,,,,enumerate,0.001
dense,14,3,0.0,0.5,205,gibbs,1.1863278216926533e-14,2.6756374893466273e-14,1.266139970645952e-14,9.867974493094067e-15,1,2000,,8143.7,0.99973,2000,enumerate,8.0185
dense,14,3,0.1,0.5,205,exact,0.0,0.0,,,1,,,,,,enumerate,0.7728
dense,14,3,0.1,0.5,205,mf,0.0013767599639859373,0.0024126110109822796,0.001241197436512258,0.001715666282670135,1,5,,,,,enumerate,0.0031
dense,14,3,0.1,0.5,205,lbp,0.00011727361241282192,0.00028241071119014527,0.00011724693364839264,0.00011734030932389512,1,17,2.6338946435000565e-07,,,,enumerate,0.0038
dense,14,3,0.1,0.5,205,gibbs,0.000508571205498038,0.0012294053249421455,0.0006005851427964802,0.0002785363622519327,1,2000,,7969.8,1.00002,2000,enumerate,8.1177
dense,14,3,0.25,0.5,205,exact,0.0,0.0,,,1,,,,,,enumerate,0.7782
dense,14,3,0.25,0.5,205,mf,0.011423872071075961,0.019158411333748737,0.01028227334539851,0.01427786888526958,1,12,,,,,enumerate,0.0071
dense,14,3,0.25,0.5,205,lbp,0.0026583823695311656,0.0061118468729348535,0.0025076337791920126,0.003035253845379048,1,29,4.291240243148309e-07,,,,enumerate,0.0062
dense,14,3,0.25,0.5,205,gibbs,0.001020410902605889,0.003224899812481339,0.0011848288520105717,0.000609366029094182,1,2000,,6387.3,1.00012,2000,enumerate,8.0465
dense,14,3,0.5,0.5,205,exact,0.0,0.0,,,1,,,,,,enumerate,0.7966
dense,14,3,0.5,0.5,205,mf,0.21126637814059276,0.2707103307427215,0.22781394742590236,0.16989745492731884,1,18,,,,,enumerate,0.0107
dense,14,3,0.5,0.5,205,lbp,0.14398447124312191,0.20170059509494492,0.15481747459275788,0.116901962869032,1,74,6.646406761623425e-07,,,,enumerate,0.0152
dense,14,3,0.5,0.5,205,gibbs,0.006440026450616973,0.010143811453759088,0.007173832546754777,0.004605511210272464,1,2000,,1911.7,1.00157,2000,enumerate,7.9354
dense,14,3,0.75,0.5,205,exact,0.0,0.0,,,1,,,,,,enumerate,0.7887
dense,14,3,0.75,0.5,205,mf,0.1662792450865287,0.17784627675070377,0.16822553539069135,0.161413519326122,1,9,,,,,enumerate,0.0058
dense,14,3,0.75,0.5,205,lbp,0.1581171209942029,0.16614917278365077,0.16115701206213856,0.15051739332436367,1,39,3.0533738681892686e-07,,,,enumerate,0.0084
dense,14,3,0.75,0.5,205,gibbs,0.043587593358748115,0.04638269047254153,0.044117896568653635,0.04226183533398431,1,2000,,444.1,1.00735,2000,enumerate,8.2559
dense,14,3,1.0,0.5,205,exact,0.0,0.0,,,1,,,,,,enumerate,0.7819
dense,14,3,1.0,0.5,205,mf,0.16609407770483722,0.167362839056476,0.16675874260421844,0.16443241545638418,1,6,,,,,enumerate,0.0037
dense,14,3,1.0,0.5,205,lbp,0.16534343145952413,0.16714584100655466,0.16617598925788407,0.16326203696362426,1,31,2.3672733051594008e-07,,,,enumerate,0.0064
dense,14,3,1.0,0.5,205,gibbs,0.8220579265141089,0.8315017035026291,0.8263420698899665,0.8113475680744642,0,2000,,8.0,1.42605,2000,enumerate,8.1641
dense,14,3,1.3,0.5,205,exact,0.0,0.0,,,1,,,,,,enumerate,0.7699
dense,14,3,1.3,0.5,205,mf,0.16950309650326556,0.1697793444333947,0.1696615949512787,0.16910685038323284,1,5,,,,,enumerate,0.0035
dense,14,3,1.3,0.5,205,lbp,0.1694619998776768,0.16977879591155579,0.16963118049266607,0.1690390483402036,1,28,1.62257840941038e-07,,,,enumerate,0.0061
dense,14,3,1.3,0.5,205,gibbs,0.5790541316339061,0.5801357659844222,0.5796402788766273,0.5775887635271031,0,2000,,4.8,2.65311,2000,enumerate,7.9547
dense,14,3,1.75,0.5,205,exact,0.0,0.0,,,1,,,,,,enumerate,0.7798
dense,14,3,1.75,0.5,205,mf,0.17047704769259328,0.17050101446211485,0.1704923388188925,0.17043881987684534,1,4,,,,,enumerate,0.0027
dense,14,3,1.75,0.5,205,lbp,0.17047651326529686,0.17050101231984915,0.17049195737524644,0.17043790299042288,1,26,1.6505598776639374e-07,,,,enumerate,0.0058
dense,14,3,1.75,0.5,205,gibbs,0.8293772371577297,0.8294962827770604,0.8294522520859431,0.8291896998371966,0,2000,,4.1,7.80244,2000,enumerate,8.0142
dense,14,3,2.5,0.5,205,exact,0.0,0.0,,,1,,,,,,enumerate,0.8228
dense,14,3,2.5,0.5,205,mf,0.1705782257467195,0.17057862437022636,0.17057853232693154,0.17057745929618928,1,4,,,,,enumerate,0.0028
dense,14,3,2.5,0.5,205,lbp,0.17057822533019526,0.17057862436998739,0.1705785320487545,0.17057745853379716,1,25,2.0401845501893945e-07,,,,enumerate,0.0065
dense,14,3,2.5,0.5,205,gibbs,0.8294194291808097,0.8294213698717312,0.8294209213795215,0.8294156986840304,0,2000,,4.0,5617601238189621.0,2000,enumerate,7.9621
dense,14,3,4.0,0.5,205,exact,0.0,0.0,,,1,,,,,,enumerate,0.7684
dense,14,3,4.0,0.5,205,mf,0.17058024591958101,0.17058024607684275,0.1705802460662317,0.17058024555295423,1,3,,,,,enumerate,0.0019
dense,14,3,4.0,0.5,205,lbp,0.17058024591957086,0.17058024607684275,0.17058024606623096,0.17058024555292067,1,25,1.9047016763806823e-07,,,,enumerate,0.0052
dense,14,3,4.0,0.5,205,gibbs,0.8742257514573764,0.874225752109355,0.8742257520523566,0.874225749969926,0,2000,,8000.0,nan,2000,enumerate,8.055
dense,14,3,0.0,1.5,205,exact,0.0,0.0,,,1,,,,,,enumerate,0.5037
dense,14,3,0.0,1.5,205,mf,1.758749396119086e-14,4.4679537847258644e-14,1.9387789984559588e-14,1.3086753902769033e-14,1,1,,,,,enumerate,0.0009
dense,14,3,0.0,1.5,205,lbp,1.7610045366378557e-14,4.476280457410553e-14,1.9399239159501035e-14,1.313706088357236e-14,1,3,0.0,,,,enumerate,0.001
dense,14,3,0.0,1.5,205,gibbs,1.906188500695143e-14,5.685729664861583e-14,2.1501550540037327e-14,1.2962721174236691e-14,1,2000,,8132.0,0.9999,2000,enumerate,8.156
dense,14,3,0.1,1.5,205,exact,0.0,0.0,,,1,,,,,,enumerate,0.7424
dense,14,3,0.1,1.5,205,mf,0.0015761507617168772,0.002953793463038621,0.0016436414537010081,0.0014074240317565496,1,5,,,,,enumerate,0.0034
dense,14,3,0.1,1.5,205,lbp,0.00012733728885839648,0.00032542593225724087,0.0001454575238785026,8.20367013081311e-05,1,18,2.382083012508751e-07,,,,enumerate,0.0041
dense,14,3,0.1,1.5,205,gibbs,0.00045870135303078527,0.0008955951410769963,0.0005467044730158875,0.00023869355306802963,1,2000,,7736.3,0.99999,2000,enumerate,8.0399
dense,14,3,0.25,1.5,205,exact,0.0,0.0,,,1,,,,,,enumerate,0.7879
dense,14,3,0.25,1.5,205,mf,0.012208791253241206,0.025400854175534577,0.014282662514698504,0.007024113099597967,1,10,,,,,enumerate,0.0057
dense,14,3,0.25,1.5,205,lbp,0.002795028632617869,0.0072514710360189645,0.0034315774934908358,0.001203656480435451,1,26,4.014814053432403e-07,,,,enumerate,0.0053
dense,14,3,0.25,1.5,205,gibbs,0.0014650999807439163,0.00309650372484584,0.0016559776279218073,0.0009879058627991887,1,2000,,6944.2,0.99993,2000,enumerate,8.17
dense,14,3,0.5,1.5,205,exact,0.0,0.0,,,1,,,,,,enumerate,0.7756
dense,14,3,0.5,1.5,205,mf,0.09274922760294878,0.16026583115752396,0.10102150096968714,0.07206854418610292,1,27,,,,,enumerate,0.0177
dense,14,3,0.5,1.5,205,lbp,0.060051402206811995,0.11433235672008829,0.06790095596497829,0.040427517811396245,1,65,6.978772094656804e-07,,,,enumerate,0.015
dense,14,3,0.5,1.5,205,gibbs,0.001599272031908561,0.003372888216575793,0.0017090547452749314,0.0013248152484926353,1,2000,,4517.1,1.00022,2000,enumerate,8.0751
dense,14,3,0.75,1.5,205,exact,0.0,0.0,,,1,,,,,,enumerate,0.7917
dense,14,3,0.75,1.5,205,mf,0.40345011192270164,0.46046475932145625,0.3998001069208495,0.4125751244273321,1,15,,,,,enumerate,0.0103
dense,14,3,0.75,1.5,205,lbp,0.37952510161130387,0.4135035019308927,0.3790085531738947,0.38081647270482666,1,59,4.7217437115776306e-07,,,,enumerate,0.0143
dense,14,3,0.75,1.5,205,gibbs,0.08004235063485235,0.08793047545185385,0.08087119829374223,0.07797023148762766,1,2000,,2477.0,1.00148,2000,enumerate,8.0166
dense,14,3,1.0,1.5,205,exact,0.0,0.0,,,1,,,,,,enumerate,0.7531
dense,14,3,1.0,1.5,205,mf,0.46259008634359866,0.4664015195907989,0.4632639975152454,0.46090530841448174,1,9,,,,,enumerate,0.0057
dense,14,3,1.0,1.5,205,lbp,0.4611200660073598,0.46578907685941595,0.4618870076468905,0.459202711908533,1,36,2.7864788898490644e-07,,,,enumerate,0.0079
dense,14,3,1.0,1.5,205,gibbs,0.21352894143896464,0.2160769361605408,0.21396467267660002,0.2124396133448761,0,2000,,12.1,1.23939,2000,enumerate,8.263
dense,14,3,1.3,1.5,205,exact,0.0,0.0,,,1,,,,,,enumerate,0.7615
dense,14,3,1.3,1.5,205,mf,0.4708915381289768,0.4716960507232769,0.4710904411112976,0.470394280673175,1,7,,,,,enumerate,0.0044
dense,14,3,1.3,1.5,205,lbp,0.4708233232760823,0.471695094302248,0.47102450923877087,0.4703203583693607,1,30,2.2359902684954136e-07,,,,enumerate,0.0066
dense,14,3,1.3,1.5,205,gibbs,0.470780018178971,0.4716947875735731,0.4709872904259954,0.4702618375614098,1,2000,,6276.1,0.99979,2000,enumerate,8.2318
dense,14,3,1.75,1.5,205,exact,0.0,0.0,,,1,,,,,,enumerate,0.7624
dense,14,3,1.75,1.5,205,mf,0.47181089210130167,0.47187317625409564,0.4718346467127553,0.47175150557266743,1,7,,,,,enumerate,0.0048
dense,14,3,1.75,1.5,205,lbp,0.4718101658818553,0.471873171802202,0.47183398248014363,0.4717506243861346,1,28,1.488013059436355e-07,,,,enumerate,0.007
dense,14,3,1.75,1.5,205,gibbs,0.47181015005527815,0.47187317285418096,0.47183404523613587,0.47175041210313395,1,2000,,8035.2,0.99973,2000,enumerate,8.0173
dense,14,3,2.5,1.5,205,exact,0.0,0.0,,,1,,,,,,enumerate,0.7603
dense,14,3,2.5,1.5,205,mf,0.4718369917242364,0.47183795365900316,0.47183757568511375,0.47183553182204296,1,7,,,,,enumerate,0.0044
dense,14,3,2.5,1.5,205,lbp,0.4718369913073631,0.4718379536584269,0.4718375753659364,0.4718355311609297,1,27,1.6776653855021806e-07,,,,enumerate,0.0057
dense,14,3,2.5,1.5,205,gibbs,0.4718369917465015,0.47183795365902803,0.47183757570091267,0.4718355318604737,0,2000,,8000.0,nan,2000,enumerate,8.2592
dense,14,3,4.0,1.5,205,exact,0.0,0.0,,,1,,,,,,enumerate,0.8138
dense,14,3,4.0,1.5,205,mf,0.4718365129204599,0.47183651328391046,0.4718365132421948,0.47183651211612293,1,6,,,,,enumerate,0.0048
dense,14,3,4.0,1.5,205,lbp,0.47183651292045686,0.47183651328391046,0.4718365132421939,0.47183651211611466,1,27,1.64228997512339e-07,,,,enumerate,0.0066
dense,14,3,4.0,1.5,205,gibbs,0.4718365129204599,0.47183651328391046,0.47183651324219467,0.4718365121161229,0,2000,,8000.0,nan,2000,enumerate,8.1518
dense,14,3,0.0,0.5,206,exact,0.0,0.0,,,1,,,,,,enumerate,0.4959
dense,14,3,0.0,0.5,206,mf,1.2885030344276872e-14,3.3334446314370325e-14,1.2922302117246431e-14,1.2791850911852976e-14,1,1,,,,,enumerate,0.0011
dense,14,3,0.0,0.5,206,lbp,1.2852814051151589e-14,3.344546861683284e-14,1.2907036550657835e-14,1.2717257802385973e-14,1,3,0.0,,,,enumerate,0.0009
dense,14,3,0.0,0.5,206,gibbs,1.5958464708428923e-14,3.583244811977693e-14,1.5622919624647125e-14,1.6797327417883423e-14,1,2000,,7476.8,0.99997,2000,enumerate,11.0639
dense,14,3,0.1,0.5,206,exact,0.0,0.0,,,1,,,,,,enumerate,0.8143
dense,14,3,0.1,0.5,206,mf,0.0017588138949344416,0.0029989040771302086,0.0018161603549396658,0.0016154477449213805,1,5,,,,,enumerate,0.0042
dense,14,3,0.1,0.5,206,lbp,0.00020661685316048596,0.0003682527902167873,0.00020621300894425111,0.00020762646370107302,1,17,2.171985194476811e-07,,,,enumerate,0.0042
dense,14,3,0.1,0.5,206,gibbs,0.00048345294724653695,0.001252079683809304,0.0005141401706866159,0.0004067348886463394,1,2000,,7520.2,0.9999,2000,enumerate,10.8879
dense,14,3,0.25,0.5,206,exact,0.0,0.0,,,1,,,,,,enumerate,0.8298
dense,14,3,0.25,0.5,206,mf,0.015583849332191715,0.031298837372827626,0.015191132735459061,0.016565640824023346,1,10,,,,,enumerate,0.0097
dense,14,3,0.25,0.5,206,lbp,0.00505371324046141,0.01005786650243842,0.004785764823753341,0.005723584282231582,1,25,4.4157824241608523e-07,,,,enumerate,0.0075
dense,14,3,0.25,0.5,206,gibbs,0.0024145377367214877,0.004575639719877844,0.0024354421410432247,0.002362276725917144,1,2000,,6366.3,1.00028,2000,enumerate,11.1802
dense,14,3,0.5,0.5,206,exact,0.0,0.0,,,1,,,,,,enumerate,0.7894
dense,14,3,0.5,0.5,206,mf,0.40709005052200303,0.49275224692284647,0.39694024739670314,0.43246455833525266,1,19,,,,,enumerate,0.0128
dense,14,3,0.5,0.5,206,lbp,0.3535803687910149,0.4350036729670254,0.34318314629385743,0.37957342503390845,1,93,6.491880517600634e-07,,,,enumerate,0.0191
dense,14,3,0.5,0.5,206,gibbs,0.03339573899294129,0.03887348895420313,0.03259033399881197,0.0354092514782646,1,2000,,2169.9,1.00288,2000,enumerate,10.8652
dense,14,3,0.75,0.5,206,exact,0.0,0.0,,,1,,,,,,enumerate,0.8209
dense,14,3,0.75,0.5,206,mf,0.5607155829998665,0.5832176217732989,0.5553146259087324,0.5742179757277016,1,8,,,,,enumerate,0.0072
dense,14,3,0.75,0.5,206,lbp,0.5577322831614077,0.5824046786352101,0.5519078303821914,0.5722934151094483,1,39,2.440228336619832e-07,,,,enumerate,0.0096
dense,14,3,0.75,0.5,206,gibbs,0.10237934577376095,0.10735136493618273,0.1012485659584412,0.10520629531206031,0,2000,,45.8,1.0567,2000,enumerate,10.8935
dense,14,3,1.0,0.5,206,exact,0.0,0.0,,,1,,,,,,enumerate,0.8199
dense,14,3,1.0,0.5,206,mf,0.5855119663646212,0.5920401114611266,0.5835477529263796,0.590422499960225,1,6,,,,,enumerate,0.0048
dense,14,3,1.0,0.5,206,lbp,0.5852124628455214,0.5920156431272358,0.5831951913273935,0.5902556416408417,1,32,2.397472766979547e-07,,,,enumerate,0.0075
dense,14,3,1.0,0.5,206,gibbs,0.33822061102947687,0.34225290029681216,0.337017943543466,0.34122727974450406,0,2000,,8.9,1.36354,2000,enumerate,10.9481
dense,14,3,1.3,0.5,206,exact,0.0,0.0,,,1,,,,,,enumerate,0.7952
dense,14,3,1.3,0.5,206,mf,0.5916590494725525,0.593213460345256,0.5911216130862197,0.593002640438385,1,5,,,,,enumerate,0.0044
dense,14,3,1.3,0.5,206,lbp,0.5916410296611024,0.5932125909804696,0.5910994062099025,0.5929950882891024,1,29,2.6433154043381535e-07,,,,enumerate,0.0061
dense,14,3,1.3,0.5,206,gibbs,0.34233150806099794,0.3432335242593015,0.3420208674802123,0.34310810951296195,0,2000,,5.3,2.07569,2000,enumerate,10.8203
dense,14,3,1.75,0.5,206,exact,0.0,0.0,,,1,,,,,,enumerate,0.8496
dense,14,3,1.75,0.5,206,mf,0.5932365896141418,0.5933965729875781,0.5931766600017795,0.5933864136450478,1,4,,,,,enumerate,0.0033
dense,14,3,1.75,0.5,206,lbp,0.5932363807987733,0.593396511939687,0.5931764002469929,0.5933863321782243,1,27,2.4581593727202034e-07,,,,enumerate,0.0067
dense,14,3,1.75,0.5,206,gibbs,0.3433044018746495,0.3433969107781802,0.3432697634601926,0.34339099791079175,0,2000,,4.2,4.63739,2000,enumerate,10.9902
dense,14,3,2.5,0.5,206,exact,0.0,0.0,,,1,,,,,,enumerate,0.851
dense,14,3,2.5,0.5,206,mf,0.5934098893181788,0.5934135616317635,0.5934084431180607,0.593413504818474,1,3,,,,,enumerate,0.0025
dense,14,3,2.5,0.5,206,lbp,0.5934098891916672,0.5934135616237534,0.5934084429590791,0.5934135047731373,1,26,2.4061860337543095e-07,,,,enumerate,0.006
dense,14,3,2.5,0.5,206,gibbs,0.3434114389904934,0.3434135620487681,0.3434106030040184,0.34341352895668087,0,2000,,4.0,17.59864,2000,enumerate,11.0544
dense,14,3,4.0,0.5,206,exact,0.0,0.0,,,1,,,,,,enumerate,0.8384
dense,14,3,4.0,0.5,206,mf,0.5934139698929,0.5934139719082034,0.5934139690874153,0.5934139719066118,1,3,,,,,enumerate,0.0028
dense,14,3,4.0,0.5,206,lbp,0.5934139698928854,0.5934139719082034,0.593413969087395,0.5934139719066118,1,27,1.8268839907520373e-07,,,,enumerate,0.0064
dense,14,3,4.0,0.5,206,gibbs,0.5934139698929001,0.5934139719082036,0.5934139690874153,0.5934139719066118,0,2000,,8000.0,nan,2000,enumerate,10.9652
dense,14,3,0.0,1.5,206,exact,0.0,0.0,,,1,,,,,,enumerate,0.4825
dense,14,3,0.0,1.5,206,mf,9.067895244209622e-15,1.5910883721659275e-14,9.025766245507327e-15,9.173217740965356e-15,1,1,,,,,enumerate,0.001
dense,14,3,0.0,1.5,206,lbp,9.066160520733645e-15,1.5980272660698347e-14,9.025419300812132e-15,9.168013570537425e-15,1,3,0.0,,,,enumerate,0.0008
dense,14,3,0.0,1.5,206,gibbs,1.1613725854025299e-14,2.1278118156331516e-14,1.2372741720056978e-14,9.716186188946097e-15,1,2000,,7807.2,1.00053,2000,enumerate,11.0453
dense,14,3,0.1,1.5,206,exact,0.0,0.0,,,1,,,,,,enumerate,0.8472
dense,14,3,0.1,1.5,206,mf,0.0012563945318049138,0.0030138365107116594,0.0011745841913333277,0.001460920382983879,1,6,,,,,enumerate,0.0053
dense,14,3,0.1,1.5,206,lbp,0.0001613584547673749,0.00040227654561087595,0.00014557116371168992,0.00020082668240658727,1,18,2.630745694065517e-07,,,,enumerate,0.0044
dense,14,3,0.1,1.5,206,gibbs,0.0007013406609463693,0.0011643421410022087,0.0006786566027147118,0.0007580508065255127,1,2000,,7676.0,1.00009,2000,enumerate,11.355
dense,14,3,0.25,1.5,206,exact,0.0,0.0,,,1,,,,,,enumerate,0.8081
dense,14,3,0.25,1.5,206,mf,0.012073538413885839,0.029707962416612152,0.013194737452483224,0.00927054081739238,1,14,,,,,enumerate,0.0114
dense,14,3,0.25,1.5,206,lbp,0.0036934576943089036,0.009958534926653904,0.004039390245060671,0.002828626317429487,1,32,5.601726038584331e-07,,,,enumerate,0.0074
dense,14,3,0.25,1.5,206,gibbs,0.0017495747978084105,0.002733714476067739,0.001713321142094307,0.0018402089370936695,1,2000,,6027.7,1.00042,2000,enumerate,10.8863
dense,14,3,0.5,1.5,206,exact,0.0,0.0,,,1,,,,,,enumerate,0.8136
dense,14,3,0.5,1.5,206,mf,0.1397228943439017,0.20172778186477308,0.14020449447235733,0.13851889402276263,1,15,,,,,enumerate,0.0111
dense,14,3,0.5,1.5,206,lbp,0.10245777910114838,0.14306592997994555,0.1017466393537138,0.10423562846973483,1,58,6.287853325237514e-07,,,,enumerate,0.0153
dense,14,3,0.5,1.5,206,gibbs,0.011717285870605502,0.014054867714861433,0.011323180166538804,0.01270255013077225,1,2000,,1788.2,1.00127,2000,enumerate,10.6033
dense,14,3,0.75,1.5,206,exact,0.0,0.0,,,1,,,,,,enumerate,0.8484
dense,14,3,0.75,1.5,206,mf,0.050025607174084344,0.06324534671877514,0.05085210117288016,0.04795937217709483,1,8,,,,,enumerate,0.0063
dense,14,3,0.75,1.5,206,lbp,0.046463936947161055,0.05180270331950822,0.046594119565884676,0.046138480400352,1,35,3.083755785726616e-07,,,,enumerate,0.0076
dense,14,3,0.75,1.5,206,gibbs,0.02939265520332333,0.030873873016357627,0.029011376547313773,0.030345851843347246,1,2000,,2369.5,1.00324,2000,enumerate,10.5559
dense,14,3,1.0,1.5,206,exact,0.0,0.0,,,1,,,,,,enumerate,0.7917
dense,14,3,1.0,1.5,206,mf,0.04779237546908784,0.04939137533087011,0.04776764322450332,0.047854206080549154,1,6,,,,,enumerate,0.005
dense,14,3,1.0,1.5,206,lbp,0.047385437027743935,0.04802339422512091,0.04724968804682962,0.047724809480029745,1,31,1.618690410598589e-07,,,,enumerate,0.0078
dense,14,3,1.0,1.5,206,gibbs,0.6909751302211541,0.7013294679234884,0.6876033116071563,0.6994046767561493,0,2000,,6.2,1.69098,2000,enumerate,10.269
dense,14,3,1.3,1.5,206,exact,0.0,0.0,,,1,,,,,,enumerate,0.7995
dense,14,3,1.3,1.5,206,mf,0.04995324601082461,0.05012423766418202,0.049918530569161644,0.05004003461498202,1,5,,,,,enumerate,0.004
dense,14,3,1.3,1.5,206,lbp,0.04992831473687988,0.05006097867188465,0.04988607759931276,0.05003390758079766,1,29,1.5111340700979525e-07,,,,enumerate,0.0062
dense,14,3,1.3,1.5,206,gibbs,0.7355163065595554,0.7379379718484601,0.734662191510415,0.7376515941824064,0,2000,,4.9,3.09108,2000,enumerate,10.5158
dense,14,3,1.75,1.5,206,exact,0.0,0.0,,,1,,,,,,enumerate,0.8397
dense,14,3,1.75,1.5,206,mf,0.05076255729166126,0.05077568645453427,0.05075774337144452,0.05077459209220313,1,5,,,,,enumerate,0.004
dense,14,3,1.75,1.5,206,lbp,0.050762251314675565,0.05077567863447889,0.05075734157730968,0.05077452565809029,1,27,1.8891876507609595e-07,,,,enumerate,0.0061
dense,14,3,1.75,1.5,206,gibbs,0.9876873701346442,0.9880187635574331,0.9875616094480371,0.9880017718511619,1,2000,,7512.5,0.99987,2000,enumerate,10.3404
dense,14,3,2.5,1.5,206,exact,0.0,0.0,,,1,,,,,,enumerate,0.7982
dense,14,3,2.5,1.5,206,mf,0.5052458604213925,0.961108032814319,0.596444440066026,0.2772494113098089,1,5,,,,,enumerate,0.0042
dense,14,3,2.5,1.5,206,lbp,0.05086573203039312,0.05086603790683561,0.05086561212853953,0.050866031785027126,1,26,1.6462572527409236e-07,,,,enumerate,0.0058
dense,14,3,2.5,1.5,206,gibbs,0.9491270619758768,0.9491339608999988,0.9491243386912555,0.9491338701874299,0,2000,,4.0,4627524136522998.0,2000,enumerate,11.8389
dense,14,3,4.0,1.5,206,exact,0.0,0.0,,,1,,,,,,enumerate,0.9002
dense,14,3,4.0,1.5,206,mf,0.5059688951968415,0.9611086331247187,0.5969903573251527,0.27841523987606354,1,4,,,,,enumerate,0.0051
dense,14,3,4.0,1.5,206,lbp,0.0508682798502133,0.050868280017845366,0.05086827978322818,0.050868280017676064,1,26,1.2541763116935556e-07,,,,enumerate,0.0102
dense,14,3,4.0,1.5,206,gibbs,0.9685676382408831,0.9880230841749962,0.9724529065930956,0.958854467360352,0,2000,,4.0,13.20855,2000,enumerate,14.497
dense,14,3,0.0,0.5,207,exact,0.0,0.0,,,1,,,,,,enumerate,0.611
dense,14,3,0.0,0.5,207,mf,5.0530016678810135e-15,2.3396215520499197e-14,6.01133726130243e-15,2.6571626843274743e-15,1,1,,,,,enumerate,0.0023
dense,14,3,0.0,0.5,207,lbp,5.0627904646383115e-15,2.34482572247785e-14,6.008214759045671e-15,2.699229728619912e-15,1,3,0.0,,,,enumerate,0.0014
dense,14,3,0.0,0.5,207,gibbs,9.365028593880506e-15,3.7267064434409747e-14,1.0861624100133583e-14,5.6235398282478144e-15,1,2000,,7892.5,1.0015,2000,enumerate,10.9093
dense,14,3,0.1,0.5,207,exact,0.0,0.0,,,1,,,,,,enumerate,0.9937
dense,14,3,0.1,0.5,207,mf,0.001512120370107955,0.0031217352758730332,0.0014687354172766213,0.0016205827521862887,1,5,,,,,enumerate,0.0082
dense,14,3,0.1,0.5,207,lbp,0.00015627982251664258,0.00034859296804536435,0.00014911157561642193,0.00017420043976719424,1,17,2.648431836060894e-07,,,,enumerate,0.0076
dense,14,3,0.1,0.5,207,gibbs,0.00032068309098049873,0.0006002778394063046,0.00027793939071734297,0.0004275423416383881,1,2000,,7444.8,1.00125,2000,enumerate,11.5311
dense,14,3,0.25,0.5,207,exact,0.0,0.0,,,1,,,,,,enumerate,1.0007
dense,14,3,0.25,0.5,207,mf,0.013998773459064088,0.028766550706156902,0.016076242662436197,0.008805100450633815,1,10,,,,,enumerate,0.0098
dense,14,3,0.25,0.5,207,lbp,0.0037900346483983396,0.008259316884423103,0.004233583306516311,0.002681163003103408,1,25,4.863205363969669e-07,,,,enumerate,0.0101
dense,14,3,0.25,0.5,207,gibbs,0.0007117681973766245,0.0015754943436244173,0.0007248809317993715,0.000678986361319757,1,2000,,6894.0,1.0018,2000,enumerate,11.2895
dense,14,3,0.5,0.5,207,exact,0.0,0.0,,,1,,,,,,enumerate,1.0122
dense,14,3,0.5,0.5,207,mf,0.2331111625830829,0.28384473646463726,0.2272526438906141,0.247757459314255,1,22,,,,,enumerate,0.0236
dense,14,3,0.5,0.5,207,lbp,0.15121055376385462,0.20109503726907768,0.1484666709096805,0.15807026089928994,1,87,7.764858173109346e-07,,,,enumerate,0.0368
dense,14,3,0.5,0.5,207,gibbs,0.0021568906786544654,0.00397058952171999,0.002514515125300045,0.001262829562040518,1,2000,,3552.3,1.00182,2000,enumerate,11.2999
dense,14,3,0.75,0.5,207,exact,0.0,0.0,,,1,,,,,,enumerate,0.9376
dense,14,3,0.75,0.5,207,mf,0.6522331583869845,0.7053608690242943,0.6488644843053054,0.6606548435911821,1,13,,,,,enumerate,0.0162
dense,14,3,0.75,0.5,207,lbp,0.6422145500110104,0.6927984769156383,0.6365309925976136,0.6564234435445022,1,53,5.003561062144612e-07,,,,enumerate,0.0199
dense,14,3,0.75,0.5,207,gibbs,0.01999560963471525,0.02206909711759858,0.01967948213967393,0.02078592837231854,0,2000,,289.5,1.01619,2000,enumerate,11.1784
dense,14,3,1.0,0.5,207,exact,0.0,0.0,,,1,,,,,,enumerate,0.9473
dense,14,3,1.0,0.5,207,mf,0.7108201392106067,0.721009957959896,0.7087233868952829,0.7160620199989163,1,7,,,,,enumerate,0.0089
dense,14,3,1.0,0.5,207,lbp,0.710372340396631,0.720788373871844,0.7081947485840787,0.7158163199280114,1,35,1.90059073146287e-07,,,,enumerate,0.0155
dense,14,3,1.0,0.5,207,gibbs,0.22078814452212317,0.22455918111444806,0.2203699974227158,0.2218335122706417,0,2000,,11.7,1.29273,2000,enumerate,11.2323
dense,14,3,1.3,0.5,207,exact,0.0,0.0,,,1,,,,,,enumerate,0.9878
dense,14,3,1.3,0.5,207,mf,0.7167144999636422,0.7190571374684727,0.7161253337497171,0.718187415498455,1,6,,,,,enumerate,0.0054
dense,14,3,1.3,0.5,207,lbp,0.7166913588988946,0.719050557620116,0.7160989082986429,0.7181724853995237,1,30,2.277546399254149e-07,,,,enumerate,0.0096
dense,14,3,1.3,0.5,207,gibbs,0.4666700753180178,0.46903024431253415,0.4661608075834204,0.46794324465451137,0,2000,,4.5,3.38485,2000,enumerate,11.174
dense,14,3,1.75,0.5,207,exact,0.0,0.0,,,1,,,,,,enumerate,0.9661
dense,14,3,1.75,0.5,207,mf,0.46594636659866445,0.7165485835124219,0.39418627384751115,0.6453465984765475,1,13,,,,,enumerate,0.019
dense,14,3,1.75,0.5,207,lbp,0.716663493703406,0.716972954719494,0.7165754873586653,0.7168835095652576,1,29,1.3305051449474803e-07,,,,enumerate,0.0137
dense,14,3,1.75,0.5,207,gibbs,0.24944265540676064,0.24994433513530945,0.2492766534305358,0.2498576603473227,0,2000,,4.2,5.55509,2000,enumerate,11.3813
dense,14,3,2.5,0.5,207,exact,0.0,0.0,,,1,,,,,,enumerate,0.9996
dense,14,3,2.5,0.5,207,mf,0.28357704698364244,0.2835816875125461,0.28357548427813517,0.28358095374741066,1,4,,,,,enumerate,0.0049
dense,14,3,2.5,0.5,207,lbp,0.7164609611250555,0.7164725636440648,0.7164571230049376,0.7164705564253504,1,28,2.333027169232338e-07,,,,enumerate,0.0139
dense,14,3,2.5,0.5,207,gibbs,0.28350877289746174,0.28352743423144644,0.2835017987405406,0.2835262082897645,0,2000,,4.1,9.17015,2000,enumerate,11.3185
dense,14,3,4.0,0.5,207,exact,0.0,0.0,,,1,,,,,,enumerate,0.9507
dense,14,3,4.0,0.5,207,mf,0.2836096513889776,0.28360966059199016,0.28360964786805376,0.28360966019128714,1,3,,,,,enumerate,0.0044
dense,14,3,4.0,0.5,207,lbp,0.7164445088811495,0.716444531541337,0.7164445002551229,0.7164445304462164,1,30,1.7195975565709176e-07,,,,enumerate,0.0143
dense,14,3,4.0,0.5,207,gibbs,0.3914028554848291,0.4999457957013198,0.4345418118299448,0.28355546462204007,0,2000,,4.1,6.3363,2000,enumerate,11.6773
dense,14,3,0.0,1.5,207,exact,0.0,0.0,,,1,,,,,,enumerate,0.6602
dense,14,3,0.0,1.5,207,mf,6.625900225313127e-15,1.0394463068053028e-14,6.056440071677827e-15,8.049550609401379e-15,1,1,,,,,enumerate,0.0016
dense,14,3,0.0,1.5,207,lbp,6.624537228296288e-15,1.0366707492437399e-14,6.0599095186297805e-15,8.036106502462559e-15,1,3,0.0,,,,enumerate,0.0012
dense,14,3,0.0,1.5,207,gibbs,8.819581969505512e-15,2.1885271372923398e-14,8.399704543027298e-15,9.86927553570105e-15,1,2000,,7905.8,1.00046,2000,enumerate,11.3629
dense,14,3,0.1,1.5,207,exact,0.0,0.0,,,1,,,,,,enumerate,0.9809
dense,14,3,0.1,1.5,207,mf,0.0013117052761301147,0.00243806610961763,0.0013901390402005676,0.001115620865953982,1,5,,,,,enumerate,0.005
dense,14,3,0.1,1.5,207,lbp,9.714013229941339e-05,0.00021097828579739672,9.766947695860479e-05,9.58167706514349e-05,1,18,2.4575828944106703e-07,,,,enumerate,0.0096
dense,14,3,0.1,1.5,207,gibbs,0.00017888340586785206,0.0004533307761804689,0.00014454698758140008,0.00026472445158398205,1,2000,,7615.8,1.00083,2000,enumerate,11.6773
dense,14,3,0.25,1.5,207,exact,0.0,0.0,,,1,,,,,,enumerate,0.93
dense,14,3,0.25,1.5,207,mf,0.00869309303790612,0.016640868117819615,0.009623954440659933,0.006365939531021592,1,8,,,,,enumerate,0.0072
dense,14,3,0.25,1.5,207,lbp,0.0016320391086389874,0.0037304863216079363,0.001724744936566249,0.0014002745388208343,1,25,3.662783623070709e-07,,,,enumerate,0.01
dense,14,3,0.25,1.5,207,gibbs,0.0004310159157391081,0.0015953693423824966,0.00027673056714379437,0.0008167292872273925,1,2000,,6545.3,1.0012,2000,enumerate,11.4939
dense,14,3,0.5,1.5,207,exact,0.0,0.0,,,1,,,,,,enumerate,0.9116
dense,14,3,0.5,1.5,207,mf,0.031378316168877,0.04940054779971143,0.026373289359046738,0.04389088319345266,1,10,,,,,enumerate,0.0108
dense,14,3,0.5,1.5,207,lbp,0.011791832822773811,0.019649074179814978,0.010280909603141005,0.015569140871855826,1,34,4.916054875958586e-07,,,,enumerate,0.0139
dense,14,3,0.5,1.5,207,gibbs,0.0009471862001513384,0.002524956659146871,0.0008993298129112435,0.0010668271682515757,1,2000,,4891.7,1.0004,2000,enumerate,12.0139
dense,14,3,0.75,1.5,207,exact,0.0,0.0,,,1,,,,,,enumerate,0.9388
dense,14,3,0.75,1.5,207,mf,0.050388695709792486,0.10815652313026378,0.056825010092536946,0.034297909752931344,1,8,,,,,enumerate,0.0078
dense,14,3,0.75,1.5,207,lbp,0.03516068677491408,0.06917680607455046,0.041878603964291695,0.01836589380147006,1,33,4.6966928191061186e-07,,,,enumerate,0.0123
dense,14,3,0.75,1.5,207,gibbs,0.007210127982374273,0.011300845359829125,0.008395464918636682,0.004246785641718246,1,2000,,3484.3,1.00141,2000,enumerate,11.5607
dense,14,3,1.0,1.5,207,exact,0.0,0.0,,,1,,,,,,enumerate,0.9727
dense,14,3,1.0,1.5,207,mf,0.2929240180715732,0.5869483628319198,0.38310825126662806,0.0674634350839359,1,6,,,,,enumerate,0.0132
dense,14,3,1.0,1.5,207,lbp,0.2820598104116067,0.5683340169996494,0.3691710554119968,0.0642816979106314,1,33,4.64311050163424e-07,,,,enumerate,0.0219
dense,14,3,1.0,1.5,207,gibbs,0.21941830155696906,0.23543372489841113,0.21542696299127764,0.22939664797119763,0,2000,,31.0,1.0846,2000,enumerate,11.5489
dense,14,3,1.3,1.5,207,exact,0.0,0.0,,,1,,,,,,enumerate,0.8943
dense,14,3,1.3,1.5,207,mf,0.5094401428413627,0.9740536702585652,0.6683346443371126,0.11220388910198807,1,6,,,,,enumerate,0.007
dense,14,3,1.3,1.5,207,lbp,0.5021080638884279,0.9705962595793944,0.6582989101907327,0.11163094813266576,1,31,3.8375029287607276e-07,,,,enumerate,0.0116
dense,14,3,1.3,1.5,207,gibbs,0.32361665168041565,0.32821278152862465,0.3220331258502034,0.3275754662559464,0,2000,,6.2,1.71614,2000,enumerate,11.4334
dense,14,3,1.75,1.5,207,exact,0.0,0.0,,,1,,,,,,enumerate,0.953
dense,14,3,1.75,1.5,207,mf,0.5362312020916321,0.9905005936229836,0.7040426646836938,0.11670254561147779,1,5,,,,,enumerate,0.005
dense,14,3,1.75,1.5,207,lbp,0.5331977042835236,0.9903154809138361,0.6999510157897572,0.11631442551793969,1,35,3.7998779595094234e-07,,,,enumerate,0.0117
dense,14,3,1.75,1.5,207,gibbs,0.490149338854083,0.49071796600059053,0.4899907585643821,0.4905457895783352,0,2000,,4.4,3.43763,2000,enumerate,11.5272
dense,14,3,2.5,1.5,207,exact,0.0,0.0,,,1,,,,,,enumerate,0.9256
dense,14,3,2.5,1.5,207,mf,0.5494596991000545,0.9908114005978952,0.7219852878560774,0.11814572720999679,1,4,,,,,enumerate,0.0041
dense,14,3,2.5,1.5,207,lbp,0.5488970640780162,0.9908047372921894,0.7213361014694796,0.11779947059935769,1,33,3.039953364591952e-07,,,,enumerate,0.0107
dense,14,3,2.5,1.5,207,gibbs,0.7204605693983712,0.8125901187995577,0.7564420722004159,0.6305068123932592,0,2000,,7.3,3.14991,2000,enumerate,11.5497
dense,14,3,4.0,1.5,207,exact,0.0,0.0,,,1,,,,,,enumerate,0.9815
dense,14,3,4.0,1.5,207,mf,0.55463927967007,0.9908163966650485,0.7287013814642164,0.11948402518470444,1,4,,,,,enumerate,0.0042
dense,14,3,4.0,1.5,207,lbp,0.5546160617293824,0.9908163847122531,0.7286791572206301,0.11945832300126302,1,31,3.023804050483747e-07,,,,enumerate,0.011
dense,14,3,4.0,1.5,207,gibbs,0.8801098906399674,0.8801116977272205,0.8801091710092294,0.8801116897168125,0,2000,,4.2,5.47267,2000,enumerate,11.719
dense,14,3,0.0,0.5,208,exact,0.0,0.0,,,1,,,,,,enumerate,0.7036
dense,14,3,0.0,0.5,208,mf,8.694434061595757e-15,1.697253448895708e-14,8.354081315609108e-15,9.545315926562381e-15,1,1,,,,,enumerate,0.0016
dense,14,3,0.0,0.5,208,lbp,8.677954188573977e-15,1.684763439868675e-14,8.30672336471494e-15,9.60603124822157e-15,1,3,0.0,,,,enumerate,0.0019
dense,14,3,0.0,0.5,208,gibbs,9.166278847061449e-15,1.491862189340054e-14,9.2446883481756e-15,8.97025509427607e-15,1,2000,,8054.1,1.00013,2000,enumerate,11.6447
dense,14,3,0.1,0.5,208,exact,0.0,0.0,,,1,,,,,,enumerate,1.0325
dense,14,3,0.1,0.5,208,mf,0.001407207735072729,0.0024804807456010602,0.0015234037499774937,0.0011167176978108175,1,5,,,,,enumerate,0.0048
dense,14,3,0.1,0.5,208,lbp,0.00011689200084736832,0.00025014459444900466,0.00011662588137628903,0.00011755729952506655,1,18,2.2521805398412198e-07,,,,enumerate,0.0071
dense,14,3,0.1,0.5,208,gibbs,0.00038900379970602077,0.0010599426252435873,0.0003013586668246103,0.000608116631909547,1,2000,,8016.6,1.00014,2000,enumerate,11.7662
dense,14,3,0.25,0.5,208,exact,0.0,0.0,,,1,,,,,,enumerate,1.0109
dense,14,3,0.25,0.5,208,mf,0.01063363768943831,0.019332484835213735,0.011670886557487782,0.008040515519314624,1,10,,,,,enumerate,0.0101
dense,14,3,0.25,0.5,208,lbp,0.002463677425921046,0.00557177609948685,0.002547791125010396,0.002253393178197669,1,27,5.010818043271748e-07,,,,enumerate,0.0114
dense,14,3,0.25,0.5,208,gibbs,0.001029854421449981,0.0024868596954793903,0.0008017013681169201,0.0016002370547826333,1,2000,,7147.9,1.00045,2000,enumerate,13.2032
dense,14,3,0.5,0.5,208,exact,0.0,0.0,,,1,,,,,,enumerate,1.0627
dense,14,3,0.5,0.5,208,mf,0.15155188146998191,0.25547571680329045,0.12162835436440378,0.2263606992339273,1,33,,,,,enumerate,0.0485
dense,14,3,0.5,0.5,208,lbp,0.08303814486034189,0.1560753008304248,0.06510740552181152,0.12786499320666783,1,95,7.794747348133235e-07,,,,enumerate,0.0475
dense,14,3,0.5,0.5,208,gibbs,0.011533372932204276,0.01832785505649405,0.009667313728169433,0.016198520942291385,1,2000,,2206.7,1.00146,2000,enumerate,12.4089
dense,14,3,0.75,0.5,208,exact,0.0,0.0,,,1,,,,,,enumerate,0.9972
dense,14,3,0.75,0.5,208,mf,0.07384539885804031,0.10190007325182324,0.07293392589792812,0.07612408125832079,1,10,,,,,enumerate,0.0131
dense,14,3,0.75,0.5,208,lbp,0.06504412726403959,0.0815931023447729,0.061848677623783696,0.0730327513646793,1,41,3.135206230742149e-07,,,,enumerate,0.0234
dense,14,3,0.75,0.5,208,gibbs,0.0064482408408389,0.007331814805964642,0.006288804833959676,0.006846830858036964,0,2000,,441.6,1.02134,2000,enumerate,13.1968
dense,14,3,1.0,0.5,208,exact,0.0,0.0,,,1,,,,,,enumerate,1.0034
dense,14,3,1.0,0.5,208,mf,0.03129780031277602,0.03465676780088771,0.03135295993417211,0.03115990125928582,1,7,,,,,enumerate,0.0174
dense,14,3,1.0,0.5,208,lbp,0.030211634917754776,0.03135854015845641,0.029890808818498114,0.031013700165896434,1,31,2.9928467359940925e-07,,,,enumerate,0.0247
dense,14,3,1.0,0.5,208,gibbs,0.16775314100609587,0.17324123228575777,0.16578549631024866,0.17267225274571393,0,2000,,9.5,1.32434,2000,enumerate,13.059
dense,14,3,1.3,0.5,208,exact,0.0,0.0,,,1,,,,,,enumerate,1.0702
dense,14,3,1.3,0.5,208,mf,0.02227801841648167,0.02279609965117678,0.022271216910056218,0.022295022182545303,1,6,,,,,enumerate,0.0117
dense,14,3,1.3,0.5,208,lbp,0.02216296446452173,0.02229941232385653,0.02211235344700091,0.022289492008323787,1,28,2.849811863159246e-07,,,,enumerate,0.0147
dense,14,3,1.3,0.5,208,gibbs,0.7235664144307654,0.7276771950314487,0.7222694544814592,0.7268088143040314,0,2000,,4.7,2.71054,2000,enumerate,13.0195
dense,14,3,1.75,0.5,208,exact,0.0,0.0,,,1,,,,,,enumerate,0.9472
dense,14,3,1.75,0.5,208,mf,0.019647642715070142,0.019677670562920975,0.019643130847597733,0.019658922383751158,1,5,,,,,enumerate,0.0117
dense,14,3,1.75,0.5,208,lbp,0.019643053502005143,0.019659408858708177,0.01963672605444982,0.01965887212089345,1,27,1.463922344457913e-07,,,,enumerate,0.0217
dense,14,3,1.75,0.5,208,gibbs,0.4994296209384462,0.4997599988312819,0.4993430240333506,0.499646113201185,0,2000,,4.2,7.02055,2000,enumerate,13.1184
dense,14,3,2.5,0.5,208,exact,0.0,0.0,,,1,,,,,,enumerate,0.9916
dense,14,3,2.5,0.5,208,mf,0.01917963013226329,0.019180326395074335,0.019179353590554355,0.019180321486535642,1,5,,,,,enumerate,0.0064
dense,14,3,2.5,0.5,208,lbp,0.019179607107977274,0.019180326394855472,0.01917932136595874,0.01918032146302362,1,26,1.3836279455503586e-07,,,,enumerate,0.0112
dense,14,3,2.5,0.5,208,gibbs,0.4997471397952493,0.49975943148511404,0.49974271756148986,0.49975819537964783,0,2000,,4.0,6491245172516403.0,2000,enumerate,13.0049
dense,14,3,4.0,0.5,208,exact,0.0,0.0,,,1,,,,,,enumerate,0.9839
dense,14,3,4.0,0.5,208,mf,0.9810849463411169,0.9810852281355888,0.9810848336335191,0.9810852281101112,1,5,,,,,enumerate,0.007
dense,14,3,4.0,0.5,208,lbp,0.019155398878878942,0.019155400595573628,0.01915539819241161,0.01915540059504728,1,26,1.5261709740421736e-07,,,,enumerate,0.0133
dense,14,3,4.0,0.5,208,gibbs,0.49975934413384554,0.4997593712688361,0.49975933333995226,0.49975937111857865,0,2000,,4.0,6491245172516403.0,2000,enumerate,12.8953
dense,14,3,0.0,1.5,208,exact,0.0,0.0,,,1,,,,,,enumerate,0.6818
dense,14,3,0.0,1.5,208,mf,9.096951862432233e-15,2.0745558049206636e-14,5.967708965881613e-15,1.6920059103808782e-14,1,1,,,,,enumerate,0.0017
dense,14,3,0.0,1.5,208,lbp,9.117582680914386e-15,2.0919030396804317e-14,5.9487137438196666e-15,1.7039755023651182e-14,1,3,0.0,,,,enumerate,0.0023
dense,14,3,0.0,1.5,208,gibbs,9.085366387789102e-15,1.905420266012925e-14,6.753972381368101e-15,1.4913851403841605e-14,1,2000,,8166.1,1.00016,2000,enumerate,13.578
dense,14,3,0.1,1.5,208,exact,0.0,0.0,,,1,,,,,,enumerate,0.9783
dense,14,3,0.1,1.5,208,mf,0.0011227261430740518,0.0026914366050088193,0.0011752255305467936,0.0009914776743921976,1,5,,,,,enumerate,0.0067
dense,14,3,0.1,1.5,208,lbp,8.810650654760669e-05,0.00026838045728619364,8.734305682510726e-05,9.001513085385524e-05,1,17,2.993804668616207e-07,,,,enumerate,0.0065
dense,14,3,0.1,1.5,208,gibbs,0.0004135505888581711,0.0012020261517899505,0.0002489868475238521,0.0008249599421939688,1,2000,,8208.4,1.00017,2000,enumerate,12.3182
dense,14,3,0.25,1.5,208,exact,0.0,0.0,,,1,,,,,,enumerate,0.9107
dense,14,3,0.25,1.5,208,mf,0.008425745309520236,0.021953854256710082,0.008837538671793333,0.007396261903837492,1,9,,,,,enumerate,0.0125
dense,14,3,0.25,1.5,208,lbp,0.0018036272836551416,0.0054188872519641065,0.0018258332848347558,0.0017481122807061064,1,25,3.5033893458491505e-07,,,,enumerate,0.014
dense,14,3,0.25,1.5,208,gibbs,0.0009359871820297177,0.0022934726815659057,0.000631284805146147,0.0016977431242386444,1,2000,,7893.1,1.00031,2000,enumerate,12.8906
dense,14,3,0.5,1.5,208,exact,0.0,0.0,,,1,,,,,,enumerate,0.9693
dense,14,3,0.5,1.5,208,mf,0.07307518225650018,0.13411382424964452,0.06644563758652108,0.08964904393144794,1,20,,,,,enumerate,0.0283
dense,14,3,0.5,1.5,208,lbp,0.03391306365448678,0.06364463439240742,0.0304345078527825,0.04260945315874748,1,48,5.359305123020519e-07,,,,enumerate,0.0251
dense,14,3,0.5,1.5,208,gibbs,0.005350586113934135,0.008871672902796418,0.004393776485284221,0.007742610185558917,1,2000,,5187.5,1.00022,2000,enumerate,12.7803
dense,14,3,0.75,1.5,208,exact,0.0,0.0,,,1,,,,,,enumerate,0.9236
dense,14,3,0.75,1.5,208,mf,0.18831851066899336,0.3308588823299432,0.16893831920375307,0.23676898933209417,1,49,,,,,enumerate,0.0604
dense,14,3,0.75,1.5,208,lbp,0.13619922965573852,0.22344252702361275,0.11172246088131618,0.19739115159179438,1,81,7.507579801169229e-07,,,,enumerate,0.0385
dense,14,3,0.75,1.5,208,gibbs,0.006322647448524478,0.008921726385399328,0.006307620453830751,0.006360214935258792,1,2000,,2386.8,1.00199,2000,enumerate,12.2716
dense,14,3,1.0,1.5,208,exact,0.0,0.0,,,1,,,,,,enumerate,1.0147
dense,14,3,1.0,1.5,208,mf,0.3036711496030331,0.3690751631372565,0.30488908279948124,0.3006263166119127,1,14,,,,,enumerate,0.0225
dense,14,3,1.0,1.5,208,lbp,0.29068405459311697,0.32580111229757797,0.2870639009535073,0.2997344386921413,1,50,4.6232989503458555e-07,,,,enumerate,0.031
dense,14,3,1.0,1.5,208,gibbs,0.18480605782503323,0.19465546325258162,0.1812608604074042,0.19366905136910573,1,2000,,1016.9,1.00674,2000,enumerate,12.6366
dense,14,3,1.3,1.5,208,exact,0.0,0.0,,,1,,,,,,enumerate,1.0741
dense,14,3,1.3,1.5,208,mf,0.4211606146209284,0.4306514152469353,0.4191052575458869,0.4262990073085322,1,9,,,,,enumerate,0.0151
dense,14,3,1.3,1.5,208,lbp,0.41941434333976735,0.4270494368333423,0.41666841320340975,0.4262791686806613,1,36,2.5116802798708093e-07,,,,enumerate,0.0211
dense,14,3,1.3,1.5,208,gibbs,0.38601051375396345,0.3898855245073183,0.3847261777435924,0.389221353779891,0,2000,,8.8,1.37183,2000,enumerate,12.3695
dense,14,3,1.75,1.5,208,exact,0.0,0.0,,,1,,,,,,enumerate,0.9971
dense,14,3,1.75,1.5,208,mf,0.49203159353389897,0.49468939339328005,0.49098932688867675,0.4946372601469545,1,6,,,,,enumerate,0.0069
dense,14,3,1.75,1.5,208,lbp,0.4918758565739843,0.49465436057978274,0.4907713326527185,0.4946371663771488,1,32,2.7223955689770207e-07,,,,enumerate,0.015
dense,14,3,1.75,1.5,208,gibbs,0.4543256430932561,0.4559415747942815,0.4537211085680239,0.4558369794063363,0,2000,,6.2,3.83958,2000,enumerate,12.7114
dense,14,3,2.5,1.5,208,exact,0.0,0.0,,,1,,,,,,enumerate,0.947
dense,14,3,2.5,1.5,208,mf,0.5097385115167954,0.5098831510794037,0.5096807215731367,0.5098829863759422,1,5,,,,,enumerate,0.0056
dense,14,3,2.5,1.5,208,lbp,0.5097377453162839,0.5098831510786519,0.5096796489001288,0.5098829863566716,1,31,1.4817506444053663e-07,,,,enumerate,0.0155
dense,14,3,2.5,1.5,208,gibbs,0.4540327558113187,0.45410856265823657,0.45400288356653196,0.45410743642328555,0,2000,,4.2,9.95653,2000,enumerate,12.0208
dense,14,3,4.0,1.5,208,exact,0.0,0.0,,,1,,,,,,enumerate,1.0445
dense,14,3,4.0,1.5,208,mf,0.5107083975299576,0.5107087562024676,0.5107082540680079,0.5107087561848318,1,4,,,,,enumerate,0.0064
dense,14,3,4.0,1.5,208,lbp,0.5107083975105434,0.5107087562024676,0.5107082540408282,0.5107087561848317,1,29,1.3125355569076902e-07,,,,enumerate,0.0193
dense,14,3,4.0,1.5,208,gibbs,0.4540059150007378,0.45400609864830316,0.4540058415963781,0.45400609851163715,0,2000,,4.0,5877473739351861.0,2000,enumerate,12.7567
dense,14,3,0.0,0.5,209,exact,0.0,0.0,,,1,,,,,,enumerate,0.7405
dense,14,3,0.0,0.5,209,mf,7.806007824256207e-15,1.7555401576885288e-14,7.461739559566637e-15,8.666678485980128e-15,1,1,,,,,enumerate,0.0015
dense,14,3,0.0,0.5,209,lbp,7.825337600131377e-15,1.7694179454963432e-14,7.489495135182266e-15,8.664943762504151e-15,1,3,0.0,,,,enumerate,0.0018
dense,14,3,0.0,0.5,209,gibbs,1.3225779598486602e-14,3.1932789745781065e-14,1.4295162276134477e-14,1.0552322904366918e-14,1,2000,,7951.5,0.9998,2000,enumerate,12.6073
dense,14,3,0.1,0.5,209,exact,0.0,0.0,,,1,,,,,,enumerate,1.0305
dense,14,3,0.1,0.5,209,mf,0.0012249809718386702,0.003284511324061115,0.0011211512431133878,0.0014845552936518756,1,5,,,,,enumerate,0.0087
dense,14,3,0.1,0.5,209,lbp,0.00012287904578835062,0.000431329409888985,0.00011671206324233019,0.00013829650215340175,1,17,3.0946020995736845e-07,,,,enumerate,0.0098
dense,14,3,0.1,0.5,209,gibbs,0.00042204994817091827,0.0008798747363919224,0.0004458150040954994,0.0003626373083594654,1,2000,,7805.8,0.99995,2000,enumerate,12.6216
dense,14,3,0.25,0.5,209,exact,0.0,0.0,,,1,,,,,,enumerate,0.9713
dense,14,3,0.25,0.5,209,mf,0.00977245780438875,0.02912114139126688,0.008081465411335535,0.013999938787021791,1,11,,,,,enumerate,0.0162
dense,14,3,0.25,0.5,209,lbp,0.002729698685489314,0.010139507695452528,0.002404720480602492,0.003542144197706369,1,27,3.9698255843712005e-07,,,,enumerate,0.014
dense,14,3,0.25,0.5,209,gibbs,0.0019641462845576122,0.0029168038490364756,0.0018098161830117862,0.0023499715384221777,1,2000,,6654.9,1.00009,2000,enumerate,13.214
dense,14,3,0.5,0.5,209,exact,0.0,0.0,,,1,,,,,,enumerate,1.0351
dense,14,3,0.5,0.5,209,mf,0.2891434619540495,0.36741307963645914,0.28314753316504293,0.3041332839265662,1,21,,,,,enumerate,0.035
dense,14,3,0.5,0.5,209,lbp,0.20335403269229826,0.26448186275976254,0.1970505389073855,0.21911276715458017,1,92,7.134274307984967e-07,,,,enumerate,0.051
dense,14,3,0.5,0.5,209,gibbs,0.020838725274178294,0.025423997031290987,0.020519836903943427,0.021635946199765464,1,2000,,2676.5,1.00134,2000,enumerate,13.0989
dense,14,3,0.75,0.5,209,exact,0.0,0.0,,,1,,,,,,enumerate,1.0202
dense,14,3,0.75,0.5,209,mf,0.6131198231261354,0.6526932273534427,0.6095234826866751,0.622110674224786,1,9,,,,,enumerate,0.0176
dense,14,3,0.75,0.5,209,lbp,0.6030317295445992,0.6474957395140337,0.5984758826452463,0.6144213467929814,1,41,4.143571531445289e-07,,,,enumerate,0.0255
dense,14,3,0.75,0.5,209,gibbs,0.15194022130826287,0.1639341644872715,0.15080481609385493,0.15477873434428283,0,2000,,39.6,1.06484,2000,enumerate,12.3553
dense,14,3,1.0,0.5,209,exact,0.0,0.0,,,1,,,,,,enumerate,1.0536
dense,14,3,1.0,0.5,209,mf,0.7422057787324121,0.7580694335114442,0.7401418732863381,0.7473655423475976,1,7,,,,,enumerate,0.0101
dense,14,3,1.0,0.5,209,lbp,0.740798443770796,0.7577884229488827,0.7385317144070824,0.7464652671800798,1,33,2.850554129407712e-07,,,,enumerate,0.0202
dense,14,3,1.0,0.5,209,gibbs,0.4962009341686234,0.5079516459736207,0.4945967221598219,0.5002114641906271,0,2000,,8.5,1.38647,2000,enumerate,13.5065
dense,14,3,1.3,0.5,209,exact,0.0,0.0,,,1,,,,,,enumerate,1.0182
dense,14,3,1.3,0.5,209,mf,0.7855892816713422,0.7901374181968112,0.7847977427902887,0.7875681288739764,1,6,,,,,enumerate,0.0212
dense,14,3,1.3,0.5,209,lbp,0.785460702860388,0.790129293860126,0.7846439024999334,0.7875027037615243,1,30,2.7369777255703553e-07,,,,enumerate,0.0198
dense,14,3,1.3,0.5,209,gibbs,0.7838801045826932,0.7896021348137433,0.7825913651452281,0.7871019531763555,0,2000,,5.3,2.08288,2000,enumerate,13.544
dense,14,3,1.75,0.5,209,exact,0.0,0.0,,,1,,,,,,enumerate,1.0325
dense,14,3,1.75,0.5,209,mf,0.7989089449093287,0.7995953536750238,0.7987486335583347,0.7993097232868138,1,6,,,,,enumerate,0.0102
dense,14,3,1.75,0.5,209,lbp,0.7989052813980123,0.7995953078764647,0.7987441205816193,0.7993081834389955,1,29,1.5892046056897868e-07,,,,enumerate,0.0183
dense,14,3,1.75,0.5,209,gibbs,0.7982951890247618,0.7991300219797945,0.7980592260517672,0.7988850964572489,0,2000,,4.5,3.20309,2000,enumerate,13.0535
dense,14,3,2.5,0.5,209,exact,0.0,0.0,,,1,,,,,,enumerate,1.0145
dense,14,3,2.5,0.5,209,mf,0.48949660300345293,0.8011152342210819,0.555470472204284,0.32456193000137484,1,9,,,,,enumerate,0.012
dense,14,3,2.5,0.5,209,lbp,0.8010923902437413,0.801120652216452,0.8010837313361604,0.8011140375126945,1,27,2.065267288298145e-07,,,,enumerate,0.0134
dense,14,3,2.5,0.5,209,gibbs,0.5506361892364066,0.5506644913303329,0.550626378900071,0.5506607150772453,0,2000,,4.0,21.93565,2000,enumerate,14.9977
dense,14,3,4.0,0.5,209,exact,0.0,0.0,,,1,,,,,,enumerate,0.9879
dense,14,3,4.0,0.5,209,mf,0.49807732449002823,0.8011905598744855,0.5594123054859116,0.34473987200031975,1,6,,,,,enumerate,0.0092
dense,14,3,4.0,0.5,209,lbp,0.8011905028775627,0.8011905628584547,0.8011904803402686,0.8011905592207975,1,26,2.473188053242481e-07,,,,enumerate,0.014
dense,14,3,4.0,0.5,209,gibbs,0.800734772174294,0.8007348547108308,0.8007347403911108,0.8007348516322521,0,2000,,4.0,5617601238189621.0,2000,enumerate,13.5544
dense,14,3,0.0,1.5,209,exact,0.0,0.0,,,1,,,,,,enumerate,0.7286
dense,14,3,0.0,1.5,209,mf,1.0481570968311006e-14,2.385591724163305e-14,1.0098692715398983e-14,1.1438766600591066e-14,1,1,,,,,enumerate,0.0016
dense,14,3,0.0,1.5,209,lbp,1.0481570968311006e-14,2.3814283878209608e-14,1.009661104722781e-14,1.1443970771018996e-14,1,3,0.0,,,,enumerate,0.0014
dense,14,3,0.0,1.5,209,gibbs,9.369737129029586e-15,2.300937218535637e-14,9.139564105531406e-15,9.945169687775035e-15,1,2000,,8123.9,1.00013,2000,enumerate,13.1874
dense,14,3,0.1,1.5,209,exact,0.0,0.0,,,1,,,,,,enumerate,1.0838
dense,14,3,0.1,1.5,209,mf,0.00144139200983209,0.003081344391086531,0.0015502582108444882,0.0011692265073010941,1,5,,,,,enumerate,0.0063
dense,14,3,0.1,1.5,209,lbp,0.00013501350335479466,0.0003805834946262604,0.00014803368380054415,0.00010246305224042088,1,18,1.8784434274721207e-07,,,,enumerate,0.008
dense,14,3,0.1,1.5,209,gibbs,0.0002289698768760191,0.0005725961612423058,0.00020098345291334665,0.0002989359367827002,1,2000,,7660.8,1.00042,2000,enumerate,13.7284
dense,14,3,0.25,1.5,209,exact,0.0,0.0,,,1,,,,,,enumerate,1.096
dense,14,3,0.25,1.5,209,mf,0.011584219697392801,0.022070264813364125,0.01341978398957822,0.006995308966929254,1,10,,,,,enumerate,0.012
dense,14,3,0.25,1.5,209,lbp,0.0027850023366251388,0.006302367155341972,0.003244511444032621,0.0016362295681064329,1,26,4.085552732790987e-07,,,,enumerate,0.0144
dense,14,3,0.25,1.5,209,gibbs,0.0005070072832598232,0.0012158423122933526,0.0004859405582247901,0.000559674095847406,1,2000,,6772.6,1.0008,2000,enumerate,12.3812
dense,14,3,0.5,1.5,209,exact,0.0,0.0,,,1,,,,,,enumerate,1.018
dense,14,3,0.5,1.5,209,mf,0.11679528423560549,0.2282135231206825,0.13633937791486656,0.0679350500374529,1,25,,,,,enumerate,0.0333
dense,14,3,0.5,1.5,209,lbp,0.060230846099059154,0.12770396081707197,0.07306789913321139,0.028138213513678553,1,65,7.538398287265657e-07,,,,enumerate,0.0326
dense,14,3,0.5,1.5,209,gibbs,0.0032298457736943975,0.005070872441220328,0.0030696592039389245,0.0036303121980830804,1,2000,,3597.2,1.00062,2000,enumerate,12.38
dense,14,3,0.75,1.5,209,exact,0.0,0.0,,,1,,,,,,enumerate,0.993
dense,14,3,0.75,1.5,209,mf,0.42768564552238086,0.7824791751152584,0.46755177282081417,0.3280203272762978,1,30,,,,,enumerate,0.0619
dense,14,3,0.75,1.5,209,lbp,0.4268620643111824,0.747788991626505,0.4606212258790404,0.34246416039153715,1,95,7.577316920581723e-07,,,,enumerate,0.084
dense,14,3,0.75,1.5,209,gibbs,0.0108186409101874,0.01391551247350201,0.010588878949123946,0.01139304581284604,0,2000,,517.0,1.01619,2000,enumerate,12.0925
dense,14,3,1.0,1.5,209,exact,0.0,0.0,,,1,,,,,,enumerate,0.9779
dense,14,3,1.0,1.5,209,mf,0.533206674162726,0.9736046312316115,0.5906817590643301,0.3895189619087158,1,34,,,,,enumerate,0.0438
dense,14,3,1.0,1.5,209,lbp,0.8871368284849106,0.9808939391668868,0.8673052004890305,0.9367158984746109,1,134,6.375590120288877e-07,,,,enumerate,0.0647
dense,14,3,1.0,1.5,209,gibbs,0.016163128375008787,0.019551630823498846,0.016150753570573145,0.016194065386097894,0,2000,,96.5,1.03593,2000,enumerate,12.4292
dense,14,3,1.3,1.5,209,exact,0.0,0.0,,,1,,,,,,enumerate,0.983
dense,14,3,1.3,1.5,209,mf,0.5184922157435282,0.9922912177688024,0.5971299808355649,0.32189780301343673,1,20,,,,,enumerate,0.0408
dense,14,3,1.3,1.5,209,lbp,0.971564125196368,0.9940951033107083,0.9640713517214248,0.9902960588837264,1,65,2.4918406232865564e-07,,,,enumerate,0.0377
dense,14,3,1.3,1.5,209,gibbs,0.6991900091599869,0.7133035615266371,0.6963932967606048,0.7061817901584415,0,2000,,7.6,1.62381,2000,enumerate,12.1932
dense,14,3,1.75,1.5,209,exact,0.0,0.0,,,1,,,,,,enumerate,0.9636
dense,14,3,1.75,1.5,209,mf,0.5061548317146211,0.9953926172649388,0.5980448077433916,0.27642989164269455,1,12,,,,,enumerate,0.0159
dense,14,3,1.75,1.5,209,lbp,0.008991837482742905,0.009016977193240048,0.008983000861659669,0.009013929035451,1,33,2.3123920545042864e-07,,,,enumerate,0.0187
dense,14,3,1.75,1.5,209,gibbs,0.98820258962105,0.9909813389006322,0.9872124523054427,0.9906779329100683,0,2000,,5.7,1.87105,2000,enumerate,12.2012
dense,14,3,2.5,1.5,209,exact,0.0,0.0,,,1,,,,,,enumerate,1.0118
dense,14,3,2.5,1.5,209,mf,0.5016740030108808,0.9958150740701575,0.5999992599824766,0.25586086058189106,1,9,,,,,enumerate,0.0173
dense,14,3,2.5,1.5,209,lbp,0.008691818354118436,0.008692975195850973,0.008691379410338202,0.008692915713569019,1,30,1.4924496072321602e-07,,,,enumerate,0.0185
dense,14,3,2.5,1.5,209,gibbs,0.7412205381691479,0.7413070233562902,0.7411880137448565,0.7413018492298764,0,2000,,4.1,9.99173,2000,enumerate,12.6474
dense,14,3,4.0,1.5,209,exact,0.0,0.0,,,1,,,,,,enumerate,1.0082
dense,14,3,4.0,1.5,209,mf,0.5014125736488502,0.9958312643264506,0.6008043026086204,0.25293325124942423,1,7,,,,,enumerate,0.0126
dense,14,3,4.0,1.5,209,lbp,0.00867675542865967,0.008676758195168785,0.00867675433507378,0.008676758162624393,1,29,1.6065021735123253e-07,,,,enumerate,0.0149
dense,14,3,4.0,1.5,209,gibbs,0.7413230358127344,0.7413232418048289,0.7413229545526633,0.7413232389629123,0,2000,,4.0,5877473739351861.0,2000,enumerate,12.427
dense,14,3,0.0,0.5,210,exact,0.0,0.0,,,1,,,,,,enumerate,0.6438
dense,14,3,0.0,0.5,210,mf,9.649523243940702e-15,2.2468138460851605e-14,1.0430892261048541e-14,7.696100701171105e-15,1,1,,,,,enumerate,0.0014
dense,14,3,0.0,0.5,210,lbp,9.609624603993235e-15,2.2468138460851605e-14,1.0366707492437399e-14,7.716917382882826e-15,1,3,0.0,,,,enumerate,0.0014
dense,14,3,0.0,0.5,210,gibbs,1.2741543931049648e-14,2.040728697139116e-14,1.3377840502037941e-14,1.1150802503578916e-14,1,2000,,7735.9,1.0004,2000,enumerate,14.2902
dense,14,3,0.1,0.5,210,exact,0.0,0.0,,,1,,,,,,enumerate,1.0147
dense,14,3,0.1,0.5,210,mf,0.0014964135804980854,0.0027505358016781598,0.001461745709517606,0.0015830832579492833,1,6,,,,,enumerate,0.0097
dense,14,3,0.1,0.5,210,lbp,0.00015263916477708576,0.0003222151001289787,0.00015293672922919894,0.00015189525364680276,1,19,2.9141752161399026e-07,,,,enumerate,0.0098
dense,14,3,0.1,0.5,210,gibbs,0.00029613908536932934,0.0005972885004751072,0.0002890920541096381,0.0003137566635185575,1,2000,,7424.7,1.00066,2000,enumerate,14.3775
dense,14,3,0.25,0.5,210,exact,0.0,0.0,,,1,,,,,,enumerate,0.999
dense,14,3,0.25,0.5,210,mf,0.014480705146113354,0.02879467509690646,0.014765461518145223,0.013768814216033676,1,11,,,,,enumerate,0.0247
dense,14,3,0.25,0.5,210,lbp,0.0037041359187843246,0.007039779747545591,0.003710858332654081,0.0036873298841099346,1,31,4.1982114318273034e-07,,,,enumerate,0.0171
dense,14,3,0.25,0.5,210,gibbs,0.0005956068215875772,0.0015605144261357784,0.000649052693787959,0.0004619921410866229,1,2000,,5826.1,1.00043,2000,enumerate,13.5526
dense,14,3,0.5,0.5,210,exact,0.0,0.0,,,1,,,,,,enumerate,0.9442
dense,14,3,0.5,0.5,210,mf,0.03970269585573465,0.08294027463748498,0.03866295314379591,0.042302052635581504,1,12,,,,,enumerate,0.0176
dense,14,3,0.5,0.5,210,lbp,0.018480391735205152,0.030633458091483833,0.018462616885760973,0.01852482885881561,1,42,4.997898762071351e-07,,,,enumerate,0.0223
dense,14,3,0.5,0.5,210,gibbs,0.001960314582641857,0.0035527813914345285,0.0019282521884619902,0.002040470568091524,1,2000,,3448.5,1.00082,2000,enumerate,13.3857
dense,14,3,0.75,0.5,210,exact,0.0,0.0,,,1,,,,,,enumerate,0.9577
dense,14,3,0.75,0.5,210,mf,0.003004951976643169,0.007347114837058765,0.002896194133208665,0.0032768465852294304,1,6,,,,,enumerate,0.0084
dense,14,3,0.75,0.5,210,lbp,0.0014039546185397897,0.002324552358267529,0.0013909688933455757,0.0014364189315253244,1,30,2.1696790880598726e-07,,,,enumerate,0.0114
dense,14,3,0.75,0.5,210,gibbs,0.0009885873600946461,0.0014092732020433187,0.0009628996836550937,0.0010528065511935273,1,2000,,5705.7,1.00077,2000,enumerate,13.0238
dense,14,3,1.0,0.5,210,exact,0.0,0.0,,,1,,,,,,enumerate,1.0233
dense,14,3,1.0,0.5,210,mf,0.0007633879765507815,0.0009709885657571231,0.0007631141636950577,0.0007640725086900909,1,5,,,,,enumerate,0.0061
dense,14,3,1.0,0.5,210,lbp,0.0006578822280052046,0.0006823768523447736,0.000660204028575307,0.0006520777265799487,1,26,2.32365113816968e-07,,,,enumerate,0.0114
dense,14,3,1.0,0.5,210,gibbs,0.40468689391027,0.41267592275881104,0.40714408700223625,0.3985439111803545,0,2000,,5.5,1.9466,2000,enumerate,13.2006
dense,14,3,1.3,0.5,210,exact,0.0,0.0,,,1,,,,,,enumerate,0.9742
dense,14,3,1.3,0.5,210,mf,0.0005996462572128681,0.0006077225622525108,0.0006001243204419757,0.0005984510991400994,1,4,,,,,enumerate,0.0052
dense,14,3,1.3,0.5,210,lbp,0.0005949359037465756,0.0005963903688961233,0.0005954268508746044,0.000593708535926504,1,25,1.5472274272898545e-07,,,,enumerate,0.0088
dense,14,3,1.3,0.5,210,gibbs,0.7457316526578001,0.7493881885411168,0.7471579990999825,0.7421657865523441,0,2000,,4.9,2.6828,2000,enumerate,11.9616
dense,14,3,1.75,0.5,210,exact,0.0,0.0,,,1,,,,,,enumerate,0.9863
dense,14,3,1.75,0.5,210,mf,0.000582943498975831,0.000583094610169951,0.0005829910300851688,0.0005828246712024865,1,3,,,,,enumerate,0.0032
dense,14,3,1.75,0.5,210,lbp,0.0005828845361374629,0.0005830120655882112,0.0005829340562995635,0.0005827607357322111,1,24,1.9846195153938595e-07,,,,enumerate,0.0106
dense,14,3,1.75,0.5,210,gibbs,0.7491033078784674,0.7494169267791182,0.7492401450298194,0.7487612150000873,0,2000,,4.2,7.85844,2000,enumerate,11.4907
dense,14,3,2.5,0.5,210,exact,0.0,0.0,,,1,,,,,,enumerate,0.9625
dense,14,3,2.5,0.5,210,mf,0.000581606262218078,0.0005816089295169148,0.0005816074302061786,0.0005816033422478264,1,3,,,,,enumerate,0.0034
dense,14,3,2.5,0.5,210,lbp,0.0005816061847496851,0.0005816089278888744,0.0005816073631807253,0.0005816032386720844,1,24,1.81738513016505e-07,,,,enumerate,0.0087
dense,14,3,2.5,0.5,210,gibbs,0.7494115992448834,0.7494183910404587,0.749414725286808,0.749403784140072,0,2000,,4.0,63.44895,2000,enumerate,11.5259
dense,14,3,4.0,0.5,210,exact,0.0,0.0,,,1,,,,,,enumerate,0.936
dense,14,3,4.0,0.5,210,mf,0.0005815766875964352,0.0005815766890480089,0.0005815766882642525,0.0005815766859268921,1,3,,,,,enumerate,0.0025
dense,14,3,4.0,0.5,210,lbp,0.0005815766875906481,0.0005815766890480089,0.0005815766882568149,0.0005815766859252315,1,24,1.90123837451317e-07,,,,enumerate,0.0063
dense,14,3,4.0,0.5,210,gibbs,0.7494184196183661,0.749418423310952,0.7494184213631641,0.7494184152563711,0,2000,,4.0,5877473739351861.0,2000,enumerate,11.4986
dense,14,3,0.0,1.5,210,exact,0.0,0.0,,,1,,,,,,enumerate,0.615
dense,14,3,0.0,1.5,210,mf,7.956061404928201e-15,3.337607967779377e-14,8.348703672833579e-15,6.974455735164753e-15,1,1,,,,,enumerate,0.0019
dense,14,3,0.0,1.5,210,lbp,7.951848505057971e-15,3.35009797680641e-14,8.348356728138384e-15,6.9605779473569385e-15,1,3,0.0,,,,enumerate,0.0013
dense,14,3,0.0,1.5,210,gibbs,1.0351962342891596e-14,2.861599845971341e-14,1.0834562413908344e-14,9.145462165349727e-15,1,2000,,8085.1,1.00009,2000,enumerate,11.51
dense,14,3,0.1,1.5,210,exact,0.0,0.0,,,1,,,,,,enumerate,0.9618
dense,14,3,0.1,1.5,210,mf,0.001343450566853402,0.002223535966682875,0.0013346995186383542,0.001365328187391021,1,6,,,,,enumerate,0.0077
dense,14,3,0.1,1.5,210,lbp,0.00011620076982600586,0.00021602784305638223,0.00011569416650699087,0.0001174672781235433,1,19,2.69197035551727e-07,,,,enumerate,0.0076
dense,14,3,0.1,1.5,210,gibbs,0.00021531085188310144,0.0004681702554447109,0.00024117733993551452,0.00015064463175206875,1,2000,,7350.5,1.00004,2000,enumerate,10.6971
dense,14,3,0.25,1.5,210,exact,0.0,0.0,,,1,,,,,,enumerate,0.9382
dense,14,3,0.25,1.5,210,mf,0.009765779834014105,0.01881866532497105,0.009191370496494638,0.011201803177812768,1,10,,,,,enumerate,0.0116
dense,14,3,0.25,1.5,210,lbp,0.0022525218011714776,0.0046249252915705336,0.0021162671818950357,0.0025931583493625818,1,28,3.6444075129926645e-07,,,,enumerate,0.0099
dense,14,3,0.25,1.5,210,gibbs,0.0006215876349215529,0.0015740663338773414,0.0004946207953072191,0.0009390047339573873,1,2000,,6782.6,0.9999,2000,enumerate,10.6325
dense,14,3,0.5,1.5,210,exact,0.0,0.0,,,1,,,,,,enumerate,0.8977
dense,14,3,0.5,1.5,210,mf,0.073306548865098,0.18281593499035537,0.07461475814853176,0.07003602565651362,1,25,,,,,enumerate,0.0273
dense,14,3,0.5,1.5,210,lbp,0.030813233185764604,0.08105495093497742,0.031127506966562368,0.030027548733770188,1,68,6.435700761198149e-07,,,,enumerate,0.0259
dense,14,3,0.5,1.5,210,gibbs,0.005598432972449946,0.011699439489843168,0.005589712656580344,0.005620233762123953,1,2000,,3674.6,1.00087,2000,enumerate,10.1533
dense,14,3,0.75,1.5,210,exact,0.0,0.0,,,1,,,,,,enumerate,0.9715
dense,14,3,0.75,1.5,210,mf,0.009722474045212533,0.029720792816017024,0.01029722061705603,0.008285607615603797,1,8,,,,,enumerate,0.0085
dense,14,3,0.75,1.5,210,lbp,0.006059283654299282,0.01392729015774663,0.006360504371605109,0.0053062318610347155,1,35,3.7453922524521843e-07,,,,enumerate,0.015
dense,14,3,0.75,1.5,210,gibbs,0.0012983501301040564,0.0032418247548262648,0.0013823806502187659,0.0010882738298172827,1,2000,,3196.1,1.00173,2000,enumerate,10.603
dense,14,3,1.0,1.5,210,exact,0.0,0.0,,,1,,,,,,enumerate,0.9498
dense,14,3,1.0,1.5,210,mf,0.0009422752378865821,0.0019562224924675117,0.000991134461123366,0.000820127179794622,1,6,,,,,enumerate,0.0053
dense,14,3,1.0,1.5,210,lbp,0.0006968947474786457,0.0008974238670635249,0.0007089459619774909,0.0006667667112315328,1,29,2.845735717071918e-07,,,,enumerate,0.0092
dense,14,3,1.0,1.5,210,gibbs,0.0803823589079228,0.08222725565147966,0.08052225103957855,0.08003262857878338,0,2000,,9.6,1.32991,2000,enumerate,10.5513
dense,14,3,1.3,1.5,210,exact,0.0,0.0,,,1,,,,,,enumerate,1.0012
dense,14,3,1.3,1.5,210,mf,0.0005648438048485285,0.000614663707135325,0.0005672882896023308,0.0005587325929640224,1,5,,,,,enumerate,0.0041
dense,14,3,1.3,1.5,210,lbp,0.0005534213675889444,0.0005569164797937093,0.000553834544490665,0.0005523884253346432,1,27,2.4897858963424113e-07,,,,enumerate,0.0078
dense,14,3,1.3,1.5,210,gibbs,0.6603053447504913,0.663118467898824,0.6609003935701503,0.6588177227013432,0,2000,,5.4,3.16761,2000,enumerate,10.7221
dense,14,3,1.75,1.5,210,exact,0.0,0.0,,,1,,,,,,enumerate,1.0357
dense,14,3,1.75,1.5,210,mf,0.0005434891148172517,0.0005440581211061792,0.0005435327991300584,0.000543379904035235,1,4,,,,,enumerate,0.003
dense,14,3,1.75,1.5,210,lbp,0.0005433348730730963,0.0005434773747861634,0.0005433605212801833,0.000543270752555379,1,26,2.0042370862949355e-07,,,,enumerate,0.0065
dense,14,3,1.75,1.5,210,gibbs,0.7491665281970727,0.7494564481365619,0.7492408482211186,0.7489807281369585,0,2000,,4.1,7.35326,2000,enumerate,10.5517
dense,14,3,2.5,1.5,210,exact,0.0,0.0,,,1,,,,,,enumerate,1.0176
dense,14,3,2.5,1.5,210,mf,0.000542321132057917,0.0005423241618069572,0.0005423217260807738,0.0005423196470007755,1,3,,,,,enumerate,0.0037
dense,14,3,2.5,1.5,210,lbp,0.0005423209136843671,0.0005423241060970497,0.0005423215182065784,0.000542319402378839,1,25,2.453596322782303e-07,,,,enumerate,0.009
dense,14,3,2.5,1.5,210,gibbs,0.7494513281430455,0.7494576758552578,0.7494530087269775,0.7494471266832153,0,2000,,4.0,229.0768,2000,enumerate,10.4506
dense,14,3,4.0,1.5,210,exact,0.0,0.0,,,1,,,,,,enumerate,0.9147
dense,14,3,4.0,1.5,210,mf,0.0005422969070052196,0.0005422969087251902,0.0005422969073493638,0.0005422969061448592,1,3,,,,,enumerate,0.0032
dense,14,3,4.0,1.5,210,lbp,0.0005422969069926452,0.0005422969087251902,0.0005422969073327247,0.0005422969061424464,1,25,2.1458351906478157e-07,,,,enumerate,0.0078
dense,14,3,4.0,1.5,210,gibbs,0.7494576996376282,0.7494577030912748,0.7494577005801506,0.749457697281322,0,2000,,4.0,5877473739351861.0,2000,enumerate,10.1596
dense,14,3,0.0,0.5,211,exact,0.0,0.0,,,1,,,,,,enumerate,0.5617
dense,14,3,0.0,0.5,211,mf,8.77608997378638e-15,2.1017909634934995e-14,6.90957707716322e-15,1.3442372215344278e-14,1,1,,,,,enumerate,0.0014
dense,14,3,0.0,0.5,211,lbp,8.791826393889883e-15,2.1045665210550624e-14,6.9371591804312516e-15,1.3428494427536464e-14,1,3,0.0,,,,enumerate,0.0009
dense,14,3,0.0,0.5,211,gibbs,9.932530988164346e-15,2.5222879340702775e-14,9.486161856031571e-15,1.1048453818496284e-14,1,2000,,7308.9,0.99992,2000,enumerate,8.7287
dense,14,3,0.1,0.5,211,exact,0.0,0.0,,,1,,,,,,enumerate,0.9227
dense,14,3,0.1,0.5,211,mf,0.0014652653093005302,0.002789135924448998,0.0015267470321621806,0.0013115610021464039,1,5,,,,,enumerate,0.0055
dense,14,3,0.1,0.5,211,lbp,0.00012403828852843173,0.0003105113573598217,0.00012724594551042842,0.00011601914607344,1,18,2.3276380012315911e-07,,,,enumerate,0.0064
dense,14,3,0.1,0.5,211,gibbs,0.0004245780340559495,0.0009244510332741401,0.000393234857969914,0.0005029359742710383,1,2000,,7744.0,0.99992,2000,enumerate,8.5903
dense,14,3,0.25,0.5,211,exact,0.0,0.0,,,1,,,,,,enumerate,0.8454
dense,14,3,0.25,0.5,211,mf,0.012666779431910644,0.02314805624683884,0.012726814593628821,0.012516691527615191,1,10,,,,,enumerate,0.0096
dense,14,3,0.25,0.5,211,lbp,0.0028860385062807856,0.0065651306079406455,0.002879153533746953,0.002903250937615367,1,26,3.971637598798594e-07,,,,enumerate,0.0089
dense,14,3,0.25,0.5,211,gibbs,0.0013137252213508515,0.0024774412874693785,0.0012670980800675463,0.001430293074559115,1,2000,,6727.6,1.00055,2000,enumerate,8.6124
dense,14,3,0.5,0.5,211,exact,0.0,0.0,,,1,,,,,,enumerate,0.8443
dense,14,3,0.5,0.5,211,mf,0.1084045081755649,0.17700154331166773,0.11274249631886306,0.09755953781731953,1,26,,,,,enumerate,0.0185
dense,14,3,0.5,0.5,211,lbp,0.06491046620312263,0.11027574199996298,0.06634799843973019,0.061316635611603734,1,65,6.903107694911093e-07,,,,enumerate,0.0164
dense,14,3,0.5,0.5,211,gibbs,0.00852885700561174,0.01294181374558026,0.008170126021687873,0.009425684465421406,1,2000,,3136.7,1.00097,2000,enumerate,8.5946
dense,14,3,0.75,0.5,211,exact,0.0,0.0,,,1,,,,,,enumerate,0.8142
dense,14,3,0.75,0.5,211,mf,0.24289819418641653,0.28395362338187224,0.24118801028629963,0.2471736539367086,1,11,,,,,enumerate,0.0083
dense,14,3,0.75,0.5,211,lbp,0.23168032487715853,0.2588845706100956,0.2314900489637762,0.23215601466061414,1,45,4.142733804890497e-07,,,,enumerate,0.0113
dense,14,3,0.75,0.5,211,gibbs,0.04605041560561973,0.05005601979628206,0.046058547738200936,0.0460300852741667,1,2000,,1024.1,1.00351,2000,enumerate,8.4409
dense,14,3,1.0,0.5,211,exact,0.0,0.0,,,1,,,,,,enumerate,0.8537
dense,14,3,1.0,0.5,211,mf,0.24319664255211837,0.24658023668491277,0.24301659411222637,0.2436467636518484,1,8,,,,,enumerate,0.0077
dense,14,3,1.0,0.5,211,lbp,0.24250183977747927,0.2458403605460992,0.24238958564838842,0.2427824751002064,1,32,2.928629255771753e-07,,,,enumerate,0.0088
dense,14,3,1.0,0.5,211,gibbs,0.25031296303378203,0.25411907384744326,0.2502582338677839,0.25044978594877726,0,2000,,8.8,1.36714,2000,enumerate,8.7532
dense,14,3,1.3,0.5,211,exact,0.0,0.0,,,1,,,,,,enumerate,0.89
dense,14,3,1.3,0.5,211,mf,0.2471595475888657,0.24775696620789442,0.247108618904059,0.2472868693008825,1,8,,,,,enumerate,0.007
dense,14,3,1.3,0.5,211,lbp,0.2471183317491317,0.24775592873238192,0.24707104339138847,0.24723655264348982,1,29,1.943401151116575e-07,,,,enumerate,0.0095
dense,14,3,1.3,0.5,211,gibbs,0.2517344372613926,0.25239004919111524,0.25169076280779046,0.2518436233953979,0,2000,,5.1,2.17794,2000,enumerate,8.796
dense,14,3,1.75,0.5,211,exact,0.0,0.0,,,1,,,,,,enumerate,0.8737
dense,14,3,1.75,0.5,211,mf,0.4333219282196121,0.7513062365423682,0.4075995836379064,0.4976277896738763,1,24,,,,,enumerate,0.0216
dense,14,3,1.75,0.5,211,lbp,0.2486005233645483,0.24865945908119608,0.24859305842652465,0.2486191857096073,1,27,2.208200805542404e-07,,,,enumerate,0.0083
dense,14,3,1.75,0.5,211,gibbs,0.5013923898506923,0.501511596540726,0.5013805301503202,0.5014220391016226,0,2000,,4.1,6.01852,2000,enumerate,8.5026
dense,14,3,2.5,0.5,211,exact,0.0,0.0,,,1,,,,,,enumerate,0.862
dense,14,3,2.5,0.5,211,mf,0.7513594955916678,0.7513631083948218,0.7513590077807271,0.7513607151190198,1,6,,,,,enumerate,0.0058
dense,14,3,2.5,0.5,211,lbp,0.24880728252973677,0.24880850366023355,0.248807082622106,0.24880778229881373,1,26,2.3654317082844045e-07,,,,enumerate,0.0088
dense,14,3,2.5,0.5,211,gibbs,0.5013606978162212,0.5013631087130844,0.5013603722601563,0.5013615117063833,0,2000,,4.0,4627524136522998.0,2000,enumerate,8.6231
dense,14,3,4.0,0.5,211,exact,0.0,0.0,,,1,,,,,,enumerate,0.8463
dense,14,3,4.0,0.5,211,mf,0.751358517996166,0.7513585197954824,0.7513585177082499,0.7513585187159568,1,5,,,,,enumerate,0.0045
dense,14,3,4.0,0.5,211,lbp,0.24881308319467849,0.24881308381497091,0.2488130830800573,0.2488130834812315,1,27,1.4795402314415895e-07,,,,enumerate,0.0091
dense,14,3,4.0,0.5,211,gibbs,0.5013585185948023,0.5013585197954822,0.5013585184026914,0.5013585190750796,0,2000,,4.0,4627524136522998.0,2000,enumerate,8.4954
dense,14,3,0.0,1.5,211,exact,0.0,0.0,,,1,,,,,,enumerate,0.5791
dense,14,3,0.0,1.5,211,mf,5.5325907545787444e-15,1.271899252586195e-14,4.9978250704629804e-15,6.869504964868156e-15,1,1,,,,,enumerate,0.0009
dense,14,3,0.0,1.5,211,lbp,5.506817720078518e-15,1.269123695024632e-14,4.9714572736281325e-15,6.845218836204481e-15,1,3,0.0,,,,enumerate,0.001
dense,14,3,0.0,1.5,211,gibbs,8.437942804790615e-15,2.7519653222896068e-14,6.502090532656268e-15,1.3277573485126482e-14,1,2000,,8127.1,0.99996,2000,enumerate,8.5611
dense,14,3,0.1,1.5,211,exact,0.0,0.0,,,1,,,,,,enumerate,0.8846
dense,14,3,0.1,1.5,211,mf,0.0012175519816154585,0.0017732386642942445,0.0012689321689085254,0.0010891015133827914,1,5,,,,,enumerate,0.0052
dense,14,3,0.1,1.5,211,lbp,0.00010255781239091858,0.00017715291622533505,0.00010117166877351702,0.00010602317143442244,1,18,1.6388796975075337e-07,,,,enumerate,0.0061
dense,14,3,0.1,1.5,211,gibbs,0.00027766349870983123,0.0006691629345012412,0.00029155753752301206,0.00024292840167687915,1,2000,,8169.1,1.00004,2000,enumerate,8.6901
dense,14,3,0.25,1.5,211,exact,0.0,0.0,,,1,,,,,,enumerate,0.9248
dense,14,3,0.25,1.5,211,mf,0.010024586596680712,0.015364270445719828,0.010669651044375759,0.008411925477443098,1,9,,,,,enumerate,0.008
dense,14,3,0.25,1.5,211,lbp,0.002322356079962419,0.0038727347266650364,0.002343398380619979,0.002269750328318519,1,23,2.580779439598224e-07,,,,enumerate,0.0058
dense,14,3,0.25,1.5,211,gibbs,0.0013965395304788538,0.0031115037527662806,0.0013138380142149614,0.001603293321138585,1,2000,,7705.4,1.00018,2000,enumerate,8.5477
dense,14,3,0.5,1.5,211,exact,0.0,0.0,,,1,,,,,,enumerate,0.8528
dense,14,3,0.5,1.5,211,mf,0.13190551419308283,0.2512165729138265,0.12387024087056195,0.151993697499385,1,64,,,,,enumerate,0.0527
dense,14,3,0.5,1.5,211,lbp,0.047774843424696636,0.09088238738037166,0.04716999857285546,0.04928695555429957,1,117,8.635347717445008e-07,,,,enumerate,0.0353
dense,14,3,0.5,1.5,211,gibbs,0.013834910633830952,0.0197977005294317,0.013369507117158643,0.014998419425511724,1,2000,,3563.0,1.00095,2000,enumerate,8.5871
dense,14,3,0.75,1.5,211,exact,0.0,0.0,,,1,,,,,,enumerate,0.8904
dense,14,3,0.75,1.5,211,mf,0.6307405445952823,0.6758401810045833,0.6277021460002532,0.638336541082855,1,14,,,,,enumerate,0.0138
dense,14,3,0.75,1.5,211,lbp,0.293158741998322,0.3234216236850282,0.2899465010052831,0.3011893444809193,1,46,3.2635870905739495e-07,,,,enumerate,0.0208
dense,14,3,0.75,1.5,211,gibbs,0.03735255115316454,0.04140520115497193,0.03681576950683378,0.03869450526899143,1,2000,,492.5,1.00701,2000,enumerate,8.616
dense,14,3,1.0,1.5,211,exact,0.0,0.0,,,1,,,,,,enumerate,0.8946
dense,14,3,1.0,1.5,211,mf,0.7264374791906085,0.7363431554740173,0.7255709706908374,0.7286037504400362,1,8,,,,,enumerate,0.0063
dense,14,3,1.0,1.5,211,lbp,0.25864581537387366,0.26281390645815766,0.2581807999993571,0.259808353810165,1,32,2.718090963416131e-07,,,,enumerate,0.0095
dense,14,3,1.0,1.5,211,gibbs,0.47840199684289575,0.48606840938779017,0.47758753013607774,0.48043816360994096,0,2000,,7.9,1.4442,2000,enumerate,8.7212
dense,14,3,1.3,1.5,211,exact,0.0,0.0,,,1,,,,,,enumerate,0.8653
dense,14,3,1.3,1.5,211,mf,0.7470875405718106,0.7489308613677779,0.7469054157556846,0.7475428526121256,1,6,,,,,enumerate,0.0055
dense,14,3,1.3,1.5,211,lbp,0.2503391885189724,0.2509955456766082,0.2502688738698469,0.2505149751417862,1,28,2.676941729395921e-07,,,,enumerate,0.0102
dense,14,3,1.3,1.5,211,gibbs,0.24829573783534606,0.24896306837530613,0.24821851961277663,0.2484887833917696,0,2000,,4.8,2.44921,2000,enumerate,8.7633
dense,14,3,1.75,1.5,211,exact,0.0,0.0,,,1,,,,,,enumerate,0.8408
dense,14,3,1.75,1.5,211,mf,0.7509775975734903,0.7511353208409182,0.7509609321756352,0.7510192610681281,1,4,,,,,enumerate,0.003
dense,14,3,1.75,1.5,211,lbp,0.248810752305844,0.24886387512198788,0.24880514448078053,0.24882477186850277,1,27,1.4676357906751036e-07,,,,enumerate,0.0066
dense,14,3,1.75,1.5,211,gibbs,0.5010288588474882,0.5011357772764593,0.5010173282413051,0.5010576853629456,0,2000,,4.2,5.26599,2000,enumerate,8.5817
dense,14,3,2.5,1.5,211,exact,0.0,0.0,,,1,,,,,,enumerate,0.8154
dense,14,3,2.5,1.5,211,mf,0.751309988385694,0.7513131116084948,0.7513096959175432,0.7513107195560711,1,4,,,,,enumerate,0.0033
dense,14,3,2.5,1.5,211,lbp,0.24868704893579135,0.24868804216882373,0.24868693972709238,0.2486873219575388,1,26,2.1775439862370405e-07,,,,enumerate,0.0072
dense,14,3,2.5,1.5,211,gibbs,0.5013110010051819,0.5013131121905051,0.5013107949545145,0.5013115161318505,0,2000,,4.0,4627524136522998.0,2000,enumerate,8.7958
dense,14,3,4.0,1.5,211,exact,0.0,0.0,,,1,,,,,,enumerate,0.7903
dense,14,3,4.0,1.5,211,mf,0.7513161266544147,0.7513161281192038,0.7513161265002083,0.7513161270399304,1,3,,,,,enumerate,0.0023
dense,14,3,4.0,1.5,211,lbp,0.24868502787640923,0.2486850283339718,0.24868502782671392,0.2486850280006474,1,26,2.2371603558557496e-07,,,,enumerate,0.0066
dense,14,3,4.0,1.5,211,gibbs,0.501316127141823,0.5013161281192036,0.5013161270389311,0.501316127399053,0,2000,,4.0,4627524136522998.0,2000,enumerate,8.1279
dense,14,3,0.0,0.5,212,exact,0.0,0.0,,,1,,,,,,enumerate,0.544
dense,14,3,0.0,0.5,212,mf,5.065640367491702e-15,1.0824674490095276e-14,4.6445486345803035e-15,6.118369699770199e-15,1,1,,,,,enumerate,0.0011
dense,14,3,0.0,0.5,212,lbp,5.072455352575896e-15,1.0921819004749977e-14,4.665191843944428e-15,6.09061412415457e-15,1,3,0.0,,,,enumerate,0.0011
dense,14,3,0.0,0.5,212,gibbs,8.286650135921495e-15,1.9192980538207394e-14,6.49150871945281e-15,1.2774503677093207e-14,1,2000,,7269.3,0.99989,2000,enumerate,9.7922
dense,14,3,0.1,0.5,212,exact,0.0,0.0,,,1,,,,,,enumerate,0.8565
dense,14,3,0.1,0.5,212,mf,0.0016581084175114071,0.0029432360704941193,0.001869490315785324,0.0011296536718266147,1,5,,,,,enumerate,0.0038
dense,14,3,0.1,0.5,212,lbp,0.00016977652906572868,0.0003327392703928386,0.00020005648789393968,9.407663199520119e-05,1,17,2.2565294349741194e-07,,,,enumerate,0.0049
dense,14,3,0.1,0.5,212,gibbs,0.0005168707463785614,0.00094282771874038,0.0004980336498822188,0.0005639634876194177,1,2000,,7299.6,0.99989,2000,enumerate,9.821
dense,14,3,0.25,0.5,212,exact,0.0,0.0,,,1,,,,,,enumerate,0.8689
dense,14,3,0.25,0.5,212,mf,0.013802350476831668,0.024308835098146686,0.015939539600002384,0.008459377668904882,1,11,,,,,enumerate,0.0076
dense,14,3,0.25,0.5,212,lbp,0.0039653817915750855,0.00781587964347824,0.00471506454683665,0.0020911749034211724,1,26,4.1981391957213177e-07,,,,enumerate,0.0065
dense,14,3,0.25,0.5,212,gibbs,0.0020859372130918132,0.003637953784632976,0.002095737172746117,0.002061437313956053,1,2000,,7254.7,0.99998,2000,enumerate,9.8909
dense,14,3,0.5,0.5,212,exact,0.0,0.0,,,1,,,,,,enumerate,0.8624
dense,14,3,0.5,0.5,212,mf,0.3387690962776412,0.4604415980452326,0.33835575307893545,0.3398024542744058,1,25,,,,,enumerate,0.0195
dense,14,3,0.5,0.5,212,lbp,0.24508503529308223,0.34967819027155994,0.24002383370761837,0.257738039256742,1,130,8.066127343830942e-07,,,,enumerate,0.0348
dense,14,3,0.5,0.5,212,gibbs,0.005583527070657466,0.008096089685693433,0.0054803252141737094,0.005841531711866858,1,2000,,1881.6,1.00076,2000,enumerate,9.6094
dense,14,3,0.75,0.5,212,exact,0.0,0.0,,,1,,,,,,enumerate,0.8689
dense,14,3,0.75,0.5,212,mf,0.81134942959135,0.8482694162100024,0.8094742167300726,0.8160374617445435,1,12,,,,,enumerate,0.0087
dense,14,3,0.75,0.5,212,lbp,0.18571770142689467,0.19414674229527562,0.1852580596477066,0.18686680587486476,1,37,3.55961165710017e-07,,,,enumerate,0.0098
dense,14,3,0.75,0.5,212,gibbs,0.041746957284442957,0.04394138151534826,0.04150497606933655,0.04235191032220897,0,2000,,28.3,1.08974,2000,enumerate,9.8198
dense,14,3,1.0,0.5,212,exact,0.0,0.0,,,1,,,,,,enumerate,0.8371
dense,14,3,1.0,0.5,212,mf,0.8703039593725472,0.8778146555398538,0.8700454253433861,0.8709502944454499,1,7,,,,,enumerate,0.005
dense,14,3,1.0,0.5,212,lbp,0.1593647640592368,0.1604497803394383,0.15928195630029465,0.1595717834565922,1,30,2.3739620735874212e-07,,,,enumerate,0.0073
dense,14,3,1.0,0.5,212,gibbs,0.5860604900898382,0.5894130239272972,0.5858607246019633,0.5865599038095258,0,2000,,6.2,1.69881,2000,enumerate,9.6855
dense,14,3,1.3,0.5,212,exact,0.0,0.0,,,1,,,,,,enumerate,0.8281
dense,14,3,1.3,0.5,212,mf,0.8818705324032654,0.8829967151852991,0.8818480825174211,0.881926657117876,1,6,,,,,enumerate,0.0045
dense,14,3,1.3,0.5,212,lbp,0.15456950356890856,0.1547121162811757,0.15455986545919553,0.15459359884319102,1,28,1.364977997297956e-07,,,,enumerate,0.0081
dense,14,3,1.3,0.5,212,gibbs,0.5948406309401335,0.5952818018045039,0.5948219073387564,0.5948874399435761,0,2000,,4.5,3.17126,2000,enumerate,9.8154
dense,14,3,1.75,0.5,212,exact,0.0,0.0,,,1,,,,,,enumerate,0.9003
dense,14,3,1.75,0.5,212,mf,0.8838397926438019,0.8839082180060753,0.8838394720161358,0.8838405942129675,1,5,,,,,enumerate,0.0039
dense,14,3,1.75,0.5,212,lbp,0.15374205118281406,0.15375008786783007,0.15374159795220416,0.15374318425933892,1,27,1.3577607382853074e-07,,,,enumerate,0.0069
dense,14,3,1.75,0.5,212,gibbs,0.46232084299679005,0.46234157014273713,0.46231996118033863,0.46232304753791853,0,2000,,4.1,8.88853,2000,enumerate,9.8338
dense,14,3,2.5,0.5,212,exact,0.0,0.0,,,1,,,,,,enumerate,0.8548
dense,14,3,2.5,0.5,212,mf,0.8839743982987575,0.883975093046381,0.8839744037136086,0.8839743847616298,1,4,,,,,enumerate,0.0035
dense,14,3,2.5,0.5,212,lbp,0.1536830114517452,0.15368308803744002,0.15368300783132727,0.15368302050279004,1,26,2.3931871606652777e-07,,,,enumerate,0.0068
dense,14,3,2.5,0.5,212,gibbs,0.462341653011908,0.46234181884838677,0.46234165619965734,0.4623416450425345,0,2000,,4.0,6491245172516403.0,2000,enumerate,9.7285
dense,14,3,4.0,0.5,212,exact,0.0,0.0,,,1,,,,,,enumerate,0.8795
dense,14,3,4.0,0.5,212,mf,0.8839758836552638,0.8839758837361847,0.8839758836564447,0.8839758836523113,1,3,,,,,enumerate,0.0025
dense,14,3,4.0,0.5,212,lbp,0.15368232682394276,0.15368232683244862,0.15368232682357996,0.15368232682484984,1,27,1.2514005731656397e-07,,,,enumerate,0.0077
dense,14,3,4.0,0.5,212,gibbs,0.5963176731463334,0.5963176731675515,0.5963176731469744,0.5963176731447315,0,2000,,4.0,5877473739351861.0,2000,enumerate,9.0164
dense,14,3,0.0,1.5,212,exact,0.0,0.0,,,1,,,,,,enumerate,0.4844
dense,14,3,0.0,1.5,212,mf,9.560432802567321e-15,3.060052211623088e-14,9.769442199658584e-15,9.037909309839165e-15,1,1,,,,,enumerate,0.0009
dense,14,3,0.0,1.5,212,lbp,9.575054043293412e-15,3.066991105526995e-14,9.801014166921362e-15,9.010153734223536e-15,1,3,0.0,,,,enumerate,0.0007
dense,14,3,0.0,1.5,212,gibbs,1.2728967185848816e-14,3.655409308578328e-14,1.3564930428922039e-14,1.0639059078165758e-14,1,2000,,7276.2,1.00031,2000,enumerate,8.7681
dense,14,3,0.1,1.5,212,exact,0.0,0.0,,,1,,,,,,enumerate,0.8204
dense,14,3,0.1,1.5,212,mf,0.0015090795617852474,0.0023858277528540717,0.001738948505017415,0.000934407203704829,1,5,,,,,enumerate,0.0028
dense,14,3,0.1,1.5,212,lbp,0.00012814661286345645,0.00022080582768580024,0.00015384086275005974,6.39109881469483e-05,1,18,2.1589047821679586e-07,,,,enumerate,0.0036
dense,14,3,0.1,1.5,212,gibbs,0.0003512634779273687,0.0007065399563107866,0.0003885706546796671,0.00025799553604662247,1,2000,,7028.5,1.00027,2000,enumerate,8.4741
dense,14,3,0.25,1.5,212,exact,0.0,0.0,,,1,,,,,,enumerate,0.8483
dense,14,3,0.25,1.5,212,mf,0.011265525839441995,0.018499258389444093,0.012679466689906913,0.007730673713279694,1,9,,,,,enumerate,0.0052
dense,14,3,0.25,1.5,212,lbp,0.0026109576974498163,0.004698325083482099,0.00305346752493388,0.0015046831287396558,1,26,3.19488190347883e-07,,,,enumerate,0.0053
dense,14,3,0.25,1.5,212,gibbs,0.0007614759461315821,0.0015392421657967476,0.000826053475622857,0.0006000321224033951,1,2000,,6638.2,1.00011,2000,enumerate,8.5779
dense,14,3,0.5,1.5,212,exact,0.0,0.0,,,1,,,,,,enumerate,0.8316
dense,14,3,0.5,1.5,212,mf,0.06648068496103007,0.14077589605648216,0.07448437845577002,0.04647145122418016,1,42,,,,,enumerate,0.0231
dense,14,3,0.5,1.5,212,lbp,0.03708387303172179,0.08176448546198138,0.04218692304615086,0.024326247995649114,1,84,7.50424067774702e-07,,,,enumerate,0.0174
dense,14,3,0.5,1.5,212,gibbs,0.01024447978697819,0.018963446708062194,0.00999423534369307,0.010870090895190983,1,2000,,3643.9,1.00063,2000,enumerate,8.7042
dense,14,3,0.75,1.5,212,exact,0.0,0.0,,,1,,,,,,enumerate,0.7759
dense,14,3,0.75,1.5,212,mf,0.07312404367191054,0.10102374881391951,0.07436697579325927,0.07001671336853872,1,12,,,,,enumerate,0.0071
dense,14,3,0.75,1.5,212,lbp,0.06738795626015949,0.08332426142987256,0.06777826677436485,0.06641217997464605,1,44,4.1496780722738436e-07,,,,enumerate,0.0085
dense,14,3,0.75,1.5,212,gibbs,0.020356076996610416,0.024342642080028263,0.020182872001685205,0.020789089483923454,1,2000,,860.9,1.00852,2000,enumerate,8.7624
dense,14,3,1.0,1.5,212,exact,0.0,0.0,,,1,,,,,,enumerate,0.8228
dense,14,3,1.0,1.5,212,mf,0.04484726225645476,0.04574284275517358,0.044842932225459764,0.04485808733394225,1,8,,,,,enumerate,0.0047
dense,14,3,1.0,1.5,212,lbp,0.044559919549067684,0.04497587175176071,0.04452122611809822,0.04465665312649132,1,33,1.6582042605683966e-07,,,,enumerate,0.0065
dense,14,3,1.0,1.5,212,gibbs,0.20413726795941725,0.2060247153366644,0.20381818200389112,0.2049349828482325,0,2000,,6.5,1.63168,2000,enumerate,8.4228
dense,14,3,1.3,1.5,212,exact,0.0,0.0,,,1,,,,,,enumerate,0.8251
dense,14,3,1.3,1.5,212,mf,0.043532010540631924,0.04356378758141123,0.04352706090914643,0.04354438461934564,1,7,,,,,enumerate,0.0048
dense,14,3,1.3,1.5,212,lbp,0.04352176666630186,0.043563494428754665,0.043516230333029614,0.043535607499482466,1,29,1.899736005173125e-07,,,,enumerate,0.0071
dense,14,3,1.3,1.5,212,gibbs,0.45687503886590974,0.45733589995502416,0.45680324059590366,0.457054534540925,0,2000,,4.5,2.98199,2000,enumerate,8.6158
dense,14,3,1.75,1.5,212,exact,0.0,0.0,,,1,,,,,,enumerate,0.8096
dense,14,3,1.75,1.5,212,mf,0.04344876934817515,0.043450817338516565,0.04344851721883101,0.043449399671535494,1,6,,,,,enumerate,0.004
dense,14,3,1.75,1.5,212,lbp,0.043448687558279575,0.043450816862152145,0.043448438889770756,0.043449309229551605,1,27,2.4751840732584185e-07,,,,enumerate,0.006
dense,14,3,1.75,1.5,212,gibbs,0.7064998764879452,0.7065491067925245,0.7064913045012643,0.7065213064546476,0,2000,,4.0,11.14845,2000,enumerate,8.8037
dense,14,3,2.5,1.5,212,exact,0.0,0.0,,,1,,,,,,enumerate,0.8107
dense,14,3,2.5,1.5,212,mf,0.4988323907114013,0.9574352053553159,0.4963316099839181,0.5050843425301093,1,13,,,,,enumerate,0.0089
dense,14,3,2.5,1.5,212,lbp,0.043446898441413286,0.04344691734400461,0.043446896407291644,0.04344690352671738,1,27,1.794171400337774e-07,,,,enumerate,0.0057
dense,14,3,2.5,1.5,212,gibbs,0.7065526096352734,0.706553082614115,0.7065525258419361,0.7065528191186168,0,2000,,4.0,5877473739351861.0,2000,enumerate,8.6231
dense,14,3,4.0,1.5,212,exact,0.0,0.0,,,1,,,,,,enumerate,0.828
dense,14,3,4.0,1.5,212,mf,0.49634809685737774,0.9574366937524741,0.4974342541383859,0.4936327036548571,1,6,,,,,enumerate,0.0041
dense,14,3,4.0,1.5,212,lbp,0.04344689757492563,0.04344689757696407,0.04344689757470074,0.04344689757548786,1,27,1.907658242483734e-07,,,,enumerate,0.0062
dense,14,3,4.0,1.5,212,gibbs,0.7065531023692676,0.7065531024230359,0.7065531023593373,0.7065531023940932,0,2000,,4.0,5877473739351861.0,2000,enumerate,8.4681
dense,14,3,0.0,0.5,213,exact,0.0,0.0,,,1,,,,,,enumerate,0.4823
dense,14,3,0.0,0.5,213,mf,8.45281186315613e-15,1.554312234475219e-14,8.37559188671122e-15,8.645861804268407e-15,1,1,,,,,enumerate,0.0009
dense,14,3,0.0,0.5,213,lbp,8.490727961988195e-15,1.5737411374061594e-14,8.402306628241263e-15,8.711781296355525e-15,1,3,0.0,,,,enumerate,0.0008
dense,14,3,0.0,0.5,213,gibbs,1.0744877210200343e-14,2.19824158875781e-14,9.44591627138891e-15,1.3992279557228926e-14,1,2000,,7834.2,1.00029,2000,enumerate,8.6582
dense,14,3,0.1,0.5,213,exact,0.0,0.0,,,1,,,,,,enumerate,0.7591
dense,14,3,0.1,0.5,213,mf,0.001035280912198273,0.0017079549089205337,0.0009183263498907582,0.00132766731796706,1,5,,,,,enumerate,0.0029
dense,14,3,0.1,0.5,213,lbp,0.00011879738452602966,0.0002316380953854974,0.00010024920774022415,0.00016516782649054346,1,17,2.1759456597658655e-07,,,,enumerate,0.0034
dense,14,3,0.1,0.5,213,gibbs,0.0005121168263913355,0.0013754104430952763,0.000563492356070833,0.00038367800219259174,1,2000,,7984.3,0.99983,2000,enumerate,8.6851
dense,14,3,0.25,0.5,213,exact,0.0,0.0,,,1,,,,,,enumerate,0.7871
dense,14,3,0.25,0.5,213,mf,0.010096110873607093,0.015584126919842511,0.009808396050022608,0.010815397932568308,1,11,,,,,enumerate,0.0062
dense,14,3,0.25,0.5,213,lbp,0.002678223597152696,0.004691156529393947,0.002398834445968422,0.003376696475113381,1,28,4.0115703969778593e-07,,,,enumerate,0.0052
dense,14,3,0.25,0.5,213,gibbs,0.0014847856924729216,0.0034577377021181854,0.0015519623955344841,0.0013168439348190154,1,2000,,7064.6,0.99981,2000,enumerate,7.9015
dense,14,3,0.5,0.5,213,exact,0.0,0.0,,,1,,,,,,enumerate,0.7209
dense,14,3,0.5,0.5,213,mf,0.24262791278801313,0.31979171059120454,0.23199043019116844,0.26922161928012484,1,17,,,,,enumerate,0.0076
dense,14,3,0.5,0.5,213,lbp,0.16091323260837795,0.2300878789527261,0.15803643965038333,0.1681052150033645,1,81,6.962662487675075e-07,,,,enumerate,0.0118
dense,14,3,0.5,0.5,213,gibbs,0.008655457860099944,0.013902412333926098,0.007829648941674584,0.010719980156163354,1,2000,,2287.6,1.00127,2000,enumerate,6.8667
dense,14,3,0.75,0.5,213,exact,0.0,0.0,,,1,,,,,,enumerate,0.7289
dense,14,3,0.75,0.5,213,mf,0.14930028813782772,0.16701628907829208,0.14499489618156872,0.16006376802847522,1,8,,,,,enumerate,0.004
dense,14,3,0.75,0.5,213,lbp,0.14238519449332512,0.1576468636742458,0.1388979500495921,0.15110330560265767,1,38,2.777115217789117e-07,,,,enumerate,0.0059
dense,14,3,0.75,0.5,213,gibbs,0.008414356366031137,0.010491876479353575,0.007983072660940773,0.00949256562875705,0,2000,,300.4,1.00928,2000,enumerate,6.8833
dense,14,3,1.0,0.5,213,exact,0.0,0.0,,,1,,,,,,enumerate,0.7304
dense,14,3,1.0,0.5,213,mf,0.10494982495503606,0.10855648497857315,0.10397954410105033,0.10737552709000045,1,6,,,,,enumerate,0.003
dense,14,3,1.0,0.5,213,lbp,0.10405866008447215,0.10775984197207682,0.10311815211493705,0.10640993000830981,1,31,2.3676271598827014e-07,,,,enumerate,0.0047
dense,14,3,1.0,0.5,213,gibbs,0.05232686153408258,0.054173618139017436,0.05190719533308415,0.05337602703657867,0,2000,,174.6,1.02429,2000,enumerate,6.8833
dense,14,3,1.3,0.5,213,exact,0.0,0.0,,,1,,,,,,enumerate,0.7281
dense,14,3,1.3,0.5,213,mf,0.0919602662515655,0.09288009503002508,0.09167547304625334,0.09267224926484596,1,5,,,,,enumerate,0.0024
dense,14,3,1.3,0.5,213,lbp,0.09187675594854827,0.09286483272320047,0.09158501591629556,0.09260610602918008,1,28,2.467236884795554e-07,,,,enumerate,0.0042
dense,14,3,1.3,0.5,213,gibbs,0.6495363634332191,0.6570590410636435,0.6472645973265061,0.6552157787000017,0,2000,,6.6,1.62301,2000,enumerate,6.9105
dense,14,3,1.75,0.5,213,exact,0.0,0.0,,,1,,,,,,enumerate,0.7143
dense,14,3,1.75,0.5,213,mf,0.08667064428719629,0.08685060321801778,0.08660775480690235,0.08682786798793116,1,4,,,,,enumerate,0.0022
dense,14,3,1.75,0.5,213,lbp,0.08666791707929275,0.08685049970669406,0.08660439343088944,0.08682672620030105,1,27,1.4184373231529435e-07,,,,enumerate,0.0042
dense,14,3,1.75,0.5,213,gibbs,0.41224734777918665,0.4131489037902194,0.41193157508055955,0.41303677952575435,0,2000,,4.5,2.99887,2000,enumerate,6.2037
dense,14,3,2.5,0.5,213,exact,0.0,0.0,,,1,,,,,,enumerate,0.6969
dense,14,3,2.5,0.5,213,mf,0.0851379873541728,0.08515319948438176,0.08513210542220655,0.08515269218408847,1,4,,,,,enumerate,0.0018
dense,14,3,2.5,0.5,213,lbp,0.08513797565097299,0.08515319937021593,0.08513208954940073,0.08515269090490367,1,26,1.6714302575326911e-07,,,,enumerate,0.0032
dense,14,3,2.5,0.5,213,gibbs,0.43793222457675013,0.4639415575750795,0.44227154392353557,0.4270839262097863,0,2000,,4.4,6.17741,2000,enumerate,6.01
dense,14,3,4.0,0.5,213,exact,0.0,0.0,,,1,,,,,,enumerate,0.6814
dense,14,3,4.0,0.5,213,mf,0.08497193338258464,0.08497208353103855,0.08497187343000472,0.08497208326403446,1,3,,,,,enumerate,0.0014
dense,14,3,4.0,0.5,213,lbp,0.08497193337826461,0.08497208353103848,0.0849718734239698,0.08497208326400166,1,25,1.9910071591411338e-07,,,,enumerate,0.0034
dense,14,3,4.0,0.5,213,gibbs,0.43925411891194,0.46409492591526447,0.4440380476290532,0.42729429711915706,0,2000,,4.2,5.43216,2000,enumerate,6.0183
dense,14,3,0.0,1.5,213,exact,0.0,0.0,,,1,,,,,,enumerate,0.4305
dense,14,3,0.0,1.5,213,mf,2.1325946960740592e-14,3.670674875166924e-14,2.1697574292822707e-14,2.0396878630535298e-14,1,1,,,,,enumerate,0.0006
dense,14,3,0.0,1.5,213,lbp,2.1359278433243287e-14,3.6762259902900496e-14,2.1723421672614763e-14,2.0448920334814602e-14,1,3,0.0,,,,enumerate,0.0007
dense,14,3,0.0,1.5,213,gibbs,2.328085640934674e-14,4.4020342926387457e-14,2.2687234035867475e-14,2.4764912343044898e-14,1,2000,,8002.7,1.00007,2000,enumerate,5.9663
dense,14,3,0.1,1.5,213,exact,0.0,0.0,,,1,,,,,,enumerate,0.689
dense,14,3,0.1,1.5,213,mf,0.0015063688856359603,0.002334886448055948,0.0016682925031486662,0.001101559841854196,1,5,,,,,enumerate,0.0022
dense,14,3,0.1,1.5,213,lbp,0.0001544242709802179,0.00026636023255097174,0.00015568688901866808,0.00015126772588409249,1,18,2.7277950892523606e-07,,,,enumerate,0.0022
dense,14,3,0.1,1.5,213,gibbs,0.0004188045234655226,0.0013565417840851884,0.000447997291327455,0.0003458226038106915,1,2000,,7600.8,1.00035,2000,enumerate,5.9545
dense,14,3,0.25,1.5,213,exact,0.0,0.0,,,1,,,,,,enumerate,0.698
dense,14,3,0.25,1.5,213,mf,0.011853737587397177,0.021850448769988595,0.014060495082712843,0.006336843849108015,1,9,,,,,enumerate,0.0036
dense,14,3,0.25,1.5,213,lbp,0.003072302102902706,0.006397403452459115,0.0033744883565898012,0.0023168364686849685,1,25,4.000297401107744e-07,,,,enumerate,0.0033
dense,14,3,0.25,1.5,213,gibbs,0.0011436149957020996,0.002288499737871652,0.0011461708142209916,0.0011372254494048696,1,2000,,6461.1,0.99992,2000,enumerate,5.9535
dense,14,3,0.5,1.5,213,exact,0.0,0.0,,,1,,,,,,enumerate,0.6755
dense,14,3,0.5,1.5,213,mf,0.13520300013069,0.2926986922593512,0.11496316282075321,0.18580259340553196,1,28,,,,,enumerate,0.0109
dense,14,3,0.5,1.5,213,lbp,0.04828634278436554,0.11812948436371865,0.04460867972723174,0.05748050042720003,1,105,8.47067842368876e-07,,,,enumerate,0.0124
dense,14,3,0.5,1.5,213,gibbs,0.004588214023760438,0.007849938695002029,0.004036083196465125,0.005968541091998722,1,2000,,4094.5,1.00037,2000,enumerate,5.9708
dense,14,3,0.75,1.5,213,exact,0.0,0.0,,,1,,,,,,enumerate,0.6798
dense,14,3,0.75,1.5,213,mf,0.37011172421439026,0.7552869944317315,0.2923800776637469,0.5644408405909986,1,13,,,,,enumerate,0.0052
dense,14,3,0.75,1.5,213,lbp,0.35291250538066155,0.717734141288871,0.28160111948540534,0.5311909701188021,1,87,6.555625751136773e-07,,,,enumerate,0.0103
dense,14,3,0.75,1.5,213,gibbs,0.02208136841449313,0.04240965600159422,0.017919877160783793,0.03248509654876648,1,2000,,780.0,1.00147,2000,enumerate,5.9312
dense,14,3,1.0,1.5,213,exact,0.0,0.0,,,1,,,,,,enumerate,0.6728
dense,14,3,1.0,1.5,213,mf,0.4748787824671166,0.9497783078750559,0.37736227706755965,0.7186700459660091,1,9,,,,,enumerate,0.0038
dense,14,3,1.0,1.5,213,lbp,0.4731445242972539,0.9445840799917136,0.37643021901763696,0.7149302874962961,1,46,4.1115218885057203e-07,,,,enumerate,0.0058
dense,14,3,1.0,1.5,213,gibbs,0.006113019187891291,0.0073972339867722815,0.006123369469206632,0.006087143484602937,0,2000,,389.8,1.00663,2000,enumerate,5.9509
dense,14,3,1.3,1.5,213,exact,0.0,0.0,,,1,,,,,,enumerate,0.7376
dense,14,3,1.3,1.5,213,mf,0.4972260124693401,0.9873370761302853,0.3983150804865276,0.7445033424263713,1,8,,,,,enumerate,0.0033
dense,14,3,1.3,1.5,213,lbp,0.49607075244567606,0.9868759571632923,0.3969023380312267,0.7439917884817993,1,35,3.147088817323507e-07,,,,enumerate,0.0042
dense,14,3,1.3,1.5,213,gibbs,0.07090585827635339,0.0914092155258872,0.06665810060176025,0.08152525246283618,0,2000,,7.8,1.46207,2000,enumerate,6.0408
dense,14,3,1.75,1.5,213,exact,0.0,0.0,,,1,,,,,,enumerate,0.693
dense,14,3,1.75,1.5,213,mf,0.007445974112957344,0.0075446137202202935,0.007426851908186549,0.0074937796248843265,1,5,,,,,enumerate,0.0023
dense,14,3,1.75,1.5,213,lbp,0.5001684974563375,0.9924764012763809,0.4024508115184899,0.7444627123009567,1,30,2.8276589003617403e-07,,,,enumerate,0.0038
dense,14,3,1.75,1.5,213,gibbs,0.24205606289242912,0.2427105755534934,0.24185548637363025,0.24255750418942634,0,2000,,4.5,3.21828,2000,enumerate,6.0271
dense,14,3,2.5,1.5,213,exact,0.0,0.0,,,1,,,,,,enumerate,0.6889
dense,14,3,2.5,1.5,213,mf,0.007301537121640646,0.007303178768556285,0.00730100041594417,0.007302878885881831,1,4,,,,,enumerate,0.0019
dense,14,3,2.5,1.5,213,lbp,0.5003600989997462,0.9927932168696116,0.4020660564205305,0.7460952054477855,1,29,2.672155144378685e-07,,,,enumerate,0.0037
dense,14,3,2.5,1.5,213,gibbs,0.2496812145666472,0.4927937033145831,0.20105109192483658,0.3712565211711738,0,2000,,4.4,5.31962,2000,enumerate,6.0323
dense,14,3,4.0,1.5,213,exact,0.0,0.0,,,1,,,,,,enumerate,0.6675
dense,14,3,4.0,1.5,213,mf,0.007300628042125015,0.007300637633481201,0.007300624217543339,0.007300637603579206,1,4,,,,,enumerate,0.0019
dense,14,3,4.0,1.5,213,lbp,0.4996457948642516,0.9927959197073029,0.4009365604302218,0.7464188809493261,1,32,1.4648687557405893e-07,,,,enumerate,0.0038
dense,14,3,4.0,1.5,213,gibbs,0.37054015761604253,0.4927959197642949,0.34592726401498985,0.43207239161867417,0,2000,,4.1,17.57643,2000,enumerate,6.0461
dense,14,3,0.0,0.5,214,exact,0.0,0.0,,,1,,,,,,enumerate,0.4293
dense,14,3,0.0,0.5,214,mf,9.335290477149475e-15,2.133015986061082e-14,9.908046605389132e-15,7.903400156550333e-15,1,1,,,,,enumerate,0.0007
dense,14,3,0.0,0.5,214,lbp,9.333060118394647e-15,2.135791543622645e-14,9.890352425934167e-15,7.939829349545846e-15,1,3,0.0,,,,enumerate,0.0005
dense,14,3,0.0,0.5,214,gibbs,1.3726371230125623e-14,2.929601006229632e-14,1.5297138555858682e-14,9.799452915792983e-15,1,2000,,8235.9,1.00026,2000,enumerate,5.1336
dense,14,3,0.1,0.5,214,exact,0.0,0.0,,,1,,,,,,enumerate,0.7098
dense,14,3,0.1,0.5,214,mf,0.0015736811665521217,0.0029528268008938013,0.0015884527465279575,0.0015367522166125323,1,5,,,,,enumerate,0.0019
dense,14,3,0.1,0.5,214,lbp,0.0001391023582698957,0.00033151704866089815,0.00013640551076912305,0.00014584447702182743,1,17,1.7775274585574152e-07,,,,enumerate,0.0023
dense,14,3,0.1,0.5,214,gibbs,0.0005864706350538162,0.0012707256502605263,0.0005224482223654764,0.0007465266667746658,1,2000,,8001.9,1.00016,2000,enumerate,5.0355
dense,14,3,0.25,0.5,214,exact,0.0,0.0,,,1,,,,,,enumerate,0.7025
dense,14,3,0.25,0.5,214,mf,0.012427368245480987,0.02135012282582424,0.01275373452019728,0.011611452558690252,1,9,,,,,enumerate,0.0029
dense,14,3,0.25,0.5,214,lbp,0.0030848654383684943,0.006319631284689528,0.003096654888525986,0.003055391812974765,1,25,3.81533873328177e-07,,,,enumerate,0.0031
dense,14,3,0.25,0.5,214,gibbs,0.0019333142924486371,0.0033912200582784657,0.0017892833934766345,0.002293391539878644,1,2000,,7669.8,1.00005,2000,enumerate,4.7415
dense,14,3,0.5,0.5,214,exact,0.0,0.0,,,1,,,,,,enumerate,0.7054
dense,14,3,0.5,0.5,214,mf,0.25289676657281,0.377628946697932,0.2278093214979015,0.31561537926008143,1,39,,,,,enumerate,0.0112
dense,14,3,0.5,0.5,214,lbp,0.10864931081077896,0.19926260656017147,0.098766715432308,0.13335579925695634,1,149,8.451107164075822e-07,,,,enumerate,0.0152
dense,14,3,0.5,0.5,214,gibbs,0.014480673651678105,0.020102696786679933,0.013476216996670901,0.01699181528919612,1,2000,,2970.0,1.00027,2000,enumerate,4.4651
dense,14,3,0.75,0.5,214,exact,0.0,0.0,,,1,,,,,,enumerate,0.6741
dense,14,3,0.75,0.5,214,mf,0.3897290401105664,0.41584103582916887,0.3904040453645859,0.38804152697551775,1,11,,,,,enumerate,0.0032
dense,14,3,0.75,0.5,214,lbp,0.3790157933944916,0.4042364603870643,0.3771803825013712,0.3836043206272923,1,47,3.272715843327667e-07,,,,enumerate,0.0048
dense,14,3,0.75,0.5,214,gibbs,0.11325742103102167,0.12012473272794881,0.1123499089996931,0.11552620110934306,0,2000,,99.9,1.03305,2000,enumerate,4.4476
dense,14,3,1.0,0.5,214,exact,0.0,0.0,,,1,,,,,,enumerate,0.6605
dense,14,3,1.0,0.5,214,mf,0.37252590034058997,0.3767409566506631,0.3723374796844471,0.3729969519809472,1,7,,,,,enumerate,0.0021
dense,14,3,1.0,0.5,214,lbp,0.3717398097729534,0.37667731960230544,0.371352275502673,0.37270864544865445,1,33,2.9315169713939326e-07,,,,enumerate,0.0035
dense,14,3,1.0,0.5,214,gibbs,0.36714015398433986,0.3727526238187824,0.3668758952255358,0.3678008008813497,0,2000,,6.7,1.59336,2000,enumerate,4.4166
dense,14,3,1.3,0.5,214,exact,0.0,0.0,,,1,,,,,,enumerate,0.7796
dense,14,3,1.3,0.5,214,mf,0.3684768702384474,0.36929662751727665,0.36842290854446247,0.3686117744734098,1,6,,,,,enumerate,0.002
dense,14,3,1.3,0.5,214,lbp,0.3684312756614111,0.36929531483826605,0.3683667075882086,0.36859269584441723,1,29,1.9646123927685721e-07,,,,enumerate,0.0025
dense,14,3,1.3,0.5,214,gibbs,0.3796816057843063,0.38067194876787314,0.3796555316575317,0.37974679110124276,0,2000,,4.7,2.68029,2000,enumerate,4.4335
dense,14,3,1.75,0.5,214,exact,0.0,0.0,,,1,,,,,,enumerate,0.664
dense,14,3,1.75,0.5,214,mf,0.3674321554420062,0.3675047922523539,0.36742876817305326,0.3674406236143885,1,5,,,,,enumerate,0.0016
dense,14,3,1.75,0.5,214,lbp,0.3674313753747535,0.3675047874770996,0.36742785269398254,0.36744018207668094,1,27,1.7021305287467925e-07,,,,enumerate,0.0026
dense,14,3,1.75,0.5,214,gibbs,0.6323652545902616,0.6324944930218774,0.632361092574248,0.6323756596302958,0,2000,,4.1,5.65618,2000,enumerate,4.4646
dense,14,3,2.5,0.5,214,exact,0.0,0.0,,,1,,,,,,enumerate,0.6713
dense,14,3,2.5,0.5,214,mf,0.36728719222696465,0.36728862913860594,0.3672871912540378,0.3672871946592818,1,4,,,,,enumerate,0.0015
dense,14,3,2.5,0.5,214,lbp,0.367287191107684,0.3672886291381404,0.36728719008599175,0.36728719366191453,1,26,2.1255806192943538e-07,,,,enumerate,0.0026
dense,14,3,2.5,0.5,214,gibbs,0.4604033740499493,0.46040538052065594,0.46040320228362147,0.4604038034657689,0,2000,,4.0,4627524136522998.0,2000,enumerate,4.4752
dense,14,3,4.0,0.5,214,exact,0.0,0.0,,,1,,,,,,enumerate,0.6567
dense,14,3,4.0,0.5,214,mf,0.36728287487547984,0.3672828755768799,0.36728287490866734,0.3672828747925111,1,4,,,,,enumerate,0.0014
dense,14,3,4.0,0.5,214,lbp,0.3672828748754653,0.3672828755768799,0.3672828749086511,0.3672828747925009,1,26,2.0198695038775583e-07,,,,enumerate,0.0027
dense,14,3,4.0,0.5,214,gibbs,0.4604041248947769,0.46040412590308244,0.46040412483539406,0.4604041250432337,0,2000,,4.0,4627524136522998.0,2000,enumerate,4.4795
dense,14,3,0.0,1.5,214,exact,0.0,0.0,,,1,,,,,,enumerate,0.4157
dense,14,3,0.0,1.5,214,mf,6.97668609391958e-15,1.3662682096793333e-14,7.335972107558319e-15,6.078471059822732e-15,1,1,,,,,enumerate,0.0006
dense,14,3,0.0,1.5,214,lbp,7.001591766681819e-15,1.3586354263850353e-14,7.361819487350374e-15,6.1010224650104306e-15,1,3,0.0,,,,enumerate,0.0005
dense,14,3,0.0,1.5,214,gibbs,8.996028128776297e-15,2.098321516541546e-14,8.74959826813182e-15,9.612102780387488e-15,1,2000,,8211.3,1.00011,2000,enumerate,4.4193
dense,14,3,0.1,1.5,214,exact,0.0,0.0,,,1,,,,,,enumerate,0.6638
dense,14,3,0.1,1.5,214,mf,0.0013940171816631364,0.0024805468065330835,0.0014169480210791082,0.001336690083123206,1,5,,,,,enumerate,0.0017
dense,14,3,0.1,1.5,214,lbp,0.00011469980017727437,0.0002478471381285874,0.00011663286778189185,0.00010986713116573066,1,18,2.8085003900280014e-07,,,,enumerate,0.0022
dense,14,3,0.1,1.5,214,gibbs,0.00038083779982694976,0.0008152214756136505,0.000328629833521338,0.0005113577155909793,1,2000,,7578.4,1.00012,2000,enumerate,4.4326
dense,14,3,0.25,1.5,214,exact,0.0,0.0,,,1,,,,,,enumerate,0.6753
dense,14,3,0.25,1.5,214,mf,0.010701163882094453,0.020147008947098165,0.01163495186081455,0.008366693935294208,1,9,,,,,enumerate,0.0028
dense,14,3,0.25,1.5,214,lbp,0.0022238531985063707,0.005178111888871226,0.0024067778446856232,0.0017665415830582388,1,26,4.0647102417246117e-07,,,,enumerate,0.0029
dense,14,3,0.25,1.5,214,gibbs,0.000844843770020597,0.0018771048458596853,0.0007063026681525437,0.0011911965246907304,1,2000,,6173.8,0.99997,2000,enumerate,4.4462
dense,14,3,0.5,1.5,214,exact,0.0,0.0,,,1,,,,,,enumerate,0.6609
dense,14,3,0.5,1.5,214,mf,0.05300815502706848,0.09806101482784095,0.053843613327385645,0.05091950927627559,1,18,,,,,enumerate,0.005
dense,14,3,0.5,1.5,214,lbp,0.024965134012746176,0.04365660992898648,0.024104156889698896,0.027117576820364378,1,48,6.079101844136403e-07,,,,enumerate,0.0048
dense,14,3,0.5,1.5,214,gibbs,0.002520177301796774,0.004132852648134136,0.0021414315597447046,0.0034670416569269474,1,2000,,4481.6,1.00162,2000,enumerate,4.4253
dense,14,3,0.75,1.5,214,exact,0.0,0.0,,,1,,,,,,enumerate,0.6967
dense,14,3,0.75,1.5,214,mf,0.26260728534856914,0.4006693311206724,0.26308622963638484,0.26140992462903,1,27,,,,,enumerate,0.0073
dense,14,3,0.75,1.5,214,lbp,0.19710334517192388,0.26873932946510676,0.1848863424685212,0.22764585193043047,1,102,7.73706525014628e-07,,,,enumerate,0.0095
dense,14,3,0.75,1.5,214,gibbs,0.005537967870438731,0.008539029698923587,0.0050049084109451926,0.006870616519172578,1,2000,,2796.9,1.00081,2000,enumerate,4.4621
dense,14,3,1.0,1.5,214,exact,0.0,0.0,,,1,,,,,,enumerate,0.6653
dense,14,3,1.0,1.5,214,mf,0.2922753522053411,0.30648356326337567,0.292239163543598,0.2923658238596989,1,10,,,,,enumerate,0.0029
dense,14,3,1.0,1.5,214,lbp,0.288950708462361,0.2990943198445826,0.2879476610124909,0.29145832708703623,1,42,2.530619284124569e-07,,,,enumerate,0.004
dense,14,3,1.0,1.5,214,gibbs,0.2571111770713524,0.26318629286205736,0.2554526207183157,0.26125756795394406,1,2000,,1414.1,1.0045,2000,enumerate,4.438
dense,14,3,1.3,1.5,214,exact,0.0,0.0,,,1,,,,,,enumerate,0.6705
dense,14,3,1.3,1.5,214,mf,0.3097053311661138,0.3105156279626572,0.30952226848697223,0.3101629878639676,1,7,,,,,enumerate,0.0022
dense,14,3,1.3,1.5,214,lbp,0.30951629131044356,0.31047036368792325,0.3092774742108655,0.3101133340593889,1,33,1.8848584559805204e-07,,,,enumerate,0.0034
dense,14,3,1.3,1.5,214,gibbs,0.43754912250415023,0.43950493630511916,0.437317491802817,0.43812819925748364,0,2000,,4.5,3.08487,2000,enumerate,4.4242
dense,14,3,1.75,1.5,214,exact,0.0,0.0,,,1,,,,,,enumerate,0.7492
dense,14,3,1.75,1.5,214,mf,0.31394455510266345,0.31402676682079,0.3139269537389194,0.31398855851202356,1,5,,,,,enumerate,0.0016
dense,14,3,1.75,1.5,214,lbp,0.3139414079130591,0.31402676277060704,0.3139229891172147,0.3139874549026699,1,29,2.548744000296921e-07,,,,enumerate,0.0028
dense,14,3,1.75,1.5,214,gibbs,0.6857549926622417,0.6859725179016256,0.6857264751184478,0.6858262865217271,0,2000,,4.2,5.46322,2000,enumerate,4.3672
dense,14,3,2.5,1.5,214,exact,0.0,0.0,,,1,,,,,,enumerate,0.6565
dense,14,3,2.5,1.5,214,mf,0.31436896924431573,0.3143705832870883,0.3143686751036479,0.31436970459598534,1,4,,,,,enumerate,0.0014
dense,14,3,2.5,1.5,214,lbp,0.31436896505120454,0.31437058328664796,0.31436867024149784,0.3143697020754713,1,28,1.6070222297326353e-07,,,,enumerate,0.0032
dense,14,3,2.5,1.5,214,gibbs,0.43619451138365306,0.4361967424851016,0.4361941367278398,0.4361954480231862,0,2000,,4.0,4627524136522998.0,2000,enumerate,4.4399
dense,14,3,4.0,1.5,214,exact,0.0,0.0,,,1,,,,,,enumerate,0.6873
dense,14,3,4.0,1.5,214,mf,0.31437782978659534,0.3143778305513085,0.31437782967293054,0.31437783007075726,1,3,,,,,enumerate,0.0012
dense,14,3,4.0,1.5,214,lbp,0.3143778297865552,0.3143778305513085,0.31437782967288186,0.3143778300707385,1,27,2.0939111744500138e-07,,,,enumerate,0.0025
dense,14,3,4.0,1.5,214,gibbs,0.43618938799606916,0.4361893890515977,0.4361893878558747,0.4361893883465553,0,2000,,4.0,4627524136522998.0,2000,enumerate,4.4047
dense,14,3,0.0,0.5,215,exact,0.0,0.0,,,1,,,,,,enumerate,0.4966
dense,14,3,0.0,0.5,215,mf,7.48756215759475e-15,1.672273430841642e-14,7.927339340518813e-15,6.388119200284592e-15,1,1,,,,,enumerate,0.0008
dense,14,3,0.0,0.5,215,lbp,7.520769721277735e-15,1.6861512186494565e-14,7.983197436445266e-15,6.364700433358905e-15,1,3,0.0,,,,enumerate,0.0004
dense,14,3,0.0,0.5,215,gibbs,8.549460742531981e-15,3.204381204824358e-14,9.606551665264363e-15,5.906733435701028e-15,1,2000,,8017.3,0.99997,2000,enumerate,4.9062
dense,14,3,0.1,0.5,215,exact,0.0,0.0,,,1,,,,,,enumerate,0.6873
dense,14,3,0.1,0.5,215,mf,0.0018488589496332673,0.0028068691986987276,0.0018081653117625698,0.001950593044310011,1,6,,,,,enumerate,0.0023
dense,14,3,0.1,0.5,215,lbp,0.00018874434844892138,0.000331093300812213,0.0001810127525563053,0.00020807333818046152,1,19,2.127788817918308e-07,,,,enumerate,0.002
dense,14,3,0.1,0.5,215,gibbs,0.00031664119487147084,0.0007989195757408321,0.00031636929501864704,0.00031732094450353035,1,2000,,7312.1,1.00017,2000,enumerate,5.0508
dense,14,3,0.25,0.5,215,exact,0.0,0.0,,,1,,,,,,enumerate,0.6821
dense,14,3,0.25,0.5,215,mf,0.016692937464674207,0.027302445475661068,0.016944297596745206,0.01606453713449671,1,11,,,,,enumerate,0.0039
dense,14,3,0.25,0.5,215,lbp,0.004655512758106528,0.008342069229971709,0.004589816175413532,0.004819754214839019,1,28,4.6763054195597675e-07,,,,enumerate,0.0027
dense,14,3,0.25,0.5,215,gibbs,0.0008258056658661438,0.0021319224604806376,0.0010122350449708474,0.0003597322181043846,1,2000,,6226.8,1.00025,2000,enumerate,5.2445
dense,14,3,0.5,0.5,215,exact,0.0,0.0,,,1,,,,,,enumerate,0.7041
dense,14,3,0.5,0.5,215,mf,0.09517622349388057,0.1279504659951921,0.10443658515540896,0.0720253193400596,1,23,,,,,enumerate,0.0076
dense,14,3,0.5,0.5,215,lbp,0.06561486922371089,0.09720722615765402,0.06786309017735533,0.059994316839599826,1,68,6.906311924570474e-07,,,,enumerate,0.006
dense,14,3,0.5,0.5,215,gibbs,0.009612342125807768,0.01278807501924054,0.009632895605209581,0.009560958427303244,1,2000,,4799.9,1.00014,2000,enumerate,5.144
dense,14,3,0.75,0.5,215,exact,0.0,0.0,,,1,,,,,,enumerate,0.6792
dense,14,3,0.75,0.5,215,mf,0.35333936702691343,0.5557242675100313,0.37716231748749646,0.2937819908754557,1,20,,,,,enumerate,0.0067
dense,14,3,0.75,0.5,215,lbp,0.31333626458957803,0.3690991301765799,0.31696763602509564,0.30425783600078427,1,66,4.3772548596887617e-07,,,,enumerate,0.0066
dense,14,3,0.75,0.5,215,gibbs,0.0742858635045334,0.08204146786136236,0.07383496815521876,0.07541310187782005,1,2000,,479.5,1.00506,2000,enumerate,5.0893
dense,14,3,1.0,0.5,215,exact,0.0,0.0,,,1,,,,,,enumerate,0.7989
dense,14,3,1.0,0.5,215,mf,0.45504161489505673,0.6793821861300018,0.4637572632393664,0.43325249403428245,1,10,,,,,enumerate,0.0037
dense,14,3,1.0,0.5,215,lbp,0.3077865470974679,0.3121356675048049,0.30807091281582033,0.30707563280158695,1,75,1.9044732713080492e-07,,,,enumerate,0.0073
dense,14,3,1.0,0.5,215,gibbs,0.0601162905418301,0.06596302178505334,0.06039438930314543,0.05942104363854177,0,2000,,7.4,1.48973,2000,enumerate,5.2094
dense,14,3,1.3,0.5,215,exact,0.0,0.0,,,1,,,,,,enumerate,0.663
dense,14,3,1.3,0.5,215,mf,0.4796680486817193,0.6937987723223797,0.4795539368313845,0.4799533283075562,1,6,,,,,enumerate,0.0023
dense,14,3,1.3,0.5,215,lbp,0.47021669032890745,0.6930208202795995,0.4724593166075647,0.4646101246322645,1,45,5.520052666074804e-07,,,,enumerate,0.0046
dense,14,3,1.3,0.5,215,gibbs,0.13393279638683633,0.1372593227288122,0.13392539412034496,0.13395130205306474,0,2000,,4.7,2.57887,2000,enumerate,5.1958
dense,14,3,1.75,0.5,215,exact,0.0,0.0,,,1,,,,,,enumerate,0.7213
dense,14,3,1.75,0.5,215,mf,0.4903013568148988,0.6961359584687244,0.4877617590370387,0.4966503512595488,1,6,,,,,enumerate,0.0024
dense,14,3,1.75,0.5,215,lbp,0.4883515455991672,0.6961151077914662,0.48580694703975535,0.4947130419976966,1,32,2.821493846338896e-07,,,,enumerate,0.0031
dense,14,3,1.75,0.5,215,gibbs,0.6960899463368191,0.6961824487078386,0.696085254835105,0.6961016750911044,0,2000,,4.1,10.42144,2000,enumerate,5.2389
dense,14,3,2.5,0.5,215,exact,0.0,0.0,,,1,,,,,,enumerate,0.7589
dense,14,3,2.5,0.5,215,mf,0.49577199327640475,0.6963323311978848,0.49414732997326505,0.4998336515342542,1,5,,,,,enumerate,0.0019
dense,14,3,2.5,0.5,215,lbp,0.49550488950962274,0.696332118385637,0.49381207581492814,0.4997369237463592,1,27,2.515128870728134e-07,,,,enumerate,0.0027
dense,14,3,2.5,0.5,215,gibbs,0.6963253109727978,0.6963267822209578,0.6963250701979229,0.6963259129099855,0,2000,,4.0,5617601238189621.0,2000,enumerate,5.2214
dense,14,3,4.0,0.5,215,exact,0.0,0.0,,,1,,,,,,enumerate,0.713
dense,14,3,4.0,0.5,215,mf,0.4990448040161374,0.6963359336938619,0.49866168979244757,0.500002589575362,1,4,,,,,enumerate,0.0017
dense,14,3,4.0,0.5,215,lbp,0.49903486190055624,0.6963359336278447,0.4986480042577835,0.5000020060074881,1,29,1.540848524328453e-07,,,,enumerate,0.0027
dense,14,3,4.0,0.5,215,gibbs,0.6963299064322418,0.696329907020889,0.6963299062395764,0.6963299069139053,0,2000,,4.0,5617601238189621.0,2000,enumerate,5.2493
dense,14,3,0.0,1.5,215,exact,0.0,0.0,,,1,,,,,,enumerate,0.4106
dense,14,3,0.0,1.5,215,mf,5.311351556981845e-15,1.0179357357031904e-14,4.960094834860485e-15,6.189493362285248e-15,1,1,,,,,enumerate,0.0007
dense,14,3,0.0,1.5,215,lbp,5.271700734673804e-15,1.013772399360846e-14,4.9368495402823955e-15,6.108828720652326e-15,1,3,0.0,,,,enumerate,0.0005
dense,14,3,0.0,1.5,215,gibbs,7.56909416096566e-15,2.0795865030009963e-14,7.269185253733212e-15,8.318866429046778e-15,1,2000,,8191.5,0.99999,2000,enumerate,5.2821
dense,14,3,0.1,1.5,215,exact,0.0,0.0,,,1,,,,,,enumerate,0.6647
dense,14,3,0.1,1.5,215,mf,0.0012596270533786643,0.0020352449702730688,0.0012672678480985446,0.0012405250665789638,1,5,,,,,enumerate,0.0019
dense,14,3,0.1,1.5,215,lbp,9.749526893991054e-05,0.0001820821172073099,0.00010077134196507763,8.930508637699282e-05,1,19,2.1854624743244955e-07,,,,enumerate,0.0022
dense,14,3,0.1,1.5,215,gibbs,0.00023838812329227355,0.0004041844264838085,0.00022426041504658572,0.00027370739390649313,1,2000,,7629.0,1.00029,2000,enumerate,5.2751
dense,14,3,0.25,1.5,215,exact,0.0,0.0,,,1,,,,,,enumerate,0.666
dense,14,3,0.25,1.5,215,mf,0.006769226868616773,0.011830870657407068,0.006786569653372679,0.006725869906727009,1,7,,,,,enumerate,0.0026
dense,14,3,0.25,1.5,215,lbp,0.0012926771369234182,0.002482746975239836,0.001316739201870799,0.0012325219745549666,1,24,2.82149515085095e-07,,,,enumerate,0.0028
dense,14,3,0.25,1.5,215,gibbs,0.0003332517394245635,0.0007237349848636578,0.0002790002600309556,0.00046888043790858317,1,2000,,6874.9,1.00017,2000,enumerate,5.2014
dense,14,3,0.5,1.5,215,exact,0.0,0.0,,,1,,,,,,enumerate,0.6693
dense,14,3,0.5,1.5,215,mf,0.016535856246457394,0.03779704254576067,0.017517288770892304,0.01408227493537013,1,9,,,,,enumerate,0.0032
dense,14,3,0.5,1.5,215,lbp,0.006954572676514141,0.013310694695682704,0.007607729127560478,0.005321681548898299,1,30,3.528113396433774e-07,,,,enumerate,0.0035
dense,14,3,0.5,1.5,215,gibbs,0.001582544463770065,0.003014162637484233,0.0014427452821422517,0.0019320424178395981,1,2000,,5904.4,1.00013,2000,enumerate,5.2327
dense,14,3,0.75,1.5,215,exact,0.0,0.0,,,1,,,,,,enumerate,0.6865
dense,14,3,0.75,1.5,215,mf,0.06462133639716419,0.1382194004053404,0.0634554921819458,0.06753594693521014,1,10,,,,,enumerate,0.0036
dense,14,3,0.75,1.5,215,lbp,0.05008607806099351,0.09106103805166288,0.05297006602675627,0.042876108146586586,1,32,4.470019348556953e-07,,,,enumerate,0.0037
dense,14,3,0.75,1.5,215,gibbs,0.009532838821672563,0.0145478440302691,0.00879120700215075,0.011386918370477095,1,2000,,2594.6,1.00215,2000,enumerate,5.2167
dense,14,3,1.0,1.5,215,exact,0.0,0.0,,,1,,,,,,enumerate,0.7115
dense,14,3,1.0,1.5,215,mf,0.3240006107298467,0.4853030792797456,0.32927346626199466,0.31081847189947687,1,8,,,,,enumerate,0.003
dense,14,3,1.0,1.5,215,lbp,0.3132635028035541,0.4754153436085948,0.32383050029988836,0.2868460090627184,1,36,4.7187715324081836e-07,,,,enumerate,0.0036
dense,14,3,1.0,1.5,215,gibbs,0.024180741115923908,0.040517039399446106,0.024622028588306283,0.02307752243496796,0,2000,,217.3,1.10516,2000,enumerate,5.2413
dense,14,3,1.3,1.5,215,exact,0.0,0.0,,,1,,,,,,enumerate,0.699
dense,14,3,1.3,1.5,215,mf,0.480604703021769,0.6852388076599886,0.483455076705981,0.4734787688112392,1,6,,,,,enumerate,0.0023
dense,14,3,1.3,1.5,215,lbp,0.4771075562233587,0.6847806335817865,0.48161190889214084,0.4658466745514034,1,33,2.771896385755923e-07,,,,enumerate,0.0038
dense,14,3,1.3,1.5,215,gibbs,0.19377297806394464,0.19938289218650945,0.19355871499118052,0.19430863574585494,0,2000,,5.4,2.00569,2000,enumerate,5.2137
dense,14,3,1.75,1.5,215,exact,0.0,0.0,,,1,,,,,,enumerate,0.698
dense,14,3,1.75,1.5,215,mf,0.49542187508683083,0.6960252949274515,0.4949663062345232,0.49656079721759994,1,5,,,,,enumerate,0.002
dense,14,3,1.75,1.5,215,lbp,0.49485815506353065,0.696008417092425,0.49454163285128594,0.49564946059414233,1,28,3.302559636875202e-07,,,,enumerate,0.0027
dense,14,3,1.75,1.5,215,gibbs,0.24989507521333296,0.24999980125024635,0.24986929832781607,0.24995951742712533,0,2000,,4.1,11.29273,2000,enumerate,5.1534
dense,14,3,2.5,1.5,215,exact,0.0,0.0,,,1,,,,,,enumerate,0.7258
dense,14,3,2.5,1.5,215,mf,0.49834494896496373,0.6963270758154482,0.49775082296105283,0.49983026397474106,1,5,,,,,enumerate,0.0021
dense,14,3,2.5,1.5,215,lbp,0.49829407387309704,0.6963270075637307,0.49769424415661484,0.49979364816430255,1,26,1.9104629345179092e-07,,,,enumerate,0.0026
dense,14,3,2.5,1.5,215,gibbs,0.5716884121973226,0.6963273531479611,0.5718513137940195,0.5712811582055806,0,2000,,4.1,7.10045,2000,enumerate,5.2475
dense,14,3,4.0,1.5,215,exact,0.0,0.0,,,1,,,,,,enumerate,0.6766
dense,14,3,4.0,1.5,215,mf,0.4996441725954055,0.6963341134882177,0.4995020042659156,0.49999959341913003,1,4,,,,,enumerate,0.0016
dense,14,3,4.0,1.5,215,lbp,0.4996427399395183,0.6963341134789616,0.49950007575253447,0.4999994004069776,1,27,2.0969707636986357e-07,,,,enumerate,0.0031
dense,14,3,4.0,1.5,215,gibbs,0.5714218667435508,0.6963340729259481,0.5714570141491938,0.5713339982294429,0,2000,,4.0,14.44276,2000,enumerate,5.2415
dense,14,3,0.0,0.5,216,exact,0.0,0.0,,,1,,,,,,enumerate,0.4236
dense,14,3,0.0,0.5,216,mf,7.0009722225832554e-15,1.4807599590938025e-14,6.742696678774252e-15,7.646661082105766e-15,1,1,,,,,enumerate,0.0007
dense,14,3,0.0,0.5,216,lbp,7.0219128131146895e-15,1.4752088439706768e-14,6.756747938929664e-15,7.684824998577255e-15,1,3,0.0,,,,enumerate,0.0005
dense,14,3,0.0,0.5,216,gibbs,9.250908570925175e-15,2.6104118866498993e-14,9.421456670377638e-15,8.824538322294018e-15,1,2000,,7800.0,0.99993,2000,enumerate,4.4555
dense,14,3,0.1,0.5,216,exact,0.0,0.0,,,1,,,,,,enumerate,0.6707
dense,14,3,0.1,0.5,216,mf,0.0012874913072718065,0.0022788707944374556,0.0012924572952931032,0.0012750763372185647,1,5,,,,,enumerate,0.0018
dense,14,3,0.1,0.5,216,lbp,7.017898248465078e-05,0.00021106116154909552,7.160402073575732e-05,6.661638685688445e-05,1,19,1.8913605281944967e-07,,,,enumerate,0.0021
dense,14,3,0.1,0.5,216,gibbs,0.00031248026595128965,0.000818127166556902,0.0002566583657863591,0.00045203501636361613,1,2000,,7396.9,0.99997,2000,enumerate,4.4319
dense,14,3,0.25,0.5,216,exact,0.0,0.0,,,1,,,,,,enumerate,0.6911
dense,14,3,0.25,0.5,216,mf,0.009592458229116276,0.01601201423976384,0.010768554042348732,0.0066522186960351285,1,8,,,,,enumerate,0.0025
dense,14,3,0.25,0.5,216,lbp,0.001401613290712005,0.003208221041672366,0.0015738789559779482,0.0009709491275471478,1,25,3.757907768853208e-07,,,,enumerate,0.0026
dense,14,3,0.25,0.5,216,gibbs,0.0009725129990178968,0.0031217487672677013,0.0007944322610556606,0.0014177148439234871,1,2000,,6519.4,0.99994,2000,enumerate,4.4566
dense,14,3,0.5,0.5,216,exact,0.0,0.0,,,1,,,,,,enumerate,0.6471
dense,14,3,0.5,0.5,216,mf,0.03228680899961095,0.05028615283400584,0.032892125988404554,0.030773516527626957,1,12,,,,,enumerate,0.0034
dense,14,3,0.5,0.5,216,lbp,0.010207313488303187,0.014687478908293194,0.010930360594604782,0.008399695722549201,1,38,4.864510636526376e-07,,,,enumerate,0.0042
dense,14,3,0.5,0.5,216,gibbs,0.0017263559717840232,0.0053065002891972,0.0013555844429508634,0.002653284793866922,1,2000,,4410.8,1.00081,2000,enumerate,4.4447
dense,14,3,0.75,0.5,216,exact,0.0,0.0,,,1,,,,,,enumerate,0.6511
dense,14,3,0.75,0.5,216,mf,0.01896555191478371,0.054595704095917554,0.016182015518747966,0.025924392904873087,1,10,,,,,enumerate,0.003
dense,14,3,0.75,0.5,216,lbp,0.0075898677812521855,0.012504403087077516,0.006892820271816214,0.00933248655484211,1,36,3.4207648952344627e-07,,,,enumerate,0.0037
dense,14,3,0.75,0.5,216,gibbs,0.003930142782999038,0.005243786780752463,0.0038093244921990703,0.004232188509998958,1,2000,,4591.7,1.00108,2000,enumerate,4.4262
dense,14,3,1.0,0.5,216,exact,0.0,0.0,,,1,,,,,,enumerate,0.6665
dense,14,3,1.0,0.5,216,mf,0.005475062590299547,0.01125924277080019,0.005151087933186048,0.006284999233083293,1,6,,,,,enumerate,0.0019
dense,14,3,1.0,0.5,216,lbp,0.004016477431176049,0.004633075850848191,0.004000436292656793,0.004056580277474188,1,30,2.0562874974983103e-07,,,,enumerate,0.0028
dense,14,3,1.0,0.5,216,gibbs,0.003788429144039015,0.004068433944531235,0.0038510039955708423,0.0036319920152094454,1,2000,,6743.7,0.99961,2000,enumerate,4.4321
dense,14,3,1.3,0.5,216,exact,0.0,0.0,,,1,,,,,,enumerate,0.6553
dense,14,3,1.3,0.5,216,mf,0.004035018264905252,0.004352567465295347,0.004022808864325203,0.004065541766355374,1,5,,,,,enumerate,0.0017
dense,14,3,1.3,0.5,216,lbp,0.0039367213059391965,0.003979573124337207,0.0039474091637367115,0.00391000166144541,1,28,1.7402261842658362e-07,,,,enumerate,0.0028
dense,14,3,1.3,0.5,216,gibbs,0.24385073240542926,0.24602206266688958,0.2444790391375073,0.24227996557523412,0,2000,,5.5,1.94291,2000,enumerate,4.4252
dense,14,3,1.75,0.5,216,exact,0.0,0.0,,,1,,,,,,enumerate,0.7192
dense,14,3,1.75,0.5,216,mf,0.004004965704280195,0.0040130600896546645,0.004006828329073847,0.004000309142296066,1,4,,,,,enumerate,0.0014
dense,14,3,1.75,0.5,216,lbp,0.004003229925645996,0.004008967207524894,0.004005377933640521,0.003997859905659685,1,27,1.574936363546442e-07,,,,enumerate,0.0031
dense,14,3,1.75,0.5,216,gibbs,0.4991039836823097,0.4999679327791402,0.49930014816854873,0.49861357246671173,0,2000,,4.4,6.58896,2000,enumerate,4.3939
dense,14,3,2.5,0.5,216,exact,0.0,0.0,,,1,,,,,,enumerate,0.6407
dense,14,3,2.5,0.5,216,mf,0.0040205063017376965,0.00402077353388899,0.0040206191227347265,0.004020224249245125,1,3,,,,,enumerate,0.0011
dense,14,3,2.5,0.5,216,lbp,0.004020502946967682,0.004020771409431522,0.004020615451646598,0.004020221685270393,1,26,1.4032703665733948e-07,,,,enumerate,0.0029
dense,14,3,2.5,0.5,216,gibbs,0.4999312835456721,0.4999714486810487,0.49994125698333053,0.4999063499515264,0,2000,,4.1,13.07911,2000,enumerate,4.4383
dense,14,3,4.0,0.5,216,exact,0.0,0.0,,,1,,,,,,enumerate,0.6421
dense,14,3,4.0,0.5,216,mf,0.004021579931607916,0.004021580570079642,0.004021580218561053,0.004021579214225075,1,3,,,,,enumerate,0.0011
dense,14,3,4.0,0.5,216,lbp,0.004021579931052664,0.004021580570079642,0.004021580218405314,0.004021579212671038,1,25,1.7766361459781166e-07,,,,enumerate,0.0026
dense,14,3,4.0,0.5,216,gibbs,0.49997136901772293,0.49997146478205967,0.49997139452414546,0.49997130525166644,0,2000,,4.0,6491245172516403.0,2000,enumerate,4.4507
dense,14,3,0.0,1.5,216,exact,0.0,0.0,,,1,,,,,,enumerate,0.4209
dense,14,3,0.0,1.5,216,mf,8.276241795065634e-15,2.1267709815475655e-14,8.295274189773493e-15,8.228660808295984e-15,1,1,,,,,enumerate,0.0006
dense,14,3,0.0,1.5,216,lbp,8.309387404338763e-15,2.120525977034049e-14,8.29865690055165e-15,8.336213663806546e-15,1,3,0.0,,,,enumerate,0.0006
dense,14,3,0.0,1.5,216,gibbs,1.0479278655146322e-14,2.5465740627339528e-14,1.0899354335736078e-14,9.429089453671935e-15,1,2000,,7856.9,0.99987,2000,enumerate,4.391
dense,14,3,0.1,1.5,216,exact,0.0,0.0,,,1,,,,,,enumerate,0.6365
dense,14,3,0.1,1.5,216,mf,0.0009750993441541066,0.002219569682678592,0.0009195229603903732,0.0011140403035634402,1,5,,,,,enumerate,0.0017
dense,14,3,0.1,1.5,216,lbp,3.977600975196026e-05,0.00012914700951625196,3.614030186808942e-05,4.886527946163736e-05,1,19,1.7197709001326444e-07,,,,enumerate,0.0022
dense,14,3,0.1,1.5,216,gibbs,0.00016450184318342163,0.0004987836558613123,0.00011903008535966717,0.0002781812377428078,1,2000,,7512.7,0.99986,2000,enumerate,4.4466
dense,14,3,0.25,1.5,216,exact,0.0,0.0,,,1,,,,,,enumerate,0.6551
dense,14,3,0.25,1.5,216,mf,0.006440356822604328,0.015694488331717254,0.0065266193544559715,0.00622470049297522,1,7,,,,,enumerate,0.0022
dense,14,3,0.25,1.5,216,lbp,0.0007104711064321606,0.002300796145010279,0.000697867307629233,0.0007419806034394795,1,24,3.136255652957942e-07,,,,enumerate,0.0026
dense,14,3,0.25,1.5,216,gibbs,0.0007013374775391778,0.0018020844586981721,0.0005845900171274109,0.000993206128568595,1,2000,,7003.3,1.00023,2000,enumerate,4.4298
dense,14,3,0.5,1.5,216,exact,0.0,0.0,,,1,,,,,,enumerate,0.6961
dense,14,3,0.5,1.5,216,mf,0.022607134583404416,0.049893581646877044,0.020602220240524226,0.02761942044060488,1,11,,,,,enumerate,0.0032
dense,14,3,0.5,1.5,216,lbp,0.0056878106750308565,0.01695268399163579,0.00517998620825261,0.006957371841976471,1,36,4.160145548048888e-07,,,,enumerate,0.0033
dense,14,3,0.5,1.5,216,gibbs,0.0014024552508123535,0.0045368114217247575,0.0012081195291707056,0.0018882945549164734,1,2000,,5406.8,1.00029,2000,enumerate,4.4623
dense,14,3,0.75,1.5,216,exact,0.0,0.0,,,1,,,,,,enumerate,0.6348
dense,14,3,0.75,1.5,216,mf,0.024467566977177117,0.08035379420591374,0.02202020222576117,0.03058597885571699,1,14,,,,,enumerate,0.0039
dense,14,3,0.75,1.5,216,lbp,0.008203428243003897,0.024398621352746848,0.007200369708787334,0.010711074578545305,1,41,4.876989375679486e-07,,,,enumerate,0.0043
dense,14,3,0.75,1.5,216,gibbs,0.0020148095428864548,0.006511368973148055,0.0018918933596985463,0.0023221000008562254,1,2000,,4118.0,1.00102,2000,enumerate,4.4216
dense,14,3,1.0,1.5,216,exact,0.0,0.0,,,1,,,,,,enumerate,0.6992
dense,14,3,1.0,1.5,216,mf,0.004191560374225312,0.02010943242055689,0.003695636259528498,0.005431370660967344,1,7,,,,,enumerate,0.0019
dense,14,3,1.0,1.5,216,lbp,0.0011660334020236383,0.003922646922516036,0.001122163128912507,0.0012757090848014659,1,32,3.276313230715644e-07,,,,enumerate,0.0029
dense,14,3,1.0,1.5,216,gibbs,0.0005364840366548024,0.0024258603614256366,0.00047966362047599433,0.0006785350771018225,1,2000,,4692.9,1.00007,2000,enumerate,4.4515
dense,14,3,1.3,1.5,216,exact,0.0,0.0,,,1,,,,,,enumerate,0.6478
dense,14,3,1.3,1.5,216,mf,0.0002556202414811271,0.0010614699208522605,0.0002150621466195073,0.00035701547863517655,1,5,,,,,enumerate,0.0016
dense,14,3,1.3,1.5,216,lbp,8.351386627167691e-05,0.00015330372498535013,8.253137647853383e-05,8.59700907545346e-05,1,28,2.8310470390202624e-07,,,,enumerate,0.0032
dense,14,3,1.3,1.5,216,gibbs,7.621011843200034e-05,0.00023995230194569618,6.564574998544511e-05,0.00010262103954838837,1,2000,,7513.0,0.99987,2000,enumerate,4.4574
dense,14,3,1.75,1.5,216,exact,0.0,0.0,,,1,,,,,,enumerate,0.6471
dense,14,3,1.75,1.5,216,mf,5.8739961839235416e-05,6.943975331584072e-05,5.814409180454535e-05,6.0229636925960563e-05,1,4,,,,,enumerate,0.0014
dense,14,3,1.75,1.5,216,lbp,5.6502745707849964e-05,5.679830607759519e-05,5.6510866192600135e-05,5.6482444495974525e-05,1,27,1.8167133830626625e-07,,,,enumerate,0.0032
dense,14,3,1.75,1.5,216,gibbs,0.4987164072338946,0.4999673297379598,0.4987487977208291,0.4986354310165586,0,2000,,4.5,6.19413,2000,enumerate,4.4332
dense,14,3,2.5,1.5,216,exact,0.0,0.0,,,1,,,,,,enumerate,0.652
dense,14,3,2.5,1.5,216,mf,5.5698755411943144e-05,5.5707715200201275e-05,5.569901786046576e-05,5.569809929063658e-05,1,3,,,,,enumerate,0.0011
dense,14,3,2.5,1.5,216,lbp,5.5696817425699405e-05,5.570307529618414e-05,5.5697492033311466e-05,5.569513090666926e-05,1,26,1.4795147262880448e-07,,,,enumerate,0.0029
dense,14,3,2.5,1.5,216,gibbs,0.49988812732727533,0.49994428966599014,0.4998938882158942,0.49987372510572814,0,2000,,4.1,9.76556,2000,enumerate,4.4412
dense,14,3,4.0,1.5,216,exact,0.0,0.0,,,1,,,,,,enumerate,0.6544
dense,14,3,4.0,1.5,216,mf,5.566097693515849e-05,5.566099198787195e-05,5.5660978667677516e-05,5.566097260386089e-05,1,3,,,,,enumerate,0.0011
dense,14,3,4.0,1.5,216,lbp,5.566097649958211e-05,5.566099198361693e-05,5.5660978624041564e-05,5.5660971188433445e-05,1,25,2.046784369769128e-07,,,,enumerate,0.0028
dense,14,3,4.0,1.5,216,gibbs,0.4999442042484112,0.499944339008012,0.4999442199198588,0.499944165069792,0,2000,,4.0,5553690661299247.0,2000,enumerate,4.4703
dense,14,3,0.0,0.5,217,exact,0.0,0.0,,,1,,,,,,enumerate,0.4314
dense,14,3,0.0,0.5,217,mf,7.271093449556787e-15,1.2254086634300165e-14,6.769931837347087e-15,8.523997480081036e-15,1,1,,,,,enumerate,0.0008
dense,14,3,0.0,0.5,217,lbp,7.271341267196212e-15,1.1934897514720433e-14,6.751543768501733e-15,8.57083501393241e-15,1,3,0.0,,,,enumerate,0.0005
dense,14,3,0.0,0.5,217,gibbs,7.465134661226765e-15,1.4613310561628623e-14,6.764380722223962e-15,9.21701950873377e-15,1,2000,,7819.3,0.99993,2000,enumerate,4.4335
dense,14,3,0.1,0.5,217,exact,0.0,0.0,,,1,,,,,,enumerate,0.672
dense,14,3,0.1,0.5,217,mf,0.0015553327501590763,0.002559538271988862,0.0016108610837729728,0.0014165119161243349,1,5,,,,,enumerate,0.0016
dense,14,3,0.1,0.5,217,lbp,0.00017271506989437736,0.00033155636778299524,0.00017102757539840424,0.00017693380613431012,1,18,1.8180085692431902e-07,,,,enumerate,0.0021
dense,14,3,0.1,0.5,217,gibbs,0.00038787087801686875,0.0011197069436266471,0.00037407626843909586,0.000422357401961301,1,2000,,7553.4,1.00002,2000,enumerate,4.4346
dense,14,3,0.25,0.5,217,exact,0.0,0.0,,,1,,,,,,enumerate,0.688
dense,14,3,0.25,0.5,217,mf,0.013543673653455842,0.023978024228046374,0.014780422216687208,0.010451802245377425,1,11,,,,,enumerate,0.0032
dense,14,3,0.25,0.5,217,lbp,0.004069078990981905,0.0071080606214762865,0.004151263703072468,0.0038636172107554996,1,27,4.670403226936237e-07,,,,enumerate,0.0027
dense,14,3,0.25,0.5,217,gibbs,0.0008930294944990818,0.0018694126309306142,0.0009620794323294661,0.0007204046499231214,1,2000,,6564.9,1.00032,2000,enumerate,4.4839
dense,14,3,0.5,0.5,217,exact,0.0,0.0,,,1,,,,,,enumerate,0.6666
dense,14,3,0.5,0.5,217,mf,0.2564919554350967,0.37290955396189884,0.23330745955585427,0.3144531951332027,1,28,,,,,enumerate,0.0075
dense,14,3,0.5,0.5,217,lbp,0.17713155158296448,0.28652771198990556,0.16316880427006328,0.21203841986521738,1,116,8.167109100676306e-07,,,,enumerate,0.0106
dense,14,3,0.5,0.5,217,gibbs,0.013083922326186293,0.018651986418309497,0.012208457048527951,0.015272585520332149,1,2000,,2721.5,0.99989,2000,enumerate,4.4752
dense,14,3,0.75,0.5,217,exact,0.0,0.0,,,1,,,,,,enumerate,0.6688
dense,14,3,0.75,0.5,217,mf,0.36099824508908707,0.3957910400201229,0.3538718373783628,0.37881426436589755,1,12,,,,,enumerate,0.0035
dense,14,3,0.75,0.5,217,lbp,0.3518806499593889,0.391011317231833,0.34344419329715875,0.37297179161496424,1,45,3.591971970418051e-07,,,,enumerate,0.0042
dense,14,3,0.75,0.5,217,gibbs,0.09307213688531608,0.10333430313924769,0.090571272259335,0.09932429845026879,0,2000,,362.0,1.01072,2000,enumerate,4.4546
dense,14,3,1.0,0.5,217,exact,0.0,0.0,,,1,,,,,,enumerate,0.6743
dense,14,3,1.0,0.5,217,mf,0.38598860381477246,0.39462331010793117,0.38324564229607383,0.392846007611519,1,9,,,,,enumerate,0.0027
dense,14,3,1.0,0.5,217,lbp,0.3847857243102028,0.39445795439309483,0.38179085724616335,0.39227289197030124,1,36,2.4020329003615615e-07,,,,enumerate,0.0039
dense,14,3,1.0,0.5,217,gibbs,0.34730280500776395,0.3563906313923221,0.3444787794607193,0.3543628688753754,0,2000,,14.8,1.18464,2000,enumerate,4.505
dense,14,3,1.3,0.5,217,exact,0.0,0.0,,,1,,,,,,enumerate,0.6531
dense,14,3,1.3,0.5,217,mf,0.46042256958862166,0.6011480065338974,0.45754311716907275,0.4676212006374938,1,20,,,,,enumerate,0.0052
dense,14,3,1.3,0.5,217,lbp,0.39501024953319624,0.39730380890951567,0.3941869582238209,0.39706847780663435,1,33,1.7812616159851302e-07,,,,enumerate,0.0033
dense,14,3,1.3,0.5,217,gibbs,0.4938288263185672,0.49952977680559496,0.49286556268071247,0.49623698541320427,0,2000,,4.9,2.64996,2000,enumerate,4.4557
dense,14,3,1.75,0.5,217,exact,0.0,0.0,,,1,,,,,,enumerate,0.6672
dense,14,3,1.75,0.5,217,mf,0.4728936761519525,0.6027159600211046,0.4659422713276312,0.4902721882127558,1,11,,,,,enumerate,0.0032
dense,14,3,1.75,0.5,217,lbp,0.3972415809250611,0.39754803130808647,0.3971237305925939,0.3975362067562292,1,31,1.9218027924594594e-07,,,,enumerate,0.0035
dense,14,3,1.75,0.5,217,gibbs,0.4988806499185157,0.4995684028074089,0.49868186724840113,0.4993776065938023,0,2000,,4.3,5.60231,2000,enumerate,4.4538
dense,14,3,2.5,0.5,217,exact,0.0,0.0,,,1,,,,,,enumerate,0.6796
dense,14,3,2.5,0.5,217,mf,0.4769340629791384,0.6030554738882417,0.4682029714317665,0.49876179184756825,1,7,,,,,enumerate,0.0022
dense,14,3,2.5,0.5,217,lbp,0.39735743764563175,0.3973701623822185,0.39735238888091634,0.3973700595574205,1,30,2.0090787411497502e-07,,,,enumerate,0.0028
dense,14,3,2.5,0.5,217,gibbs,0.49954433033660955,0.49957194726870086,0.4995340758221092,0.4995699666228605,0,2000,,4.0,16.35643,2000,enumerate,4.4557
dense,14,3,4.0,0.5,217,exact,0.0,0.0,,,1,,,,,,enumerate,0.6695
dense,14,3,4.0,0.5,217,mf,0.47759878207465284,0.6030795135323966,0.468566305627121,0.5001799731934822,1,6,,,,,enumerate,0.0018
dense,14,3,4.0,0.5,217,lbp,0.39734838417945845,0.3973484121523661,0.3973483729945511,0.397348412141727,1,30,2.0357601371312484e-07,,,,enumerate,0.0033
dense,14,3,4.0,0.5,217,gibbs,0.4995720134741607,0.4995720740250906,0.49957198935079783,0.4995720737825682,0,2000,,4.0,5877473739351861.0,2000,enumerate,4.4534
dense,14,3,0.0,1.5,217,exact,0.0,0.0,,,1,,,,,,enumerate,0.4381
dense,14,3,0.0,1.5,217,mf,5.62731904724905e-15,1.1393663790215669e-14,5.064872132809483e-15,7.033436333347964e-15,1,1,,,,,enumerate,0.0006
dense,14,3,0.0,1.5,217,lbp,5.612821715342672e-15,1.1352030426792226e-14,5.074413111927356e-15,6.958843223880962e-15,1,3,0.0,,,,enumerate,0.0006
dense,14,3,0.0,1.5,217,gibbs,7.33862375630017e-15,1.9761969838327786e-14,7.346553920761778e-15,7.318798345146149e-15,1,2000,,7954.3,1.0,2000,enumerate,4.4657
dense,14,3,0.1,1.5,217,exact,0.0,0.0,,,1,,,,,,enumerate,0.7078
dense,14,3,0.1,1.5,217,mf,0.0012899379597593609,0.003084686707947315,0.0014024977732004183,0.0010085384261567173,1,5,,,,,enumerate,0.0018
dense,14,3,0.1,1.5,217,lbp,0.00012142898882108075,0.00035251363084554815,0.00012905075328421503,0.00010237457766324506,1,18,2.2502641405797164e-07,,,,enumerate,0.0022
dense,14,3,0.1,1.5,217,gibbs,0.00026612686625658355,0.0007468142546409595,0.00022193166537533353,0.0003766148684597086,1,2000,,7967.0,0.99996,2000,enumerate,4.44
dense,14,3,0.25,1.5,217,exact,0.0,0.0,,,1,,,,,,enumerate,0.6719
dense,14,3,0.25,1.5,217,mf,0.008886025173802966,0.02298368309655131,0.009849599406552573,0.006477089591928947,1,9,,,,,enumerate,0.0028
dense,14,3,0.25,1.5,217,lbp,0.0022637101782554793,0.006505987785247008,0.0024830647230945245,0.0017153238161578674,1,25,2.843972438104636e-07,,,,enumerate,0.0027
dense,14,3,0.25,1.5,217,gibbs,0.0005044717990167301,0.0015696983207380555,0.00034557636831860153,0.0009017103757620517,1,2000,,7009.3,0.99992,2000,enumerate,4.4381
dense,14,3,0.5,1.5,217,exact,0.0,0.0,,,1,,,,,,enumerate,0.6675
dense,14,3,0.5,1.5,217,mf,0.057757535957013086,0.11011949610797866,0.055475572114237856,0.06346244556395116,1,24,,,,,enumerate,0.0066
dense,14,3,0.5,1.5,217,lbp,0.030343595584201823,0.06482603259919306,0.030636602170351124,0.029611079118828577,1,55,7.305348636021947e-07,,,,enumerate,0.0053
dense,14,3,0.5,1.5,217,gibbs,0.0022007603473668245,0.003595321853687619,0.0021920586260411974,0.0022225146506808925,1,2000,,4866.4,0.9999,2000,enumerate,4.4583
dense,14,3,0.75,1.5,217,exact,0.0,0.0,,,1,,,,,,enumerate,0.711
dense,14,3,0.75,1.5,217,mf,0.21169964810235414,0.3498381222080174,0.21425668171284462,0.2053070640761278,1,20,,,,,enumerate,0.0054
dense,14,3,0.75,1.5,217,lbp,0.2479399159728676,0.42360111691693947,0.22064247464165457,0.31618351930090016,1,256,8.425114323418192e-07,,,,enumerate,0.0254
dense,14,3,0.75,1.5,217,gibbs,0.013738305752364276,0.025796494502121715,0.013382415595364516,0.014628031144863685,1,2000,,2076.0,1.00203,2000,enumerate,4.4041
dense,14,3,1.0,1.5,217,exact,0.0,0.0,,,1,,,,,,enumerate,0.66
dense,14,3,1.0,1.5,217,mf,0.41089291079244855,0.5634851922303492,0.4187808586697347,0.3911730410992329,1,13,,,,,enumerate,0.0038
dense,14,3,1.0,1.5,217,lbp,0.3720852339851714,0.4153793578729302,0.3664822484200663,0.3860926978979341,1,92,2.9645692262159073e-07,,,,enumerate,0.0085
dense,14,3,1.0,1.5,217,gibbs,0.020538958496294224,0.027726186409028908,0.019499427098028668,0.02313778699195812,0,2000,,320.7,1.02088,2000,enumerate,4.4356
dense,14,3,1.3,1.5,217,exact,0.0,0.0,,,1,,,,,,enumerate,0.6594
dense,14,3,1.3,1.5,217,mf,0.4716610652690025,0.5976676075626286,0.4766746121662022,0.4591271980260032,1,10,,,,,enumerate,0.0028
dense,14,3,1.3,1.5,217,lbp,0.4473023599503221,0.5920835971896622,0.4613163994482844,0.41226726120541646,1,86,7.423653921589946e-07,,,,enumerate,0.0082
dense,14,3,1.3,1.5,217,gibbs,0.23312052185496865,0.2384859329382367,0.23210738052564275,0.2356533751782834,0,2000,,6.9,1.56406,2000,enumerate,4.422
dense,14,3,1.75,1.5,217,exact,0.0,0.0,,,1,,,,,,enumerate,0.6888
dense,14,3,1.75,1.5,217,mf,0.4856961806331217,0.6015840492881097,0.48519497547488477,0.4869491935287139,1,8,,,,,enumerate,0.0024
dense,14,3,1.75,1.5,217,lbp,0.4733157600117603,0.6011627735039045,0.47664956087675064,0.4649812578492841,1,57,6.010824209479182e-07,,,,enumerate,0.0051
dense,14,3,1.75,1.5,217,gibbs,0.49867026661898606,0.4999969159450644,0.4982225909991512,0.499789455668573,0,2000,,4.4,7.55105,2000,enumerate,4.4125
dense,14,3,2.5,1.5,217,exact,0.0,0.0,,,1,,,,,,enumerate,0.6913
dense,14,3,2.5,1.5,217,mf,0.48918439885758414,0.6028088160175251,0.48570809940125004,0.4978751474984195,1,7,,,,,enumerate,0.0022
dense,14,3,2.5,1.5,217,lbp,0.4837115551611775,0.6028023266268763,0.48130557969982524,0.48972649381455813,1,55,5.498883468568749e-07,,,,enumerate,0.005
dense,14,3,2.5,1.5,217,gibbs,0.49994492340485586,0.4999971125940938,0.49992486189048113,0.4999950771907924,0,2000,,4.0,42.77346,2000,enumerate,4.2102
dense,14,3,4.0,1.5,217,exact,0.0,0.0,,,1,,,,,,enumerate,0.7343
dense,14,3,4.0,1.5,217,mf,0.48960783114716516,0.6029104923023983,0.4854751572995227,0.4999395157662716,1,5,,,,,enumerate,0.0017
dense,14,3,4.0,1.5,217,lbp,0.6029104170895295,0.602910492417388,0.6029103869648301,0.6029104924012778,1,50,1.942388632159009e-07,,,,enumerate,0.0046
dense,14,3,4.0,1.5,217,gibbs,0.49999700406424197,0.49999711542714065,0.49999695961617385,0.49999711518441214,0,2000,,4.0,5877473739351861.0,2000,enumerate,4.3718
dense,14,3,0.0,0.5,218,exact,0.0,0.0,,,1,,,,,,enumerate,0.4245
dense,14,3,0.0,0.5,218,mf,8.96034238869906e-15,1.9893808822502024e-14,8.402653572936459e-15,1.0354564428105562e-14,1,1,,,,,enumerate,0.0008
dense,14,3,0.0,0.5,218,lbp,8.941136521643601e-15,1.9893808822502024e-14,8.398316764246517e-15,1.0298185915136315e-14,1,3,0.0,,,,enumerate,0.0005
dense,14,3,0.0,0.5,218,gibbs,1.1098389072840475e-14,2.4993895841873837e-14,9.700747150009904e-15,1.45924938799169e-14,1,2000,,8041.7,1.00051,2000,enumerate,5.1647
dense,14,3,0.1,0.5,218,exact,0.0,0.0,,,1,,,,,,enumerate,0.7088
dense,14,3,0.1,0.5,218,mf,0.00151582878166573,0.003544747740066006,0.0017537770685707266,0.0009209580644032383,1,6,,,,,enumerate,0.0025
dense,14,3,0.1,0.5,218,lbp,0.00013258756365105946,0.00035743311514386394,0.00015446597219356036,7.789154229480722e-05,1,19,2.2749563194368605e-07,,,,enumerate,0.0022
dense,14,3,0.1,0.5,218,gibbs,0.00027751812725091806,0.0010456652221430378,0.0003334567938891732,0.00013767146065528021,1,2000,,7520.9,1.00065,2000,enumerate,5.1812
dense,14,3,0.25,0.5,218,exact,0.0,0.0,,,1,,,,,,enumerate,0.7148
dense,14,3,0.25,0.5,218,mf,0.013690174703581205,0.026565474800327435,0.01456285169129981,0.011508482234284682,1,10,,,,,enumerate,0.0039
dense,14,3,0.25,0.5,218,lbp,0.003052973107094429,0.007225511190313515,0.0034182506514877746,0.002139779246111065,1,29,4.885517954633656e-07,,,,enumerate,0.0034
dense,14,3,0.25,0.5,218,gibbs,0.0014404485173969276,0.0029454236989331223,0.001277832886530114,0.001846987594563961,1,2000,,6019.0,1.00027,2000,enumerate,5.1716
dense,14,3,0.5,0.5,218,exact,0.0,0.0,,,1,,,,,,enumerate,0.7274
dense,14,3,0.5,0.5,218,mf,0.033822587743865276,0.05940329756639845,0.0333926830807876,0.034897349401559474,1,11,,,,,enumerate,0.0045
dense,14,3,0.5,0.5,218,lbp,0.014612794811211824,0.028176261005439275,0.014573906927875732,0.014710014519552055,1,40,3.854601377528688e-07,,,,enumerate,0.0037
dense,14,3,0.5,0.5,218,gibbs,0.0019989143746105957,0.004284434393704378,0.0020530564347107814,0.0018635592243601302,1,2000,,3329.9,1.00066,2000,enumerate,5.1167
dense,14,3,0.75,0.5,218,exact,0.0,0.0,,,1,,,,,,enumerate,0.7155
dense,14,3,0.75,0.5,218,mf,0.004903473891165549,0.012620443071808953,0.005335092183766661,0.003824428159662767,1,7,,,,,enumerate,0.0028
dense,14,3,0.75,0.5,218,lbp,0.002190623104452279,0.0033745936444664545,0.0023119499886002743,0.0018873058940822893,1,30,3.2468679961317193e-07,,,,enumerate,0.0034
dense,14,3,0.75,0.5,218,gibbs,0.0015433092139255703,0.0019453600293697082,0.0015692288993208886,0.001478510000437274,1,2000,,6094.3,1.0004,2000,enumerate,5.2099
dense,14,3,1.0,0.5,218,exact,0.0,0.0,,,1,,,,,,enumerate,0.7119
dense,14,3,1.0,0.5,218,mf,0.001651114921650314,0.002337917583606879,0.0016901560996799125,0.0015535119765763177,1,5,,,,,enumerate,0.0022
dense,14,3,1.0,0.5,218,lbp,0.0014218060502861046,0.0014666373261801643,0.0014277055665913845,0.0014070572595229042,1,27,1.8748620023156803e-07,,,,enumerate,0.0027
dense,14,3,1.0,0.5,218,gibbs,0.0013741463918102495,0.0014189258689691377,0.0013662803675201006,0.0013938114525356214,1,2000,,6833.5,0.99965,2000,enumerate,5.2105
dense,14,3,1.3,0.5,218,exact,0.0,0.0,,,1,,,,,,enumerate,0.7171
dense,14,3,1.3,0.5,218,mf,0.0014017684240221681,0.0014295551512904616,0.0014033953375526354,0.0013977011401959997,1,4,,,,,enumerate,0.0017
dense,14,3,1.3,0.5,218,lbp,0.0013918436537290176,0.001393240653098384,0.0013919389761326384,0.0013916053477199654,1,25,1.8926744727032485e-07,,,,enumerate,0.0029
dense,14,3,1.3,0.5,218,gibbs,0.24951203587058443,0.2499537442221264,0.24947710609489554,0.24959936030980676,0,2000,,4.2,4.48849,2000,enumerate,5.181
dense,14,3,1.75,0.5,218,exact,0.0,0.0,,,1,,,,,,enumerate,0.7094
dense,14,3,1.75,0.5,218,mf,0.0013900186337094428,0.001390197645497379,0.0013900319479451119,0.0013899853481202703,1,3,,,,,enumerate,0.0015
dense,14,3,1.75,0.5,218,lbp,0.0013899376667762993,0.0013900183918964684,0.0013899378452188066,0.0013899372206700308,1,24,1.9831413111681684e-07,,,,enumerate,0.0027
dense,14,3,1.75,0.5,218,gibbs,0.2499308052469044,0.2499567856904489,0.24992916423819836,0.24993490776866945,0,2000,,4.1,7.70435,2000,enumerate,5.1843
dense,14,3,2.5,0.5,218,exact,0.0,0.0,,,1,,,,,,enumerate,0.7093
dense,14,3,2.5,0.5,218,mf,0.001389792489095728,0.0013897931914361018,0.0013897925056448495,0.0013897924477229242,1,3,,,,,enumerate,0.0014
dense,14,3,2.5,0.5,218,lbp,0.001389792462815703,0.0013897931914359277,0.0013897924749296587,0.0013897924325308136,1,24,1.7507145111395062e-07,,,,enumerate,0.0023
dense,14,3,2.5,0.5,218,gibbs,0.24995657454780193,0.2499568326197566,0.24995656282928902,0.24995660384408427,0,2000,,4.0,5617601238189621.0,2000,enumerate,5.1575
dense,14,3,4.0,0.5,218,exact,0.0,0.0,,,1,,,,,,enumerate,0.7152
dense,14,3,4.0,0.5,218,mf,0.0013897903459015608,0.0013897903459770702,0.0013897903459040785,0.0013897903458952674,1,3,,,,,enumerate,0.0014
dense,14,3,4.0,0.5,218,lbp,0.0013897903459010566,0.0013897903459770702,0.0013897903459035971,0.0013897903458947051,1,24,1.880059513625909e-07,,,,enumerate,0.0027
dense,14,3,4.0,0.5,218,gibbs,0.24995683292751553,0.24995683295707996,0.24995683292650134,0.249956832930051,0,2000,,4.0,5617601238189621.0,2000,enumerate,5.1627
dense,14,3,0.0,1.5,218,exact,0.0,0.0,,,1,,,,,,enumerate,0.4259
dense,14,3,0.0,1.5,218,mf,1.3394791228574628e-14,3.2279734440976426e-14,1.0244236015033436e-14,2.127117926242761e-14,1,1,,,,,enumerate,0.0006
dense,14,3,0.0,1.5,218,lbp,1.3407058201726178e-14,3.2612801348363973e-14,1.0222205026888531e-14,2.1369191138820298e-14,1,3,0.0,,,,enumerate,0.0005
dense,14,3,0.0,1.5,218,gibbs,1.4154971837511609e-14,3.098910017484968e-14,1.2243157876401511e-14,1.893450674028685e-14,1,2000,,8057.9,1.00017,2000,enumerate,5.1464
dense,14,3,0.1,1.5,218,exact,0.0,0.0,,,1,,,,,,enumerate,0.7957
dense,14,3,0.1,1.5,218,mf,0.0013753785908260548,0.0027013282300684446,0.0014957062554687456,0.0010745594292193277,1,6,,,,,enumerate,0.0027
dense,14,3,0.1,1.5,218,lbp,0.00013085528442596285,0.0003284597643671283,0.0001402545787117137,0.00010735704871158575,1,18,1.7901345705784166e-07,,,,enumerate,0.0023
dense,14,3,0.1,1.5,218,gibbs,0.00023343963180597307,0.0005358902526306983,0.00027721904583269467,0.00012399109673916914,1,2000,,7816.0,1.00035,2000,enumerate,5.1775
dense,14,3,0.25,1.5,218,exact,0.0,0.0,,,1,,,,,,enumerate,0.7311
dense,14,3,0.25,1.5,218,mf,0.011315118148633544,0.02351552162557208,0.012367016306130305,0.008685372754891639,1,11,,,,,enumerate,0.0045
dense,14,3,0.25,1.5,218,lbp,0.002956645841143899,0.007263838846337153,0.0031857781433775323,0.002383815085559817,1,27,4.655911664541712e-07,,,,enumerate,0.003
dense,14,3,0.25,1.5,218,gibbs,0.001119855768414228,0.002358684425096156,0.001052234479861233,0.0012889089897967151,1,2000,,6574.6,1.00008,2000,enumerate,5.1741
dense,14,3,0.5,1.5,218,exact,0.0,0.0,,,1,,,,,,enumerate,0.7118
dense,14,3,0.5,1.5,218,mf,0.1593571528510558,0.2474894169616633,0.14720929324780982,0.1897268018591708,1,35,,,,,enumerate,0.0127
dense,14,3,0.5,1.5,218,lbp,0.08685975030925557,0.1548997122638321,0.0817994077525031,0.09951060670113673,1,89,7.211185453215307e-07,,,,enumerate,0.0079
dense,14,3,0.5,1.5,218,gibbs,0.006032691801523985,0.008103054010180459,0.005838777434995467,0.006517477717845277,1,2000,,3048.7,1.00124,2000,enumerate,5.2063
dense,14,3,0.75,1.5,218,exact,0.0,0.0,,,1,,,,,,enumerate,0.7141
dense,14,3,0.75,1.5,218,mf,0.17175710330178048,0.20025748295159457,0.1742948600487672,0.16541271143431371,1,12,,,,,enumerate,0.0045
dense,14,3,0.75,1.5,218,lbp,0.15994847371721685,0.18474962741842949,0.15977045012274654,0.16039353270339257,1,45,3.9809734453388756e-07,,,,enumerate,0.0046
dense,14,3,0.75,1.5,218,gibbs,0.05928314898967121,0.06378218534803262,0.05879947980900111,0.06049232194134646,0,2000,,229.6,1.02131,2000,enumerate,5.2171
dense,14,3,1.0,1.5,218,exact,0.0,0.0,,,1,,,,,,enumerate,0.7086
dense,14,3,1.0,1.5,218,mf,0.16753844254642963,0.16927931872986693,0.16759486191750222,0.1673973941187481,1,8,,,,,enumerate,0.0031
dense,14,3,1.0,1.5,218,lbp,0.1664667099505153,0.16877217470000394,0.16622637187586148,0.16706755513714983,1,33,2.556514073770444e-07,,,,enumerate,0.0036
dense,14,3,1.0,1.5,218,gibbs,0.08579786536066163,0.08692402856447266,0.08564934303068554,0.08616917118560183,0,2000,,10.8,1.278,2000,enumerate,5.1879
dense,14,3,1.3,1.5,218,exact,0.0,0.0,,,1,,,,,,enumerate,0.7093
dense,14,3,1.3,1.5,218,mf,0.17075431493747223,0.17099012161722338,0.17072636088533888,0.1708242000678056,1,6,,,,,enumerate,0.0024
dense,14,3,1.3,1.5,218,lbp,0.1707072467535553,0.17099007089311152,0.1706658487436989,0.1708107417781963,1,29,1.9093301972805676e-07,,,,enumerate,0.0034
dense,14,3,1.3,1.5,218,gibbs,0.08416037996382608,0.08431266615606595,0.0841387120967589,0.08421454963149404,0,2000,,5.2,2.14647,2000,enumerate,5.1957
dense,14,3,1.75,1.5,218,exact,0.0,0.0,,,1,,,,,,enumerate,0.7106
dense,14,3,1.75,1.5,218,mf,0.1711834651793504,0.17119830370013178,0.17118149224604653,0.17118839751261,1,5,,,,,enumerate,0.0021
dense,14,3,1.75,1.5,218,lbp,0.1711830790928231,0.17119830365387304,0.17118099392410158,0.1711882920146268,1,27,1.6028000204837412e-07,,,,enumerate,0.003
dense,14,3,1.75,1.5,218,gibbs,0.24465778658768228,0.24468353665639736,0.24465628076405016,0.2446615511467626,0,2000,,4.1,5.77764,2000,enumerate,5.1837
dense,14,3,2.5,1.5,218,exact,0.0,0.0,,,1,,,,,,enumerate,0.7107
dense,14,3,2.5,1.5,218,mf,0.1711909188612574,0.17119105183136882,0.17119090299646764,0.1711909585232317,1,4,,,,,enumerate,0.0018
dense,14,3,2.5,1.5,218,lbp,0.17119091873867287,0.17119105183136826,0.17119090283724017,0.17119095849225474,1,26,1.720963828111266e-07,,,,enumerate,0.0024
dense,14,3,2.5,1.5,218,gibbs,0.2446825562003678,0.2446828022467314,0.24468254893528077,0.2446825743630854,0,2000,,4.0,5617601238189621.0,2000,enumerate,5.1554
dense,14,3,4.0,1.5,218,exact,0.0,0.0,,,1,,,,,,enumerate,0.7113
dense,14,3,4.0,1.5,218,mf,0.17119074771039505,0.1711907477238608,0.17119074770903828,0.1711907477137869,1,3,,,,,enumerate,0.0014
dense,14,3,4.0,1.5,218,lbp,0.17119074771039441,0.1711907477238608,0.17119074770903756,0.1711907477137865,1,26,1.4709041729066286e-07,,,,enumerate,0.0025
dense,14,3,4.0,1.5,218,gibbs,0.2446827962895434,0.24468279631689757,0.24468279628930506,0.2446827962901392,0,2000,,4.0,5617601238189621.0,2000,enumerate,5.1542
dense,14,3,0.0,0.5,219,exact,0.0,0.0,,,1,,,,,,enumerate,0.4217
dense,14,3,0.0,0.5,219,mf,8.280330786116151e-15,2.1871393585115584e-14,7.836439830377628e-15,9.390058175462457e-15,1,1,,,,,enumerate,0.0007
dense,14,3,0.0,0.5,219,lbp,8.284295868346955e-15,2.1923435289394888e-14,7.85586873330857e-15,9.35536370594292e-15,1,3,0.0,,,,enumerate,0.0004
dense,14,3,0.0,0.5,219,gibbs,1.0891089617461246e-14,2.9226621123257246e-14,1.1704526237110713e-14,8.857498068337577e-15,1,2000,,7980.1,1.00039,2000,enumerate,5.1765
dense,14,3,0.1,0.5,219,exact,0.0,0.0,,,1,,,,,,enumerate,0.6776
dense,14,3,0.1,0.5,219,mf,0.001410989974644396,0.0023035598387617026,0.0013938369368471262,0.0014538725691375706,1,5,,,,,enumerate,0.0016
dense,14,3,0.1,0.5,219,lbp,0.00012071825872476056,0.00025940172877062656,0.00010982542071997694,0.0001479503537367196,1,17,2.774995647714107e-07,,,,enumerate,0.002
dense,14,3,0.1,0.5,219,gibbs,0.0002546484564881736,0.0006623643754280206,0.0002213430396940292,0.0003379119984735345,1,2000,,7823.2,1.00031,2000,enumerate,5.1906
dense,14,3,0.25,0.5,219,exact,0.0,0.0,,,1,,,,,,enumerate,0.6827
dense,14,3,0.25,0.5,219,mf,0.01075630306442858,0.01954857961912114,0.0107475735687976,0.010778126803506035,1,9,,,,,enumerate,0.0028
dense,14,3,0.25,0.5,219,lbp,0.0025014653251526527,0.005658059175061736,0.0023287753360101146,0.002933190298008998,1,25,3.500584482285518e-07,,,,enumerate,0.0027
dense,14,3,0.25,0.5,219,gibbs,0.0009361340698510909,0.00217581227149842,0.0007494192621574303,0.0014029210890852423,1,2000,,7037.5,1.00027,2000,enumerate,5.196
dense,14,3,0.5,0.5,219,exact,0.0,0.0,,,1,,,,,,enumerate,0.6823
dense,14,3,0.5,0.5,219,mf,0.13178665797389844,0.22101898667289194,0.10629661526948272,0.19551176473493775,1,25,,,,,enumerate,0.0071
dense,14,3,0.5,0.5,219,lbp,0.06099574178140908,0.11496836961387774,0.0494784271913556,0.08978902825654275,1,72,7.6044812957754e-07,,,,enumerate,0.007
dense,14,3,0.5,0.5,219,gibbs,0.0037577393427326044,0.007563556420690794,0.003462585566470301,0.004495623783388361,1,2000,,3116.8,1.00112,2000,enumerate,5.176
dense,14,3,0.75,0.5,219,exact,0.0,0.0,,,1,,,,,,enumerate,0.711
dense,14,3,0.75,0.5,219,mf,0.160150586992101,0.20023087738201775,0.1564085655902378,0.16950564049675887,1,10,,,,,enumerate,0.0031
dense,14,3,0.75,0.5,219,lbp,0.14513461219964952,0.16828587208710782,0.13812223640072469,0.1626655516969615,1,42,4.108769982025251e-07,,,,enumerate,0.0041
dense,14,3,0.75,0.5,219,gibbs,0.027364954406888003,0.033884922037180146,0.02666357546093896,0.029118401771760602,1,2000,,879.1,1.00303,2000,enumerate,5.1845
dense,14,3,1.0,0.5,219,exact,0.0,0.0,,,1,,,,,,enumerate,0.6865
dense,14,3,1.0,0.5,219,mf,0.13713963638999052,0.14414699378442086,0.13646705694727473,0.13882108499677992,1,7,,,,,enumerate,0.0022
dense,14,3,1.0,0.5,219,lbp,0.1351158761470642,0.1390164728365218,0.13374621593243938,0.1385400266836263,1,33,2.355618681226801e-07,,,,enumerate,0.0037
dense,14,3,1.0,0.5,219,gibbs,0.2293365224144282,0.23636287697518563,0.22703963246557962,0.2350787472865497,0,2000,,7.3,1.50468,2000,enumerate,5.1989
dense,14,3,1.3,0.5,219,exact,0.0,0.0,,,1,,,,,,enumerate,0.6822
dense,14,3,1.3,0.5,219,mf,0.13496008920900945,0.1357226883442993,0.1347390601600195,0.13551266183148425,1,5,,,,,enumerate,0.0017
dense,14,3,1.3,0.5,219,lbp,0.1347904691298798,0.135542860323556,0.1345045915401499,0.13550516310420452,1,29,2.2210162931024513e-07,,,,enumerate,0.0029
dense,14,3,1.3,0.5,219,gibbs,0.36228330137742454,0.36444057605528485,0.3614774706017796,0.36429787831653687,0,2000,,5.3,2.06345,2000,enumerate,5.1811
dense,14,3,1.75,0.5,219,exact,0.0,0.0,,,1,,,,,,enumerate,0.6815
dense,14,3,1.75,0.5,219,mf,0.13500332924596556,0.13508021392817537,0.1349730774386215,0.13507895876432566,1,4,,,,,enumerate,0.0014
dense,14,3,1.75,0.5,219,lbp,0.1349989535234073,0.13508019693105328,0.13496696637763103,0.13507892138784786,1,27,2.0281805179767076e-07,,,,enumerate,0.0031
dense,14,3,1.75,0.5,219,gibbs,0.3646994680375476,0.36491957976219724,0.3646130475084325,0.3649155193603353,0,2000,,4.4,3.78557,2000,enumerate,5.1488
dense,14,3,2.5,0.5,219,exact,0.0,0.0,,,1,,,,,,enumerate,0.687
dense,14,3,2.5,0.5,219,mf,0.13507604034416282,0.1350788422866569,0.13507492193415607,0.13507883636917967,1,3,,,,,enumerate,0.0011
dense,14,3,2.5,0.5,219,lbp,0.1350760300514872,0.1350788422826311,0.13507490752680998,0.13507883636318016,1,26,1.7624846693209406e-07,,,,enumerate,0.003
dense,14,3,2.5,0.5,219,gibbs,0.36491375785380453,0.3649211574726082,0.36491080552341165,0.3649211386797866,0,2000,,4.0,5877473739351861.0,2000,enumerate,5.1405
dense,14,3,4.0,0.5,219,exact,0.0,0.0,,,1,,,,,,enumerate,0.684
dense,14,3,4.0,0.5,219,mf,0.135082719790348,0.13508272556510453,0.13508271748050465,0.13508272556495632,1,3,,,,,enumerate,0.0011
dense,14,3,4.0,0.5,219,lbp,0.13508271979000702,0.13508272556510453,0.13508271748002731,0.13508272556495632,1,25,2.4829450717689383e-07,,,,enumerate,0.0023
dense,14,3,4.0,0.5,219,gibbs,0.42629516485639396,0.4876808848294015,0.4140217757423918,0.45697863764139934,0,2000,,4.0,27.77507,2000,enumerate,5.1495
dense,14,3,0.0,1.5,219,exact,0.0,0.0,,,1,,,,,,enumerate,0.4591
dense,14,3,0.0,1.5,219,mf,6.599879373173475e-15,1.5626389071599078e-14,6.682154829462661e-15,6.394190732450511e-15,1,1,,,,,enumerate,0.0006
dense,14,3,0.0,1.5,219,lbp,6.575345426870375e-15,1.5557000132560006e-14,6.678338437815512e-15,6.3178628995075314e-15,1,3,0.0,,,,enumerate,0.0005
dense,14,3,0.0,1.5,219,gibbs,1.0128059105670876e-14,1.9921564398117653e-14,1.0813225315153829e-14,8.415143581963491e-15,1,2000,,7836.1,1.0005,2000,enumerate,5.1445
dense,14,3,0.1,1.5,219,exact,0.0,0.0,,,1,,,,,,enumerate,0.6827
dense,14,3,0.1,1.5,219,mf,0.0013535816790934603,0.0022476157535491204,0.0013187970902962028,0.001440543151086604,1,5,,,,,enumerate,0.0018
dense,14,3,0.1,1.5,219,lbp,0.00011735206231125872,0.00022135463910576136,0.0001046353428887193,0.00014914386086760725,1,18,2.0677331230567475e-07,,,,enumerate,0.0019
dense,14,3,0.1,1.5,219,gibbs,0.0005020816468250969,0.0010845110871392782,0.00047827128879371074,0.0005616075419035624,1,2000,,7994.9,1.00037,2000,enumerate,5.1933
dense,14,3,0.25,1.5,219,exact,0.0,0.0,,,1,,,,,,enumerate,0.679
dense,14,3,0.25,1.5,219,mf,0.009904503835229008,0.018018655821811377,0.009712319175386409,0.010384965484835508,1,9,,,,,enumerate,0.0028
dense,14,3,0.25,1.5,219,lbp,0.0022794922803184687,0.00457038346703563,0.0021526861793356375,0.0025965075327755473,1,26,3.75181819223247e-07,,,,enumerate,0.003
dense,14,3,0.25,1.5,219,gibbs,0.0009637913528033098,0.00220458583934402,0.0008290059984234195,0.0013007547387530356,1,2000,,6949.3,1.00002,2000,enumerate,5.1958
dense,14,3,0.5,1.5,219,exact,0.0,0.0,,,1,,,,,,enumerate,0.6844
dense,14,3,0.5,1.5,219,mf,0.09756652352058484,0.18254713040727397,0.07988690139618712,0.14176557883157911,1,19,,,,,enumerate,0.0054
dense,14,3,0.5,1.5,219,lbp,0.05073168643429453,0.08885803413651686,0.04326861625585562,0.06938936188039178,1,59,6.953695468880916e-07,,,,enumerate,0.0058
dense,14,3,0.5,1.5,219,gibbs,0.002135829478640207,0.0031540009154064075,0.0020961663991155414,0.0022349871774518717,1,2000,,3155.8,1.00149,2000,enumerate,5.1943
dense,14,3,0.75,1.5,219,exact,0.0,0.0,,,1,,,,,,enumerate,0.6863
dense,14,3,0.75,1.5,219,mf,0.10870130218482406,0.19191637675490592,0.1114818998737084,0.1017498079626132,1,15,,,,,enumerate,0.0041
dense,14,3,0.75,1.5,219,lbp,0.08593230815490457,0.11929355017657668,0.08290712255397936,0.09349527215721763,1,48,5.112680762642263e-07,,,,enumerate,0.0041
dense,14,3,0.75,1.5,219,gibbs,0.014399049968908187,0.0169733308144234,0.013693767004985664,0.0161622573787145,1,2000,,1683.4,1.003,2000,enumerate,5.194
dense,14,3,1.0,1.5,219,exact,0.0,0.0,,,1,,,,,,enumerate,0.6858
dense,14,3,1.0,1.5,219,mf,0.09473483530476536,0.1168947896082815,0.09619348206379694,0.09108821840718638,1,8,,,,,enumerate,0.0025
dense,14,3,1.0,1.5,219,lbp,0.08990468789619636,0.09867885595028561,0.08955121355750095,0.090788373742935,1,37,2.7806110469708045e-07,,,,enumerate,0.0036
dense,14,3,1.0,1.5,219,gibbs,0.15541308447993926,0.16179564834298218,0.15317692435431057,0.1610034847940109,0,2000,,14.4,1.19046,2000,enumerate,5.1645
dense,14,3,1.3,1.5,219,exact,0.0,0.0,,,1,,,,,,enumerate,0.6865
dense,14,3,1.3,1.5,219,mf,0.09484944104658309,0.09684939773581233,0.09478048133624128,0.09502184032243755,1,6,,,,,enumerate,0.002
dense,14,3,1.3,1.5,219,lbp,0.0944034790977367,0.09527889839975787,0.09415884850479148,0.09501505558009975,1,31,3.0073443357814256e-07,,,,enumerate,0.0034
dense,14,3,1.3,1.5,219,gibbs,0.15608281107265773,0.15730963018570376,0.15562260845407888,0.1572333176191048,0,2000,,7.9,1.43679,2000,enumerate,5.1544
dense,14,3,1.75,1.5,219,exact,0.0,0.0,,,1,,,,,,enumerate,0.6832
dense,14,3,1.75,1.5,219,mf,0.09677336605109546,0.09687288554971178,0.09673965982996771,0.0968576316039149,1,4,,,,,enumerate,0.0014
dense,14,3,1.75,1.5,219,lbp,0.09676099153765724,0.09685916707171363,0.09672234796216783,0.09685760047638078,1,29,2.026710042013491e-07,,,,enumerate,0.0034
dense,14,3,1.75,1.5,219,gibbs,0.4027194665679449,0.4031405915970258,0.4025525892407029,0.40313665988604963,0,2000,,4.2,4.79379,2000,enumerate,5.1616
dense,14,3,2.5,1.5,219,exact,0.0,0.0,,,1,,,,,,enumerate,0.685
dense,14,3,2.5,1.5,219,mf,0.09731049933352078,0.09731430802207948,0.09730897809398165,0.0973143024323686,1,4,,,,,enumerate,0.0013
dense,14,3,2.5,1.5,219,lbp,0.09731046895067007,0.09731430801351937,0.0973089355600355,0.09731430242725644,1,27,2.576970087320163e-07,,,,enumerate,0.0024
dense,14,3,2.5,1.5,219,gibbs,0.40266954626104706,0.40268569173695146,0.40266309571880604,0.4026856726166498,0,2000,,4.0,5553690661299247.0,2000,enumerate,5.129
dense,14,3,4.0,1.5,219,exact,0.0,0.0,,,1,,,,,,enumerate,0.6829
dense,14,3,4.0,1.5,219,mf,0.09734481926072981,0.0973448273219988,0.09734481603627823,0.09734482732185873,1,3,,,,,enumerate,0.0012
dense,14,3,4.0,1.5,219,lbp,0.09734481926020014,0.0973448273219988,0.09734481603553671,0.09734482732185873,1,27,1.3926763342553272e-07,,,,enumerate,0.0031
dense,14,3,4.0,1.5,219,gibbs,0.4026551382690474,0.4026551726780009,0.4026551245056604,0.40265517267751494,0,2000,,4.0,5553690661299247.0,2000,enumerate,5.152
