run_id,dataset,model,regime,inference_method,label_per_class,split_seed,lambda,beta,weighted_prior,clamped,best_epoch,val_acc,val_f1,val_nll,val_brier,test_acc,test_f1,test_nll,test_brier,ece,rule_score,edge_agreement,converged,iters,final_residual,ess_min,ess_median,rhat_max,target_h,empirical_h,adjusted_h,label_informativeness,sigma_x,beta_gen,lr,weight_decay,hidden,dropout,train_seconds,infer_seconds,logits_path,git_commit,protocol_hash,notes
M0_mlp-0a00bef784,sbm,M0_mlp,train,none,1,0,0.0,,,,16,0.278,0.265642,1.837748,0.825275,0.271,0.253415,1.822019,0.819812,0.057838,0.150357,0.182749,,,,,,,0.3,0.30289,0.18667,0.04347,0.5,0.94696,0.01,0.0005,64,0.5,0.488,,results/logits/M0_mlp-0a00bef784.npz,4225688,9f9bb01aee1b,
M1_gcn-f4d1e919ba,sbm,M1_gcn,train,none,1,0,0.0,,,,38,0.276,0.23229,1.831991,0.821256,0.261,0.228611,1.84211,0.826678,0.035718,0.158683,0.393495,,,,,,,0.3,0.30289,0.18667,0.04347,0.5,0.94696,0.005,0.001,64,0.5,2.691,,results/logits/M1_gcn-f4d1e919ba.npz,4225688,9f9bb01aee1b,
LP-532c170c4e,sbm,LP,closed_form,label_prop,1,0,,,,,,0.168,0.048794,1.971612,0.864028,0.144,0.046732,1.990835,0.869621,0.07355,0.153839,0.971913,,,,,,,0.3,0.30289,0.18667,0.04347,0.5,0.94696,,,,,,,,4225688,9f9bb01aee1b,uses train labels as inference-time evidence
M2_lap-c5e28504ba,sbm,M2_lap,train,none,1,0,0.001,,,,38,0.276,0.23229,1.83199,0.821256,0.261,0.228611,1.842108,0.826677,0.035719,0.158681,0.393495,,,,,,,0.3,0.30289,0.18667,0.04347,0.5,0.94696,0.005,0.001,64,0.5,2.344,,,4225688,9f9bb01aee1b,
M2_lap-4e09217abf,sbm,M2_lap,train,none,1,0,0.01,,,,38,0.276,0.23229,1.831982,0.821256,0.261,0.228611,1.842092,0.826671,0.035726,0.158668,0.393495,,,,,,,0.3,0.30289,0.18667,0.04347,0.5,0.94696,0.005,0.001,64,0.5,2.155,,,4225688,9f9bb01aee1b,
M2_lap-4300e3308c,sbm,M2_lap,train,none,1,0,0.1,,,,38,0.276,0.23229,1.832081,0.821257,0.263,0.23144,1.84212,0.826641,0.034528,0.158573,0.392589,,,,,,,0.3,0.30289,0.18667,0.04347,0.5,0.94696,0.005,0.001,64,0.5,2.172,,,4225688,9f9bb01aee1b,
M2_lap-f5df32416d,sbm,M2_lap,train,none,1,0,0.5,,,,91,0.282,0.256702,1.884936,0.837112,0.279,0.263937,1.885276,0.841776,0.099631,0.192659,0.353538,,,,,,,0.3,0.30289,0.18667,0.04347,0.5,0.94696,0.005,0.001,64,0.5,3.432,,,4225688,9f9bb01aee1b,
M2_lap-84d65004ec,sbm,M2_lap,train,none,1,0,1.0,,,,81,0.28,0.253128,1.863269,0.8315,0.271,0.252264,1.865198,0.835078,0.094659,0.186616,0.366585,,,,,,,0.3,0.30289,0.18667,0.04347,0.5,0.94696,0.005,0.001,64,0.5,3.32,,,4225688,9f9bb01aee1b,
M2_lap-1e143e121c,sbm,M2_lap,train,none,1,0,5.0,,,,33,0.276,0.237819,1.847702,0.8265,0.251,0.226915,1.855712,0.830275,0.044957,0.151557,0.379542,,,,,,,0.3,0.30289,0.18667,0.04347,0.5,0.94696,0.005,0.001,64,0.5,2.225,,,4225688,9f9bb01aee1b,
M4_mrf_gcn-2e9a481f69,sbm,M4_mrf_gcn,tuned_grid,mf,1,0,,0.05,,0,,0.272,0.226302,1.833104,0.821547,0.258,0.224587,1.844719,0.827616,0.023908,0.160517,0.407448,1,4,,,,,0.3,0.30289,0.18667,0.04347,0.5,0.94696,,,,,,0.0514,,4225688,9f9bb01aee1b,flip=0.0180
M4_mrf_mlp-38d0d04c13,sbm,M4_mrf_mlp,tuned_grid,mf,1,0,,0.05,,0,,0.284,0.269589,1.836572,0.824714,0.272,0.252926,1.821392,0.819438,0.049077,0.152136,0.192806,1,5,,,,,0.3,0.30289,0.18667,0.04347,0.5,0.94696,,,,,,0.0409,,4225688,9f9bb01aee1b,flip=0.0200
M4_mrf_gcn-4f2ed6b424,sbm,M4_mrf_gcn,tuned_grid,mf,1,0,,0.1,,0,,0.27,0.223088,1.834924,0.822094,0.25,0.214469,1.848268,0.828899,0.038062,0.162727,0.418954,1,6,,,,,0.3,0.30289,0.18667,0.04347,0.5,0.94696,,,,,,0.0412,,4225688,9f9bb01aee1b,flip=0.0410
M4_mrf_mlp-6bcdf54768,sbm,M4_mrf_mlp,tuned_grid,mf,1,0,,0.1,,0,,0.282,0.266182,1.836042,0.824343,0.272,0.251768,1.821494,0.81931,0.053156,0.154228,0.206125,1,6,,,,,0.3,0.30289,0.18667,0.04347,0.5,0.94696,,,,,,0.0368,,4225688,9f9bb01aee1b,flip=0.0420
M4_mrf_gcn-ca1ff38246,sbm,M4_mrf_gcn,tuned_grid,mf,1,0,,0.25,,0,,0.254,0.20081,1.84873,0.827116,0.249,0.211639,1.869405,0.836864,0.052572,0.173671,0.46172,1,11,,,,,0.3,0.30289,0.18667,0.04347,0.5,0.94696,,,,,,0.0959,,4225688,9f9bb01aee1b,flip=0.1100
M4_mrf_mlp-4ebaa529c8,sbm,M4_mrf_mlp,tuned_grid,mf,1,0,,0.25,,0,,0.284,0.256643,1.841815,0.825536,0.272,0.244568,1.830322,0.822079,0.066639,0.164662,0.276162,1,10,,,,,0.3,0.30289,0.18667,0.04347,0.5,0.94696,,,,,,0.0723,,4225688,9f9bb01aee1b,flip=0.1480
M4_mrf_gcn-1e53ed7326,sbm,M4_mrf_gcn,tuned_grid,mf,1,0,,0.5,,0,,0.166,0.044408,2.987183,1.291041,0.145,0.044965,3.09224,1.328524,0.613332,0.681312,0.988221,1,24,,,,,0.3,0.30289,0.18667,0.04347,0.5,0.94696,,,,,,0.2495,,4225688,9f9bb01aee1b,flip=0.6680
M4_mrf_mlp-7286894373,sbm,M4_mrf_mlp,tuned_grid,mf,1,0,,0.5,,0,,0.158,0.054316,2.903584,1.256249,0.161,0.053586,2.928456,1.262215,0.583608,0.652884,0.971913,1,23,,,,,0.3,0.30289,0.18667,0.04347,0.5,0.94696,,,,,,0.2105,,4225688,9f9bb01aee1b,flip=0.6810
M4_mrf_gcn-4c5e5f5119,sbm,M4_mrf_gcn,tuned_grid,mf,1,0,,1.0,,0,,0.166,0.040746,6.601045,1.623209,0.142,0.037439,6.873775,1.672511,0.831526,0.976295,0.999819,1,10,,,,,0.3,0.30289,0.18667,0.04347,0.5,0.94696,,,,,,0.0627,,4225688,9f9bb01aee1b,flip=0.6810
M4_mrf_mlp-d91bdd9da7,sbm,M4_mrf_mlp,tuned_grid,mf,1,0,,1.0,,0,,0.154,0.041381,6.587185,1.641586,0.155,0.039882,6.639396,1.637226,0.816319,0.97457,0.999366,1,11,,,,,0.3,0.30289,0.18667,0.04347,0.5,0.94696,,,,,,0.0741,,4225688,9f9bb01aee1b,flip=0.7090
M4_mrf_gcn-718ca8e19f,sbm,M4_mrf_gcn,tuned_grid,mf,1,0,,2.0,,0,,0.166,0.040676,13.121187,1.662142,0.142,0.037439,13.691337,1.713426,0.854824,0.99854,0.999909,1,6,,,,,0.3,0.30289,0.18667,0.04347,0.5,0.94696,,,,,,0.039,,4225688,9f9bb01aee1b,flip=0.6810
M4_mrf_mlp-0b8da7e6d3,sbm,M4_mrf_mlp,tuned_grid,mf,1,0,,2.0,,0,,0.152,0.037698,13.196742,1.686004,0.154,0.038128,13.281474,1.685235,0.842602,0.998491,1.0,1,6,,,,,0.3,0.30289,0.18667,0.04347,0.5,0.94696,,,,,,0.0619,,4225688,9f9bb01aee1b,flip=0.7100
OF-b53dc84435,sbm,Oracle_F,oracle,closed_form,1,0,,,,,,0.758,,,,0.748,,,,,,,,,,,,,0.3,0.30289,0.18667,0.04347,0.5,0.94696,,,,,,,,4225688,9f9bb01aee1b,"feature-only Bayes rule, known generative parameters"
OG-3dfe0a75b4,sbm,Oracle_G,oracle,mf,1,0,,0.94696,,,,0.786,0.783739,0.545229,0.278249,0.798,0.797994,0.579617,0.287429,0.039228,0.29298,0.315303,1,32,,,,,0.3,0.30289,0.18667,0.04347,0.5,0.94696,,,,,,,,4225688,9f9bb01aee1b,true Gaussian unaries + generator-implied coupling
M0_mlp-81fbd459fa,sbm,M0_mlp,train,none,5,0,0.0,,,,136,0.47,0.467088,1.990303,0.829337,0.446,0.445446,2.095375,0.823091,0.311209,0.165594,0.168796,,,,,,,0.3,0.30289,0.18667,0.04347,0.5,0.94696,0.01,0.0005,64,0.5,0.679,,results/logits/M0_mlp-81fbd459fa.npz,4225688,9f9bb01aee1b,
M1_gcn-4c9c4ca5f0,sbm,M1_gcn,train,none,5,0,0.0,,,,40,0.434,0.434465,1.623608,0.749755,0.437,0.432127,1.628981,0.750781,0.166935,0.158718,0.32989,,,,,,,0.3,0.30289,0.18667,0.04347,0.5,0.94696,0.005,0.001,64,0.5,2.068,,results/logits/M1_gcn-4c9c4ca5f0.npz,4225688,9f9bb01aee1b,
LP-4654ce7070,sbm,LP,closed_form,label_prop,5,0,,,,,,0.146,0.10139,1.960078,0.859796,0.164,0.09717,1.946285,0.856946,0.042522,0.150361,0.735164,,,,,,,0.3,0.30289,0.18667,0.04347,0.5,0.94696,,,,,,,,4225688,9f9bb01aee1b,uses train labels as inference-time evidence
M2_lap-5b7cc5f02c,sbm,M2_lap,train,none,5,0,0.001,,,,40,0.434,0.434465,1.623613,0.749757,0.437,0.432127,1.628989,0.750785,0.16694,0.158717,0.32989,,,,,,,0.3,0.30289,0.18667,0.04347,0.5,0.94696,0.005,0.001,64,0.5,2.422,,,4225688,9f9bb01aee1b,
M2_lap-6ff1e5a7a9,sbm,M2_lap,train,none,5,0,0.01,,,,40,0.434,0.434465,1.623656,0.749773,0.438,0.433268,1.629052,0.750809,0.168,0.158703,0.329528,,,,,,,0.3,0.30289,0.18667,0.04347,0.5,0.94696,0.005,0.001,64,0.5,2.371,,,4225688,9f9bb01aee1b,
M2_lap-3377dfe918,sbm,M2_lap,train,none,5,0,0.1,,,,40,0.436,0.436538,1.624595,0.750134,0.438,0.433344,1.630048,0.751195,0.168533,0.158596,0.329528,,,,,,,0.3,0.30289,0.18667,0.04347,0.5,0.94696,0.005,0.001,64,0.5,2.674,,,4225688,9f9bb01aee1b,
M2_lap-f97c5997b0,sbm,M2_lap,train,none,5,0,0.5,,,,39,0.434,0.434085,1.637459,0.754944,0.433,0.428975,1.642827,0.756098,0.17273,0.157108,0.329256,,,,,,,0.3,0.30289,0.18667,0.04347,0.5,0.94696,0.005,0.001,64,0.5,2.448,,,4225688,9f9bb01aee1b,
M2_lap-f18d89acb7,sbm,M2_lap,train,none,5,0,1.0,,,,39,0.434,0.433949,1.642198,0.756736,0.433,0.429776,1.648112,0.758117,0.173426,0.156583,0.32835,,,,,,,0.3,0.30289,0.18667,0.04347,0.5,0.94696,0.005,0.001,64,0.5,2.378,,,4225688,9f9bb01aee1b,
M2_lap-8fa3e808dd,sbm,M2_lap,train,none,5,0,5.0,,,,40,0.43,0.428202,1.675181,0.768908,0.426,0.425028,1.682902,0.771181,0.182807,0.153939,0.321011,,,,,,,0.3,0.30289,0.18667,0.04347,0.5,0.94696,0.005,0.001,64,0.5,2.559,,,4225688,9f9bb01aee1b,
M4_mrf_gcn-2bd6516db5,sbm,M4_mrf_gcn,tuned_grid,mf,5,0,,0.05,,0,,0.428,0.428019,1.619058,0.747983,0.437,0.432505,1.623632,0.748523,0.169959,0.160122,0.335145,1,4,,,,,0.3,0.30289,0.18667,0.04347,0.5,0.94696,,,,,,0.0221,,4225688,9f9bb01aee1b,flip=0.0090
M4_mrf_mlp-ac3fbe0a0e,sbm,M4_mrf_mlp,tuned_grid,mf,5,0,,0.05,,0,,0.472,0.468498,1.978537,0.82548,0.45,0.449256,2.082703,0.819025,0.307435,0.169131,0.174595,1,4,,,,,0.3,0.30289,0.18667,0.04347,0.5,0.94696,,,,,,0.0237,,4225688,9f9bb01aee1b,flip=0.0100
M4_mrf_gcn-5960b1deb1,sbm,M4_mrf_gcn,tuned_grid,mf,5,0,,0.1,,0,,0.424,0.423678,1.61439,0.746155,0.435,0.43009,1.618096,0.746143,0.158136,0.161707,0.340853,1,5,,,,,0.3,0.30289,0.18667,0.04347,0.5,0.94696,,,,,,0.0251,,4225688,9f9bb01aee1b,flip=0.0220
M4_mrf_mlp-2b7a15455f,sbm,M4_mrf_mlp,tuned_grid,mf,5,0,,0.1,,0,,0.474,0.470443,1.967832,0.821788,0.454,0.453272,2.070998,0.815117,0.303946,0.172739,0.178944,1,5,,,,,0.3,0.30289,0.18667,0.04347,0.5,0.94696,,,,,,0.0258,,4225688,9f9bb01aee1b,flip=0.0210
M4_mrf_gcn-3bb0f00f3c,sbm,M4_mrf_gcn,tuned_grid,mf,5,0,,0.25,,0,,0.422,0.421122,1.600291,0.740643,0.431,0.425635,1.600563,0.738299,0.136052,0.16812,0.358159,1,8,,,,,0.3,0.30289,0.18667,0.04347,0.5,0.94696,,,,,,0.043,,4225688,9f9bb01aee1b,flip=0.0620
M4_mrf_mlp-1e86ec6076,sbm,M4_mrf_mlp,tuned_grid,mf,5,0,,0.25,,0,,0.484,0.480129,1.942422,0.811773,0.466,0.465343,2.042019,0.80452,0.295439,0.184051,0.194437,1,7,,,,,0.3,0.30289,0.18667,0.04347,0.5,0.94696,,,,,,0.0411,,4225688,9f9bb01aee1b,flip=0.0580
M4_mrf_gcn-d640496095,sbm,M4_mrf_gcn,tuned_grid,mf,5,0,,0.5,,0,,0.18,0.132919,2.283806,1.08054,0.199,0.136001,2.281259,1.075969,0.425588,0.493777,0.881943,1,115,,,,,0.3,0.30289,0.18667,0.04347,0.5,0.94696,,,,,,1.0687,,4225688,9f9bb01aee1b,flip=0.7020
M4_mrf_mlp-e6a79d4905,sbm,M4_mrf_mlp,tuned_grid,mf,5,0,,0.5,,0,,0.484,0.478634,1.925585,0.7996,0.478,0.477036,2.017291,0.792007,0.294095,0.204829,0.21745,1,11,,,,,0.3,0.30289,0.18667,0.04347,0.5,0.94696,,,,,,0.0966,,4225688,9f9bb01aee1b,flip=0.0910
M4_mrf_gcn-b9d5cc5d23,sbm,M4_mrf_gcn,tuned_grid,mf,5,0,,1.0,,0,,0.126,0.036028,6.340195,1.679132,0.149,0.040498,6.325537,1.635187,0.814768,0.968361,0.998369,1,16,,,,,0.3,0.30289,0.18667,0.04347,0.5,0.94696,,,,,,0.1218,,4225688,9f9bb01aee1b,flip=0.8180
M4_mrf_mlp-0f4ab70db2,sbm,M4_mrf_mlp,tuned_grid,mf,5,0,,1.0,,0,,0.5,0.491952,2.023572,0.800737,0.492,0.489063,2.105046,0.797891,0.316066,0.257245,0.274078,1,59,,,,,0.3,0.30289,0.18667,0.04347,0.5,0.94696,,,,,,0.5171,,4225688,9f9bb01aee1b,flip=0.2000
M4_mrf_gcn-cf60379af0,sbm,M4_mrf_gcn,tuned_grid,mf,5,0,,2.0,,0,,0.124,0.03152,13.119432,1.745124,0.147,0.036649,13.092766,1.695883,0.848202,0.998037,0.999819,1,10,,,,,0.3,0.30289,0.18667,0.04347,0.5,0.94696,,,,,,0.0759,,4225688,9f9bb01aee1b,flip=0.8200
M4_mrf_mlp-20ca92cde3,sbm,M4_mrf_mlp,tuned_grid,mf,5,0,,2.0,,0,,0.182,0.084763,10.126142,1.583454,0.174,0.083168,10.792108,1.612567,0.799981,0.950132,0.960678,1,38,,,,,0.3,0.30289,0.18667,0.04347,0.5,0.94696,,,,,,0.3978,,4225688,9f9bb01aee1b,flip=0.7690
OF-b3ca73d297,sbm,Oracle_F,oracle,closed_form,5,0,,,,,,0.744,,,,0.74,,,,,,,,,,,,,0.3,0.30289,0.18667,0.04347,0.5,0.94696,,,,,,,,4225688,9f9bb01aee1b,"feature-only Bayes rule, known generative parameters"
OG-211430bbbf,sbm,Oracle_G,oracle,mf,5,0,,0.94696,,,,0.79,0.788597,0.581778,0.288259,0.812,0.8118,0.534948,0.268286,0.029809,0.29298,0.315303,1,32,,,,,0.3,0.30289,0.18667,0.04347,0.5,0.94696,,,,,,,,4225688,9f9bb01aee1b,true Gaussian unaries + generator-implied coupling
M0_mlp-160ce95b3d,sbm,M0_mlp,train,none,20,0,0.0,,,,31,0.624,0.623889,1.059765,0.521975,0.656,0.655237,1.041533,0.490473,0.075812,0.180979,0.20241,,,,,,,0.3,0.30289,0.18667,0.04347,0.5,0.94696,0.01,0.0005,64,0.5,0.409,,results/logits/M0_mlp-160ce95b3d.npz,4225688,9f9bb01aee1b,
M1_gcn-8ffad02c86,sbm,M1_gcn,train,none,20,0,0.0,,,,50,0.554,0.55238,1.352546,0.632191,0.578,0.575642,1.333272,0.626645,0.202889,0.184934,0.342394,,,,,,,0.3,0.30289,0.18667,0.04347,0.5,0.94696,0.005,0.001,64,0.5,2.388,,results/logits/M1_gcn-8ffad02c86.npz,4225688,9f9bb01aee1b,
LP-c92abef583,sbm,LP,closed_form,label_prop,20,0,,,,,,0.224,0.20055,1.901408,0.841983,0.22,0.207805,1.908518,0.844776,0.020891,0.157655,0.435807,,,,,,,0.3,0.30289,0.18667,0.04347,0.5,0.94696,,,,,,,,4225688,9f9bb01aee1b,uses train labels as inference-time evidence
M2_lap-0d28a155e8,sbm,M2_lap,train,none,20,0,0.001,,,,50,0.554,0.55238,1.352607,0.632217,0.578,0.575642,1.333338,0.626674,0.202925,0.184923,0.342394,,,,,,,0.3,0.30289,0.18667,0.04347,0.5,0.94696,0.005,0.001,64,0.5,2.741,,,4225688,9f9bb01aee1b,
M2_lap-e4d9da82ac,sbm,M2_lap,train,none,20,0,0.01,,,,50,0.554,0.55238,1.352946,0.632362,0.577,0.574716,1.333717,0.626846,0.202221,0.184833,0.342122,,,,,,,0.3,0.30289,0.18667,0.04347,0.5,0.94696,0.005,0.001,64,0.5,2.775,,,4225688,9f9bb01aee1b,
M2_lap-ea0fbef3b7,sbm,M2_lap,train,none,20,0,0.1,,,,50,0.552,0.550184,1.356276,0.633774,0.579,0.577,1.337625,0.62859,0.207076,0.183954,0.341669,,,,,,,0.3,0.30289,0.18667,0.04347,0.5,0.94696,0.005,0.001,64,0.5,2.771,,,4225688,9f9bb01aee1b,
M2_lap-9307dc221f,sbm,M2_lap,train,none,20,0,0.5,,,,31,0.55,0.548058,1.584926,0.732014,0.569,0.565471,1.577067,0.731179,0.322742,0.153342,0.341488,,,,,,,0.3,0.30289,0.18667,0.04347,0.5,0.94696,0.005,0.001,64,0.5,2.456,,,4225688,9f9bb01aee1b,
M2_lap-381a340e92,sbm,M2_lap,train,none,20,0,1.0,,,,30,0.55,0.548361,1.603916,0.739708,0.566,0.562787,1.597047,0.739163,0.32742,0.15201,0.340853,,,,,,,0.3,0.30289,0.18667,0.04347,0.5,0.94696,0.005,0.001,64,0.5,2.197,,,4225688,9f9bb01aee1b,
M2_lap-6152dd7ab9,sbm,M2_lap,train,none,20,0,5.0,,,,30,0.544,0.541814,1.645525,0.756384,0.57,0.569323,1.64367,0.7576,0.348472,0.149562,0.336051,,,,,,,0.3,0.30289,0.18667,0.04347,0.5,0.94696,0.005,0.001,64,0.5,2.146,,,4225688,9f9bb01aee1b,
M4_mrf_gcn-710849d779,sbm,M4_mrf_gcn,tuned_grid,mf,20,0,,0.05,,0,,0.55,0.548479,1.344745,0.628486,0.581,0.578707,1.323771,0.622058,0.197869,0.188514,0.348102,1,4,,,,,0.3,0.30289,0.18667,0.04347,0.5,0.94696,,,,,,0.0605,,4225688,9f9bb01aee1b,flip=0.0080
M4_mrf_mlp-eb63676e88,sbm,M4_mrf_mlp,tuned_grid,mf,20,0,,0.05,,0,,0.626,0.626194,1.045156,0.515705,0.656,0.655186,1.026547,0.484573,0.068339,0.185359,0.207846,1,4,,,,,0.3,0.30289,0.18667,0.04347,0.5,0.94696,,,,,,0.0302,,4225688,9f9bb01aee1b,flip=0.0130
M4_mrf_gcn-4d0b2a7308,sbm,M4_mrf_gcn,tuned_grid,mf,20,0,,0.1,,0,,0.554,0.552511,1.336967,0.624823,0.585,0.582382,1.314209,0.617431,0.192946,0.192484,0.353538,1,5,,,,,0.3,0.30289,0.18667,0.04347,0.5,0.94696,,,,,,0.0378,,4225688,9f9bb01aee1b,flip=0.0260
M4_mrf_mlp-fbb2240004,sbm,M4_mrf_mlp,tuned_grid,mf,20,0,,0.1,,0,,0.628,0.628063,1.031028,0.509612,0.656,0.655114,1.012157,0.478846,0.081386,0.189842,0.21446,1,5,,,,,0.3,0.30289,0.18667,0.04347,0.5,0.94696,,,,,,0.0325,,4225688,9f9bb01aee1b,flip=0.0210
M4_mrf_gcn-75f8e28eeb,sbm,M4_mrf_gcn,tuned_grid,mf,20,0,,0.25,,0,,0.554,0.553537,1.315191,0.614986,0.578,0.575217,1.286401,0.604071,0.153407,0.207471,0.369122,1,9,,,,,0.3,0.30289,0.18667,0.04347,0.5,0.94696,,,,,,0.0531,,4225688,9f9bb01aee1b,flip=0.0550
M4_mrf_mlp-1b228ebb77,sbm,M4_mrf_mlp,tuned_grid,mf,20,0,,0.25,,0,,0.644,0.64392,0.991733,0.492537,0.664,0.663485,0.97283,0.462895,0.068517,0.203941,0.229501,1,7,,,,,0.3,0.30289,0.18667,0.04347,0.5,0.94696,,,,,,0.0341,,4225688,9f9bb01aee1b,flip=0.0480
M4_mrf_gcn-604f8ddb1a,sbm,M4_mrf_gcn,tuned_grid,mf,20,0,,0.5,,0,,0.524,0.523455,1.31196,0.618219,0.556,0.549138,1.26989,0.59845,0.060469,0.249774,0.402102,1,28,,,,,0.3,0.30289,0.18667,0.04347,0.5,0.94696,,,,,,0.2321,,4225688,9f9bb01aee1b,flip=0.1350
M4_mrf_mlp-c1e599574b,sbm,M4_mrf_mlp,tuned_grid,mf,20,0,,0.5,,0,,0.648,0.647215,0.93956,0.469689,0.678,0.677631,0.922922,0.441959,0.071116,0.229436,0.256682,1,12,,,,,0.3,0.30289,0.18667,0.04347,0.5,0.94696,,,,,,0.1129,,4225688,9f9bb01aee1b,flip=0.0990
M4_mrf_gcn-db808b0a3e,sbm,M4_mrf_gcn,tuned_grid,mf,20,0,,1.0,,0,,0.164,0.053212,5.510991,1.583787,0.149,0.048295,5.816407,1.609757,0.80531,0.95441,0.99257,1,39,,,,,0.3,0.30289,0.18667,0.04347,0.5,0.94696,,,,,,0.3693,,4225688,9f9bb01aee1b,flip=0.8070
M4_mrf_mlp-c22f5af83f,sbm,M4_mrf_mlp,tuned_grid,mf,20,0,,1.0,,0,,0.662,0.661943,0.952671,0.472084,0.696,0.696612,0.937319,0.436923,0.10482,0.289366,0.315937,1,95,,,,,0.3,0.30289,0.18667,0.04347,0.5,0.94696,,,,,,0.8651,,4225688,9f9bb01aee1b,flip=0.2110
M4_mrf_gcn-32ac54b80e,sbm,M4_mrf_gcn,tuned_grid,mf,20,0,,2.0,,0,,0.158,0.042334,12.080015,1.675167,0.143,0.03584,12.708634,1.702363,0.851368,0.997483,0.999366,1,15,,,,,0.3,0.30289,0.18667,0.04347,0.5,0.94696,,,,,,0.1235,,4225688,9f9bb01aee1b,flip=0.8150
M4_mrf_mlp-d8d6c5abfe,sbm,M4_mrf_mlp,tuned_grid,mf,20,0,,2.0,,0,,0.168,0.062224,10.371838,1.634416,0.162,0.073357,10.923791,1.648215,0.821732,0.981335,0.987678,1,28,,,,,0.3,0.30289,0.18667,0.04347,0.5,0.94696,,,,,,0.2525,,4225688,9f9bb01aee1b,flip=0.8180
OF-3ef21585f1,sbm,Oracle_F,oracle,closed_form,20,0,,,,,,0.742,,,,0.764,,,,,,,,,,,,,0.3,0.30289,0.18667,0.04347,0.5,0.94696,,,,,,,,4225688,9f9bb01aee1b,"feature-only Bayes rule, known generative parameters"
OG-bc01fbb2ef,sbm,Oracle_G,oracle,mf,20,0,,0.94696,,,,0.786,0.784393,0.59325,0.298067,0.81,0.809525,0.531234,0.261539,0.042186,0.29298,0.315303,1,32,,,,,0.3,0.30289,0.18667,0.04347,0.5,0.94696,,,,,,,,4225688,9f9bb01aee1b,true Gaussian unaries + generator-implied coupling
M0_mlp-20ece3a7b0,sbm,M0_mlp,train,none,1,1,0.0,,,,26,0.324,0.311996,1.932261,0.859138,0.259,0.255475,2.02803,0.890752,0.192857,0.149593,0.154418,,,,,,,0.3,0.29698,0.17971,0.04036,0.5,0.94696,0.01,0.0005,64,0.5,0.262,,results/logits/M0_mlp-20ece3a7b0.npz,4225688,9f9bb01aee1b,
M1_gcn-8636676fcc,sbm,M1_gcn,train,none,1,1,0.0,,,,106,0.358,0.317117,1.825986,0.804029,0.276,0.254139,1.934477,0.850859,0.158208,0.218871,0.401787,,,,,,,0.3,0.29698,0.17971,0.04036,0.5,0.94696,0.005,0.001,64,0.5,4.158,,results/logits/M1_gcn-8636676fcc.npz,4225688,9f9bb01aee1b,
LP-744978f3ed,sbm,LP,closed_form,label_prop,1,1,,,,,,0.168,0.044344,1.980872,0.869154,0.128,0.036084,2.052211,0.884276,0.13596,0.166459,0.981074,,,,,,,0.3,0.29698,0.17971,0.04036,0.5,0.94696,,,,,,,,4225688,9f9bb01aee1b,uses train labels as inference-time evidence
M2_lap-d8a0ee4784,sbm,M2_lap,train,none,1,1,0.001,,,,106,0.356,0.31547,1.825845,0.80403,0.275,0.25345,1.934332,0.850852,0.159108,0.218833,0.401787,,,,,,,0.3,0.29698,0.17971,0.04036,0.5,0.94696,0.005,0.001,64,0.5,4.48,,,4225688,9f9bb01aee1b,
M2_lap-9ffc6a7895,sbm,M2_lap,train,none,1,1,0.01,,,,103,0.354,0.313385,1.822773,0.803116,0.277,0.256077,1.930708,0.849954,0.153294,0.217498,0.401521,,,,,,,0.3,0.29698,0.17971,0.04036,0.5,0.94696,0.005,0.001,64,0.5,4.083,,,4225688,9f9bb01aee1b,
M2_lap-97658a995d,sbm,M2_lap,train,none,1,1,0.1,,,,107,0.35,0.309589,1.827694,0.806467,0.269,0.249557,1.934949,0.851979,0.159211,0.217394,0.405766,,,,,,,0.3,0.29698,0.17971,0.04036,0.5,0.94696,0.005,0.001,64,0.5,4.795,,,4225688,9f9bb01aee1b,
M2_lap-1ef0344eda,sbm,M2_lap,train,none,1,1,0.5,,,,82,0.332,0.288479,1.804922,0.802611,0.269,0.245744,1.895448,0.839531,0.109128,0.198791,0.395507,,,,,,,0.3,0.29698,0.17971,0.04036,0.5,0.94696,0.005,0.001,64,0.5,3.645,,,4225688,9f9bb01aee1b,
M2_lap-c1a182adec,sbm,M2_lap,train,none,1,1,1.0,,,,57,0.328,0.28999,1.792921,0.802137,0.268,0.243689,1.855434,0.826214,0.054723,0.176059,0.388078,,,,,,,0.3,0.29698,0.17971,0.04036,0.5,0.94696,0.005,0.001,64,0.5,2.987,,,4225688,9f9bb01aee1b,
M2_lap-78d40f1edd,sbm,M2_lap,train,none,1,1,5.0,,,,40,0.31,0.279911,1.81665,0.816269,0.262,0.240723,1.856064,0.82994,0.039521,0.155438,0.416025,,,,,,,0.3,0.29698,0.17971,0.04036,0.5,0.94696,0.005,0.001,64,0.5,2.801,,,4225688,9f9bb01aee1b,
M4_mrf_gcn-b5efe48d60,sbm,M4_mrf_gcn,tuned_grid,mf,1,1,,0.05,,0,,0.352,0.308476,1.842313,0.809387,0.272,0.24773,1.955226,0.858582,0.174402,0.227724,0.413549,1,5,,,,,0.3,0.29698,0.17971,0.04036,0.5,0.94696,,,,,,0.0761,,4225688,9f9bb01aee1b,flip=0.0190
M4_mrf_mlp-6f6290ac01,sbm,M4_mrf_mlp,tuned_grid,mf,1,1,,0.05,,0,,0.318,0.306173,1.929554,0.857633,0.26,0.256,2.025893,0.889769,0.192145,0.151886,0.160697,1,4,,,,,0.3,0.29698,0.17971,0.04036,0.5,0.94696,,,,,,0.0286,,4225688,9f9bb01aee1b,flip=0.0100
M4_mrf_gcn-3e1f494c7d,sbm,M4_mrf_gcn,tuned_grid,mf,1,1,,0.1,,0,,0.348,0.30472,1.863455,0.816708,0.269,0.244126,1.981687,0.868708,0.191555,0.23843,0.429822,1,6,,,,,0.3,0.29698,0.17971,0.04036,0.5,0.94696,,,,,,0.037,,4225688,9f9bb01aee1b,flip=0.0400
M4_mrf_mlp-d1248dd4a3,sbm,M4_mrf_mlp,tuned_grid,mf,1,1,,0.1,,0,,0.324,0.311018,1.927763,0.856364,0.26,0.255581,2.024721,0.889027,0.197632,0.154315,0.167595,1,5,,,,,0.3,0.29698,0.17971,0.04036,0.5,0.94696,,,,,,0.0295,,4225688,9f9bb01aee1b,flip=0.0260
M4_mrf_gcn-56d4fcdedf,sbm,M4_mrf_gcn,tuned_grid,mf,1,1,,0.25,,0,,0.322,0.272292,1.982471,0.861541,0.262,0.231501,2.124995,0.925027,0.258844,0.291714,0.507031,1,13,,,,,0.3,0.29698,0.17971,0.04036,0.5,0.94696,,,,,,0.079,,4225688,9f9bb01aee1b,flip=0.1290
M4_mrf_mlp-00b546cbfd,sbm,M4_mrf_mlp,tuned_grid,mf,1,1,,0.25,,0,,0.328,0.31336,1.928922,0.854195,0.263,0.256691,2.027975,0.888427,0.196376,0.162878,0.193951,1,8,,,,,0.3,0.29698,0.17971,0.04036,0.5,0.94696,,,,,,0.0607,,4225688,9f9bb01aee1b,flip=0.0620
M4_mrf_gcn-50df980f9b,sbm,M4_mrf_gcn,tuned_grid,mf,1,1,,0.5,,0,,0.214,0.127674,3.211897,1.276362,0.174,0.117957,3.366056,1.324652,0.60985,0.669905,0.854515,1,29,,,,,0.3,0.29698,0.17971,0.04036,0.5,0.94696,,,,,,0.3316,,4225688,9f9bb01aee1b,flip=0.4830
M4_mrf_mlp-bae8cb9e80,sbm,M4_mrf_mlp,tuned_grid,mf,1,1,,0.5,,0,,0.316,0.297242,1.972356,0.860817,0.286,0.270016,2.075222,0.897265,0.202118,0.188421,0.247811,1,25,,,,,0.3,0.29698,0.17971,0.04036,0.5,0.94696,,,,,,0.1897,,4225688,9f9bb01aee1b,flip=0.1760
M4_mrf_gcn-00ca0c67b3,sbm,M4_mrf_gcn,tuned_grid,mf,1,1,,1.0,,0,,0.166,0.04723,7.090051,1.616353,0.129,0.036319,7.234619,1.69071,0.843485,0.970088,0.992836,1,16,,,,,0.3,0.29698,0.17971,0.04036,0.5,0.94696,,,,,,0.1041,,4225688,9f9bb01aee1b,flip=0.6060
M4_mrf_mlp-e2b33da068,sbm,M4_mrf_mlp,tuned_grid,mf,1,1,,1.0,,0,,0.134,0.04362,6.666139,1.656482,0.148,0.037191,6.373989,1.620722,0.80591,0.947991,0.990625,1,19,,,,,0.3,0.29698,0.17971,0.04036,0.5,0.94696,,,,,,0.2054,,4225688,9f9bb01aee1b,flip=0.7840
M4_mrf_gcn-35449889b7,sbm,M4_mrf_gcn,tuned_grid,mf,1,1,,2.0,,0,,0.168,0.044274,13.94128,1.661762,0.127,0.032254,14.214391,1.739477,0.869646,0.997785,0.999292,1,11,,,,,0.3,0.29698,0.17971,0.04036,0.5,0.94696,,,,,,0.0828,,4225688,9f9bb01aee1b,flip=0.6130
M4_mrf_mlp-83fc5c2a64,sbm,M4_mrf_mlp,tuned_grid,mf,1,1,,2.0,,0,,0.13,0.036238,13.939693,1.733366,0.149,0.037083,13.244462,1.695264,0.847247,0.997088,0.999116,1,14,,,,,0.3,0.29698,0.17971,0.04036,0.5,0.94696,,,,,,0.1293,,4225688,9f9bb01aee1b,flip=0.7950
OF-6af4994d76,sbm,Oracle_F,oracle,closed_form,1,1,,,,,,0.746,,,,0.741,,,,,,,,,,,,,0.3,0.29698,0.17971,0.04036,0.5,0.94696,,,,,,,,4225688,9f9bb01aee1b,"feature-only Bayes rule, known generative parameters"
OG-081c015ffc,sbm,Oracle_G,oracle,mf,1,1,,0.94696,,,,0.8,0.798881,0.564599,0.279987,0.798,0.796932,0.604679,0.294614,0.0423,0.290263,0.312638,1,41,,,,,0.3,0.29698,0.17971,0.04036,0.5,0.94696,,,,,,,,4225688,9f9bb01aee1b,true Gaussian unaries + generator-implied coupling
M0_mlp-b336a39c28,sbm,M0_mlp,train,none,5,1,0.0,,,,29,0.474,0.470873,1.463824,0.6863,0.494,0.492388,1.414307,0.666242,0.082151,0.167174,0.192447,,,,,,,0.3,0.29698,0.17971,0.04036,0.5,0.94696,0.01,0.0005,64,0.5,0.332,,results/logits/M0_mlp-b336a39c28.npz,4225688,9f9bb01aee1b,
M1_gcn-d6bc8a74fb,sbm,M1_gcn,train,none,5,1,0.0,,,,57,0.424,0.419381,1.558765,0.726253,0.438,0.44026,1.510384,0.706245,0.096109,0.175754,0.322101,,,,,,,0.3,0.29698,0.17971,0.04036,0.5,0.94696,0.005,0.001,64,0.5,2.56,,results/logits/M1_gcn-d6bc8a74fb.npz,4225688,9f9bb01aee1b,
LP-6bdeddd63c,sbm,LP,closed_form,label_prop,5,1,,,,,,0.136,0.094175,2.003034,0.85903,0.164,0.118241,1.945994,0.857077,0.032258,0.148091,0.632794,,,,,,,0.3,0.29698,0.17971,0.04036,0.5,0.94696,,,,,,,,4225688,9f9bb01aee1b,uses train labels as inference-time evidence
M2_lap-f251f3ade5,sbm,M2_lap,train,none,5,1,0.001,,,,57,0.424,0.419381,1.558777,0.726259,0.438,0.44026,1.510405,0.706254,0.096124,0.17575,0.322101,,,,,,,0.3,0.29698,0.17971,0.04036,0.5,0.94696,0.005,0.001,64,0.5,2.998,,,4225688,9f9bb01aee1b,
M2_lap-6573d85bf1,sbm,M2_lap,train,none,5,1,0.01,,,,57,0.424,0.419381,1.559023,0.726353,0.438,0.44027,1.510675,0.706365,0.096267,0.175711,0.322013,,,,,,,0.3,0.29698,0.17971,0.04036,0.5,0.94696,0.005,0.001,64,0.5,3.283,,,4225688,9f9bb01aee1b,
M2_lap-0b34bd9cc5,sbm,M2_lap,train,none,5,1,0.1,,,,66,0.424,0.422037,1.549855,0.724068,0.436,0.436452,1.491698,0.699503,0.055061,0.188938,0.327408,,,,,,,0.3,0.29698,0.17971,0.04036,0.5,0.94696,0.005,0.001,64,0.5,3.178,,,4225688,9f9bb01aee1b,
M2_lap-dcb9331906,sbm,M2_lap,train,none,5,1,0.5,,,,64,0.42,0.419322,1.563634,0.729272,0.433,0.433078,1.508593,0.705906,0.069066,0.183017,0.326081,,,,,,,0.3,0.29698,0.17971,0.04036,0.5,0.94696,0.005,0.001,64,0.5,3.101,,,4225688,9f9bb01aee1b,
M2_lap-5b4c206cca,sbm,M2_lap,train,none,5,1,1.0,,,,55,0.418,0.415732,1.591489,0.738983,0.43,0.43161,1.546153,0.720549,0.110204,0.169658,0.321305,,,,,,,0.3,0.29698,0.17971,0.04036,0.5,0.94696,0.005,0.001,64,0.5,2.899,,,4225688,9f9bb01aee1b,
M2_lap-137049f48b,sbm,M2_lap,train,none,5,1,5.0,,,,38,0.416,0.415752,1.715274,0.784228,0.432,0.431944,1.689633,0.774621,0.205219,0.15026,0.319537,,,,,,,0.3,0.29698,0.17971,0.04036,0.5,0.94696,0.005,0.001,64,0.5,2.806,,,4225688,9f9bb01aee1b,
M4_mrf_gcn-84bf0b3e2a,sbm,M4_mrf_gcn,tuned_grid,mf,5,1,,0.05,,0,,0.422,0.417792,1.55544,0.724516,0.436,0.438416,1.505407,0.704251,0.092757,0.178615,0.329442,1,4,,,,,0.3,0.29698,0.17971,0.04036,0.5,0.94696,,,,,,0.0286,,4225688,9f9bb01aee1b,flip=0.0080
M4_mrf_mlp-47f17ade34,sbm,M4_mrf_mlp,tuned_grid,mf,5,1,,0.05,,0,,0.474,0.470847,1.457095,0.683291,0.495,0.494472,1.404786,0.663108,0.084853,0.172025,0.199788,1,5,,,,,0.3,0.29698,0.17971,0.04036,0.5,0.94696,,,,,,0.0302,,4225688,9f9bb01aee1b,flip=0.0130
M4_mrf_gcn-77d17c26b4,sbm,M4_mrf_gcn,tuned_grid,mf,5,1,,0.1,,0,,0.422,0.418029,1.552499,0.722945,0.43,0.432437,1.500682,0.70238,0.085805,0.1818,0.336075,1,5,,,,,0.3,0.29698,0.17971,0.04036,0.5,0.94696,,,,,,0.0363,,4225688,9f9bb01aee1b,flip=0.0250
M4_mrf_mlp-cded2e5cfc,sbm,M4_mrf_mlp,tuned_grid,mf,5,1,,0.1,,0,,0.476,0.473279,1.452267,0.680991,0.499,0.498164,1.396743,0.66059,0.072879,0.177368,0.206863,1,6,,,,,0.3,0.29698,0.17971,0.04036,0.5,0.94696,,,,,,0.043,,4225688,9f9bb01aee1b,flip=0.0270
M4_mrf_gcn-383e5659cb,sbm,M4_mrf_gcn,tuned_grid,mf,5,1,,0.25,,0,,0.416,0.411836,1.547848,0.720165,0.43,0.432401,1.48973,0.698467,0.048492,0.194112,0.354559,1,9,,,,,0.3,0.29698,0.17971,0.04036,0.5,0.94696,,,,,,0.0513,,4225688,9f9bb01aee1b,flip=0.0690
M4_mrf_mlp-743dfb44e9,sbm,M4_mrf_mlp,tuned_grid,mf,5,1,,0.25,,0,,0.482,0.481496,1.455646,0.681227,0.497,0.495573,1.387032,0.659569,0.087536,0.198291,0.236668,1,9,,,,,0.3,0.29698,0.17971,0.04036,0.5,0.94696,,,,,,0.0834,,4225688,9f9bb01aee1b,flip=0.0780
M4_mrf_gcn-2a0b27448f,sbm,M4_mrf_gcn,tuned_grid,mf,5,1,,0.5,,0,,0.4,0.397774,1.598528,0.743892,0.414,0.413833,1.525095,0.719565,0.05686,0.236322,0.408154,1,164,,,,,0.3,0.29698,0.17971,0.04036,0.5,0.94696,,,,,,1.5265,,4225688,9f9bb01aee1b,flip=0.1830
M4_mrf_mlp-c573410592,sbm,M4_mrf_mlp,tuned_grid,mf,5,1,,0.5,,0,,0.374,0.376804,1.824577,0.84417,0.385,0.385118,1.704393,0.819355,0.274319,0.339591,0.441408,1,40,,,,,0.3,0.29698,0.17971,0.04036,0.5,0.94696,,,,,,0.4234,,4225688,9f9bb01aee1b,flip=0.3250
M4_mrf_gcn-6311de9025,sbm,M4_mrf_gcn,tuned_grid,mf,5,1,,1.0,,0,,0.128,0.032595,6.512264,1.67361,0.154,0.0437,6.376595,1.63949,0.818681,0.97293,0.997081,1,18,,,,,0.3,0.29698,0.17971,0.04036,0.5,0.94696,,,,,,0.1379,,4225688,9f9bb01aee1b,flip=0.8340
M4_mrf_mlp-96a65ee697,sbm,M4_mrf_mlp,tuned_grid,mf,5,1,,1.0,,0,,0.144,0.062916,6.210045,1.637369,0.16,0.057985,6.01023,1.603455,0.799315,0.950763,0.982047,1,17,,,,,0.3,0.29698,0.17971,0.04036,0.5,0.94696,,,,,,0.1743,,4225688,9f9bb01aee1b,flip=0.7250
M4_mrf_gcn-636c36a00b,sbm,M4_mrf_gcn,tuned_grid,mf,5,1,,2.0,,0,,0.128,0.032421,13.421951,1.733651,0.154,0.043634,13.251916,1.689286,0.8426,0.998219,0.999735,1,12,,,,,0.3,0.29698,0.17971,0.04036,0.5,0.94696,,,,,,0.0988,,4225688,9f9bb01aee1b,flip=0.8360
M4_mrf_mlp-90c00eff43,sbm,M4_mrf_mlp,tuned_grid,mf,5,1,,2.0,,0,,0.128,0.032421,13.175361,1.731642,0.151,0.037483,12.946106,1.687372,0.844284,0.997395,0.999558,1,7,,,,,0.3,0.29698,0.17971,0.04036,0.5,0.94696,,,,,,0.0509,,4225688,9f9bb01aee1b,flip=0.7490
OF-33c544cf84,sbm,Oracle_F,oracle,closed_form,5,1,,,,,,0.744,,,,0.726,,,,,,,,,,,,,0.3,0.29698,0.17971,0.04036,0.5,0.94696,,,,,,,,4225688,9f9bb01aee1b,"feature-only Bayes rule, known generative parameters"
OG-796cae06be,sbm,Oracle_G,oracle,mf,5,1,,0.94696,,,,0.79,0.789817,0.596712,0.278479,0.787,0.7864,0.589089,0.294844,0.047172,0.290263,0.312638,1,41,,,,,0.3,0.29698,0.17971,0.04036,0.5,0.94696,,,,,,,,4225688,9f9bb01aee1b,true Gaussian unaries + generator-implied coupling
M0_mlp-7fdaacc220,sbm,M0_mlp,train,none,20,1,0.0,,,,30,0.666,0.665103,1.086194,0.494177,0.592,0.593058,1.112793,0.536672,0.095878,0.181284,0.202972,,,,,,,0.3,0.29698,0.17971,0.04036,0.5,0.94696,0.01,0.0005,64,0.5,0.319,,results/logits/M0_mlp-7fdaacc220.npz,4225688,9f9bb01aee1b,
M1_gcn-745a91d54e,sbm,M1_gcn,train,none,20,1,0.0,,,,90,0.598,0.593786,1.176838,0.546801,0.564,0.562414,1.231516,0.578643,0.046371,0.246232,0.337313,,,,,,,0.3,0.29698,0.17971,0.04036,0.5,0.94696,0.005,0.001,64,0.5,3.343,,results/logits/M1_gcn-745a91d54e.npz,4225688,9f9bb01aee1b,
LP-5a4ff6c042,sbm,LP,closed_form,label_prop,20,1,,,,,,0.21,0.202006,1.966913,0.846334,0.217,0.213939,1.912521,0.845668,0.038359,0.156989,0.393119,,,,,,,0.3,0.29698,0.17971,0.04036,0.5,0.94696,,,,,,,,4225688,9f9bb01aee1b,uses train labels as inference-time evidence
M2_lap-c7b152c962,sbm,M2_lap,train,none,20,1,0.001,,,,90,0.598,0.593786,1.176864,0.546813,0.564,0.562414,1.231528,0.578652,0.044408,0.246192,0.337313,,,,,,,0.3,0.29698,0.17971,0.04036,0.5,0.94696,0.005,0.001,64,0.5,4.044,,,4225688,9f9bb01aee1b,
M2_lap-eaaae46736,sbm,M2_lap,train,none,20,1,0.01,,,,90,0.598,0.593786,1.177426,0.547138,0.564,0.562414,1.231971,0.578842,0.043607,0.245796,0.337313,,,,,,,0.3,0.29698,0.17971,0.04036,0.5,0.94696,0.005,0.001,64,0.5,4.018,,,4225688,9f9bb01aee1b,
M2_lap-caff5a6b10,sbm,M2_lap,train,none,20,1,0.1,,,,102,0.6,0.5957,1.190145,0.552219,0.553,0.552415,1.248342,0.58615,0.042246,0.247923,0.334395,,,,,,,0.3,0.29698,0.17971,0.04036,0.5,0.94696,0.005,0.001,64,0.5,4.342,,,4225688,9f9bb01aee1b,
M2_lap-cf508e79df,sbm,M2_lap,train,none,20,1,0.5,,,,101,0.592,0.588755,1.224289,0.571067,0.541,0.541143,1.276966,0.598129,0.059984,0.226725,0.331034,,,,,,,0.3,0.29698,0.17971,0.04036,0.5,0.94696,0.005,0.001,64,0.5,4.484,,,4225688,9f9bb01aee1b,
M2_lap-050619fb59,sbm,M2_lap,train,none,20,1,1.0,,,,46,0.582,0.577639,1.397828,0.65758,0.559,0.556671,1.411951,0.660471,0.233848,0.171422,0.337136,,,,,,,0.3,0.29698,0.17971,0.04036,0.5,0.94696,0.005,0.001,64,0.5,2.819,,,4225688,9f9bb01aee1b,
M2_lap-06ad6505e4,sbm,M2_lap,train,none,20,1,5.0,,,,30,0.58,0.574506,1.646232,0.759035,0.554,0.55261,1.651368,0.760066,0.335513,0.149078,0.340055,,,,,,,0.3,0.29698,0.17971,0.04036,0.5,0.94696,0.005,0.001,64,0.5,2.249,,,4225688,9f9bb01aee1b,
M4_mrf_gcn-d542d663ef,sbm,M4_mrf_gcn,tuned_grid,mf,20,1,,0.05,,0,,0.598,0.593509,1.178081,0.546975,0.564,0.56206,1.232012,0.578776,0.042164,0.252393,0.343062,1,4,,,,,0.3,0.29698,0.17971,0.04036,0.5,0.94696,,,,,,0.0333,,4225688,9f9bb01aee1b,flip=0.0110
M4_mrf_mlp-6e047d529a,sbm,M4_mrf_mlp,tuned_grid,mf,20,1,,0.05,,0,,0.662,0.661086,1.072127,0.488072,0.595,0.595736,1.097827,0.530365,0.090558,0.185765,0.208366,1,4,,,,,0.3,0.29698,0.17971,0.04036,0.5,0.94696,,,,,,0.0292,,4225688,9f9bb01aee1b,flip=0.0110
M4_mrf_gcn-9b3f3bbb2d,sbm,M4_mrf_gcn,tuned_grid,mf,20,1,,0.1,,0,,0.598,0.59351,1.180617,0.547748,0.562,0.559817,1.234054,0.579582,0.050731,0.258721,0.349076,1,5,,,,,0.3,0.29698,0.17971,0.04036,0.5,0.94696,,,,,,0.0349,,4225688,9f9bb01aee1b,flip=0.0220
M4_mrf_mlp-f90ae714f7,sbm,M4_mrf_mlp,tuned_grid,mf,20,1,,0.1,,0,,0.668,0.666842,1.058648,0.482221,0.604,0.604668,1.083597,0.524267,0.077933,0.190398,0.215442,1,5,,,,,0.3,0.29698,0.17971,0.04036,0.5,0.94696,,,,,,0.0429,,4225688,9f9bb01aee1b,flip=0.0260
M4_mrf_gcn-04c33a3ae1,sbm,M4_mrf_gcn,tuned_grid,mf,20,1,,0.25,,0,,0.59,0.584954,1.197642,0.554162,0.553,0.550547,1.251198,0.586421,0.064815,0.278668,0.366056,1,8,,,,,0.3,0.29698,0.17971,0.04036,0.5,0.94696,,,,,,0.068,,4225688,9f9bb01aee1b,flip=0.0630
M4_mrf_mlp-839b323e84,sbm,M4_mrf_mlp,tuned_grid,mf,20,1,,0.25,,0,,0.67,0.668076,1.022283,0.466721,0.627,0.628001,1.045956,0.507637,0.081135,0.205321,0.230919,1,7,,,,,0.3,0.29698,0.17971,0.04036,0.5,0.94696,,,,,,0.0555,,4225688,9f9bb01aee1b,flip=0.0590
M4_mrf_gcn-7e2f65c6f4,sbm,M4_mrf_gcn,tuned_grid,mf,20,1,,0.5,,0,,0.572,0.56669,1.269553,0.581078,0.545,0.542905,1.329699,0.614622,0.128061,0.314455,0.388344,1,16,,,,,0.3,0.29698,0.17971,0.04036,0.5,0.94696,,,,,,0.1363,,4225688,9f9bb01aee1b,flip=0.1100
M4_mrf_mlp-4b5ca8469e,sbm,M4_mrf_mlp,tuned_grid,mf,20,1,,0.5,,0,,0.684,0.682497,0.983288,0.451488,0.643,0.64549,1.009333,0.490521,0.08153,0.234048,0.261166,1,16,,,,,0.3,0.29698,0.17971,0.04036,0.5,0.94696,,,,,,0.1253,,4225688,9f9bb01aee1b,flip=0.1330
M4_mrf_gcn-1c3b438f3d,sbm,M4_mrf_gcn,tuned_grid,mf,20,1,,1.0,,0,,0.242,0.192812,4.479964,1.38773,0.243,0.2019,4.721563,1.399962,0.674863,0.835853,0.884054,1,257,,,,,0.3,0.29698,0.17971,0.04036,0.5,0.94696,,,,,,2.5428,,4225688,9f9bb01aee1b,flip=0.6920
M4_mrf_mlp-f3465184ac,sbm,M4_mrf_mlp,tuned_grid,mf,20,1,,1.0,,0,,0.242,0.203804,4.23047,1.383688,0.228,0.17403,4.601006,1.413644,0.687741,0.844338,0.894755,1,56,,,,,0.3,0.29698,0.17971,0.04036,0.5,0.94696,,,,,,0.5691,,4225688,9f9bb01aee1b,flip=0.7090
M4_mrf_gcn-085e62dc30,sbm,M4_mrf_gcn,tuned_grid,mf,20,1,,2.0,,0,,0.156,0.046891,11.740855,1.671016,0.16,0.052245,12.164586,1.663772,0.8298,0.993225,0.997347,1,45,,,,,0.3,0.29698,0.17971,0.04036,0.5,0.94696,,,,,,0.4204,,4225688,9f9bb01aee1b,flip=0.7960
M4_mrf_mlp-d632aa15ed,sbm,M4_mrf_mlp,tuned_grid,mf,20,1,,2.0,,0,,0.158,0.050616,11.410935,1.656739,0.157,0.046019,11.895044,1.670454,0.835329,0.992848,0.996728,1,11,,,,,0.3,0.29698,0.17971,0.04036,0.5,0.94696,,,,,,0.12,,4225688,9f9bb01aee1b,flip=0.7930
OF-e4efd5d3c3,sbm,Oracle_F,oracle,closed_form,20,1,,,,,,0.762,,,,0.716,,,,,,,,,,,,,0.3,0.29698,0.17971,0.04036,0.5,0.94696,,,,,,,,4225688,9f9bb01aee1b,"feature-only Bayes rule, known generative parameters"
OG-edb49ada98,sbm,Oracle_G,oracle,mf,20,1,,0.94696,,,,0.792,0.79101,0.55293,0.279528,0.772,0.770375,0.641664,0.318481,0.06219,0.290263,0.312638,1,41,,,,,0.3,0.29698,0.17971,0.04036,0.5,0.94696,,,,,,,,4225688,9f9bb01aee1b,true Gaussian unaries + generator-implied coupling
M0_mlp-17906500b3,sbm,M0_mlp,train,none,1,2,0.0,,,,12,0.256,0.226566,1.869372,0.831336,0.284,0.263434,1.857035,0.827128,0.04387,0.146389,0.20116,,,,,,,0.3,0.30147,0.18501,0.04282,0.5,0.94696,0.01,0.0005,64,0.5,0.241,,results/logits/M0_mlp-17906500b3.npz,4225688,9f9bb01aee1b,
M1_gcn-e468635e92,sbm,M1_gcn,train,none,1,2,0.0,,,,26,0.306,0.29129,1.835085,0.823363,0.292,0.283232,1.830698,0.8222,0.107862,0.146642,0.336725,,,,,,,0.3,0.30147,0.18501,0.04282,0.5,0.94696,0.005,0.001,64,0.5,2.248,,results/logits/M1_gcn-e468635e92.npz,4225688,9f9bb01aee1b,
LP-6623366254,sbm,LP,closed_form,label_prop,1,2,,,,,,0.148,0.062943,1.956483,0.860004,0.144,0.04991,1.949919,0.858333,0.042087,0.146786,0.952878,,,,,,,0.3,0.30147,0.18501,0.04282,0.5,0.94696,,,,,,,,4225688,9f9bb01aee1b,uses train labels as inference-time evidence
M2_lap-45152ab49e,sbm,M2_lap,train,none,1,2,0.001,,,,26,0.306,0.29129,1.835086,0.823364,0.292,0.283232,1.830699,0.8222,0.107863,0.146641,0.336725,,,,,,,0.3,0.30147,0.18501,0.04282,0.5,0.94696,0.005,0.001,64,0.5,2.156,,,4225688,9f9bb01aee1b,
M2_lap-c9a47e1e03,sbm,M2_lap,train,none,1,2,0.01,,,,26,0.306,0.29129,1.835108,0.823371,0.291,0.282256,1.830715,0.822205,0.108872,0.14664,0.336814,,,,,,,0.3,0.30147,0.18501,0.04282,0.5,0.94696,0.005,0.001,64,0.5,2.223,,,4225688,9f9bb01aee1b,
M2_lap-a68cff2c58,sbm,M2_lap,train,none,1,2,0.1,,,,26,0.306,0.291571,1.835222,0.823416,0.292,0.283238,1.830805,0.822239,0.107915,0.14663,0.335921,,,,,,,0.3,0.30147,0.18501,0.04282,0.5,0.94696,0.005,0.001,64,0.5,2.184,,,4225688,9f9bb01aee1b,
M2_lap-5f5bd56918,sbm,M2_lap,train,none,1,2,0.5,,,,24,0.304,0.286681,1.845334,0.826635,0.283,0.27505,1.841886,0.825732,0.112389,0.145774,0.335207,,,,,,,0.3,0.30147,0.18501,0.04282,0.5,0.94696,0.005,0.001,64,0.5,2.109,,,4225688,9f9bb01aee1b,
M2_lap-81c26d1425,sbm,M2_lap,train,none,1,2,1.0,,,,24,0.306,0.289761,1.84593,0.826863,0.289,0.28205,1.842195,0.825884,0.108323,0.145755,0.333244,,,,,,,0.3,0.30147,0.18501,0.04282,0.5,0.94696,0.005,0.001,64,0.5,2.495,,,4225688,9f9bb01aee1b,
M2_lap-734b9d8c46,sbm,M2_lap,train,none,1,2,5.0,,,,22,0.296,0.285293,1.859508,0.831275,0.287,0.28378,1.855203,0.830151,0.109299,0.145025,0.330477,,,,,,,0.3,0.30147,0.18501,0.04282,0.5,0.94696,0.005,0.001,64,0.5,2.048,,,4225688,9f9bb01aee1b,
M4_mrf_gcn-aeed752875,sbm,M4_mrf_gcn,tuned_grid,mf,1,2,,0.05,,0,,0.3,0.285117,1.833315,0.822803,0.289,0.280901,1.828399,0.821465,0.100044,0.14701,0.342704,1,4,,,,,0.3,0.30147,0.18501,0.04282,0.5,0.94696,,,,,,0.0526,,4225688,9f9bb01aee1b,flip=0.0150
M4_mrf_mlp-7ee8861cac,sbm,M4_mrf_mlp,tuned_grid,mf,1,2,,0.05,,0,,0.258,0.227086,1.868645,0.831139,0.284,0.260604,1.856524,0.826921,0.045727,0.147284,0.212227,1,4,,,,,0.3,0.30147,0.18501,0.04282,0.5,0.94696,,,,,,0.0425,,4225688,9f9bb01aee1b,flip=0.0240
M4_mrf_gcn-ade7d868f3,sbm,M4_mrf_gcn,tuned_grid,mf,1,2,,0.1,,0,,0.294,0.279195,1.831515,0.822233,0.289,0.280582,1.826009,0.820699,0.092375,0.147433,0.352432,1,5,,,,,0.3,0.30147,0.18501,0.04282,0.5,0.94696,,,,,,0.0295,,4225688,9f9bb01aee1b,flip=0.0370
M4_mrf_mlp-850cf092f1,sbm,M4_mrf_mlp,tuned_grid,mf,1,2,,0.1,,0,,0.256,0.223075,1.868187,0.831027,0.282,0.256059,1.856356,0.826813,0.038172,0.148319,0.224543,1,5,,,,,0.3,0.30147,0.18501,0.04282,0.5,0.94696,,,,,,0.0263,,4225688,9f9bb01aee1b,flip=0.0410
M4_mrf_gcn-4587f6fe4c,sbm,M4_mrf_gcn,tuned_grid,mf,1,2,,0.25,,0,,0.272,0.253052,1.826294,0.820586,0.283,0.271265,1.818523,0.818287,0.080892,0.149228,0.380366,1,8,,,,,0.3,0.30147,0.18501,0.04282,0.5,0.94696,,,,,,0.0439,,4225688,9f9bb01aee1b,flip=0.1040
M4_mrf_mlp-135c0d3143,sbm,M4_mrf_mlp,tuned_grid,mf,1,2,,0.25,,0,,0.248,0.212921,1.869833,0.831725,0.268,0.235473,1.859775,0.827808,0.048318,0.153137,0.276484,1,9,,,,,0.3,0.30147,0.18501,0.04282,0.5,0.94696,,,,,,0.0508,,4225688,9f9bb01aee1b,flip=0.1230
M4_mrf_gcn-113fc8ed80,sbm,M4_mrf_gcn,tuned_grid,mf,1,2,,0.5,,0,,0.202,0.179602,1.834432,0.82479,0.232,0.210766,1.82139,0.820839,0.056553,0.160357,0.511379,1,106,,,,,0.3,0.30147,0.18501,0.04282,0.5,0.94696,,,,,,1.0342,,4225688,9f9bb01aee1b,flip=0.3270
M4_mrf_mlp-1d348b8325,sbm,M4_mrf_mlp,tuned_grid,mf,1,2,,0.5,,0,,0.15,0.041557,2.966036,1.295272,0.144,0.039425,3.092229,1.334823,0.618699,0.676305,0.98938,1,23,,,,,0.3,0.30147,0.18501,0.04282,0.5,0.94696,,,,,,0.1275,,4225688,9f9bb01aee1b,flip=0.6810
M4_mrf_gcn-7af5c53fc7,sbm,M4_mrf_gcn,tuned_grid,mf,1,2,,1.0,,0,,0.134,0.033762,6.610424,1.675206,0.139,0.034868,6.82803,1.678081,0.835879,0.977726,1.0,1,12,,,,,0.3,0.30147,0.18501,0.04282,0.5,0.94696,,,,,,0.1589,,4225688,9f9bb01aee1b,flip=0.8060
M4_mrf_mlp-4dd7fa3a1c,sbm,M4_mrf_mlp,tuned_grid,mf,1,2,,1.0,,0,,0.152,0.037698,6.589776,1.645599,0.143,0.035777,6.947612,1.670341,0.832351,0.977373,0.999911,1,9,,,,,0.3,0.30147,0.18501,0.04282,0.5,0.94696,,,,,,0.0667,,4225688,9f9bb01aee1b,flip=0.6890
M4_mrf_gcn-0c188a0c72,sbm,M4_mrf_gcn,tuned_grid,mf,1,2,,2.0,,0,,0.134,0.033762,13.261946,1.722347,0.139,0.034868,13.700683,1.718005,0.858751,0.998737,1.0,1,13,,,,,0.3,0.30147,0.18501,0.04282,0.5,0.94696,,,,,,0.1647,,4225688,9f9bb01aee1b,flip=0.8060
M4_mrf_mlp-477fd2e063,sbm,M4_mrf_mlp,tuned_grid,mf,1,2,,2.0,,0,,0.152,0.037698,13.162084,1.689594,0.143,0.035746,13.892553,1.709802,0.854707,0.998758,1.0,1,7,,,,,0.3,0.30147,0.18501,0.04282,0.5,0.94696,,,,,,0.0498,,4225688,9f9bb01aee1b,flip=0.6900
OF-ce1ee64160,sbm,Oracle_F,oracle,closed_form,1,2,,,,,,0.714,,,,0.751,,,,,,,,,,,,,0.3,0.30147,0.18501,0.04282,0.5,0.94696,,,,,,,,4225688,9f9bb01aee1b,"feature-only Bayes rule, known generative parameters"
OG-1ef6eba33e,sbm,Oracle_G,oracle,mf,1,2,,0.94696,,,,0.756,0.754873,0.660273,0.332325,0.799,0.798359,0.557421,0.279233,0.034044,0.290028,0.312004,1,64,,,,,0.3,0.30147,0.18501,0.04282,0.5,0.94696,,,,,,,,4225688,9f9bb01aee1b,true Gaussian unaries + generator-implied coupling
M0_mlp-375bda85d9,sbm,M0_mlp,train,none,5,2,0.0,,,,73,0.434,0.429414,2.048586,0.843257,0.433,0.431864,2.225335,0.862314,0.30354,0.162014,0.169389,,,,,,,0.3,0.30147,0.18501,0.04282,0.5,0.94696,0.01,0.0005,64,0.5,0.467,,results/logits/M0_mlp-375bda85d9.npz,4225688,9f9bb01aee1b,
M1_gcn-243d2bb41b,sbm,M1_gcn,train,none,5,2,0.0,,,,42,0.384,0.37348,1.680487,0.772249,0.411,0.407183,1.675559,0.76914,0.164588,0.157258,0.325747,,,,,,,0.3,0.30147,0.18501,0.04282,0.5,0.94696,0.005,0.001,64,0.5,2.314,,results/logits/M1_gcn-243d2bb41b.npz,4225688,9f9bb01aee1b,
LP-61d439f406,sbm,LP,closed_form,label_prop,5,2,,,,,,0.15,0.083006,1.95598,0.860933,0.162,0.109053,1.966319,0.861839,0.046879,0.153012,0.607764,,,,,,,0.3,0.30147,0.18501,0.04282,0.5,0.94696,,,,,,,,4225688,9f9bb01aee1b,uses train labels as inference-time evidence
M2_lap-fc39a100bb,sbm,M2_lap,train,none,5,2,0.001,,,,42,0.384,0.37348,1.680513,0.772259,0.412,0.408123,1.675587,0.769149,0.165593,0.157259,0.325926,,,,,,,0.3,0.30147,0.18501,0.04282,0.5,0.94696,0.005,0.001,64,0.5,2.969,,,4225688,9f9bb01aee1b,
M2_lap-9c910e2491,sbm,M2_lap,train,none,5,2,0.01,,,,39,0.382,0.370831,1.699007,0.778746,0.411,0.407015,1.694486,0.776189,0.1712,0.154396,0.329407,,,,,,,0.3,0.30147,0.18501,0.04282,0.5,0.94696,0.005,0.001,64,0.5,2.677,,,4225688,9f9bb01aee1b,
M2_lap-3fe60c49d0,sbm,M2_lap,train,none,5,2,0.1,,,,39,0.384,0.373096,1.699884,0.779098,0.41,0.406039,1.69533,0.77651,0.170622,0.154353,0.328603,,,,,,,0.3,0.30147,0.18501,0.04282,0.5,0.94696,0.005,0.001,64,0.5,2.662,,,4225688,9f9bb01aee1b,
M2_lap-c6f719e534,sbm,M2_lap,train,none,5,2,0.5,,,,47,0.386,0.380471,1.664337,0.766455,0.4,0.398756,1.656676,0.761699,0.133845,0.161742,0.322802,,,,,,,0.3,0.30147,0.18501,0.04282,0.5,0.94696,0.005,0.001,64,0.5,2.932,,,4225688,9f9bb01aee1b,
M2_lap-ed5c0d941b,sbm,M2_lap,train,none,5,2,1.0,,,,54,0.384,0.381062,1.654303,0.761832,0.387,0.384012,1.643911,0.755253,0.102817,0.168116,0.312361,,,,,,,0.3,0.30147,0.18501,0.04282,0.5,0.94696,0.005,0.001,64,0.5,3.215,,,4225688,9f9bb01aee1b,
M2_lap-153de44820,sbm,M2_lap,train,none,5,2,5.0,,,,40,0.378,0.377355,1.74312,0.795313,0.375,0.372582,1.740433,0.792896,0.151113,0.154159,0.325747,,,,,,,0.3,0.30147,0.18501,0.04282,0.5,0.94696,0.005,0.001,64,0.5,2.972,,,4225688,9f9bb01aee1b,
M4_mrf_gcn-458c8da034,sbm,M4_mrf_gcn,tuned_grid,mf,5,2,,0.05,,0,,0.382,0.370863,1.676289,0.770571,0.414,0.409244,1.671532,0.767509,0.157813,0.158452,0.335475,1,4,,,,,0.3,0.30147,0.18501,0.04282,0.5,0.94696,,,,,,0.0599,,4225688,9f9bb01aee1b,flip=0.0270
M4_mrf_mlp-b892c5ccb0,sbm,M4_mrf_mlp,tuned_grid,mf,5,2,,0.05,,0,,0.43,0.425993,2.041968,0.842032,0.434,0.433156,2.215017,0.8588,0.303766,0.165692,0.174833,1,4,,,,,0.3,0.30147,0.18501,0.04282,0.5,0.94696,,,,,,0.0376,,4225688,9f9bb01aee1b,flip=0.0070
M4_mrf_gcn-d4132c7971,sbm,M4_mrf_gcn,tuned_grid,mf,5,2,,0.1,,0,,0.384,0.372592,1.671971,0.768809,0.406,0.401493,1.66744,0.765814,0.14581,0.159787,0.343864,1,5,,,,,0.3,0.30147,0.18501,0.04282,0.5,0.94696,,,,,,0.0459,,4225688,9f9bb01aee1b,flip=0.0450
M4_mrf_mlp-1113206d6b,sbm,M4_mrf_mlp,tuned_grid,mf,5,2,,0.1,,0,,0.43,0.425967,2.036684,0.841098,0.434,0.432814,2.206021,0.855555,0.305281,0.169457,0.178224,1,5,,,,,0.3,0.30147,0.18501,0.04282,0.5,0.94696,,,,,,0.0369,,4225688,9f9bb01aee1b,flip=0.0180
M4_mrf_gcn-bf0188de6f,sbm,M4_mrf_gcn,tuned_grid,mf,5,2,,0.25,,0,,0.37,0.354638,1.65847,0.763047,0.406,0.400365,1.655042,0.760424,0.129992,0.165092,0.368942,1,8,,,,,0.3,0.30147,0.18501,0.04282,0.5,0.94696,,,,,,0.0603,,4225688,9f9bb01aee1b,flip=0.1070
M4_mrf_mlp-cb8f042e8d,sbm,M4_mrf_mlp,tuned_grid,mf,5,2,,0.25,,0,,0.43,0.426054,2.029454,0.840202,0.448,0.446545,2.187339,0.847581,0.296951,0.181372,0.190986,1,7,,,,,0.3,0.30147,0.18501,0.04282,0.5,0.94696,,,,,,0.0547,,4225688,9f9bb01aee1b,flip=0.0490
M4_mrf_gcn-49e2da7717,sbm,M4_mrf_gcn,tuned_grid,mf,5,2,,0.5,,0,,0.136,0.054281,2.593052,1.211927,0.174,0.097089,2.504591,1.162063,0.507513,0.566551,0.932173,1,75,,,,,0.3,0.30147,0.18501,0.04282,0.5,0.94696,,,,,,0.7682,,4225688,9f9bb01aee1b,flip=0.7100
M4_mrf_mlp-94ac261518,sbm,M4_mrf_mlp,tuned_grid,mf,5,2,,0.5,,0,,0.442,0.436028,2.051847,0.846308,0.454,0.451734,2.188017,0.841121,0.306102,0.204115,0.219456,1,11,,,,,0.3,0.30147,0.18501,0.04282,0.5,0.94696,,,,,,0.0916,,4225688,9f9bb01aee1b,flip=0.1010
M4_mrf_gcn-d12b03d5ff,sbm,M4_mrf_gcn,tuned_grid,mf,5,2,,1.0,,0,,0.132,0.036138,6.736739,1.684596,0.142,0.037309,6.433556,1.657374,0.827925,0.972895,0.999465,1,15,,,,,0.3,0.30147,0.18501,0.04282,0.5,0.94696,,,,,,0.1121,,4225688,9f9bb01aee1b,flip=0.7760
M4_mrf_mlp-8362070532,sbm,M4_mrf_mlp,tuned_grid,mf,5,2,,1.0,,0,,0.43,0.419658,2.347514,0.910038,0.434,0.427492,2.427697,0.877978,0.371177,0.271491,0.292012,1,60,,,,,0.3,0.30147,0.18501,0.04282,0.5,0.94696,,,,,,0.6545,,4225688,9f9bb01aee1b,flip=0.2100
M4_mrf_gcn-a8481d5b4f,sbm,M4_mrf_gcn,tuned_grid,mf,5,2,,2.0,,0,,0.13,0.03287,13.798816,1.733067,0.142,0.037309,13.217233,1.712082,0.8552,0.998416,0.999911,1,12,,,,,0.3,0.30147,0.18501,0.04282,0.5,0.94696,,,,,,0.0829,,4225688,9f9bb01aee1b,flip=0.7760
M4_mrf_mlp-ff52c91df5,sbm,M4_mrf_mlp,tuned_grid,mf,5,2,,2.0,,0,,0.166,0.07485,11.341788,1.641468,0.166,0.075476,11.029143,1.624518,0.81047,0.95097,0.963231,1,42,,,,,0.3,0.30147,0.18501,0.04282,0.5,0.94696,,,,,,0.3957,,4225688,9f9bb01aee1b,flip=0.7710
OF-8faf216ccb,sbm,Oracle_F,oracle,closed_form,5,2,,,,,,0.748,,,,0.743,,,,,,,,,,,,,0.3,0.30147,0.18501,0.04282,0.5,0.94696,,,,,,,,4225688,9f9bb01aee1b,"feature-only Bayes rule, known generative parameters"
OG-03eaf478d0,sbm,Oracle_G,oracle,mf,5,2,,0.94696,,,,0.778,0.776318,0.640142,0.306344,0.812,0.811275,0.552621,0.269122,0.026737,0.290028,0.312004,1,64,,,,,0.3,0.30147,0.18501,0.04282,0.5,0.94696,,,,,,,,4225688,9f9bb01aee1b,true Gaussian unaries + generator-implied coupling
M0_mlp-3c355d55c6,sbm,M0_mlp,train,none,20,2,0.0,,,,27,0.584,0.582487,1.173773,0.569995,0.604,0.603617,1.133291,0.530138,0.051787,0.173046,0.194378,,,,,,,0.3,0.30147,0.18501,0.04282,0.5,0.94696,0.01,0.0005,64,0.5,0.299,,results/logits/M0_mlp-3c355d55c6.npz,4225688,9f9bb01aee1b,
M1_gcn-8c50ce1b6e,sbm,M1_gcn,train,none,20,2,0.0,,,,38,0.532,0.529961,1.530902,0.716879,0.554,0.554293,1.517084,0.705389,0.27739,0.159791,0.339224,,,,,,,0.3,0.30147,0.18501,0.04282,0.5,0.94696,0.005,0.001,64,0.5,2.323,,results/logits/M1_gcn-8c50ce1b6e.npz,4225688,9f9bb01aee1b,
LP-b8fd8ea491,sbm,LP,closed_form,label_prop,20,2,,,,,,0.192,0.169185,1.937102,0.854801,0.202,0.181983,1.910155,0.845007,0.029056,0.158275,0.455511,,,,,,,0.3,0.30147,0.18501,0.04282,0.5,0.94696,,,,,,,,4225688,9f9bb01aee1b,uses train labels as inference-time evidence
M2_lap-63077fe265,sbm,M2_lap,train,none,20,2,0.001,,,,38,0.532,0.529961,1.530907,0.716882,0.554,0.554293,1.517091,0.705391,0.277404,0.159788,0.339224,,,,,,,0.3,0.30147,0.18501,0.04282,0.5,0.94696,0.005,0.001,64,0.5,2.566,,,4225688,9f9bb01aee1b,
M2_lap-11e5620b44,sbm,M2_lap,train,none,20,2,0.01,,,,38,0.532,0.529961,1.531,0.716921,0.554,0.554198,1.51722,0.705448,0.277477,0.159769,0.339134,,,,,,,0.3,0.30147,0.18501,0.04282,0.5,0.94696,0.005,0.001,64,0.5,3.016,,,4225688,9f9bb01aee1b,
M2_lap-7ae999e344,sbm,M2_lap,train,none,20,2,0.1,,,,37,0.532,0.529856,1.545632,0.722567,0.552,0.55221,1.532468,0.711917,0.284204,0.158279,0.341098,,,,,,,0.3,0.30147,0.18501,0.04282,0.5,0.94696,0.005,0.001,64,0.5,2.622,,,4225688,9f9bb01aee1b,
M2_lap-03a3397ea9,sbm,M2_lap,train,none,20,2,0.5,,,,34,0.534,0.531192,1.590498,0.739628,0.551,0.551759,1.579731,0.731413,0.301765,0.154109,0.33967,,,,,,,0.3,0.30147,0.18501,0.04282,0.5,0.94696,0.005,0.001,64,0.5,2.482,,,4225688,9f9bb01aee1b,
M2_lap-54ba9e3b53,sbm,M2_lap,train,none,20,2,1.0,,,,35,0.538,0.535659,1.583933,0.737286,0.555,0.555592,1.572656,0.728559,0.303339,0.154631,0.337617,,,,,,,0.3,0.30147,0.18501,0.04282,0.5,0.94696,0.005,0.001,64,0.5,2.614,,,4225688,9f9bb01aee1b,
M2_lap-da68171a00,sbm,M2_lap,train,none,20,2,5.0,,,,25,0.534,0.529864,1.732417,0.790609,0.538,0.53852,1.726696,0.787249,0.340565,0.146282,0.334494,,,,,,,0.3,0.30147,0.18501,0.04282,0.5,0.94696,0.005,0.001,64,0.5,2.226,,,4225688,9f9bb01aee1b,
M4_mrf_gcn-78a27f38df,sbm,M4_mrf_gcn,tuned_grid,mf,20,2,,0.05,,0,,0.534,0.532078,1.522513,0.713311,0.553,0.552987,1.508211,0.701382,0.271743,0.161341,0.344757,1,4,,,,,0.3,0.30147,0.18501,0.04282,0.5,0.94696,,,,,,0.0429,,4225688,9f9bb01aee1b,flip=0.0090
M4_mrf_mlp-ccdf88cae3,sbm,M4_mrf_mlp,tuned_grid,mf,20,2,,0.05,,0,,0.582,0.580452,1.157241,0.562497,0.607,0.60634,1.118603,0.523662,0.046129,0.177454,0.201071,1,4,,,,,0.3,0.30147,0.18501,0.04282,0.5,0.94696,,,,,,0.031,,4225688,9f9bb01aee1b,flip=0.0130
M4_mrf_gcn-514eaa172b,sbm,M4_mrf_gcn,tuned_grid,mf,20,2,,0.1,,0,,0.526,0.524556,1.513659,0.709494,0.555,0.555221,1.49874,0.697049,0.270496,0.163107,0.348773,1,5,,,,,0.3,0.30147,0.18501,0.04282,0.5,0.94696,,,,,,0.0345,,4225688,9f9bb01aee1b,flip=0.0230
M4_mrf_mlp-501b2ac0a9,sbm,M4_mrf_mlp,tuned_grid,mf,20,2,,0.1,,0,,0.584,0.582424,1.141329,0.555119,0.614,0.613943,1.104425,0.517314,0.044421,0.182025,0.20705,1,5,,,,,0.3,0.30147,0.18501,0.04282,0.5,0.94696,,,,,,0.0376,,4225688,9f9bb01aee1b,flip=0.0310
M4_mrf_gcn-64a594b7eb,sbm,M4_mrf_gcn,tuned_grid,mf,20,2,,0.25,,0,,0.512,0.509683,1.484143,0.696434,0.546,0.546125,1.466427,0.681914,0.239058,0.170432,0.365462,1,9,,,,,0.3,0.30147,0.18501,0.04282,0.5,0.94696,,,,,,0.0747,,4225688,9f9bb01aee1b,flip=0.0610
M4_mrf_mlp-f17371d280,sbm,M4_mrf_mlp,tuned_grid,mf,20,2,,0.25,,0,,0.612,0.609062,1.09746,0.534032,0.63,0.629676,1.065318,0.499306,0.049661,0.196876,0.229719,1,7,,,,,0.3,0.30147,0.18501,0.04282,0.5,0.94696,,,,,,0.0538,,4225688,9f9bb01aee1b,flip=0.0690
M4_mrf_gcn-82aab6def3,sbm,M4_mrf_gcn,tuned_grid,mf,20,2,,0.5,,0,,0.456,0.450376,1.469501,0.694473,0.477,0.480239,1.442998,0.675902,0.092535,0.211323,0.432039,1,88,,,,,0.3,0.30147,0.18501,0.04282,0.5,0.94696,,,,,,1.2171,,4225688,9f9bb01aee1b,flip=0.2390
M4_mrf_mlp-04fc4bc909,sbm,M4_mrf_mlp,tuned_grid,mf,20,2,,0.5,,0,,0.614,0.610301,1.042129,0.506563,0.653,0.652424,1.017366,0.475999,0.049061,0.226198,0.265774,1,14,,,,,0.3,0.30147,0.18501,0.04282,0.5,0.94696,,,,,,0.1263,,4225688,9f9bb01aee1b,flip=0.1460
M4_mrf_gcn-cd841df559,sbm,M4_mrf_gcn,tuned_grid,mf,20,2,,1.0,,0,,0.138,0.034708,6.427834,1.662421,0.15,0.037332,6.369282,1.642117,0.820926,0.968477,0.998483,1,14,,,,,0.3,0.30147,0.18501,0.04282,0.5,0.94696,,,,,,0.1302,,4225688,9f9bb01aee1b,flip=0.8130
M4_mrf_mlp-2610801b4f,sbm,M4_mrf_mlp,tuned_grid,mf,20,2,,1.0,,0,,0.236,0.190987,4.384311,1.381744,0.226,0.18617,4.439545,1.401957,0.686295,0.824175,0.884248,1,83,,,,,0.3,0.30147,0.18501,0.04282,0.5,0.94696,,,,,,0.8587,,4225688,9f9bb01aee1b,flip=0.7390
M4_mrf_gcn-9d2778c537,sbm,M4_mrf_gcn,tuned_grid,mf,20,2,,2.0,,0,,0.138,0.034708,13.430998,1.717111,0.15,0.037267,13.366133,1.694834,0.847645,0.998195,0.999821,1,14,,,,,0.3,0.30147,0.18501,0.04282,0.5,0.94696,,,,,,0.1258,,4225688,9f9bb01aee1b,flip=0.8150
M4_mrf_mlp-7d42849d30,sbm,M4_mrf_mlp,tuned_grid,mf,20,2,,2.0,,0,,0.156,0.042343,11.76458,1.666415,0.148,0.047346,11.953362,1.688095,0.843641,0.99144,0.996073,1,15,,,,,0.3,0.30147,0.18501,0.04282,0.5,0.94696,,,,,,0.1744,,4225688,9f9bb01aee1b,flip=0.8300
OF-eaaeceb060,sbm,Oracle_F,oracle,closed_form,20,2,,,,,,0.742,,,,0.753,,,,,,,,,,,,,0.3,0.30147,0.18501,0.04282,0.5,0.94696,,,,,,,,4225688,9f9bb01aee1b,"feature-only Bayes rule, known generative parameters"
OG-1aec87f9a2,sbm,Oracle_G,oracle,mf,20,2,,0.94696,,,,0.812,0.811278,0.541283,0.260061,0.812,0.812085,0.557184,0.268878,0.037977,0.290028,0.312004,1,64,,,,,0.3,0.30147,0.18501,0.04282,0.5,0.94696,,,,,,,,4225688,9f9bb01aee1b,true Gaussian unaries + generator-implied coupling
M0_mlp-ccb5870490,sbm,M0_mlp,train,none,1,3,0.0,,,,84,0.352,0.348027,2.052725,0.881246,0.344,0.34169,1.978904,0.86817,0.246905,0.162084,0.173051,,,,,,,0.3,0.2995,0.18267,0.04162,0.5,0.94696,0.01,0.0005,64,0.5,0.552,,results/logits/M0_mlp-ccb5870490.npz,4225688,9f9bb01aee1b,
M1_gcn-ec4266a50d,sbm,M1_gcn,train,none,1,3,0.0,,,,26,0.29,0.27636,1.874964,0.83503,0.283,0.262247,1.850255,0.82735,0.094211,0.146694,0.347183,,,,,,,0.3,0.2995,0.18267,0.04162,0.5,0.94696,0.005,0.001,64,0.5,1.909,,results/logits/M1_gcn-ec4266a50d.npz,4225688,9f9bb01aee1b,
LP-9145d3d897,sbm,LP,closed_form,label_prop,1,3,,,,,,0.138,0.057613,1.96742,0.862738,0.149,0.063036,1.959919,0.860553,0.043109,0.148156,0.866246,,,,,,,0.3,0.2995,0.18267,0.04162,0.5,0.94696,,,,,,,,4225688,9f9bb01aee1b,uses train labels as inference-time evidence
M2_lap-465a819006,sbm,M2_lap,train,none,1,3,0.001,,,,26,0.29,0.27636,1.874965,0.835031,0.283,0.262247,1.850256,0.827351,0.094211,0.146694,0.347183,,,,,,,0.3,0.2995,0.18267,0.04162,0.5,0.94696,0.005,0.001,64,0.5,2.323,,,4225688,9f9bb01aee1b,
M2_lap-c8a403be2e,sbm,M2_lap,train,none,1,3,0.01,,,,26,0.29,0.27636,1.874989,0.835037,0.283,0.262247,1.850281,0.827357,0.092432,0.146696,0.347183,,,,,,,0.3,0.2995,0.18267,0.04162,0.5,0.94696,0.005,0.001,64,0.5,2.33,,,4225688,9f9bb01aee1b,
M2_lap-b7136b67ce,sbm,M2_lap,train,none,1,3,0.1,,,,28,0.29,0.276887,1.871008,0.833511,0.286,0.266133,1.843138,0.824916,0.087875,0.147434,0.345381,,,,,,,0.3,0.2995,0.18267,0.04162,0.5,0.94696,0.005,0.001,64,0.5,2.638,,,4225688,9f9bb01aee1b,
M2_lap-d4079e6eee,sbm,M2_lap,train,none,1,3,0.5,,,,27,0.29,0.276876,1.873211,0.834366,0.284,0.262719,1.847052,0.826269,0.088138,0.147006,0.344209,,,,,,,0.3,0.2995,0.18267,0.04162,0.5,0.94696,0.005,0.001,64,0.5,2.242,,,4225688,9f9bb01aee1b,
M2_lap-a749143e50,sbm,M2_lap,train,none,1,3,1.0,,,,33,0.292,0.282952,1.864537,0.83101,0.282,0.265679,1.828016,0.81993,0.069829,0.149518,0.334926,,,,,,,0.3,0.2995,0.18267,0.04162,0.5,0.94696,0.005,0.001,64,0.5,2.293,,,4225688,9f9bb01aee1b,
M2_lap-1250df35ac,sbm,M2_lap,train,none,1,3,5.0,,,,26,0.286,0.274227,1.878802,0.836396,0.281,0.260536,1.855023,0.82903,0.094902,0.146296,0.34484,,,,,,,0.3,0.2995,0.18267,0.04162,0.5,0.94696,0.005,0.001,64,0.5,2.237,,,4225688,9f9bb01aee1b,
M4_mrf_gcn-02e15f507f,sbm,M4_mrf_gcn,tuned_grid,mf,1,3,,0.05,,0,,0.288,0.274128,1.873731,0.834552,0.28,0.259011,1.848993,0.826856,0.079771,0.147064,0.357368,1,4,,,,,0.3,0.2995,0.18267,0.04162,0.5,0.94696,,,,,,0.0526,,4225688,9f9bb01aee1b,flip=0.0150
M4_mrf_mlp-ee0edb719f,sbm,M4_mrf_mlp,tuned_grid,mf,1,3,,0.05,,0,,0.35,0.347078,2.055861,0.881195,0.346,0.343826,1.977149,0.86728,0.246263,0.166545,0.180352,1,4,,,,,0.3,0.2995,0.18267,0.04162,0.5,0.94696,,,,,,0.0326,,4225688,9f9bb01aee1b,flip=0.0170
M4_mrf_gcn-af07b05134,sbm,M4_mrf_gcn,tuned_grid,mf,1,3,,0.1,,0,,0.294,0.27883,1.872501,0.834057,0.28,0.258243,1.847718,0.826339,0.080236,0.14749,0.365119,1,5,,,,,0.3,0.2995,0.18267,0.04162,0.5,0.94696,,,,,,0.0336,,4225688,9f9bb01aee1b,flip=0.0260
M4_mrf_mlp-5b13d54569,sbm,M4_mrf_mlp,tuned_grid,mf,1,3,,0.1,,0,,0.35,0.345335,2.061084,0.881699,0.35,0.347528,1.977382,0.866906,0.244066,0.171324,0.187201,1,5,,,,,0.3,0.2995,0.18267,0.04162,0.5,0.94696,,,,,,0.0348,,4225688,9f9bb01aee1b,flip=0.0320
M4_mrf_gcn-860aa30992,sbm,M4_mrf_gcn,tuned_grid,mf,1,3,,0.25,,0,,0.298,0.281334,1.869081,0.832486,0.273,0.246771,1.844109,0.824678,0.071354,0.149345,0.402343,1,8,,,,,0.3,0.2995,0.18267,0.04162,0.5,0.94696,,,,,,0.0572,,4225688,9f9bb01aee1b,flip=0.0880
M4_mrf_mlp-cd38e7e180,sbm,M4_mrf_mlp,tuned_grid,mf,1,3,,0.25,,0,,0.352,0.344136,2.092561,0.887428,0.352,0.347673,1.993202,0.869895,0.251274,0.188388,0.216224,1,9,,,,,0.3,0.2995,0.18267,0.04162,0.5,0.94696,,,,,,0.0929,,4225688,9f9bb01aee1b,flip=0.0750
M4_mrf_gcn-aafd7af8eb,sbm,M4_mrf_gcn,tuned_grid,mf,1,3,,0.5,,0,,0.146,0.039963,2.964372,1.298636,0.141,0.037079,2.94388,1.297276,0.600644,0.657606,0.997927,1,30,,,,,0.3,0.2995,0.18267,0.04162,0.5,0.94696,,,,,,0.2955,,4225688,9f9bb01aee1b,flip=0.6920
M4_mrf_mlp-e58fc83794,sbm,M4_mrf_mlp,tuned_grid,mf,1,3,,0.5,,0,,0.34,0.328735,2.252417,0.925059,0.348,0.339364,2.125708,0.905422,0.285509,0.239295,0.287427,1,23,,,,,0.3,0.2995,0.18267,0.04162,0.5,0.94696,,,,,,0.2047,,4225688,9f9bb01aee1b,flip=0.1720
M4_mrf_gcn-158b682511,sbm,M4_mrf_gcn,tuned_grid,mf,1,3,,1.0,,0,,0.146,0.036464,6.783431,1.657274,0.141,0.036998,6.719465,1.670362,0.832396,0.975961,0.999639,1,11,,,,,0.3,0.2995,0.18267,0.04162,0.5,0.94696,,,,,,0.0633,,4225688,9f9bb01aee1b,flip=0.6950
M4_mrf_mlp-f13acbc6c4,sbm,M4_mrf_mlp,tuned_grid,mf,1,3,,1.0,,0,,0.16,0.070082,6.297209,1.585958,0.149,0.067876,6.12084,1.590149,0.786625,0.912128,0.958089,1,18,,,,,0.3,0.2995,0.18267,0.04162,0.5,0.94696,,,,,,0.2027,,4225688,9f9bb01aee1b,flip=0.7210
M4_mrf_gcn-703ca48e8e,sbm,M4_mrf_gcn,tuned_grid,mf,1,3,,2.0,,0,,0.146,0.0364,13.572869,1.702259,0.14,0.035088,13.494721,1.714493,0.857207,0.998617,1.0,1,6,,,,,0.3,0.2995,0.18267,0.04162,0.5,0.94696,,,,,,0.0827,,4225688,9f9bb01aee1b,flip=0.6960
M4_mrf_mlp-c82383e9ba,sbm,M4_mrf_mlp,tuned_grid,mf,1,3,,2.0,,0,,0.146,0.039753,13.310006,1.698624,0.132,0.035061,13.126436,1.72356,0.861491,0.995002,0.997927,1,8,,,,,0.3,0.2995,0.18267,0.04162,0.5,0.94696,,,,,,0.0507,,4225688,9f9bb01aee1b,flip=0.7540
OF-12e4afd403,sbm,Oracle_F,oracle,closed_form,1,3,,,,,,0.722,,,,0.722,,,,,,,,,,,,,0.3,0.2995,0.18267,0.04162,0.5,0.94696,,,,,,,,4225688,9f9bb01aee1b,"feature-only Bayes rule, known generative parameters"
OG-9370855a18,sbm,Oracle_G,oracle,mf,1,3,,0.94696,,,,0.782,0.779086,0.631319,0.312682,0.794,0.793151,0.610558,0.299455,0.039188,0.288826,0.312934,1,32,,,,,0.3,0.2995,0.18267,0.04162,0.5,0.94696,,,,,,,,4225688,9f9bb01aee1b,true Gaussian unaries + generator-implied coupling
M0_mlp-3c38ed19dc,sbm,M0_mlp,train,none,5,3,0.0,,,,29,0.508,0.506132,1.453826,0.665572,0.473,0.475875,1.436483,0.673349,0.100896,0.15821,0.175304,,,,,,,0.3,0.2995,0.18267,0.04162,0.5,0.94696,0.01,0.0005,64,0.5,0.285,,results/logits/M0_mlp-3c38ed19dc.npz,4225688,9f9bb01aee1b,
M1_gcn-3041ff5173,sbm,M1_gcn,train,none,5,3,0.0,,,,35,0.49,0.488572,1.631822,0.750521,0.433,0.425244,1.639843,0.755505,0.181849,0.154575,0.333484,,,,,,,0.3,0.2995,0.18267,0.04162,0.5,0.94696,0.005,0.001,64,0.5,2.584,,results/logits/M1_gcn-3041ff5173.npz,4225688,9f9bb01aee1b,
LP-32c84f1898,sbm,LP,closed_form,label_prop,5,3,,,,,,0.154,0.09702,1.950013,0.857874,0.174,0.106067,1.947216,0.85663,0.048044,0.150569,0.698062,,,,,,,0.3,0.2995,0.18267,0.04162,0.5,0.94696,,,,,,,,4225688,9f9bb01aee1b,uses train labels as inference-time evidence
M2_lap-762e662bae,sbm,M2_lap,train,none,5,3,0.001,,,,35,0.49,0.488572,1.63183,0.750524,0.433,0.425244,1.639852,0.755509,0.181854,0.154574,0.333484,,,,,,,0.3,0.2995,0.18267,0.04162,0.5,0.94696,0.005,0.001,64,0.5,2.486,,,4225688,9f9bb01aee1b,
M2_lap-e3a132ba36,sbm,M2_lap,train,none,5,3,0.01,,,,35,0.49,0.488572,1.631907,0.750557,0.433,0.425512,1.639922,0.755539,0.181893,0.154567,0.333754,,,,,,,0.3,0.2995,0.18267,0.04162,0.5,0.94696,0.005,0.001,64,0.5,2.437,,,4225688,9f9bb01aee1b,
M2_lap-b35e7096db,sbm,M2_lap,train,none,5,3,0.1,,,,35,0.492,0.49051,1.63261,0.750859,0.432,0.42475,1.640749,0.755889,0.181329,0.154492,0.333754,,,,,,,0.3,0.2995,0.18267,0.04162,0.5,0.94696,0.005,0.001,64,0.5,2.517,,,4225688,9f9bb01aee1b,
M2_lap-5d09bd7aba,sbm,M2_lap,train,none,5,3,0.5,,,,34,0.486,0.485314,1.645882,0.756069,0.434,0.425811,1.653474,0.7607,0.189836,0.153325,0.334655,,,,,,,0.3,0.2995,0.18267,0.04162,0.5,0.94696,0.005,0.001,64,0.5,2.484,,,4225688,9f9bb01aee1b,
M2_lap-2852bb881f,sbm,M2_lap,train,none,5,3,1.0,,,,34,0.484,0.484024,1.649543,0.757634,0.437,0.430417,1.657773,0.762465,0.194894,0.152995,0.33132,,,,,,,0.3,0.2995,0.18267,0.04162,0.5,0.94696,0.005,0.001,64,0.5,2.772,,,4225688,9f9bb01aee1b,
M2_lap-cf3e21281f,sbm,M2_lap,train,none,5,3,5.0,,,,27,0.48,0.481604,1.735852,0.789891,0.432,0.422795,1.740451,0.792217,0.225782,0.147498,0.335647,,,,,,,0.3,0.2995,0.18267,0.04162,0.5,0.94696,0.005,0.001,64,0.5,2.18,,,4225688,9f9bb01aee1b,
M4_mrf_gcn-2242e31750,sbm,M4_mrf_gcn,tuned_grid,mf,5,3,,0.05,,0,,0.488,0.487591,1.625589,0.747857,0.429,0.42054,1.634357,0.753277,0.174092,0.155619,0.340333,1,4,,,,,0.3,0.2995,0.18267,0.04162,0.5,0.94696,,,,,,0.0362,,4225688,9f9bb01aee1b,flip=0.0190
M4_mrf_mlp-323000eabb,sbm,M4_mrf_mlp,tuned_grid,mf,5,3,,0.05,,0,,0.506,0.503794,1.441458,0.661003,0.478,0.480696,1.425521,0.669173,0.099811,0.161718,0.181253,1,4,,,,,0.3,0.2995,0.18267,0.04162,0.5,0.94696,,,,,,0.0349,,4225688,9f9bb01aee1b,flip=0.0120
M4_mrf_gcn-f3216647c2,sbm,M4_mrf_gcn,tuned_grid,mf,5,3,,0.1,,0,,0.486,0.485887,1.619037,0.745009,0.432,0.424114,1.62859,0.750901,0.174614,0.156801,0.345291,1,5,,,,,0.3,0.2995,0.18267,0.04162,0.5,0.94696,,,,,,0.078,,4225688,9f9bb01aee1b,flip=0.0320
M4_mrf_mlp-30dbae0515,sbm,M4_mrf_mlp,tuned_grid,mf,5,3,,0.1,,0,,0.506,0.503332,1.429563,0.656507,0.477,0.480058,1.415267,0.665286,0.101198,0.165386,0.187382,1,5,,,,,0.3,0.2995,0.18267,0.04162,0.5,0.94696,,,,,,0.0274,,4225688,9f9bb01aee1b,flip=0.0250
M4_mrf_gcn-f89585d0b9,sbm,M4_mrf_gcn,tuned_grid,mf,5,3,,0.25,,0,,0.474,0.473411,1.597538,0.735313,0.426,0.416937,1.609575,0.742821,0.150793,0.161676,0.36548,1,8,,,,,0.3,0.2995,0.18267,0.04162,0.5,0.94696,,,,,,0.0584,,4225688,9f9bb01aee1b,flip=0.0750
M4_mrf_mlp-d87369de57,sbm,M4_mrf_mlp,tuned_grid,mf,5,3,,0.25,,0,,0.51,0.507185,1.397107,0.643632,0.477,0.479852,1.389569,0.655811,0.108393,0.177713,0.206039,1,8,,,,,0.3,0.2995,0.18267,0.04162,0.5,0.94696,,,,,,0.0694,,4225688,9f9bb01aee1b,flip=0.0620
M4_mrf_gcn-b6f8afb2e9,sbm,M4_mrf_gcn,tuned_grid,mf,5,3,,0.5,,0,,0.172,0.102324,2.420524,1.145336,0.194,0.113486,2.458475,1.146696,0.47964,0.553812,0.934655,1,77,,,,,0.3,0.2995,0.18267,0.04162,0.5,0.94696,,,,,,0.6959,,4225688,9f9bb01aee1b,flip=0.7200
M4_mrf_mlp-6142560061,sbm,M4_mrf_mlp,tuned_grid,mf,5,3,,0.5,,0,,0.534,0.532119,1.365122,0.629518,0.496,0.499936,1.381035,0.655302,0.119495,0.206962,0.24858,1,18,,,,,0.3,0.2995,0.18267,0.04162,0.5,0.94696,,,,,,0.148,,4225688,9f9bb01aee1b,flip=0.1470
M4_mrf_gcn-2f5a1fcd3b,sbm,M4_mrf_gcn,tuned_grid,mf,5,3,,1.0,,0,,0.134,0.036737,6.387191,1.675192,0.155,0.042042,6.403214,1.627946,0.81084,0.971625,0.999189,1,13,,,,,0.3,0.2995,0.18267,0.04162,0.5,0.94696,,,,,,0.1399,,4225688,9f9bb01aee1b,flip=0.7830
M4_mrf_mlp-21cf9aa6b9,sbm,M4_mrf_mlp,tuned_grid,mf,5,3,,1.0,,0,,0.174,0.115543,5.240392,1.534523,0.189,0.112111,5.242248,1.499824,0.73546,0.885858,0.937089,1,30,,,,,0.3,0.2995,0.18267,0.04162,0.5,0.94696,,,,,,0.2742,,4225688,9f9bb01aee1b,flip=0.7480
M4_mrf_gcn-b6d0be1721,sbm,M4_mrf_gcn,tuned_grid,mf,5,3,,2.0,,0,,0.132,0.033317,13.208308,1.730767,0.153,0.037914,13.170522,1.686613,0.843349,0.998357,1.0,1,10,,,,,0.3,0.2995,0.18267,0.04162,0.5,0.94696,,,,,,0.0861,,4225688,9f9bb01aee1b,flip=0.7850
M4_mrf_mlp-21e02e5e2e,sbm,M4_mrf_mlp,tuned_grid,mf,5,3,,2.0,,0,,0.136,0.041212,12.301296,1.715037,0.154,0.040112,12.265316,1.677942,0.839064,0.993849,0.998017,1,16,,,,,0.3,0.2995,0.18267,0.04162,0.5,0.94696,,,,,,0.1699,,4225688,9f9bb01aee1b,flip=0.8030
OF-68534841e3,sbm,Oracle_F,oracle,closed_form,5,3,,,,,,0.702,,,,0.719,,,,,,,,,,,,,0.3,0.2995,0.18267,0.04162,0.5,0.94696,,,,,,,,4225688,9f9bb01aee1b,"feature-only Bayes rule, known generative parameters"
OG-d4180ce069,sbm,Oracle_G,oracle,mf,5,3,,0.94696,,,,0.776,0.772709,0.642076,0.322883,0.785,0.783925,0.623005,0.3079,0.039711,0.288826,0.312934,1,32,,,,,0.3,0.2995,0.18267,0.04162,0.5,0.94696,,,,,,,,4225688,9f9bb01aee1b,true Gaussian unaries + generator-implied coupling
M0_mlp-b8787f3567,sbm,M0_mlp,train,none,20,3,0.0,,,,67,0.604,0.603052,1.447101,0.607956,0.573,0.573376,1.50165,0.619729,0.205592,0.180331,0.189274,,,,,,,0.3,0.2995,0.18267,0.04162,0.5,0.94696,0.01,0.0005,64,0.5,0.416,,results/logits/M0_mlp-b8787f3567.npz,4225688,9f9bb01aee1b,
M1_gcn-4fd31ff846,sbm,M1_gcn,train,none,20,3,0.0,,,,41,0.558,0.552599,1.425644,0.665762,0.551,0.548748,1.407718,0.660905,0.224472,0.17062,0.341055,,,,,,,0.3,0.2995,0.18267,0.04162,0.5,0.94696,0.005,0.001,64,0.5,2.337,,results/logits/M1_gcn-4fd31ff846.npz,4225688,9f9bb01aee1b,
LP-bce9bde59d,sbm,LP,closed_form,label_prop,20,3,,,,,,0.244,0.231754,1.897718,0.840076,0.219,0.213757,1.928688,0.844079,0.049489,0.158246,0.427941,,,,,,,0.3,0.2995,0.18267,0.04162,0.5,0.94696,,,,,,,,4225688,9f9bb01aee1b,uses train labels as inference-time evidence
M2_lap-99c7c4df17,sbm,M2_lap,train,none,20,3,0.001,,,,41,0.558,0.552599,1.425666,0.665772,0.551,0.548748,1.407741,0.660915,0.224486,0.170616,0.341055,,,,,,,0.3,0.2995,0.18267,0.04162,0.5,0.94696,0.005,0.001,64,0.5,2.666,,,4225688,9f9bb01aee1b,
M2_lap-47e5c42de5,sbm,M2_lap,train,none,20,3,0.01,,,,41,0.558,0.552599,1.425862,0.665862,0.551,0.548748,1.407957,0.661012,0.224621,0.170581,0.341055,,,,,,,0.3,0.2995,0.18267,0.04162,0.5,0.94696,0.005,0.001,64,0.5,2.604,,,4225688,9f9bb01aee1b,
M2_lap-b81415c23c,sbm,M2_lap,train,none,20,3,0.1,,,,42,0.56,0.555033,1.416766,0.66182,0.551,0.548916,1.398378,0.656885,0.220508,0.172099,0.340243,,,,,,,0.3,0.2995,0.18267,0.04162,0.5,0.94696,0.005,0.001,64,0.5,2.633,,,4225688,9f9bb01aee1b,
M2_lap-160a11e8e5,sbm,M2_lap,train,none,20,3,0.5,,,,41,0.562,0.558041,1.438336,0.67142,0.553,0.551227,1.420309,0.666445,0.23403,0.168694,0.340063,,,,,,,0.3,0.2995,0.18267,0.04162,0.5,0.94696,0.005,0.001,64,0.5,2.601,,,4225688,9f9bb01aee1b,
M2_lap-a951c52278,sbm,M2_lap,train,none,20,3,1.0,,,,41,0.558,0.55403,1.451847,0.677388,0.557,0.555496,1.433942,0.672395,0.245678,0.1668,0.340333,,,,,,,0.3,0.2995,0.18267,0.04162,0.5,0.94696,0.005,0.001,64,0.5,2.504,,,4225688,9f9bb01aee1b,
M2_lap-6f196e4c07,sbm,M2_lap,train,none,20,3,5.0,,,,22,0.56,0.555248,1.718698,0.784359,0.534,0.530958,1.708407,0.78125,0.333557,0.146336,0.335647,,,,,,,0.3,0.2995,0.18267,0.04162,0.5,0.94696,0.005,0.001,64,0.5,2.424,,,4225688,9f9bb01aee1b,
M4_mrf_gcn-3e003e6831,sbm,M4_mrf_gcn,tuned_grid,mf,20,3,,0.05,,0,,0.55,0.544641,1.416686,0.661544,0.552,0.549728,1.398046,0.656225,0.218839,0.173114,0.347814,1,4,,,,,0.3,0.2995,0.18267,0.04162,0.5,0.94696,,,,,,0.0347,,4225688,9f9bb01aee1b,flip=0.0160
M4_mrf_mlp-5482f83c1c,sbm,M4_mrf_mlp,tuned_grid,mf,20,3,,0.05,,0,,0.608,0.606654,1.434262,0.603297,0.574,0.574401,1.485567,0.614046,0.205315,0.184262,0.191347,1,4,,,,,0.3,0.2995,0.18267,0.04162,0.5,0.94696,,,,,,0.0284,,4225688,9f9bb01aee1b,flip=0.0050
M4_mrf_gcn-e59f4b3652,sbm,M4_mrf_gcn,tuned_grid,mf,20,3,,0.1,,0,,0.552,0.545768,1.407279,0.657076,0.551,0.548495,1.387921,0.651286,0.210419,0.175927,0.352772,1,5,,,,,0.3,0.2995,0.18267,0.04162,0.5,0.94696,,,,,,0.0333,,4225688,9f9bb01aee1b,flip=0.0260
M4_mrf_mlp-b7b76cdebf,sbm,M4_mrf_mlp,tuned_grid,mf,20,3,,0.1,,0,,0.61,0.608536,1.422159,0.598836,0.577,0.577292,1.470364,0.608572,0.203107,0.188244,0.194953,1,5,,,,,0.3,0.2995,0.18267,0.04162,0.5,0.94696,,,,,,0.0345,,4225688,9f9bb01aee1b,flip=0.0140
M4_mrf_gcn-2f340a7924,sbm,M4_mrf_gcn,tuned_grid,mf,20,3,,0.25,,0,,0.56,0.553134,1.376623,0.642379,0.553,0.550104,1.354972,0.635066,0.184325,0.187098,0.365931,1,8,,,,,0.3,0.2995,0.18267,0.04162,0.5,0.94696,,,,,,0.0518,,4225688,9f9bb01aee1b,flip=0.0630
M4_mrf_mlp-1d1b678c17,sbm,M4_mrf_mlp,tuned_grid,mf,20,3,,0.25,,0,,0.616,0.614836,1.390423,0.586683,0.594,0.593953,1.430227,0.59357,0.19044,0.200541,0.212348,1,7,,,,,0.3,0.2995,0.18267,0.04162,0.5,0.94696,,,,,,0.0489,,4225688,9f9bb01aee1b,flip=0.0520
M4_mrf_gcn-36379ef41c,sbm,M4_mrf_gcn,tuned_grid,mf,20,3,,0.5,,0,,0.544,0.532772,1.33641,0.624818,0.539,0.533645,1.307008,0.613023,0.095147,0.224701,0.398558,1,34,,,,,0.3,0.2995,0.18267,0.04162,0.5,0.94696,,,,,,0.3614,,4225688,9f9bb01aee1b,flip=0.1530
M4_mrf_mlp-d5a8ce2e54,sbm,M4_mrf_mlp,tuned_grid,mf,20,3,,0.5,,0,,0.63,0.629194,1.355174,0.571318,0.609,0.608489,1.38383,0.574887,0.187396,0.222429,0.237765,1,10,,,,,0.3,0.2995,0.18267,0.04162,0.5,0.94696,,,,,,0.0573,,4225688,9f9bb01aee1b,flip=0.0950
M4_mrf_gcn-2782e29c7a,sbm,M4_mrf_gcn,tuned_grid,mf,20,3,,1.0,,0,,0.164,0.047183,5.988941,1.604471,0.144,0.039753,5.869314,1.63112,0.816516,0.960143,0.995313,1,24,,,,,0.3,0.2995,0.18267,0.04162,0.5,0.94696,,,,,,0.2016,,4225688,9f9bb01aee1b,flip=0.8300
M4_mrf_mlp-898e26aa6f,sbm,M4_mrf_mlp,tuned_grid,mf,20,3,,1.0,,0,,0.628,0.626524,1.39618,0.578512,0.627,0.62595,1.399839,0.570289,0.205729,0.269015,0.283822,1,49,,,,,0.3,0.2995,0.18267,0.04162,0.5,0.94696,,,,,,0.5382,,4225688,9f9bb01aee1b,flip=0.1790
M4_mrf_gcn-ea46c4e9bb,sbm,M4_mrf_gcn,tuned_grid,mf,20,3,,2.0,,0,,0.162,0.043236,12.832501,1.670898,0.142,0.035558,12.664062,1.706949,0.853469,0.997757,0.999639,1,14,,,,,0.3,0.2995,0.18267,0.04162,0.5,0.94696,,,,,,0.099,,4225688,9f9bb01aee1b,flip=0.8350
M4_mrf_mlp-c5e4dc06c0,sbm,M4_mrf_mlp,tuned_grid,mf,20,3,,2.0,,0,,0.18,0.092795,9.579256,1.59119,0.184,0.104236,9.962076,1.591728,0.794462,0.937599,0.948535,1,58,,,,,0.3,0.2995,0.18267,0.04162,0.5,0.94696,,,,,,0.5958,,4225688,9f9bb01aee1b,flip=0.7790
OF-6f8b003528,sbm,Oracle_F,oracle,closed_form,20,3,,,,,,0.734,,,,0.719,,,,,,,,,,,,,0.3,0.2995,0.18267,0.04162,0.5,0.94696,,,,,,,,4225688,9f9bb01aee1b,"feature-only Bayes rule, known generative parameters"
OG-b7b2247560,sbm,Oracle_G,oracle,mf,20,3,,0.94696,,,,0.786,0.784822,0.599631,0.301551,0.772,0.770822,0.648645,0.322908,0.050967,0.288826,0.312934,1,32,,,,,0.3,0.2995,0.18267,0.04162,0.5,0.94696,,,,,,,,4225688,9f9bb01aee1b,true Gaussian unaries + generator-implied coupling
M0_mlp-e2e8e3480f,sbm,M0_mlp,train,none,1,4,0.0,,,,134,0.364,0.351671,1.992352,0.859019,0.363,0.353529,2.039961,0.870547,0.24947,0.156345,0.163156,,,,,,,0.3,0.30345,0.1873,0.04371,0.5,0.94696,0.01,0.0005,64,0.5,0.658,,results/logits/M0_mlp-e2e8e3480f.npz,4225688,9f9bb01aee1b,
M1_gcn-f9f40ec435,sbm,M1_gcn,train,none,1,4,0.0,,,,39,0.374,0.331899,1.751778,0.789324,0.339,0.308029,1.817909,0.807224,0.09165,0.162142,0.35706,,,,,,,0.3,0.30345,0.1873,0.04371,0.5,0.94696,0.005,0.001,64,0.5,2.285,,results/logits/M1_gcn-f9f40ec435.npz,4225688,9f9bb01aee1b,
LP-f493cd2bb7,sbm,LP,closed_form,label_prop,1,4,,,,,,0.166,0.051839,1.941516,0.854777,0.132,0.041008,2.003199,0.865652,0.062205,0.14853,0.969879,,,,,,,0.3,0.30345,0.1873,0.04371,0.5,0.94696,,,,,,,,4225688,9f9bb01aee1b,uses train labels as inference-time evidence
M2_lap-354e9f66ec,sbm,M2_lap,train,none,1,4,0.001,,,,39,0.374,0.331899,1.751782,0.789326,0.339,0.308029,1.817911,0.807226,0.091654,0.162141,0.35706,,,,,,,0.3,0.30345,0.1873,0.04371,0.5,0.94696,0.005,0.001,64,0.5,2.596,,,4225688,9f9bb01aee1b,
M2_lap-01d28f199c,sbm,M2_lap,train,none,1,4,0.01,,,,38,0.372,0.328092,1.755083,0.790868,0.339,0.307311,1.817938,0.80791,0.099345,0.160997,0.35697,,,,,,,0.3,0.30345,0.1873,0.04371,0.5,0.94696,0.005,0.001,64,0.5,2.872,,,4225688,9f9bb01aee1b,
M2_lap-ff95324d16,sbm,M2_lap,train,none,1,4,0.1,,,,38,0.376,0.332303,1.755304,0.791033,0.339,0.307287,1.817979,0.808021,0.097649,0.160938,0.357598,,,,,,,0.3,0.30345,0.1873,0.04371,0.5,0.94696,0.005,0.001,64,0.5,3.068,,,4225688,9f9bb01aee1b,
M2_lap-6cea0be399,sbm,M2_lap,train,none,1,4,0.5,,,,38,0.37,0.327562,1.756977,0.791888,0.341,0.309686,1.81895,0.808617,0.098559,0.160732,0.35706,,,,,,,0.3,0.30345,0.1873,0.04371,0.5,0.94696,0.005,0.001,64,0.5,3.252,,,4225688,9f9bb01aee1b,
M2_lap-b0ba051d99,sbm,M2_lap,train,none,1,4,1.0,,,,34,0.37,0.330598,1.775696,0.799781,0.34,0.305882,1.823478,0.812671,0.112786,0.15686,0.374541,,,,,,,0.3,0.30345,0.1873,0.04371,0.5,0.94696,0.005,0.001,64,0.5,3.543,,,4225688,9f9bb01aee1b,
M2_lap-5fc75636af,sbm,M2_lap,train,none,1,4,5.0,,,,30,0.346,0.307014,1.801916,0.810506,0.336,0.300106,1.835564,0.819409,0.11948,0.152564,0.38736,,,,,,,0.3,0.30345,0.1873,0.04371,0.5,0.94696,0.005,0.001,64,0.5,3.28,,,4225688,9f9bb01aee1b,
M4_mrf_gcn-f30a420245,sbm,M4_mrf_gcn,tuned_grid,mf,1,4,,0.05,,0,,0.366,0.322301,1.75054,0.788149,0.341,0.309317,1.819095,0.806761,0.088918,0.163849,0.367548,1,4,,,,,0.3,0.30345,0.1873,0.04371,0.5,0.94696,,,,,,0.077,,4225688,9f9bb01aee1b,flip=0.0210
M4_mrf_mlp-ebd61fd794,sbm,M4_mrf_mlp,tuned_grid,mf,1,4,,0.05,,0,,0.36,0.346851,1.985024,0.8556,0.368,0.358727,2.033264,0.868027,0.245208,0.160034,0.167369,1,4,,,,,0.3,0.30345,0.1873,0.04371,0.5,0.94696,,,,,,0.0341,,4225688,9f9bb01aee1b,flip=0.0100
M4_mrf_gcn-b5cf0073b0,sbm,M4_mrf_gcn,tuned_grid,mf,1,4,,0.1,,0,,0.364,0.316094,1.749526,0.786947,0.338,0.305065,1.820761,0.806367,0.076643,0.165794,0.375885,1,5,,,,,0.3,0.30345,0.1873,0.04371,0.5,0.94696,,,,,,0.0436,,4225688,9f9bb01aee1b,flip=0.0350
M4_mrf_mlp-e6cd17096e,sbm,M4_mrf_mlp,tuned_grid,mf,1,4,,0.1,,0,,0.356,0.343193,1.978969,0.852403,0.369,0.359708,2.027863,0.865764,0.245243,0.1639,0.173554,1,5,,,,,0.3,0.30345,0.1873,0.04371,0.5,0.94696,,,,,,0.0423,,4225688,9f9bb01aee1b,flip=0.0200
M4_mrf_gcn-3531c3d896,sbm,M4_mrf_gcn,tuned_grid,mf,1,4,,0.25,,0,,0.356,0.30699,1.748776,0.78338,0.341,0.301439,1.830348,0.80614,0.064665,0.173926,0.405379,1,9,,,,,0.3,0.30345,0.1873,0.04371,0.5,0.94696,,,,,,0.1267,,4225688,9f9bb01aee1b,flip=0.0910
M4_mrf_mlp-4c606f4640,sbm,M4_mrf_mlp,tuned_grid,mf,1,4,,0.25,,0,,0.368,0.350076,1.969693,0.844498,0.365,0.354162,2.020535,0.860821,0.255026,0.176994,0.196952,1,8,,,,,0.3,0.30345,0.1873,0.04371,0.5,0.94696,,,,,,0.1625,,4225688,9f9bb01aee1b,flip=0.0650
M4_mrf_gcn-e7e275f833,sbm,M4_mrf_gcn,tuned_grid,mf,1,4,,0.5,,0,,0.174,0.072263,2.739137,1.213308,0.146,0.06613,2.890503,1.260973,0.573009,0.619712,0.961094,1,44,,,,,0.3,0.30345,0.1873,0.04371,0.5,0.94696,,,,,,0.6866,,4225688,9f9bb01aee1b,flip=0.6910
M4_mrf_mlp-c369e5ac54,sbm,M4_mrf_mlp,tuned_grid,mf,1,4,,0.5,,0,,0.378,0.352774,2.007346,0.844963,0.37,0.350924,2.057639,0.863885,0.271402,0.209776,0.246168,1,18,,,,,0.3,0.30345,0.1873,0.04371,0.5,0.94696,,,,,,0.2027,,4225688,9f9bb01aee1b,flip=0.1500
M4_mrf_gcn-bb52b00451,sbm,M4_mrf_gcn,tuned_grid,mf,1,4,,1.0,,0,,0.16,0.039409,6.543796,1.626047,0.132,0.037127,6.860602,1.682964,0.840868,0.973852,0.999283,1,15,,,,,0.3,0.30345,0.1873,0.04371,0.5,0.94696,,,,,,0.1886,,4225688,9f9bb01aee1b,flip=0.7330
M4_mrf_mlp-d14d815369,sbm,M4_mrf_mlp,tuned_grid,mf,1,4,,1.0,,0,,0.186,0.087455,5.686161,1.499309,0.178,0.086067,5.81099,1.530027,0.750836,0.898267,0.948812,1,26,,,,,0.3,0.30345,0.1873,0.04371,0.5,0.94696,,,,,,0.4415,,4225688,9f9bb01aee1b,flip=0.7450
M4_mrf_gcn-7f2c9054bf,sbm,M4_mrf_gcn,tuned_grid,mf,1,4,,2.0,,0,,0.16,0.039409,13.193271,1.674401,0.132,0.037099,13.845811,1.730451,0.864689,0.998263,0.999731,1,12,,,,,0.3,0.30345,0.1873,0.04371,0.5,0.94696,,,,,,0.2094,,4225688,9f9bb01aee1b,flip=0.7350
M4_mrf_mlp-d46cd23f10,sbm,M4_mrf_mlp,tuned_grid,mf,1,4,,2.0,,0,,0.162,0.043874,12.470925,1.659355,0.16,0.04491,12.716039,1.663838,0.830518,0.992284,0.996862,1,16,,,,,0.3,0.30345,0.1873,0.04371,0.5,0.94696,,,,,,0.1377,,4225688,9f9bb01aee1b,flip=0.8000
OF-062b280263,sbm,Oracle_F,oracle,closed_form,1,4,,,,,,0.738,,,,0.723,,,,,,,,,,,,,0.3,0.30345,0.1873,0.04371,0.5,0.94696,,,,,,,,4225688,9f9bb01aee1b,"feature-only Bayes rule, known generative parameters"
OG-38fb27e01f,sbm,Oracle_G,oracle,mf,1,4,,0.94696,,,,0.802,0.799282,0.571275,0.281768,0.779,0.778209,0.632438,0.31188,0.039971,0.294221,0.318243,1,31,,,,,0.3,0.30345,0.1873,0.04371,0.5,0.94696,,,,,,,,4225688,9f9bb01aee1b,true Gaussian unaries + generator-implied coupling
M0_mlp-6faa65d5d2,sbm,M0_mlp,train,none,5,4,0.0,,,,38,0.452,0.455648,1.701747,0.741834,0.445,0.446206,1.69486,0.761987,0.203603,0.16818,0.181712,,,,,,,0.3,0.30345,0.1873,0.04371,0.5,0.94696,0.01,0.0005,64,0.5,0.462,,results/logits/M0_mlp-6faa65d5d2.npz,4225688,9f9bb01aee1b,
M1_gcn-0fb94a529c,sbm,M1_gcn,train,none,5,4,0.0,,,,53,0.476,0.471419,1.518217,0.700584,0.456,0.45081,1.502676,0.699312,0.105444,0.180552,0.332945,,,,,,,0.3,0.30345,0.1873,0.04371,0.5,0.94696,0.005,0.001,64,0.5,3.858,,results/logits/M1_gcn-0fb94a529c.npz,4225688,9f9bb01aee1b,
LP-1180866586,sbm,LP,closed_form,label_prop,5,4,,,,,,0.158,0.10718,1.940193,0.853727,0.158,0.108078,1.953001,0.858354,0.041918,0.150259,0.769431,,,,,,,0.3,0.30345,0.1873,0.04371,0.5,0.94696,,,,,,,,4225688,9f9bb01aee1b,uses train labels as inference-time evidence
M2_lap-be32a09544,sbm,M2_lap,train,none,5,4,0.001,,,,62,0.476,0.472625,1.492048,0.687765,0.448,0.442376,1.479003,0.689935,0.078638,0.196777,0.335634,,,,,,,0.3,0.30345,0.1873,0.04371,0.5,0.94696,0.005,0.001,64,0.5,5.161,,,4225688,9f9bb01aee1b,
M2_lap-7867b5230e,sbm,M2_lap,train,none,5,4,0.01,,,,53,0.476,0.471419,1.518469,0.700687,0.456,0.450737,1.502954,0.69942,0.105649,0.180499,0.332586,,,,,,,0.3,0.30345,0.1873,0.04371,0.5,0.94696,0.005,0.001,64,0.5,4.631,,,4225688,9f9bb01aee1b,
M2_lap-ab37437a43,sbm,M2_lap,train,none,5,4,0.1,,,,58,0.474,0.470213,1.503821,0.693567,0.446,0.441501,1.490237,0.694308,0.087541,0.188826,0.334827,,,,,,,0.3,0.30345,0.1873,0.04371,0.5,0.94696,0.005,0.001,64,0.5,4.572,,,4225688,9f9bb01aee1b,
M2_lap-dad06dea44,sbm,M2_lap,train,none,5,4,0.5,,,,58,0.47,0.465416,1.51494,0.698294,0.445,0.440366,1.502529,0.699152,0.091192,0.186283,0.336351,,,,,,,0.3,0.30345,0.1873,0.04371,0.5,0.94696,0.005,0.001,64,0.5,5.155,,,4225688,9f9bb01aee1b,
M2_lap-97a2278ce0,sbm,M2_lap,train,none,5,4,1.0,,,,51,0.464,0.458251,1.548911,0.714031,0.456,0.450924,1.535309,0.712471,0.136221,0.173784,0.333572,,,,,,,0.3,0.30345,0.1873,0.04371,0.5,0.94696,0.005,0.001,64,0.5,4.27,,,4225688,9f9bb01aee1b,
M2_lap-97945f0ebf,sbm,M2_lap,train,none,5,4,5.0,,,,42,0.462,0.45685,1.650543,0.757286,0.446,0.440271,1.641112,0.755769,0.189204,0.158583,0.344151,,,,,,,0.3,0.30345,0.1873,0.04371,0.5,0.94696,0.005,0.001,64,0.5,4.116,,,4225688,9f9bb01aee1b,
M4_mrf_gcn-8b6f52625f,sbm,M4_mrf_gcn,tuned_grid,mf,5,4,,0.05,,0,,0.472,0.467508,1.512957,0.697757,0.459,0.453844,1.49812,0.696969,0.105503,0.183893,0.338234,1,4,,,,,0.3,0.30345,0.1873,0.04371,0.5,0.94696,,,,,,0.1035,,4225688,9f9bb01aee1b,flip=0.0120
M4_mrf_mlp-c53ae75437,sbm,M4_mrf_mlp,tuned_grid,mf,5,4,,0.05,,0,,0.448,0.452268,1.688231,0.736687,0.447,0.448005,1.683692,0.758089,0.203243,0.172374,0.188077,1,4,,,,,0.3,0.30345,0.1873,0.04371,0.5,0.94696,,,,,,0.0348,,4225688,9f9bb01aee1b,flip=0.0080
M4_mrf_gcn-f0467ecd74,sbm,M4_mrf_gcn,tuned_grid,mf,5,4,,0.1,,0,,0.468,0.463604,1.508019,0.694999,0.454,0.447483,1.493933,0.69475,0.094658,0.187658,0.34693,1,5,,,,,0.3,0.30345,0.1873,0.04371,0.5,0.94696,,,,,,0.0597,,4225688,9f9bb01aee1b,flip=0.0280
M4_mrf_mlp-e50a1dd16f,sbm,M4_mrf_mlp,tuned_grid,mf,5,4,,0.1,,0,,0.446,0.450023,1.675838,0.73178,0.452,0.452964,1.673686,0.75444,0.200198,0.176757,0.194173,1,5,,,,,0.3,0.30345,0.1873,0.04371,0.5,0.94696,,,,,,0.0413,,4225688,9f9bb01aee1b,flip=0.0180
M4_mrf_gcn-3f0adfc94f,sbm,M4_mrf_gcn,tuned_grid,mf,5,4,,0.25,,0,,0.472,0.467895,1.497452,0.688316,0.45,0.440199,1.485971,0.690008,0.062046,0.202708,0.374182,1,9,,,,,0.3,0.30345,0.1873,0.04371,0.5,0.94696,,,,,,0.1516,,4225688,9f9bb01aee1b,flip=0.0880
M4_mrf_mlp-67f24ffd8c,sbm,M4_mrf_mlp,tuned_grid,mf,5,4,,0.25,,0,,0.46,0.46264,1.646365,0.718962,0.459,0.459551,1.651896,0.745504,0.201985,0.191394,0.216226,1,8,,,,,0.3,0.30345,0.1873,0.04371,0.5,0.94696,,,,,,0.1815,,4225688,9f9bb01aee1b,flip=0.0600
M4_mrf_gcn-5bd4a04a8b,sbm,M4_mrf_gcn,tuned_grid,mf,5,4,,0.5,,0,,0.452,0.436977,1.578545,0.72379,0.421,0.400904,1.56548,0.726874,0.090175,0.264016,0.446795,1,74,,,,,0.3,0.30345,0.1873,0.04371,0.5,0.94696,,,,,,1.0334,,4225688,9f9bb01aee1b,flip=0.2150
M4_mrf_mlp-9dfc2fdd72,sbm,M4_mrf_mlp,tuned_grid,mf,5,4,,0.5,,0,,0.476,0.476334,1.638463,0.711543,0.465,0.465348,1.661334,0.744194,0.220834,0.223744,0.252801,1,16,,,,,0.3,0.30345,0.1873,0.04371,0.5,0.94696,,,,,,0.2195,,4225688,9f9bb01aee1b,flip=0.1220
M4_mrf_gcn-1adc5f0788,sbm,M4_mrf_gcn,tuned_grid,mf,5,4,,1.0,,0,,0.16,0.05694,6.311556,1.620498,0.156,0.052965,6.200689,1.621911,0.809272,0.96278,0.994532,1,34,,,,,0.3,0.30345,0.1873,0.04371,0.5,0.94696,,,,,,0.5162,,4225688,9f9bb01aee1b,flip=0.7560
M4_mrf_mlp-4dfffb688f,sbm,M4_mrf_mlp,tuned_grid,mf,5,4,,1.0,,0,,0.204,0.136226,5.168943,1.467107,0.193,0.12585,5.295429,1.495503,0.736364,0.852258,0.902465,1,48,,,,,0.3,0.30345,0.1873,0.04371,0.5,0.94696,,,,,,0.703,,4225688,9f9bb01aee1b,flip=0.7260
M4_mrf_gcn-044fcb3412,sbm,M4_mrf_gcn,tuned_grid,mf,5,4,,2.0,,0,,0.152,0.041661,13.226145,1.687651,0.151,0.042914,13.041705,1.689711,0.843623,0.997613,0.999462,1,20,,,,,0.3,0.30345,0.1873,0.04371,0.5,0.94696,,,,,,0.3464,,4225688,9f9bb01aee1b,flip=0.7640
M4_mrf_mlp-e3905946db,sbm,M4_mrf_mlp,tuned_grid,mf,5,4,,2.0,,0,,0.162,0.054776,12.275311,1.666773,0.151,0.046459,12.587685,1.681352,0.840704,0.99208,0.99498,1,11,,,,,0.3,0.30345,0.1873,0.04371,0.5,0.94696,,,,,,0.0687,,4225688,9f9bb01aee1b,flip=0.7840
OF-524b643aa2,sbm,Oracle_F,oracle,closed_form,5,4,,,,,,0.72,,,,0.733,,,,,,,,,,,,,0.3,0.30345,0.1873,0.04371,0.5,0.94696,,,,,,,,4225688,9f9bb01aee1b,"feature-only Bayes rule, known generative parameters"
OG-f940eec200,sbm,Oracle_G,oracle,mf,5,4,,0.94696,,,,0.776,0.775477,0.647454,0.313024,0.804,0.803864,0.581673,0.284651,0.031519,0.294221,0.318243,1,31,,,,,0.3,0.30345,0.1873,0.04371,0.5,0.94696,,,,,,,,4225688,9f9bb01aee1b,true Gaussian unaries + generator-implied coupling
M0_mlp-6d20b96344,sbm,M0_mlp,train,none,20,4,0.0,,,,28,0.646,0.64654,1.02194,0.493937,0.628,0.627619,1.042977,0.502708,0.070407,0.179186,0.198745,,,,,,,0.3,0.30345,0.1873,0.04371,0.5,0.94696,0.01,0.0005,64,0.5,0.494,,results/logits/M0_mlp-6d20b96344.npz,4225688,9f9bb01aee1b,
M1_gcn-85a2cda9c0,sbm,M1_gcn,train,none,20,4,0.0,,,,63,0.556,0.554944,1.27736,0.60058,0.569,0.566334,1.239583,0.588324,0.096811,0.215747,0.346661,,,,,,,0.3,0.30345,0.1873,0.04371,0.5,0.94696,0.005,0.001,64,0.5,4.404,,results/logits/M1_gcn-85a2cda9c0.npz,4225688,9f9bb01aee1b,
LP-3742ae98a9,sbm,LP,closed_form,label_prop,20,4,,,,,,0.214,0.210032,1.898246,0.841379,0.232,0.22169,1.926043,0.841361,0.050764,0.157586,0.419901,,,,,,,0.3,0.30345,0.1873,0.04371,0.5,0.94696,,,,,,,,4225688,9f9bb01aee1b,uses train labels as inference-time evidence
M2_lap-bb70212b43,sbm,M2_lap,train,none,20,4,0.001,,,,63,0.556,0.554944,1.277414,0.600603,0.569,0.566363,1.239633,0.588345,0.096859,0.215727,0.34675,,,,,,,0.3,0.30345,0.1873,0.04371,0.5,0.94696,0.005,0.001,64,0.5,4.808,,,4225688,9f9bb01aee1b,
M2_lap-ecd6dd8589,sbm,M2_lap,train,none,20,4,0.01,,,,63,0.556,0.554944,1.277779,0.600755,0.569,0.566346,1.240072,0.588525,0.097341,0.215532,0.34684,,,,,,,0.3,0.30345,0.1873,0.04371,0.5,0.94696,0.005,0.001,64,0.5,5.004,,,4225688,9f9bb01aee1b,
M2_lap-d093fe9495,sbm,M2_lap,train,none,20,4,0.1,,,,62,0.556,0.555045,1.282509,0.603002,0.571,0.568821,1.246771,0.591445,0.109773,0.211656,0.346212,,,,,,,0.3,0.30345,0.1873,0.04371,0.5,0.94696,0.005,0.001,64,0.5,4.807,,,4225688,9f9bb01aee1b,
M2_lap-6514b70763,sbm,M2_lap,train,none,20,4,0.5,,,,49,0.554,0.553088,1.369252,0.641451,0.558,0.555387,1.340522,0.632456,0.188917,0.183089,0.348005,,,,,,,0.3,0.30345,0.1873,0.04371,0.5,0.94696,0.005,0.001,64,0.5,4.178,,,4225688,9f9bb01aee1b,
M2_lap-50a4a25952,sbm,M2_lap,train,none,20,4,1.0,,,,50,0.552,0.551108,1.382373,0.647154,0.566,0.563208,1.353829,0.638185,0.205304,0.180615,0.347826,,,,,,,0.3,0.30345,0.1873,0.04371,0.5,0.94696,0.005,0.001,64,0.5,4.629,,,4225688,9f9bb01aee1b,
M2_lap-115d95a711,sbm,M2_lap,train,none,20,4,5.0,,,,35,0.534,0.5328,1.599782,0.740299,0.555,0.551663,1.581296,0.734348,0.311363,0.153524,0.34684,,,,,,,0.3,0.30345,0.1873,0.04371,0.5,0.94696,0.005,0.001,64,0.5,3.849,,,4225688,9f9bb01aee1b,
M4_mrf_gcn-880f32ca27,sbm,M4_mrf_gcn,tuned_grid,mf,20,4,,0.05,,0,,0.556,0.554761,1.273503,0.59848,0.566,0.563251,1.234827,0.586045,0.087814,0.221229,0.352488,1,4,,,,,0.3,0.30345,0.1873,0.04371,0.5,0.94696,,,,,,0.0346,,4225688,9f9bb01aee1b,flip=0.0170
M4_mrf_mlp-152d0d6d52,sbm,M4_mrf_mlp,tuned_grid,mf,20,4,,0.05,,0,,0.648,0.648485,1.008584,0.488673,0.633,0.632686,1.027018,0.495239,0.060395,0.183788,0.204751,1,4,,,,,0.3,0.30345,0.1873,0.04371,0.5,0.94696,,,,,,0.0356,,4225688,9f9bb01aee1b,flip=0.0100
M4_mrf_gcn-89e3b24986,sbm,M4_mrf_gcn,tuned_grid,mf,20,4,,0.1,,0,,0.562,0.560744,1.270466,0.596784,0.562,0.559005,1.230858,0.584187,0.073151,0.227107,0.357149,1,5,,,,,0.3,0.30345,0.1873,0.04371,0.5,0.94696,,,,,,0.079,,4225688,9f9bb01aee1b,flip=0.0290
M4_mrf_mlp-f08528d3f7,sbm,M4_mrf_mlp,tuned_grid,mf,20,4,,0.1,,0,,0.652,0.652519,0.9958,0.483535,0.637,0.636768,1.011715,0.487959,0.060764,0.188535,0.210847,1,5,,,,,0.3,0.30345,0.1873,0.04371,0.5,0.94696,,,,,,0.0325,,4225688,9f9bb01aee1b,flip=0.0180
M4_mrf_gcn-1415c4b007,sbm,M4_mrf_gcn,tuned_grid,mf,20,4,,0.25,,0,,0.552,0.55117,1.268591,0.595179,0.555,0.551983,1.225971,0.582299,0.034877,0.247396,0.375616,1,8,,,,,0.3,0.30345,0.1873,0.04371,0.5,0.94696,,,,,,0.0592,,4225688,9f9bb01aee1b,flip=0.0720
M4_mrf_mlp-dd8d42c402,sbm,M4_mrf_mlp,tuned_grid,mf,20,4,,0.25,,0,,0.65,0.650146,0.961241,0.469142,0.66,0.659213,0.970046,0.467604,0.050114,0.203717,0.231645,1,6,,,,,0.3,0.30345,0.1873,0.04371,0.5,0.94696,,,,,,0.1691,,4225688,9f9bb01aee1b,flip=0.0580
M4_mrf_gcn-14679f04b4,sbm,M4_mrf_gcn,tuned_grid,mf,20,4,,0.5,,0,,0.532,0.529872,1.311366,0.612646,0.537,0.533357,1.264185,0.601205,0.076979,0.290192,0.401972,1,20,,,,,0.3,0.30345,0.1873,0.04371,0.5,0.94696,,,,,,0.3209,,4225688,9f9bb01aee1b,flip=0.1320
M4_mrf_mlp-d1fe39a24c,sbm,M4_mrf_mlp,tuned_grid,mf,20,4,,0.5,,0,,0.674,0.674438,0.920592,0.450854,0.677,0.675806,0.919128,0.441647,0.055884,0.232128,0.263918,1,11,,,,,0.3,0.30345,0.1873,0.04371,0.5,0.94696,,,,,,0.079,,4225688,9f9bb01aee1b,flip=0.1110
M4_mrf_gcn-7c9cdd6201,sbm,M4_mrf_gcn,tuned_grid,mf,20,4,,1.0,,0,,0.152,0.077994,5.517169,1.584689,0.175,0.097928,5.328837,1.554245,0.771544,0.926262,0.971044,1,55,,,,,0.3,0.30345,0.1873,0.04371,0.5,0.94696,,,,,,0.7869,,4225688,9f9bb01aee1b,flip=0.7950
M4_mrf_mlp-de955de215,sbm,M4_mrf_mlp,tuned_grid,mf,20,4,,1.0,,0,,0.674,0.676375,0.986045,0.468288,0.693,0.691736,0.966185,0.448826,0.102446,0.29931,0.328552,1,130,,,,,0.3,0.30345,0.1873,0.04371,0.5,0.94696,,,,,,2.0018,,4225688,9f9bb01aee1b,flip=0.2150
M4_mrf_gcn-f1466b7ee0,sbm,M4_mrf_gcn,tuned_grid,mf,20,4,,2.0,,0,,0.13,0.035769,12.374963,1.72399,0.144,0.037956,12.291016,1.698315,0.849246,0.995504,0.998924,1,46,,,,,0.3,0.30345,0.1873,0.04371,0.5,0.94696,,,,,,0.546,,4225688,9f9bb01aee1b,flip=0.8330
M4_mrf_mlp-4836bc2631,sbm,M4_mrf_mlp,tuned_grid,mf,20,4,,2.0,,0,,0.142,0.062883,11.583861,1.69587,0.157,0.058361,11.250439,1.658836,0.829904,0.986382,0.991125,1,33,,,,,0.3,0.30345,0.1873,0.04371,0.5,0.94696,,,,,,0.4583,,4225688,9f9bb01aee1b,flip=0.8090
OF-e9e0b64d49,sbm,Oracle_F,oracle,closed_form,20,4,,,,,,0.76,,,,0.74,,,,,,,,,,,,,0.3,0.30345,0.1873,0.04371,0.5,0.94696,,,,,,,,4225688,9f9bb01aee1b,"feature-only Bayes rule, known generative parameters"
OG-0ec15ad36f,sbm,Oracle_G,oracle,mf,20,4,,0.94696,,,,0.78,0.777707,0.6437,0.312246,0.806,0.805635,0.580756,0.280122,0.037614,0.294221,0.318243,1,31,,,,,0.3,0.30345,0.1873,0.04371,0.5,0.94696,,,,,,,,4225688,9f9bb01aee1b,true Gaussian unaries + generator-implied coupling
M0_mlp-52fd494df8,sbm,M0_mlp,train,none,1,5,0.0,,,,21,0.302,0.298164,1.835628,0.822449,0.313,0.308454,1.751645,0.799305,0.086164,0.149994,0.167798,,,,,,,0.3,0.30343,0.18732,0.04388,0.5,0.94696,0.01,0.0005,64,0.5,0.34,,results/logits/M0_mlp-52fd494df8.npz,4225688,9f9bb01aee1b,
M1_gcn-f09c6d2cd4,sbm,M1_gcn,train,none,1,5,0.0,,,,150,0.338,0.324469,1.732199,0.799832,0.339,0.323448,1.787473,0.808767,0.113147,0.216754,0.364413,,,,,,,0.3,0.30343,0.18732,0.04388,0.5,0.94696,0.005,0.001,64,0.5,8.039,,results/logits/M1_gcn-f09c6d2cd4.npz,4225688,9f9bb01aee1b,
LP-ed3e622632,sbm,LP,closed_form,label_prop,1,5,,,,,,0.152,0.041353,1.973697,0.865965,0.149,0.05117,2.035807,0.869181,0.078736,0.157039,0.966335,,,,,,,0.3,0.30343,0.18732,0.04388,0.5,0.94696,,,,,,,,4225688,9f9bb01aee1b,uses train labels as inference-time evidence
M2_lap-df96f59980,sbm,M2_lap,train,none,1,5,0.001,,,,150,0.338,0.324469,1.73236,0.799888,0.339,0.323449,1.787648,0.808823,0.11302,0.216748,0.364413,,,,,,,0.3,0.30343,0.18732,0.04388,0.5,0.94696,0.005,0.001,64,0.5,8.802,,,4225688,9f9bb01aee1b,
M2_lap-28f9d3b9a9,sbm,M2_lap,train,none,1,5,0.01,,,,154,0.34,0.325788,1.737744,0.80135,0.334,0.31715,1.791772,0.80972,0.122715,0.217688,0.36882,,,,,,,0.3,0.30343,0.18732,0.04388,0.5,0.94696,0.005,0.001,64,0.5,9.689,,,4225688,9f9bb01aee1b,
M2_lap-eece2ccbeb,sbm,M2_lap,train,none,1,5,0.1,,,,153,0.336,0.321428,1.748694,0.805063,0.329,0.31273,1.802897,0.813014,0.104825,0.216006,0.375782,,,,,,,0.3,0.30343,0.18732,0.04388,0.5,0.94696,0.005,0.001,64,0.5,8.823,,,4225688,9f9bb01aee1b,
M2_lap-63fcb84662,sbm,M2_lap,train,none,1,5,0.5,,,,77,0.322,0.30622,1.730536,0.799192,0.313,0.292465,1.770869,0.803723,0.067788,0.201171,0.405129,,,,,,,0.3,0.30343,0.18732,0.04388,0.5,0.94696,0.005,0.001,64,0.5,5.035,,,4225688,9f9bb01aee1b,
M2_lap-01fe436793,sbm,M2_lap,train,none,1,5,1.0,,,,46,0.318,0.298085,1.732071,0.796237,0.294,0.27319,1.758073,0.799347,0.043182,0.168171,0.392174,,,,,,,0.3,0.30343,0.18732,0.04388,0.5,0.94696,0.005,0.001,64,0.5,4.126,,,4225688,9f9bb01aee1b,
M2_lap-c16620a3f7,sbm,M2_lap,train,none,1,5,5.0,,,,46,0.318,0.301437,1.75727,0.804947,0.272,0.246129,1.781717,0.808123,0.050128,0.16571,0.409888,,,,,,,0.3,0.30343,0.18732,0.04388,0.5,0.94696,0.005,0.001,64,0.5,4.433,,,4225688,9f9bb01aee1b,
M4_mrf_gcn-d8969e5efd,sbm,M4_mrf_gcn,tuned_grid,mf,1,5,,0.05,,0,,0.342,0.328589,1.744296,0.80421,0.332,0.314339,1.80152,0.8136,0.127718,0.224144,0.376399,1,5,,,,,0.3,0.30343,0.18732,0.04388,0.5,0.94696,,,,,,0.0675,,4225688,9f9bb01aee1b,flip=0.0290
M4_mrf_mlp-f8aebddade,sbm,M4_mrf_mlp,tuned_grid,mf,1,5,,0.05,,0,,0.298,0.292549,1.833229,0.821451,0.319,0.314303,1.74734,0.797766,0.083322,0.152109,0.175729,1,4,,,,,0.3,0.30343,0.18732,0.04388,0.5,0.94696,,,,,,0.0275,,4225688,9f9bb01aee1b,flip=0.0180
M4_mrf_gcn-b9222d62e7,sbm,M4_mrf_gcn,tuned_grid,mf,1,5,,0.1,,0,,0.336,0.323542,1.759989,0.809988,0.327,0.30805,1.81936,0.819844,0.140038,0.232641,0.393584,1,6,,,,,0.3,0.30343,0.18732,0.04388,0.5,0.94696,,,,,,0.0346,,4225688,9f9bb01aee1b,flip=0.0600
M4_mrf_mlp-f49da9f098,sbm,M4_mrf_mlp,tuned_grid,mf,1,5,,0.1,,0,,0.3,0.294484,1.831567,0.820667,0.32,0.315178,1.743609,0.796409,0.085491,0.154436,0.182603,1,5,,,,,0.3,0.30343,0.18732,0.04388,0.5,0.94696,,,,,,0.069,,4225688,9f9bb01aee1b,flip=0.0330
M4_mrf_gcn-2bca1476ea,sbm,M4_mrf_gcn,tuned_grid,mf,1,5,,0.25,,0,,0.326,0.305017,1.842166,0.841022,0.318,0.294709,1.908907,0.851675,0.197265,0.268845,0.439499,1,12,,,,,0.3,0.30343,0.18732,0.04388,0.5,0.94696,,,,,,0.1213,,4225688,9f9bb01aee1b,flip=0.1230
M4_mrf_mlp-5586b0bb26,sbm,M4_mrf_mlp,tuned_grid,mf,1,5,,0.25,,0,,0.292,0.283437,1.833127,0.820319,0.325,0.318074,1.737667,0.794147,0.087888,0.163794,0.214682,1,10,,,,,0.3,0.30343,0.18732,0.04388,0.5,0.94696,,,,,,0.1681,,4225688,9f9bb01aee1b,flip=0.0890
M4_mrf_gcn-5503425f3b,sbm,M4_mrf_gcn,tuned_grid,mf,1,5,,0.5,,0,,0.246,0.201648,2.661658,1.137078,0.223,0.181681,2.709239,1.137832,0.483027,0.53294,0.719045,1,41,,,,,0.3,0.30343,0.18732,0.04388,0.5,0.94696,,,,,,0.5666,,4225688,9f9bb01aee1b,flip=0.4640
M4_mrf_mlp-2004b8f4db,sbm,M4_mrf_mlp,tuned_grid,mf,1,5,,0.5,,0,,0.196,0.143028,2.565351,1.124274,0.22,0.157892,2.413843,1.085537,0.432289,0.487755,0.794748,1,54,,,,,0.3,0.30343,0.18732,0.04388,0.5,0.94696,,,,,,0.7821,,4225688,9f9bb01aee1b,flip=0.6090
M4_mrf_gcn-3084595d21,sbm,M4_mrf_gcn,tuned_grid,mf,1,5,,1.0,,0,,0.156,0.052521,6.709447,1.624634,0.147,0.052199,6.727628,1.635958,0.813548,0.958721,0.989336,1,28,,,,,0.3,0.30343,0.18732,0.04388,0.5,0.94696,,,,,,0.3273,,4225688,9f9bb01aee1b,flip=0.6720
M4_mrf_mlp-c38f806e3c,sbm,M4_mrf_mlp,tuned_grid,mf,1,5,,1.0,,0,,0.14,0.042633,6.707564,1.662168,0.163,0.043872,6.431586,1.610844,0.801712,0.969696,0.997004,1,15,,,,,0.3,0.30343,0.18732,0.04388,0.5,0.94696,,,,,,0.2005,,4225688,9f9bb01aee1b,flip=0.7660
M4_mrf_gcn-e92004d957,sbm,M4_mrf_gcn,tuned_grid,mf,1,5,,2.0,,0,,0.148,0.036834,13.64341,1.694564,0.14,0.036975,13.671169,1.708645,0.854216,0.997748,0.999295,1,9,,,,,0.3,0.30343,0.18732,0.04388,0.5,0.94696,,,,,,0.1203,,4225688,9f9bb01aee1b,flip=0.6830
M4_mrf_mlp-ac5021748d,sbm,M4_mrf_mlp,tuned_grid,mf,1,5,,2.0,,0,,0.136,0.034205,13.674187,1.718986,0.162,0.041687,13.218489,1.668741,0.83272,0.998408,1.0,1,6,,,,,0.3,0.30343,0.18732,0.04388,0.5,0.94696,,,,,,0.0518,,4225688,9f9bb01aee1b,flip=0.7730
OF-c014361519,sbm,Oracle_F,oracle,closed_form,1,5,,,,,,0.734,,,,0.729,,,,,,,,,,,,,0.3,0.30343,0.18732,0.04388,0.5,0.94696,,,,,,,,4225688,9f9bb01aee1b,"feature-only Bayes rule, known generative parameters"
OG-98bcf54418,sbm,Oracle_G,oracle,mf,1,5,,0.94696,,,,0.818,0.817685,0.529004,0.267191,0.797,0.797044,0.574583,0.284562,0.028551,0.290633,0.312946,1,40,,,,,0.3,0.30343,0.18732,0.04388,0.5,0.94696,,,,,,,,4225688,9f9bb01aee1b,true Gaussian unaries + generator-implied coupling
M0_mlp-4ae535b7dc,sbm,M0_mlp,train,none,5,5,0.0,,,,26,0.46,0.454861,1.475155,0.694604,0.433,0.434611,1.585061,0.7236,0.081291,0.154964,0.170442,,,,,,,0.3,0.30343,0.18732,0.04388,0.5,0.94696,0.01,0.0005,64,0.5,0.328,,results/logits/M0_mlp-4ae535b7dc.npz,4225688,9f9bb01aee1b,
M1_gcn-c0394890bc,sbm,M1_gcn,train,none,5,5,0.0,,,,32,0.45,0.415251,1.708437,0.780437,0.405,0.386029,1.741301,0.791005,0.181886,0.152902,0.340442,,,,,,,0.3,0.30343,0.18732,0.04388,0.5,0.94696,0.005,0.001,64,0.5,3.374,,results/logits/M1_gcn-c0394890bc.npz,4225688,9f9bb01aee1b,
LP-6bb971a652,sbm,LP,closed_form,label_prop,5,5,,,,,,0.198,0.114518,1.988142,0.853562,0.154,0.096833,1.996015,0.861462,0.063662,0.152579,0.72821,,,,,,,0.3,0.30343,0.18732,0.04388,0.5,0.94696,,,,,,,,4225688,9f9bb01aee1b,uses train labels as inference-time evidence
M2_lap-7a6568c9f6,sbm,M2_lap,train,none,5,5,0.001,,,,32,0.45,0.415251,1.708442,0.780439,0.405,0.386029,1.741305,0.791007,0.181889,0.152902,0.340442,,,,,,,0.3,0.30343,0.18732,0.04388,0.5,0.94696,0.005,0.001,64,0.5,3.591,,,4225688,9f9bb01aee1b,
M2_lap-f23eac0ec0,sbm,M2_lap,train,none,5,5,0.01,,,,32,0.45,0.415328,1.708502,0.780463,0.405,0.386029,1.741358,0.791027,0.181911,0.152899,0.340266,,,,,,,0.3,0.30343,0.18732,0.04388,0.5,0.94696,0.005,0.001,64,0.5,3.63,,,4225688,9f9bb01aee1b,
M2_lap-55d3473dee,sbm,M2_lap,train,none,5,5,0.1,,,,32,0.45,0.415328,1.70886,0.780614,0.405,0.386245,1.741683,0.791158,0.182152,0.152849,0.339209,,,,,,,0.3,0.30343,0.18732,0.04388,0.5,0.94696,0.005,0.001,64,0.5,3.316,,,4225688,9f9bb01aee1b,
M2_lap-74780bae9b,sbm,M2_lap,train,none,5,5,0.5,,,,32,0.45,0.416408,1.71077,0.781422,0.405,0.386902,1.743272,0.791814,0.183199,0.152652,0.338151,,,,,,,0.3,0.30343,0.18732,0.04388,0.5,0.94696,0.005,0.001,64,0.5,3.723,,,4225688,9f9bb01aee1b,
M2_lap-278acf8dc3,sbm,M2_lap,train,none,5,5,1.0,,,,33,0.45,0.419901,1.705028,0.77961,0.41,0.395088,1.738131,0.790216,0.185868,0.153169,0.339826,,,,,,,0.3,0.30343,0.18732,0.04388,0.5,0.94696,0.005,0.001,64,0.5,3.65,,,4225688,9f9bb01aee1b,
M2_lap-c48338b72e,sbm,M2_lap,train,none,5,5,5.0,,,,29,0.436,0.399691,1.752942,0.796678,0.401,0.384434,1.780589,0.805108,0.197083,0.149555,0.34714,,,,,,,0.3,0.30343,0.18732,0.04388,0.5,0.94696,0.005,0.001,64,0.5,3.224,,,4225688,9f9bb01aee1b,
M4_mrf_gcn-23d5c46aa9,sbm,M4_mrf_gcn,tuned_grid,mf,5,5,,0.05,,0,,0.45,0.412063,1.704294,0.778723,0.404,0.384295,1.738403,0.789727,0.178052,0.153839,0.349608,1,4,,,,,0.3,0.30343,0.18732,0.04388,0.5,0.94696,,,,,,0.0343,,4225688,9f9bb01aee1b,flip=0.0220
M4_mrf_mlp-857643f610,sbm,M4_mrf_mlp,tuned_grid,mf,5,5,,0.05,,0,,0.46,0.454873,1.463648,0.689554,0.429,0.430667,1.57617,0.720218,0.09006,0.157973,0.175024,1,4,,,,,0.3,0.30343,0.18732,0.04388,0.5,0.94696,,,,,,0.0305,,4225688,9f9bb01aee1b,flip=0.0100
M4_mrf_gcn-881f8b2cf5,sbm,M4_mrf_gcn,tuned_grid,mf,5,5,,0.1,,0,,0.444,0.403825,1.699987,0.776893,0.399,0.378549,1.735455,0.788372,0.169818,0.154911,0.361946,1,5,,,,,0.3,0.30343,0.18732,0.04388,0.5,0.94696,,,,,,0.037,,4225688,9f9bb01aee1b,flip=0.0470
M4_mrf_mlp-51f75917bc,sbm,M4_mrf_mlp,tuned_grid,mf,5,5,,0.1,,0,,0.464,0.458384,1.452496,0.684535,0.433,0.434968,1.567833,0.716966,0.083286,0.16114,0.181634,1,5,,,,,0.3,0.30343,0.18732,0.04388,0.5,0.94696,,,,,,0.091,,4225688,9f9bb01aee1b,flip=0.0270
M4_mrf_gcn-475b761618,sbm,M4_mrf_gcn,tuned_grid,mf,5,5,,0.25,,0,,0.43,0.381045,1.686295,0.770635,0.38,0.35305,1.726714,0.783873,0.137768,0.159407,0.385564,1,8,,,,,0.3,0.30343,0.18732,0.04388,0.5,0.94696,,,,,,0.0657,,4225688,9f9bb01aee1b,flip=0.1090
M4_mrf_mlp-1b55ea563f,sbm,M4_mrf_mlp,tuned_grid,mf,5,5,,0.25,,0,,0.48,0.474057,1.421433,0.669907,0.445,0.447414,1.546827,0.70832,0.072172,0.172066,0.206398,1,8,,,,,0.3,0.30343,0.18732,0.04388,0.5,0.94696,,,,,,0.0828,,4225688,9f9bb01aee1b,flip=0.0740
M4_mrf_gcn-92cb26d45d,sbm,M4_mrf_gcn,tuned_grid,mf,5,5,,0.5,,0,,0.162,0.059885,2.952023,1.321655,0.143,0.048208,2.99229,1.336987,0.633792,0.699995,0.991187,1,28,,,,,0.3,0.30343,0.18732,0.04388,0.5,0.94696,,,,,,0.347,,4225688,9f9bb01aee1b,flip=0.7760
M4_mrf_mlp-ce6299d2cb,sbm,M4_mrf_mlp,tuned_grid,mf,5,5,,0.5,,0,,0.472,0.465527,1.395491,0.657545,0.448,0.448335,1.547571,0.708099,0.102365,0.202572,0.261919,1,26,,,,,0.3,0.30343,0.18732,0.04388,0.5,0.94696,,,,,,0.3526,,4225688,9f9bb01aee1b,flip=0.1840
M4_mrf_gcn-4b00e7006a,sbm,M4_mrf_gcn,tuned_grid,mf,5,5,,1.0,,0,,0.152,0.041193,6.795406,1.655647,0.139,0.038392,6.81071,1.676228,0.836621,0.978831,0.999824,1,11,,,,,0.3,0.30343,0.18732,0.04388,0.5,0.94696,,,,,,0.0911,,4225688,9f9bb01aee1b,flip=0.7880
M4_mrf_mlp-bb792e5406,sbm,M4_mrf_mlp,tuned_grid,mf,5,5,,1.0,,0,,0.152,0.05086,5.918036,1.600433,0.149,0.051611,6.100756,1.618754,0.807496,0.947641,0.988543,1,20,,,,,0.3,0.30343,0.18732,0.04388,0.5,0.94696,,,,,,0.2659,,4225688,9f9bb01aee1b,flip=0.7890
M4_mrf_gcn-71a20701cb,sbm,M4_mrf_gcn,tuned_grid,mf,5,5,,2.0,,0,,0.152,0.041193,13.755764,1.693687,0.138,0.036542,13.751219,1.716868,0.858655,0.998757,1.0,1,7,,,,,0.3,0.30343,0.18732,0.04388,0.5,0.94696,,,,,,0.0792,,4225688,9f9bb01aee1b,flip=0.7890
M4_mrf_mlp-15a45eb7c9,sbm,M4_mrf_mlp,tuned_grid,mf,5,5,,2.0,,0,,0.146,0.039951,13.063417,1.697648,0.144,0.041443,13.147473,1.703042,0.850533,0.997335,0.999119,1,9,,,,,0.3,0.30343,0.18732,0.04388,0.5,0.94696,,,,,,0.0956,,4225688,9f9bb01aee1b,flip=0.7970
OF-687c08b119,sbm,Oracle_F,oracle,closed_form,5,5,,,,,,0.758,,,,0.726,,,,,,,,,,,,,0.3,0.30343,0.18732,0.04388,0.5,0.94696,,,,,,,,4225688,9f9bb01aee1b,"feature-only Bayes rule, known generative parameters"
OG-1a58152198,sbm,Oracle_G,oracle,mf,5,5,,0.94696,,,,0.818,0.817595,0.509584,0.256568,0.807,0.806749,0.591667,0.28573,0.035997,0.290633,0.312946,1,40,,,,,0.3,0.30343,0.18732,0.04388,0.5,0.94696,,,,,,,,4225688,9f9bb01aee1b,true Gaussian unaries + generator-implied coupling
M0_mlp-1d10ebc196,sbm,M0_mlp,train,none,20,5,0.0,,,,21,0.614,0.616212,1.133943,0.55324,0.598,0.597948,1.11213,0.540623,0.054783,0.163337,0.192033,,,,,,,0.3,0.30343,0.18732,0.04388,0.5,0.94696,0.01,0.0005,64,0.5,0.304,,results/logits/M0_mlp-1d10ebc196.npz,4225688,9f9bb01aee1b,
M1_gcn-74ea7bc9fb,sbm,M1_gcn,train,none,20,5,0.0,,,,60,0.586,0.5859,1.2412,0.587581,0.611,0.610388,1.215546,0.57155,0.174834,0.203446,0.337446,,,,,,,0.3,0.30343,0.18732,0.04388,0.5,0.94696,0.005,0.001,64,0.5,4.249,,results/logits/M1_gcn-74ea7bc9fb.npz,4225688,9f9bb01aee1b,
LP-703e742772,sbm,LP,closed_form,label_prop,20,5,,,,,,0.184,0.177835,1.923376,0.850278,0.211,0.205262,1.954333,0.842107,0.043229,0.156578,0.425046,,,,,,,0.3,0.30343,0.18732,0.04388,0.5,0.94696,,,,,,,,4225688,9f9bb01aee1b,uses train labels as inference-time evidence
M2_lap-8d8d16c897,sbm,M2_lap,train,none,20,5,0.001,,,,60,0.586,0.5859,1.241263,0.587605,0.611,0.610388,1.215614,0.571583,0.174886,0.203429,0.337446,,,,,,,0.3,0.30343,0.18732,0.04388,0.5,0.94696,0.005,0.001,64,0.5,4.535,,,4225688,9f9bb01aee1b,
M2_lap-dd9ce3407c,sbm,M2_lap,train,none,20,5,0.01,,,,60,0.586,0.585786,1.241759,0.587807,0.611,0.61031,1.21616,0.571827,0.173331,0.203285,0.337799,,,,,,,0.3,0.30343,0.18732,0.04388,0.5,0.94696,0.005,0.001,64,0.5,4.577,,,4225688,9f9bb01aee1b,
M2_lap-2d8cc9520d,sbm,M2_lap,train,none,20,5,0.1,,,,45,0.582,0.579003,1.371748,0.643395,0.616,0.614916,1.355551,0.635699,0.278817,0.173676,0.333568,,,,,,,0.3,0.30343,0.18732,0.04388,0.5,0.94696,0.005,0.001,64,0.5,4.066,,,4225688,9f9bb01aee1b,
M2_lap-1b67ff3355,sbm,M2_lap,train,none,20,5,0.5,,,,54,0.578,0.576157,1.306685,0.614616,0.608,0.607365,1.287806,0.604219,0.227327,0.187222,0.337887,,,,,,,0.3,0.30343,0.18732,0.04388,0.5,0.94696,0.005,0.001,64,0.5,4.113,,,4225688,9f9bb01aee1b,
M2_lap-ff2b15c397,sbm,M2_lap,train,none,20,5,1.0,,,,39,0.576,0.572698,1.467678,0.685533,0.608,0.60661,1.456985,0.680966,0.322446,0.161272,0.336036,,,,,,,0.3,0.30343,0.18732,0.04388,0.5,0.94696,0.005,0.001,64,0.5,3.206,,,4225688,9f9bb01aee1b,
M2_lap-3b93e7918f,sbm,M2_lap,train,none,20,5,5.0,,,,32,0.568,0.564858,1.614181,0.745927,0.594,0.592402,1.60709,0.743063,0.364367,0.150442,0.336653,,,,,,,0.3,0.30343,0.18732,0.04388,0.5,0.94696,0.005,0.001,64,0.5,3.382,,,4225688,9f9bb01aee1b,
M4_mrf_gcn-b8f548df0d,sbm,M4_mrf_gcn,tuned_grid,mf,20,5,,0.05,,0,,0.58,0.580281,1.234629,0.5845,0.609,0.608408,1.207188,0.567395,0.167715,0.208326,0.343527,1,4,,,,,0.3,0.30343,0.18732,0.04388,0.5,0.94696,,,,,,0.0293,,4225688,9f9bb01aee1b,flip=0.0110
M4_mrf_mlp-a0720cf3e9,sbm,M4_mrf_mlp,tuned_grid,mf,20,5,,0.05,,0,,0.62,0.622283,1.119887,0.546737,0.605,0.604987,1.096542,0.533718,0.056539,0.166903,0.198555,1,4,,,,,0.3,0.30343,0.18732,0.04388,0.5,0.94696,,,,,,0.1096,,4225688,9f9bb01aee1b,flip=0.0120
M4_mrf_gcn-31e92d2f92,sbm,M4_mrf_gcn,tuned_grid,mf,20,5,,0.1,,0,,0.582,0.58149,1.228557,0.5817,0.612,0.611559,1.199199,0.563476,0.154828,0.213623,0.351018,1,5,,,,,0.3,0.30343,0.18732,0.04388,0.5,0.94696,,,,,,0.0408,,4225688,9f9bb01aee1b,flip=0.0240
M4_mrf_mlp-d089d5e867,sbm,M4_mrf_mlp,tuned_grid,mf,20,5,,0.1,,0,,0.626,0.627688,1.105874,0.540191,0.609,0.609171,1.080953,0.526689,0.062715,0.170656,0.204371,1,5,,,,,0.3,0.30343,0.18732,0.04388,0.5,0.94696,,,,,,0.0755,,4225688,9f9bb01aee1b,flip=0.0220
M4_mrf_gcn-6cbadb0f42,sbm,M4_mrf_gcn,tuned_grid,mf,20,5,,0.25,,0,,0.572,0.571413,1.215675,0.576127,0.605,0.604533,1.179702,0.554424,0.115015,0.232497,0.370406,1,8,,,,,0.3,0.30343,0.18732,0.04388,0.5,0.94696,,,,,,0.0757,,4225688,9f9bb01aee1b,flip=0.0620
M4_mrf_mlp-c724110d19,sbm,M4_mrf_mlp,tuned_grid,mf,20,5,,0.25,,0,,0.642,0.644129,1.063832,0.520272,0.642,0.641919,1.033989,0.504824,0.077247,0.183377,0.229664,1,7,,,,,0.3,0.30343,0.18732,0.04388,0.5,0.94696,,,,,,0.0661,,4225688,9f9bb01aee1b,flip=0.0810
M4_mrf_gcn-92a0c818b9,sbm,M4_mrf_gcn,tuned_grid,mf,20,5,,0.5,,0,,0.55,0.55001,1.241492,0.588258,0.581,0.58,1.192216,0.563853,0.042594,0.276857,0.39896,1,24,,,,,0.3,0.30343,0.18732,0.04388,0.5,0.94696,,,,,,0.3511,,4225688,9f9bb01aee1b,flip=0.1350
M4_mrf_mlp-acfdd7645b,sbm,M4_mrf_mlp,tuned_grid,mf,20,5,,0.5,,0,,0.644,0.644921,0.996893,0.488501,0.662,0.661503,0.958,0.468214,0.064547,0.211912,0.268265,1,15,,,,,0.3,0.30343,0.18732,0.04388,0.5,0.94696,,,,,,0.1959,,4225688,9f9bb01aee1b,flip=0.1470
M4_mrf_gcn-a798ac06a0,sbm,M4_mrf_gcn,tuned_grid,mf,20,5,,1.0,,0,,0.162,0.065954,5.708977,1.584197,0.154,0.066522,5.699892,1.604797,0.80099,0.947352,0.986252,1,34,,,,,0.3,0.30343,0.18732,0.04388,0.5,0.94696,,,,,,0.4066,,4225688,9f9bb01aee1b,flip=0.8170
M4_mrf_mlp-f3e01c5d82,sbm,M4_mrf_mlp,tuned_grid,mf,20,5,,1.0,,0,,0.148,0.082872,5.317135,1.596703,0.175,0.092397,5.103617,1.551308,0.767034,0.916084,0.959901,1,42,,,,,0.3,0.30343,0.18732,0.04388,0.5,0.94696,,,,,,0.6013,,4225688,9f9bb01aee1b,flip=0.8070
M4_mrf_gcn-34dd75e7c0,sbm,M4_mrf_gcn,tuned_grid,mf,20,5,,2.0,,0,,0.15,0.041294,12.818472,1.691228,0.143,0.043143,12.82457,1.70477,0.851058,0.996802,0.998766,1,20,,,,,0.3,0.30343,0.18732,0.04388,0.5,0.94696,,,,,,0.309,,4225688,9f9bb01aee1b,flip=0.8340
M4_mrf_mlp-1294212d8c,sbm,M4_mrf_mlp,tuned_grid,mf,20,5,,2.0,,0,,0.122,0.035051,12.748363,1.740338,0.151,0.045046,12.270828,1.689372,0.842242,0.995896,0.99859,1,34,,,,,0.3,0.30343,0.18732,0.04388,0.5,0.94696,,,,,,0.4464,,4225688,9f9bb01aee1b,flip=0.8350
OF-496c3d781a,sbm,Oracle_F,oracle,closed_form,20,5,,,,,,0.754,,,,0.746,,,,,,,,,,,,,0.3,0.30343,0.18732,0.04388,0.5,0.94696,,,,,,,,4225688,9f9bb01aee1b,"feature-only Bayes rule, known generative parameters"
OG-1173971cda,sbm,Oracle_G,oracle,mf,20,5,,0.94696,,,,0.788,0.78983,0.555661,0.283149,0.816,0.81598,0.547347,0.268901,0.0244,0.290633,0.312946,1,40,,,,,0.3,0.30343,0.18732,0.04388,0.5,0.94696,,,,,,,,4225688,9f9bb01aee1b,true Gaussian unaries + generator-implied coupling
M0_mlp-5c52b83b4e,sbm,M0_mlp,train,none,1,6,0.0,,,,104,0.326,0.321575,2.070576,0.902464,0.352,0.34745,1.989479,0.86962,0.250957,0.156586,0.161958,,,,,,,0.3,0.30508,0.18923,0.04432,0.5,0.94696,0.01,0.0005,64,0.5,0.797,,results/logits/M0_mlp-5c52b83b4e.npz,4225688,9f9bb01aee1b,
M1_gcn-74182578ad,sbm,M1_gcn,train,none,1,6,0.0,,,,41,0.27,0.258618,1.851194,0.826608,0.286,0.267995,1.839366,0.821422,0.055336,0.15686,0.327436,,,,,,,0.3,0.30508,0.18923,0.04432,0.5,0.94696,0.005,0.001,64,0.5,3.092,,results/logits/M1_gcn-74182578ad.npz,4225688,9f9bb01aee1b,
LP-4a6d09f987,sbm,LP,closed_form,label_prop,1,6,,,,,,0.116,0.085306,2.031105,0.866131,0.161,0.113196,1.959021,0.860615,0.042013,0.147499,0.515888,,,,,,,0.3,0.30508,0.18923,0.04432,0.5,0.94696,,,,,,,,4225688,9f9bb01aee1b,uses train labels as inference-time evidence
M2_lap-af889f2a92,sbm,M2_lap,train,none,1,6,0.001,,,,41,0.27,0.258618,1.851193,0.826608,0.286,0.267995,1.839366,0.821422,0.055339,0.156859,0.327436,,,,,,,0.3,0.30508,0.18923,0.04432,0.5,0.94696,0.005,0.001,64,0.5,3.55,,,4225688,9f9bb01aee1b,
M2_lap-13f904c613,sbm,M2_lap,train,none,1,6,0.01,,,,41,0.27,0.258748,1.851178,0.826606,0.285,0.267216,1.839368,0.821426,0.054369,0.156849,0.327436,,,,,,,0.3,0.30508,0.18923,0.04432,0.5,0.94696,0.005,0.001,64,0.5,3.731,,,4225688,9f9bb01aee1b,
M2_lap-e63e81f0a0,sbm,M2_lap,train,none,1,6,0.1,,,,41,0.27,0.258846,1.850936,0.826561,0.284,0.266438,1.839296,0.821438,0.053997,0.156735,0.327084,,,,,,,0.3,0.30508,0.18923,0.04432,0.5,0.94696,0.005,0.001,64,0.5,3.537,,,4225688,9f9bb01aee1b,
M2_lap-4df4f15d0b,sbm,M2_lap,train,none,1,6,0.5,,,,41,0.27,0.260004,1.850306,0.82644,0.284,0.26662,1.839033,0.821457,0.044025,0.156332,0.3255,,,,,,,0.3,0.30508,0.18923,0.04432,0.5,0.94696,0.005,0.001,64,0.5,3.452,,,4225688,9f9bb01aee1b,
M2_lap-7c095eab26,sbm,M2_lap,train,none,1,6,1.0,,,,40,0.268,0.257748,1.852476,0.827274,0.279,0.260679,1.841373,0.82245,0.046324,0.15536,0.326556,,,,,,,0.3,0.30508,0.18923,0.04432,0.5,0.94696,0.005,0.001,64,0.5,3.852,,,4225688,9f9bb01aee1b,
M2_lap-3c35df410d,sbm,M2_lap,train,none,1,6,5.0,,,,38,0.266,0.260442,1.856498,0.829273,0.283,0.267765,1.848455,0.825673,0.055644,0.151769,0.319426,,,,,,,0.3,0.30508,0.18923,0.04432,0.5,0.94696,0.005,0.001,64,0.5,3.764,,,4225688,9f9bb01aee1b,
M4_mrf_gcn-20ca964ec2,sbm,M4_mrf_gcn,tuned_grid,mf,1,6,,0.05,,0,,0.262,0.250192,1.852479,0.826863,0.286,0.265413,1.839857,0.821295,0.041635,0.158273,0.337646,1,4,,,,,0.3,0.30508,0.18923,0.04432,0.5,0.94696,,,,,,0.0649,,4225688,9f9bb01aee1b,flip=0.0240
M4_mrf_mlp-1a861def29,sbm,M4_mrf_mlp,tuned_grid,mf,1,6,,0.05,,0,,0.324,0.318998,2.067595,0.901067,0.353,0.348569,1.985795,0.868214,0.250881,0.160248,0.168735,1,4,,,,,0.3,0.30508,0.18923,0.04432,0.5,0.94696,,,,,,0.0556,,4225688,9f9bb01aee1b,flip=0.0180
M4_mrf_gcn-1aeb0b3bd9,sbm,M4_mrf_gcn,tuned_grid,mf,1,6,,0.1,,0,,0.258,0.245664,1.854408,0.827305,0.287,0.26458,1.840783,0.821281,0.04555,0.159904,0.345304,1,5,,,,,0.3,0.30508,0.18923,0.04432,0.5,0.94696,,,,,,0.0598,,4225688,9f9bb01aee1b,flip=0.0350
M4_mrf_mlp-a51a102cbe,sbm,M4_mrf_mlp,tuned_grid,mf,1,6,,0.1,,0,,0.326,0.320178,2.066295,0.900084,0.354,0.349438,1.9837,0.867182,0.251249,0.164087,0.174368,1,5,,,,,0.3,0.30508,0.18923,0.04432,0.5,0.94696,,,,,,0.1191,,4225688,9f9bb01aee1b,flip=0.0300
M4_mrf_gcn-a3dab5da0a,sbm,M4_mrf_gcn,tuned_grid,mf,1,6,,0.25,,0,,0.254,0.238088,1.866386,0.830559,0.277,0.247565,1.847965,0.822569,0.03606,0.166964,0.383417,1,9,,,,,0.3,0.30508,0.18923,0.04432,0.5,0.94696,,,,,,0.0593,,4225688,9f9bb01aee1b,flip=0.1040
M4_mrf_mlp-c166c2d049,sbm,M4_mrf_mlp,tuned_grid,mf,1,6,,0.25,,0,,0.328,0.320378,2.073934,0.899782,0.365,0.358905,1.98864,0.866682,0.249657,0.177096,0.194965,1,7,,,,,0.3,0.30508,0.18923,0.04432,0.5,0.94696,,,,,,0.0892,,4225688,9f9bb01aee1b,flip=0.0610
M4_mrf_gcn-bb0da225ce,sbm,M4_mrf_gcn,tuned_grid,mf,1,6,,0.5,,0,,0.142,0.043945,3.150559,1.34374,0.155,0.049216,3.044332,1.308528,0.609843,0.676013,0.987149,1,29,,,,,0.3,0.30508,0.18923,0.04432,0.5,0.94696,,,,,,0.3441,,4225688,9f9bb01aee1b,flip=0.7430
M4_mrf_mlp-20aec9712f,sbm,M4_mrf_mlp,tuned_grid,mf,1,6,,0.5,,0,,0.342,0.329436,2.147387,0.911891,0.353,0.343788,2.058215,0.880128,0.282799,0.20904,0.239856,1,16,,,,,0.3,0.30508,0.18923,0.04432,0.5,0.94696,,,,,,0.2165,,4225688,9f9bb01aee1b,flip=0.1440
M4_mrf_gcn-2bd630c804,sbm,M4_mrf_gcn,tuned_grid,mf,1,6,,1.0,,0,,0.14,0.035149,7.16628,1.684737,0.152,0.041402,6.909429,1.64925,0.820246,0.977645,0.999032,1,13,,,,,0.3,0.30508,0.18923,0.04432,0.5,0.94696,,,,,,0.2705,,4225688,9f9bb01aee1b,flip=0.7580
M4_mrf_mlp-da603d011e,sbm,M4_mrf_mlp,tuned_grid,mf,1,6,,1.0,,0,,0.168,0.083802,5.933017,1.53954,0.167,0.084774,5.898988,1.550539,0.766708,0.883388,0.937418,1,36,,,,,0.3,0.30508,0.18923,0.04432,0.5,0.94696,,,,,,0.5192,,4225688,9f9bb01aee1b,flip=0.7410
M4_mrf_gcn-73d9ccf1da,sbm,M4_mrf_gcn,tuned_grid,mf,1,6,,2.0,,0,,0.14,0.035149,14.281098,1.717971,0.15,0.0373,13.79277,1.689742,0.843925,0.998512,0.999824,1,11,,,,,0.3,0.30508,0.18923,0.04432,0.5,0.94696,,,,,,0.1018,,4225688,9f9bb01aee1b,flip=0.7620
M4_mrf_mlp-d12d85dafc,sbm,M4_mrf_mlp,tuned_grid,mf,1,6,,2.0,,0,,0.148,0.045161,13.213073,1.69679,0.15,0.050332,13.137945,1.684012,0.840203,0.993449,0.996743,1,27,,,,,0.3,0.30508,0.18923,0.04432,0.5,0.94696,,,,,,0.4177,,4225688,9f9bb01aee1b,flip=0.7820
OF-569b75476b,sbm,Oracle_F,oracle,closed_form,1,6,,,,,,0.768,,,,0.723,,,,,,,,,,,,,0.3,0.30508,0.18923,0.04432,0.5,0.94696,,,,,,,,4225688,9f9bb01aee1b,"feature-only Bayes rule, known generative parameters"
OG-6b57775da6,sbm,Oracle_G,oracle,mf,1,6,,0.94696,,,,0.82,0.820173,0.498489,0.247528,0.792,0.791053,0.615747,0.295952,0.030676,0.289271,0.310888,1,29,,,,,0.3,0.30508,0.18923,0.04432,0.5,0.94696,,,,,,,,4225688,9f9bb01aee1b,true Gaussian unaries + generator-implied coupling
M0_mlp-b141380408,sbm,M0_mlp,train,none,5,6,0.0,,,,18,0.472,0.470836,1.417948,0.665855,0.49,0.488857,1.413846,0.661482,0.080502,0.15071,0.171464,,,,,,,0.3,0.30508,0.18923,0.04432,0.5,0.94696,0.01,0.0005,64,0.5,0.387,,results/logits/M0_mlp-b141380408.npz,4225688,9f9bb01aee1b,
M1_gcn-e7f0b1978f,sbm,M1_gcn,train,none,5,6,0.0,,,,87,0.478,0.477859,1.547846,0.697268,0.443,0.439706,1.518685,0.710875,0.072915,0.228895,0.333421,,,,,,,0.3,0.30508,0.18923,0.04432,0.5,0.94696,0.005,0.001,64,0.5,5.202,,results/logits/M1_gcn-e7f0b1978f.npz,4225688,9f9bb01aee1b,
LP-c2386707a2,sbm,LP,closed_form,label_prop,5,6,,,,,,0.14,0.074376,1.954045,0.859954,0.167,0.102444,1.969741,0.856114,0.04246,0.148048,0.730746,,,,,,,0.3,0.30508,0.18923,0.04432,0.5,0.94696,,,,,,,,4225688,9f9bb01aee1b,uses train labels as inference-time evidence
M2_lap-01b3da5a63,sbm,M2_lap,train,none,5,6,0.001,,,,86,0.478,0.477663,1.545558,0.696987,0.441,0.436946,1.517741,0.710455,0.075051,0.227959,0.333509,,,,,,,0.3,0.30508,0.18923,0.04432,0.5,0.94696,0.005,0.001,64,0.5,5.68,,,4225688,9f9bb01aee1b,
M2_lap-2a1391ac04,sbm,M2_lap,train,none,5,6,0.01,,,,87,0.478,0.477859,1.547881,0.697383,0.442,0.438466,1.518986,0.710993,0.071466,0.228665,0.333333,,,,,,,0.3,0.30508,0.18923,0.04432,0.5,0.94696,0.005,0.001,64,0.5,5.311,,,4225688,9f9bb01aee1b,
M2_lap-5f2fb13357,sbm,M2_lap,train,none,5,6,0.1,,,,66,0.476,0.476228,1.504619,0.689674,0.444,0.445295,1.48802,0.700537,0.059134,0.197063,0.32682,,,,,,,0.3,0.30508,0.18923,0.04432,0.5,0.94696,0.005,0.001,64,0.5,5.111,,,4225688,9f9bb01aee1b,
M2_lap-067d4e98de,sbm,M2_lap,train,none,5,6,0.5,,,,67,0.476,0.475986,1.515029,0.694563,0.436,0.437465,1.500539,0.70554,0.046688,0.194805,0.327876,,,,,,,0.3,0.30508,0.18923,0.04432,0.5,0.94696,0.005,0.001,64,0.5,4.721,,,4225688,9f9bb01aee1b,
M2_lap-f1df178085,sbm,M2_lap,train,none,5,6,1.0,,,,63,0.474,0.47406,1.528689,0.702719,0.433,0.432884,1.518726,0.712314,0.075031,0.185149,0.326732,,,,,,,0.3,0.30508,0.18923,0.04432,0.5,0.94696,0.005,0.001,64,0.5,4.48,,,4225688,9f9bb01aee1b,
M2_lap-867bdf0814,sbm,M2_lap,train,none,5,6,5.0,,,,34,0.46,0.458789,1.714397,0.78195,0.427,0.423696,1.716454,0.785249,0.209229,0.149469,0.32594,,,,,,,0.3,0.30508,0.18923,0.04432,0.5,0.94696,0.005,0.001,64,0.5,3.658,,,4225688,9f9bb01aee1b,
M4_mrf_gcn-e75e0f0424,sbm,M4_mrf_gcn,tuned_grid,mf,5,6,,0.05,,0,,0.47,0.469646,1.554237,0.698788,0.442,0.438923,1.524074,0.71275,0.105347,0.234888,0.341255,1,5,,,,,0.3,0.30508,0.18923,0.04432,0.5,0.94696,,,,,,0.1397,,4225688,9f9bb01aee1b,flip=0.0130
M4_mrf_mlp-136ae02264,sbm,M4_mrf_mlp,tuned_grid,mf,5,6,,0.05,,0,,0.484,0.482621,1.409353,0.661907,0.492,0.490836,1.403859,0.657331,0.085456,0.152707,0.179474,1,4,,,,,0.3,0.30508,0.18923,0.04432,0.5,0.94696,,,,,,0.0301,,4225688,9f9bb01aee1b,flip=0.0150
M4_mrf_gcn-066a67f1ae,sbm,M4_mrf_gcn,tuned_grid,mf,5,6,,0.1,,0,,0.468,0.467158,1.562469,0.701038,0.44,0.436879,1.53153,0.715496,0.111894,0.241237,0.346536,1,5,,,,,0.3,0.30508,0.18923,0.04432,0.5,0.94696,,,,,,0.0565,,4225688,9f9bb01aee1b,flip=0.0320
M4_mrf_mlp-7c2f463ade,sbm,M4_mrf_mlp,tuned_grid,mf,5,6,,0.1,,0,,0.478,0.476599,1.400689,0.657858,0.498,0.496492,1.393737,0.653071,0.082184,0.154825,0.188276,1,5,,,,,0.3,0.30508,0.18923,0.04432,0.5,0.94696,,,,,,0.0543,,4225688,9f9bb01aee1b,flip=0.0310
M4_mrf_gcn-19642d8f6b,sbm,M4_mrf_gcn,tuned_grid,mf,5,6,,0.25,,0,,0.464,0.462541,1.601556,0.713385,0.439,0.434336,1.570175,0.730447,0.126151,0.262964,0.368894,1,9,,,,,0.3,0.30508,0.18923,0.04432,0.5,0.94696,,,,,,0.1027,,4225688,9f9bb01aee1b,flip=0.0710
M4_mrf_mlp-e50082e862,sbm,M4_mrf_mlp,tuned_grid,mf,5,6,,0.25,,0,,0.502,0.500465,1.374039,0.644989,0.501,0.499128,1.362184,0.639498,0.091734,0.162298,0.209577,1,8,,,,,0.3,0.30508,0.18923,0.04432,0.5,0.94696,,,,,,0.0995,,4225688,9f9bb01aee1b,flip=0.0800
M4_mrf_gcn-2a060a61e2,sbm,M4_mrf_gcn,tuned_grid,mf,5,6,,0.5,,0,,0.45,0.446303,1.750951,0.763086,0.413,0.404913,1.734118,0.792395,0.225672,0.312283,0.408415,1,26,,,,,0.3,0.30508,0.18923,0.04432,0.5,0.94696,,,,,,0.4319,,4225688,9f9bb01aee1b,flip=0.1550
M4_mrf_mlp-2c008ede7a,sbm,M4_mrf_mlp,tuned_grid,mf,5,6,,0.5,,0,,0.52,0.515819,1.332173,0.623873,0.522,0.520216,1.309814,0.616529,0.088745,0.183603,0.259836,1,26,,,,,0.3,0.30508,0.18923,0.04432,0.5,0.94696,,,,,,0.2911,,4225688,9f9bb01aee1b,flip=0.1880
M4_mrf_gcn-e7fed0a35e,sbm,M4_mrf_gcn,tuned_grid,mf,5,6,,1.0,,0,,0.154,0.092908,5.49358,1.568562,0.169,0.098355,5.770399,1.561112,0.767036,0.907449,0.950709,1,53,,,,,0.3,0.30508,0.18923,0.04432,0.5,0.94696,,,,,,0.8413,,4225688,9f9bb01aee1b,flip=0.7170
M4_mrf_mlp-16d71bca96,sbm,M4_mrf_mlp,tuned_grid,mf,5,6,,1.0,,0,,0.152,0.044503,5.791832,1.606601,0.147,0.048912,6.104987,1.633461,0.81155,0.961348,0.994719,1,14,,,,,0.3,0.30508,0.18923,0.04432,0.5,0.94696,,,,,,0.2055,,4225688,9f9bb01aee1b,flip=0.8440
M4_mrf_gcn-0e578e80b7,sbm,M4_mrf_gcn,tuned_grid,mf,5,6,,2.0,,0,,0.124,0.031633,12.621757,1.736968,0.14,0.04241,12.947441,1.709655,0.853944,0.994909,0.997447,1,69,,,,,0.3,0.30508,0.18923,0.04432,0.5,0.94696,,,,,,1.1066,,4225688,9f9bb01aee1b,flip=0.7640
M4_mrf_mlp-227b425150,sbm,M4_mrf_mlp,tuned_grid,mf,5,6,,2.0,,0,,0.15,0.037267,12.533848,1.693424,0.14,0.035149,13.157561,1.707853,0.853471,0.997862,0.999648,1,15,,,,,0.3,0.30508,0.18923,0.04432,0.5,0.94696,,,,,,0.1165,,4225688,9f9bb01aee1b,flip=0.8530
OF-5a4106026d,sbm,Oracle_F,oracle,closed_form,5,6,,,,,,0.736,,,,0.743,,,,,,,,,,,,,0.3,0.30508,0.18923,0.04432,0.5,0.94696,,,,,,,,4225688,9f9bb01aee1b,"feature-only Bayes rule, known generative parameters"
OG-02fc942ff0,sbm,Oracle_G,oracle,mf,5,6,,0.94696,,,,0.802,0.801827,0.615179,0.295853,0.812,0.812011,0.567405,0.273206,0.027286,0.289271,0.310888,1,29,,,,,0.3,0.30508,0.18923,0.04432,0.5,0.94696,,,,,,,,4225688,9f9bb01aee1b,true Gaussian unaries + generator-implied coupling
M0_mlp-5e352878a1,sbm,M0_mlp,train,none,20,6,0.0,,,,15,0.602,0.598671,1.232358,0.581348,0.589,0.584144,1.245997,0.593759,0.180715,0.153522,0.191268,,,,,,,0.3,0.30508,0.18923,0.04432,0.5,0.94696,0.01,0.0005,64,0.5,0.401,,results/logits/M0_mlp-5e352878a1.npz,4225688,9f9bb01aee1b,
M1_gcn-414d7cf88c,sbm,M1_gcn,train,none,20,6,0.0,,,,44,0.572,0.564102,1.406467,0.659077,0.564,0.562176,1.420572,0.664621,0.2355,0.170264,0.342399,,,,,,,0.3,0.30508,0.18923,0.04432,0.5,0.94696,0.005,0.001,64,0.5,3.522,,results/logits/M1_gcn-414d7cf88c.npz,4225688,9f9bb01aee1b,
LP-77d80229f7,sbm,LP,closed_form,label_prop,20,6,,,,,,0.22,0.210648,1.909066,0.844989,0.21,0.200088,1.948236,0.848851,0.030323,0.157235,0.40551,,,,,,,0.3,0.30508,0.18923,0.04432,0.5,0.94696,,,,,,,,4225688,9f9bb01aee1b,uses train labels as inference-time evidence
M2_lap-e5bce8eb3e,sbm,M2_lap,train,none,20,6,0.001,,,,44,0.572,0.564102,1.406497,0.65909,0.564,0.562179,1.420599,0.664633,0.235518,0.17026,0.342575,,,,,,,0.3,0.30508,0.18923,0.04432,0.5,0.94696,0.005,0.001,64,0.5,4.269,,,4225688,9f9bb01aee1b,
M2_lap-0d07302f2a,sbm,M2_lap,train,none,20,6,0.01,,,,44,0.572,0.564102,1.406806,0.659229,0.564,0.562156,1.420881,0.66476,0.235701,0.170216,0.342487,,,,,,,0.3,0.30508,0.18923,0.04432,0.5,0.94696,0.005,0.001,64,0.5,4.099,,,4225688,9f9bb01aee1b,
M2_lap-bffb8edb2b,sbm,M2_lap,train,none,20,6,0.1,,,,44,0.572,0.564098,1.409585,0.660477,0.567,0.565155,1.423381,0.665884,0.240372,0.169805,0.342752,,,,,,,0.3,0.30508,0.18923,0.04432,0.5,0.94696,0.005,0.001,64,0.5,3.868,,,4225688,9f9bb01aee1b,
M2_lap-8343001565,sbm,M2_lap,train,none,20,6,0.5,,,,44,0.572,0.565824,1.421895,0.665945,0.562,0.559785,1.434691,0.670952,0.242429,0.168128,0.341431,,,,,,,0.3,0.30508,0.18923,0.04432,0.5,0.94696,0.005,0.001,64,0.5,4.377,,,4225688,9f9bb01aee1b,
M2_lap-e15bbdcf3f,sbm,M2_lap,train,none,20,6,1.0,,,,40,0.57,0.564468,1.481952,0.691631,0.565,0.563503,1.492707,0.696058,0.277605,0.160913,0.339055,,,,,,,0.3,0.30508,0.18923,0.04432,0.5,0.94696,0.005,0.001,64,0.5,3.838,,,4225688,9f9bb01aee1b,
M2_lap-49f8c2c19f,sbm,M2_lap,train,none,20,6,5.0,,,,33,0.566,0.562863,1.629445,0.751817,0.556,0.554284,1.633995,0.753783,0.328916,0.150379,0.33527,,,,,,,0.3,0.30508,0.18923,0.04432,0.5,0.94696,0.005,0.001,64,0.5,3.329,,,4225688,9f9bb01aee1b,
M4_mrf_gcn-1392c702e8,sbm,M4_mrf_gcn,tuned_grid,mf,20,6,,0.05,,0,,0.566,0.557612,1.396532,0.654325,0.562,0.55989,1.411328,0.66021,0.226743,0.172758,0.349793,1,4,,,,,0.3,0.30508,0.18923,0.04432,0.5,0.94696,,,,,,0.0459,,4225688,9f9bb01aee1b,flip=0.0150
M4_mrf_mlp-ddd5dba76c,sbm,M4_mrf_mlp,tuned_grid,mf,20,6,,0.05,,0,,0.602,0.598431,1.221306,0.576153,0.597,0.592637,1.234005,0.588332,0.186265,0.155657,0.200599,1,4,,,,,0.3,0.30508,0.18923,0.04432,0.5,0.94696,,,,,,0.1015,,4225688,9f9bb01aee1b,flip=0.0210
M4_mrf_gcn-d9ee5a5a26,sbm,M4_mrf_gcn,tuned_grid,mf,20,6,,0.1,,0,,0.562,0.553178,1.386198,0.649344,0.561,0.559108,1.40168,0.655573,0.218159,0.175578,0.354282,1,5,,,,,0.3,0.30508,0.18923,0.04432,0.5,0.94696,,,,,,0.061,,4225688,9f9bb01aee1b,flip=0.0250
M4_mrf_mlp-73bc22e4f4,sbm,M4_mrf_mlp,tuned_grid,mf,20,6,,0.1,,0,,0.606,0.601471,1.209895,0.570735,0.609,0.604468,1.221631,0.582642,0.195197,0.157949,0.20808,1,5,,,,,0.3,0.30508,0.18923,0.04432,0.5,0.94696,,,,,,0.0491,,4225688,9f9bb01aee1b,flip=0.0380
M4_mrf_gcn-612c9ce70b,sbm,M4_mrf_gcn,tuned_grid,mf,20,6,,0.25,,0,,0.546,0.536121,1.353226,0.633291,0.563,0.560785,1.370709,0.640567,0.191091,0.186868,0.37039,1,8,,,,,0.3,0.30508,0.18923,0.04432,0.5,0.94696,,,,,,0.0864,,4225688,9f9bb01aee1b,flip=0.0550
M4_mrf_mlp-b53ef43839,sbm,M4_mrf_mlp,tuned_grid,mf,20,6,,0.25,,0,,0.624,0.62114,1.173208,0.553028,0.627,0.621485,1.18173,0.563782,0.199749,0.166272,0.226477,1,8,,,,,0.3,0.30508,0.18923,0.04432,0.5,0.94696,,,,,,0.1088,,4225688,9f9bb01aee1b,flip=0.0870
M4_mrf_gcn-326b6da663,sbm,M4_mrf_gcn,tuned_grid,mf,20,6,,0.5,,0,,0.514,0.493943,1.311564,0.612942,0.534,0.52707,1.334168,0.624072,0.090574,0.225939,0.403486,1,32,,,,,0.3,0.30508,0.18923,0.04432,0.5,0.94696,,,,,,0.4503,,4225688,9f9bb01aee1b,flip=0.1460
M4_mrf_mlp-cac8cadfac,sbm,M4_mrf_mlp,tuned_grid,mf,20,6,,0.5,,0,,0.638,0.632832,1.116003,0.52582,0.631,0.623371,1.117285,0.533669,0.159166,0.192802,0.27436,1,32,,,,,0.3,0.30508,0.18923,0.04432,0.5,0.94696,,,,,,0.5368,,4225688,9f9bb01aee1b,flip=0.1860
M4_mrf_gcn-fe6fedac84,sbm,M4_mrf_gcn,tuned_grid,mf,20,6,,1.0,,0,,0.15,0.044934,6.190684,1.635715,0.146,0.045803,6.316376,1.651121,0.824732,0.971624,0.997359,1,25,,,,,0.3,0.30508,0.18923,0.04432,0.5,0.94696,,,,,,0.279,,4225688,9f9bb01aee1b,flip=0.8430
M4_mrf_mlp-e0673f71fe,sbm,M4_mrf_mlp,tuned_grid,mf,20,6,,1.0,,0,,0.138,0.038187,6.072741,1.647996,0.15,0.041038,5.941035,1.624826,0.816486,0.967078,0.9978,1,15,,,,,0.3,0.30508,0.18923,0.04432,0.5,0.94696,,,,,,0.2194,,4225688,9f9bb01aee1b,flip=0.8210
M4_mrf_gcn-51cfb56ea2,sbm,M4_mrf_gcn,tuned_grid,mf,20,6,,2.0,,0,,0.136,0.034266,13.263648,1.720554,0.148,0.036866,12.946862,1.69541,0.848582,0.998018,0.999648,1,20,,,,,0.3,0.30508,0.18923,0.04432,0.5,0.94696,,,,,,0.2398,,4225688,9f9bb01aee1b,flip=0.8130
M4_mrf_mlp-a8b3afff54,sbm,M4_mrf_mlp,tuned_grid,mf,20,6,,2.0,,0,,0.136,0.034205,13.120246,1.719844,0.149,0.039113,12.825515,1.695353,0.847516,0.998134,0.999736,1,15,,,,,0.3,0.30508,0.18923,0.04432,0.5,0.94696,,,,,,0.347,,4225688,9f9bb01aee1b,flip=0.8220
OF-bbc5580ebd,sbm,Oracle_F,oracle,closed_form,20,6,,,,,,0.754,,,,0.73,,,,,,,,,,,,,0.3,0.30508,0.18923,0.04432,0.5,0.94696,,,,,,,,4225688,9f9bb01aee1b,"feature-only Bayes rule, known generative parameters"
OG-9b829548de,sbm,Oracle_G,oracle,mf,20,6,,0.94696,,,,0.808,0.807694,0.541645,0.258757,0.812,0.810551,0.589484,0.282694,0.028155,0.289271,0.310888,1,29,,,,,0.3,0.30508,0.18923,0.04432,0.5,0.94696,,,,,,,,4225688,9f9bb01aee1b,true Gaussian unaries + generator-implied coupling
M0_mlp-d264464cf7,sbm,M0_mlp,train,none,1,7,0.0,,,,157,0.286,0.284431,2.28359,0.972894,0.239,0.240767,2.299781,0.995395,0.342377,0.150056,0.151802,,,,,,,0.3,0.29856,0.18159,0.04124,0.5,0.94696,0.01,0.0005,64,0.5,1.038,,results/logits/M0_mlp-d264464cf7.npz,4225688,9f9bb01aee1b,
M1_gcn-6f39752084,sbm,M1_gcn,train,none,1,7,0.0,,,,85,0.242,0.220228,2.030285,0.884985,0.213,0.193452,1.999855,0.889946,0.194089,0.213711,0.39651,,,,,,,0.3,0.29856,0.18159,0.04124,0.5,0.94696,0.005,0.001,64,0.5,5.699,,results/logits/M1_gcn-6f39752084.npz,4225688,9f9bb01aee1b,
LP-c7fd324aa9,sbm,LP,closed_form,label_prop,1,7,,,,,,0.148,0.047164,1.970137,0.863765,0.147,0.043639,2.003546,0.866629,0.067023,0.155692,0.972456,,,,,,,0.3,0.29856,0.18159,0.04124,0.5,0.94696,,,,,,,,4225688,9f9bb01aee1b,uses train labels as inference-time evidence
M2_lap-53ffd14ddd,sbm,M2_lap,train,none,1,7,0.001,,,,85,0.242,0.220228,2.030165,0.88494,0.213,0.193452,1.999741,0.889892,0.194002,0.213665,0.39651,,,,,,,0.3,0.29856,0.18159,0.04124,0.5,0.94696,0.005,0.001,64,0.5,6.073,,,4225688,9f9bb01aee1b,
M2_lap-1fb8ef3915,sbm,M2_lap,train,none,1,7,0.01,,,,83,0.24,0.217725,2.027783,0.884435,0.212,0.192263,1.998402,0.8896,0.193612,0.213889,0.400053,,,,,,,0.3,0.29856,0.18159,0.04124,0.5,0.94696,0.005,0.001,64,0.5,6.17,,,4225688,9f9bb01aee1b,
M2_lap-332604b45d,sbm,M2_lap,train,none,1,7,0.1,,,,82,0.242,0.220316,2.020444,0.881842,0.213,0.193728,1.992484,0.886727,0.186503,0.211417,0.39961,,,,,,,0.3,0.29856,0.18159,0.04124,0.5,0.94696,0.005,0.001,64,0.5,5.613,,,4225688,9f9bb01aee1b,
M2_lap-4403e75256,sbm,M2_lap,train,none,1,7,0.5,,,,59,0.238,0.212315,1.941195,0.855296,0.212,0.186778,1.926912,0.85832,0.120099,0.186824,0.389248,,,,,,,0.3,0.29856,0.18159,0.04124,0.5,0.94696,0.005,0.001,64,0.5,4.644,,,4225688,9f9bb01aee1b,
M2_lap-ebdd4532c4,sbm,M2_lap,train,none,1,7,1.0,,,,59,0.24,0.216632,1.935135,0.853033,0.212,0.188314,1.922282,0.855633,0.111303,0.183336,0.382517,,,,,,,0.3,0.29856,0.18159,0.04124,0.5,0.94696,0.005,0.001,64,0.5,4.885,,,4225688,9f9bb01aee1b,
M2_lap-91850f272d,sbm,M2_lap,train,none,1,7,5.0,,,,41,0.226,0.187978,1.887607,0.840155,0.21,0.174236,1.885002,0.841358,0.054468,0.161848,0.415198,,,,,,,0.3,0.29856,0.18159,0.04124,0.5,0.94696,0.005,0.001,64,0.5,3.669,,,4225688,9f9bb01aee1b,
M4_mrf_gcn-743048c09c,sbm,M4_mrf_gcn,tuned_grid,mf,1,7,,0.05,,0,,0.228,0.203489,2.051596,0.89254,0.212,0.19059,2.021298,0.898694,0.206741,0.222272,0.413338,1,5,,,,,0.3,0.29856,0.18159,0.04124,0.5,0.94696,,,,,,0.0675,,4225688,9f9bb01aee1b,flip=0.0190
M4_mrf_mlp-f20ca0a217,sbm,M4_mrf_mlp,tuned_grid,mf,1,7,,0.05,,0,,0.286,0.284721,2.280679,0.972001,0.238,0.239849,2.297201,0.995325,0.343592,0.153316,0.154991,1,4,,,,,0.3,0.29856,0.18159,0.04124,0.5,0.94696,,,,,,0.04,,4225688,9f9bb01aee1b,flip=0.0050
M4_mrf_gcn-5206c63c4d,sbm,M4_mrf_gcn,tuned_grid,mf,1,7,,0.1,,0,,0.222,0.195611,2.07831,0.902334,0.214,0.191362,2.048449,0.909831,0.218628,0.232813,0.434063,1,6,,,,,0.3,0.29856,0.18159,0.04124,0.5,0.94696,,,,,,0.0602,,4225688,9f9bb01aee1b,flip=0.0410
M4_mrf_mlp-6f4ed51a8d,sbm,M4_mrf_mlp,tuned_grid,mf,1,7,,0.1,,0,,0.284,0.282425,2.279339,0.971457,0.238,0.239818,2.296386,0.995752,0.344186,0.15673,0.162342,1,5,,,,,0.3,0.29856,0.18159,0.04124,0.5,0.94696,,,,,,0.0558,,4225688,9f9bb01aee1b,flip=0.0270
M4_mrf_gcn-564cb19b3b,sbm,M4_mrf_gcn,tuned_grid,mf,1,7,,0.25,,0,,0.208,0.173902,2.22364,0.958349,0.204,0.171824,2.198189,0.971559,0.294298,0.290676,0.519617,1,13,,,,,0.3,0.29856,0.18159,0.04124,0.5,0.94696,,,,,,0.2038,,4225688,9f9bb01aee1b,flip=0.1500
M4_mrf_mlp-28e19d9d3b,sbm,M4_mrf_mlp,tuned_grid,mf,1,7,,0.25,,0,,0.284,0.280816,2.286137,0.972294,0.237,0.238767,2.306406,1.000658,0.350114,0.168334,0.179701,1,8,,,,,0.3,0.29856,0.18159,0.04124,0.5,0.94696,,,,,,0.073,,4225688,9f9bb01aee1b,flip=0.0610
M4_mrf_gcn-afc5ab7cb7,sbm,M4_mrf_gcn,tuned_grid,mf,1,7,,0.5,,0,,0.17,0.077707,3.469035,1.328177,0.161,0.072352,3.501111,1.359044,0.631826,0.708822,0.908954,1,22,,,,,0.3,0.29856,0.18159,0.04124,0.5,0.94696,,,,,,0.3345,,4225688,9f9bb01aee1b,flip=0.4950
M4_mrf_mlp-738a52980f,sbm,M4_mrf_mlp,tuned_grid,mf,1,7,,0.5,,0,,0.276,0.273291,2.357716,0.987544,0.235,0.235061,2.396601,1.031267,0.376651,0.198909,0.232752,1,20,,,,,0.3,0.29856,0.18159,0.04124,0.5,0.94696,,,,,,0.1711,,4225688,9f9bb01aee1b,flip=0.1570
M4_mrf_gcn-973f6ba585,sbm,M4_mrf_gcn,tuned_grid,mf,1,7,,1.0,,0,,0.158,0.050819,7.105462,1.631818,0.147,0.038576,7.20536,1.655112,0.824251,0.971608,0.99442,1,16,,,,,0.3,0.29856,0.18159,0.04124,0.5,0.94696,,,,,,0.2202,,4225688,9f9bb01aee1b,flip=0.5750
M4_mrf_mlp-55ab4c117e,sbm,M4_mrf_mlp,tuned_grid,mf,1,7,,1.0,,0,,0.154,0.076701,6.250414,1.585686,0.139,0.065339,6.510982,1.619847,0.798996,0.909892,0.956868,1,32,,,,,0.3,0.29856,0.18159,0.04124,0.5,0.94696,,,,,,0.3221,,4225688,9f9bb01aee1b,flip=0.7590
M4_mrf_gcn-d29ab25513,sbm,M4_mrf_gcn,tuned_grid,mf,1,7,,2.0,,0,,0.154,0.041911,13.826091,1.684601,0.146,0.036432,14.012488,1.702437,0.850948,0.997943,0.999469,1,10,,,,,0.3,0.29856,0.18159,0.04124,0.5,0.94696,,,,,,0.1591,,4225688,9f9bb01aee1b,flip=0.5790
M4_mrf_mlp-9cb1caf33f,sbm,M4_mrf_mlp,tuned_grid,mf,1,7,,2.0,,0,,0.144,0.039671,13.20183,1.69708,0.126,0.033845,13.709142,1.736598,0.867937,0.994375,0.997609,1,17,,,,,0.3,0.29856,0.18159,0.04124,0.5,0.94696,,,,,,0.2845,,4225688,9f9bb01aee1b,flip=0.7920
OF-12ba4fa521,sbm,Oracle_F,oracle,closed_form,1,7,,,,,,0.684,,,,0.73,,,,,,,,,,,,,0.3,0.29856,0.18159,0.04124,0.5,0.94696,,,,,,,,4225688,9f9bb01aee1b,"feature-only Bayes rule, known generative parameters"
OG-1c4d112b67,sbm,Oracle_G,oracle,mf,1,7,,0.94696,,,,0.748,0.746674,0.685559,0.351258,0.793,0.792344,0.614964,0.3066,0.044949,0.293104,0.317332,1,37,,,,,0.3,0.29856,0.18159,0.04124,0.5,0.94696,,,,,,,,4225688,9f9bb01aee1b,true Gaussian unaries + generator-implied coupling
M0_mlp-9694819861,sbm,M0_mlp,train,none,5,7,0.0,,,,14,0.464,0.450343,1.496651,0.700193,0.443,0.438958,1.544853,0.717609,0.107954,0.148315,0.178549,,,,,,,0.3,0.29856,0.18159,0.04124,0.5,0.94696,0.01,0.0005,64,0.5,0.284,,results/logits/M0_mlp-9694819861.npz,4225688,9f9bb01aee1b,
M1_gcn-5f51c0c92c,sbm,M1_gcn,train,none,5,7,0.0,,,,45,0.458,0.449177,1.612912,0.74449,0.425,0.417089,1.64419,0.757716,0.154598,0.161302,0.3323,,,,,,,0.3,0.29856,0.18159,0.04124,0.5,0.94696,0.005,0.001,64,0.5,4.11,,results/logits/M1_gcn-5f51c0c92c.npz,4225688,9f9bb01aee1b,
LP-5af2b6a727,sbm,LP,closed_form,label_prop,5,7,,,,,,0.15,0.10102,1.942385,0.855921,0.167,0.11673,1.939122,0.854721,0.030645,0.147513,0.644761,,,,,,,0.3,0.29856,0.18159,0.04124,0.5,0.94696,,,,,,,,4225688,9f9bb01aee1b,uses train labels as inference-time evidence
M2_lap-c4ac0e2b35,sbm,M2_lap,train,none,5,7,0.001,,,,45,0.458,0.449177,1.612925,0.744496,0.425,0.417089,1.644204,0.757722,0.154609,0.161299,0.3323,,,,,,,0.3,0.29856,0.18159,0.04124,0.5,0.94696,0.005,0.001,64,0.5,4.793,,,4225688,9f9bb01aee1b,
M2_lap-8fd0ea24a2,sbm,M2_lap,train,none,5,7,0.01,,,,45,0.458,0.449177,1.613062,0.744553,0.425,0.417089,1.644338,0.757774,0.154684,0.161283,0.3323,,,,,,,0.3,0.29856,0.18159,0.04124,0.5,0.94696,0.005,0.001,64,0.5,4.449,,,4225688,9f9bb01aee1b,
M2_lap-5b123435d6,sbm,M2_lap,train,none,5,7,0.1,,,,45,0.458,0.449177,1.614448,0.745131,0.423,0.415207,1.645739,0.758335,0.15346,0.161139,0.332654,,,,,,,0.3,0.29856,0.18159,0.04124,0.5,0.94696,0.005,0.001,64,0.5,4.937,,,4225688,9f9bb01aee1b,
M2_lap-917f7a3937,sbm,M2_lap,train,none,5,7,0.5,,,,40,0.454,0.442489,1.655351,0.761028,0.424,0.414198,1.683305,0.771962,0.180354,0.155178,0.332477,,,,,,,0.3,0.29856,0.18159,0.04124,0.5,0.94696,0.005,0.001,64,0.5,4.335,,,4225688,9f9bb01aee1b,
M2_lap-bef80528e1,sbm,M2_lap,train,none,5,7,1.0,,,,42,0.452,0.441889,1.646926,0.758009,0.417,0.408463,1.675795,0.76959,0.167857,0.156625,0.328492,,,,,,,0.3,0.29856,0.18159,0.04124,0.5,0.94696,0.005,0.001,64,0.5,4.037,,,4225688,9f9bb01aee1b,
M2_lap-3ccaaf80e3,sbm,M2_lap,train,none,5,7,5.0,,,,35,0.436,0.42547,1.727537,0.788306,0.414,0.405631,1.751615,0.796871,0.203428,0.149755,0.328226,,,,,,,0.3,0.29856,0.18159,0.04124,0.5,0.94696,0.005,0.001,64,0.5,3.659,,,4225688,9f9bb01aee1b,
M4_mrf_gcn-0b41e06d86,sbm,M4_mrf_gcn,tuned_grid,mf,5,7,,0.05,,0,,0.456,0.446107,1.608105,0.742389,0.425,0.416632,1.640071,0.755935,0.151079,0.162972,0.343194,1,4,,,,,0.3,0.29856,0.18159,0.04124,0.5,0.94696,,,,,,0.164,,4225688,9f9bb01aee1b,flip=0.0220
M4_mrf_mlp-99f55144d4,sbm,M4_mrf_mlp,tuned_grid,mf,5,7,,0.05,,0,,0.468,0.454902,1.490228,0.697671,0.442,0.437927,1.538849,0.715271,0.105597,0.149685,0.184395,1,4,,,,,0.3,0.29856,0.18159,0.04124,0.5,0.94696,,,,,,0.0406,,4225688,9f9bb01aee1b,flip=0.0160
M4_mrf_gcn-a58eba85bd,sbm,M4_mrf_gcn,tuned_grid,mf,5,7,,0.1,,0,,0.456,0.445158,1.603265,0.740225,0.422,0.413168,1.635951,0.754103,0.142016,0.164883,0.351785,1,5,,,,,0.3,0.29856,0.18159,0.04124,0.5,0.94696,,,,,,0.0917,,4225688,9f9bb01aee1b,flip=0.0370
M4_mrf_mlp-9cb413f571,sbm,M4_mrf_mlp,tuned_grid,mf,5,7,,0.1,,0,,0.47,0.453969,1.483617,0.69502,0.444,0.439166,1.532769,0.712861,0.105699,0.151166,0.191657,1,5,,,,,0.3,0.29856,0.18159,0.04124,0.5,0.94696,,,,,,0.0306,,4225688,9f9bb01aee1b,flip=0.0260
M4_mrf_gcn-b7a7c7b275,sbm,M4_mrf_gcn,tuned_grid,mf,5,7,,0.25,,0,,0.442,0.427357,1.589598,0.733753,0.411,0.397446,1.624636,0.748693,0.110106,0.173009,0.385174,1,9,,,,,0.3,0.29856,0.18159,0.04124,0.5,0.94696,,,,,,0.0985,,4225688,9f9bb01aee1b,flip=0.0960
M4_mrf_mlp-0c134a2a7d,sbm,M4_mrf_mlp,tuned_grid,mf,5,7,,0.25,,0,,0.478,0.460715,1.462639,0.68621,0.448,0.444416,1.514224,0.705229,0.103715,0.156703,0.215658,1,8,,,,,0.3,0.29856,0.18159,0.04124,0.5,0.94696,,,,,,0.1437,,4225688,9f9bb01aee1b,flip=0.0740
M4_mrf_gcn-47c2fe30a0,sbm,M4_mrf_gcn,tuned_grid,mf,5,7,,0.5,,0,,0.214,0.134829,2.308372,1.084734,0.203,0.13409,2.390394,1.115283,0.451072,0.507893,0.855283,1,74,,,,,0.3,0.29856,0.18159,0.04124,0.5,0.94696,,,,,,1.0411,,4225688,9f9bb01aee1b,flip=0.6460
M4_mrf_mlp-95729665d1,sbm,M4_mrf_mlp,tuned_grid,mf,5,7,,0.5,,0,,0.472,0.445666,1.443517,0.676801,0.438,0.428109,1.507048,0.701811,0.052751,0.183491,0.310247,1,70,,,,,0.3,0.29856,0.18159,0.04124,0.5,0.94696,,,,,,1.045,,4225688,9f9bb01aee1b,flip=0.2590
M4_mrf_gcn-11223d1930,sbm,M4_mrf_gcn,tuned_grid,mf,5,7,,1.0,,0,,0.164,0.044172,6.396146,1.624779,0.148,0.042265,6.648512,1.650254,0.821991,0.971501,0.997963,1,22,,,,,0.3,0.29856,0.18159,0.04124,0.5,0.94696,,,,,,0.3978,,4225688,9f9bb01aee1b,flip=0.7560
M4_mrf_mlp-3e813d1f99,sbm,M4_mrf_mlp,tuned_grid,mf,5,7,,1.0,,0,,0.164,0.043831,6.252715,1.618063,0.148,0.042043,6.493945,1.645096,0.821824,0.970474,0.998052,1,13,,,,,0.3,0.29856,0.18159,0.04124,0.5,0.94696,,,,,,0.129,,4225688,9f9bb01aee1b,flip=0.8140
M4_mrf_gcn-685321b5dd,sbm,M4_mrf_gcn,tuned_grid,mf,5,7,,2.0,,0,,0.162,0.039901,13.177105,1.669379,0.145,0.036182,13.710162,1.702966,0.851918,0.998311,0.999911,1,12,,,,,0.3,0.29856,0.18159,0.04124,0.5,0.94696,,,,,,0.203,,4225688,9f9bb01aee1b,flip=0.7600
M4_mrf_mlp-0dc0f02c92,sbm,M4_mrf_mlp,tuned_grid,mf,5,7,,2.0,,0,,0.162,0.039833,13.043786,1.669618,0.146,0.038269,13.561056,1.701866,0.850794,0.998268,0.999823,1,9,,,,,0.3,0.29856,0.18159,0.04124,0.5,0.94696,,,,,,0.0938,,4225688,9f9bb01aee1b,flip=0.8160
OF-09c3a143fa,sbm,Oracle_F,oracle,closed_form,5,7,,,,,,0.716,,,,0.723,,,,,,,,,,,,,0.3,0.29856,0.18159,0.04124,0.5,0.94696,,,,,,,,4225688,9f9bb01aee1b,"feature-only Bayes rule, known generative parameters"
OG-2791d64879,sbm,Oracle_G,oracle,mf,5,7,,0.94696,,,,0.768,0.766418,0.625636,0.321298,0.776,0.774441,0.656771,0.326505,0.054771,0.293104,0.317332,1,37,,,,,0.3,0.29856,0.18159,0.04124,0.5,0.94696,,,,,,,,4225688,9f9bb01aee1b,true Gaussian unaries + generator-implied coupling
M0_mlp-25fc2931ce,sbm,M0_mlp,train,none,20,7,0.0,,,,21,0.602,0.598341,1.136972,0.542559,0.597,0.59879,1.122623,0.537128,0.046962,0.164684,0.194314,,,,,,,0.3,0.29856,0.18159,0.04124,0.5,0.94696,0.01,0.0005,64,0.5,0.371,,results/logits/M0_mlp-25fc2931ce.npz,4225688,9f9bb01aee1b,
M1_gcn-d2c2f4ce11,sbm,M1_gcn,train,none,20,7,0.0,,,,52,0.56,0.560342,1.371084,0.640738,0.591,0.589573,1.30929,0.618006,0.214045,0.185313,0.343548,,,,,,,0.3,0.29856,0.18159,0.04124,0.5,0.94696,0.005,0.001,64,0.5,3.92,,results/logits/M1_gcn-d2c2f4ce11.npz,4225688,9f9bb01aee1b,
LP-741fe95804,sbm,LP,closed_form,label_prop,20,7,,,,,,0.192,0.188814,1.924002,0.849451,0.218,0.201661,1.912577,0.845181,0.038833,0.157695,0.4237,,,,,,,0.3,0.29856,0.18159,0.04124,0.5,0.94696,,,,,,,,4225688,9f9bb01aee1b,uses train labels as inference-time evidence
M2_lap-3a8f22b6ce,sbm,M2_lap,train,none,20,7,0.001,,,,52,0.56,0.560342,1.371117,0.640753,0.591,0.589573,1.309329,0.618023,0.214077,0.185303,0.343548,,,,,,,0.3,0.29856,0.18159,0.04124,0.5,0.94696,0.005,0.001,64,0.5,4.053,,,4225688,9f9bb01aee1b,
M2_lap-c1b05f49f3,sbm,M2_lap,train,none,20,7,0.01,,,,52,0.56,0.560178,1.371513,0.640926,0.59,0.588522,1.309775,0.618218,0.213386,0.185212,0.343725,,,,,,,0.3,0.29856,0.18159,0.04124,0.5,0.94696,0.005,0.001,64,0.5,4.583,,,4225688,9f9bb01aee1b,
M2_lap-4e94b26ab9,sbm,M2_lap,train,none,20,7,0.1,,,,52,0.558,0.558487,1.374882,0.642376,0.59,0.588424,1.31378,0.619987,0.216167,0.184376,0.343725,,,,,,,0.3,0.29856,0.18159,0.04124,0.5,0.94696,0.005,0.001,64,0.5,4.29,,,4225688,9f9bb01aee1b,
M2_lap-f74aa8ae92,sbm,M2_lap,train,none,20,7,0.5,,,,48,0.552,0.552854,1.423043,0.663774,0.593,0.591857,1.368647,0.644526,0.25559,0.173796,0.342485,,,,,,,0.3,0.29856,0.18159,0.04124,0.5,0.94696,0.005,0.001,64,0.5,4.108,,,4225688,9f9bb01aee1b,
M2_lap-6bd9d075d0,sbm,M2_lap,train,none,20,7,1.0,,,,48,0.552,0.552279,1.441077,0.67155,0.592,0.590766,1.388991,0.653462,0.266075,0.170792,0.341688,,,,,,,0.3,0.29856,0.18159,0.04124,0.5,0.94696,0.005,0.001,64,0.5,4.394,,,4225688,9f9bb01aee1b,
M2_lap-32e4cc8bb6,sbm,M2_lap,train,none,20,7,5.0,,,,37,0.552,0.552085,1.623509,0.747989,0.589,0.589044,1.592125,0.738546,0.35348,0.151649,0.33974,,,,,,,0.3,0.29856,0.18159,0.04124,0.5,0.94696,0.005,0.001,64,0.5,3.5,,,4225688,9f9bb01aee1b,
M4_mrf_gcn-10d7b0c393,sbm,M4_mrf_gcn,tuned_grid,mf,20,7,,0.05,,0,,0.56,0.561069,1.363386,0.637044,0.59,0.588389,1.299997,0.613546,0.204961,0.188999,0.349482,1,4,,,,,0.3,0.29856,0.18159,0.04124,0.5,0.94696,,,,,,0.0322,,4225688,9f9bb01aee1b,flip=0.0190
M4_mrf_mlp-e97892a021,sbm,M4_mrf_mlp,tuned_grid,mf,20,7,,0.05,,0,,0.61,0.60601,1.121994,0.535965,0.605,0.606667,1.107462,0.53067,0.052781,0.168444,0.201134,1,4,,,,,0.3,0.29856,0.18159,0.04124,0.5,0.94696,,,,,,0.0477,,4225688,9f9bb01aee1b,flip=0.0140
M4_mrf_gcn-8446f337f7,sbm,M4_mrf_gcn,tuned_grid,mf,20,7,,0.1,,0,,0.562,0.562487,1.355757,0.633375,0.585,0.58327,1.290632,0.609041,0.190932,0.193091,0.353467,1,5,,,,,0.3,0.29856,0.18159,0.04124,0.5,0.94696,,,,,,0.0835,,4225688,9f9bb01aee1b,flip=0.0330
M4_mrf_mlp-9571f03c16,sbm,M4_mrf_mlp,tuned_grid,mf,20,7,,0.1,,0,,0.606,0.602788,1.10716,0.529349,0.608,0.609625,1.092431,0.524183,0.069479,0.172408,0.205916,1,5,,,,,0.3,0.29856,0.18159,0.04124,0.5,0.94696,,,,,,0.0334,,4225688,9f9bb01aee1b,flip=0.0240
M4_mrf_gcn-5b8f1446ce,sbm,M4_mrf_gcn,tuned_grid,mf,20,7,,0.25,,0,,0.548,0.54854,1.334596,0.623278,0.58,0.577885,1.263553,0.596128,0.152274,0.208654,0.372775,1,9,,,,,0.3,0.29856,0.18159,0.04124,0.5,0.94696,,,,,,0.0759,,4225688,9f9bb01aee1b,flip=0.0730
M4_mrf_mlp-234b9ff159,sbm,M4_mrf_mlp,tuned_grid,mf,20,7,,0.25,,0,,0.622,0.617939,1.0636,0.509406,0.623,0.624143,1.048107,0.504658,0.053212,0.185928,0.227881,1,8,,,,,0.3,0.29856,0.18159,0.04124,0.5,0.94696,,,,,,0.0927,,4225688,9f9bb01aee1b,flip=0.0670
M4_mrf_gcn-5525b1ab15,sbm,M4_mrf_gcn,tuned_grid,mf,20,7,,0.5,,0,,0.534,0.535921,1.3378,0.627125,0.552,0.549847,1.255546,0.595459,0.07265,0.254852,0.405456,1,33,,,,,0.3,0.29856,0.18159,0.04124,0.5,0.94696,,,,,,0.441,,4225688,9f9bb01aee1b,flip=0.1570
M4_mrf_mlp-e08f6b1084,sbm,M4_mrf_mlp,tuned_grid,mf,20,7,,0.5,,0,,0.644,0.638676,1.001176,0.479928,0.643,0.643917,0.982423,0.475061,0.044863,0.216548,0.271189,1,16,,,,,0.3,0.29856,0.18159,0.04124,0.5,0.94696,,,,,,0.2208,,4225688,9f9bb01aee1b,flip=0.1510
M4_mrf_gcn-0d86827609,sbm,M4_mrf_gcn,tuned_grid,mf,20,7,,1.0,,0,,0.162,0.060675,5.6111,1.587311,0.154,0.06083,5.868728,1.616573,0.802704,0.950693,0.988841,1,27,,,,,0.3,0.29856,0.18159,0.04124,0.5,0.94696,,,,,,0.3257,,4225688,9f9bb01aee1b,flip=0.8060
M4_mrf_mlp-6e622dbf5a,sbm,M4_mrf_mlp,tuned_grid,mf,20,7,,1.0,,0,,0.154,0.089608,5.230935,1.571397,0.166,0.078928,5.269121,1.555083,0.776257,0.921211,0.971482,1,32,,,,,0.3,0.29856,0.18159,0.04124,0.5,0.94696,,,,,,0.4142,,4225688,9f9bb01aee1b,flip=0.8040
M4_mrf_gcn-8f426bfe13,sbm,M4_mrf_gcn,tuned_grid,mf,20,7,,2.0,,0,,0.154,0.045119,12.343919,1.681701,0.143,0.03909,12.934554,1.70415,0.851903,0.99673,0.998672,1,14,,,,,0.3,0.29856,0.18159,0.04124,0.5,0.94696,,,,,,0.1744,,4225688,9f9bb01aee1b,flip=0.8210
M4_mrf_mlp-ec4abb92e3,sbm,M4_mrf_mlp,tuned_grid,mf,20,7,,2.0,,0,,0.158,0.045983,11.761466,1.667341,0.137,0.044898,12.429841,1.716556,0.855721,0.994523,0.997963,1,28,,,,,0.3,0.29856,0.18159,0.04124,0.5,0.94696,,,,,,0.2729,,4225688,9f9bb01aee1b,flip=0.8480
OF-3c4825e58d,sbm,Oracle_F,oracle,closed_form,20,7,,,,,,0.726,,,,0.708,,,,,,,,,,,,,0.3,0.29856,0.18159,0.04124,0.5,0.94696,,,,,,,,4225688,9f9bb01aee1b,"feature-only Bayes rule, known generative parameters"
OG-db7a0074a5,sbm,Oracle_G,oracle,mf,20,7,,0.94696,,,,0.788,0.787369,0.619298,0.29945,0.787,0.785757,0.644471,0.316413,0.048571,0.293104,0.317332,1,37,,,,,0.3,0.29856,0.18159,0.04124,0.5,0.94696,,,,,,,,4225688,9f9bb01aee1b,true Gaussian unaries + generator-implied coupling
M0_mlp-1a9a1862f6,sbm,M0_mlp,train,none,1,8,0.0,,,,46,0.334,0.327252,1.912624,0.853457,0.321,0.315012,1.905324,0.859592,0.209805,0.154298,0.167535,,,,,,,0.3,0.2968,0.17956,0.04068,0.5,0.94696,0.01,0.0005,64,0.5,0.458,,results/logits/M0_mlp-1a9a1862f6.npz,4225688,9f9bb01aee1b,
M1_gcn-e51cefee95,sbm,M1_gcn,train,none,1,8,0.0,,,,125,0.288,0.244906,2.003368,0.876889,0.26,0.228759,1.933515,0.872294,0.197953,0.2348,0.399209,,,,,,,0.3,0.2968,0.17956,0.04068,0.5,0.94696,0.005,0.001,64,0.5,6.018,,results/logits/M1_gcn-e51cefee95.npz,4225688,9f9bb01aee1b,
LP-a8f9c44b4e,sbm,LP,closed_form,label_prop,1,8,,,,,,0.162,0.053342,2.023134,0.875059,0.143,0.04134,2.065936,0.886395,0.088995,0.170453,0.962001,,,,,,,0.3,0.2968,0.17956,0.04068,0.5,0.94696,,,,,,,,4225688,9f9bb01aee1b,uses train labels as inference-time evidence
M2_lap-1a2a181ded,sbm,M2_lap,train,none,1,8,0.001,,,,95,0.288,0.245232,1.954295,0.857183,0.26,0.23209,1.89331,0.853165,0.16804,0.221269,0.380974,,,,,,,0.3,0.2968,0.17956,0.04068,0.5,0.94696,0.005,0.001,64,0.5,5.193,,,4225688,9f9bb01aee1b,
M2_lap-cc87f503bf,sbm,M2_lap,train,none,1,8,0.01,,,,124,0.29,0.248347,2.000172,0.875555,0.259,0.228229,1.930404,0.870926,0.196431,0.233556,0.396964,,,,,,,0.3,0.2968,0.17956,0.04068,0.5,0.94696,0.005,0.001,64,0.5,6.59,,,4225688,9f9bb01aee1b,
M2_lap-245ebcda41,sbm,M2_lap,train,none,1,8,0.1,,,,97,0.288,0.24979,1.948997,0.85562,0.264,0.238322,1.886247,0.850567,0.164422,0.218675,0.378997,,,,,,,0.3,0.2968,0.17956,0.04068,0.5,0.94696,0.005,0.001,64,0.5,5.262,,,4225688,9f9bb01aee1b,
M2_lap-fd9fe6663a,sbm,M2_lap,train,none,1,8,0.5,,,,98,0.28,0.247404,1.94007,0.853242,0.258,0.233596,1.876696,0.846611,0.138269,0.212725,0.386094,,,,,,,0.3,0.2968,0.17956,0.04068,0.5,0.94696,0.005,0.001,64,0.5,5.571,,,4225688,9f9bb01aee1b,
M2_lap-dcd36ae40c,sbm,M2_lap,train,none,1,8,1.0,,,,56,0.27,0.22689,1.875851,0.832437,0.245,0.214665,1.83528,0.82606,0.089661,0.189565,0.394359,,,,,,,0.3,0.2968,0.17956,0.04068,0.5,0.94696,0.005,0.001,64,0.5,4.371,,,4225688,9f9bb01aee1b,
M2_lap-bbc316f9dd,sbm,M2_lap,train,none,1,8,5.0,,,,44,0.272,0.232984,1.845332,0.826923,0.236,0.214041,1.82439,0.822905,0.052931,0.169599,0.377021,,,,,,,0.3,0.2968,0.17956,0.04068,0.5,0.94696,0.005,0.001,64,0.5,3.456,,,4225688,9f9bb01aee1b,
M4_mrf_gcn-15c4dbc080,sbm,M4_mrf_gcn,tuned_grid,mf,1,8,,0.05,,0,,0.28,0.232203,2.029451,0.885179,0.257,0.224345,1.961027,0.882232,0.212836,0.244163,0.418254,1,5,,,,,0.3,0.2968,0.17956,0.04068,0.5,0.94696,,,,,,0.0838,,4225688,9f9bb01aee1b,flip=0.0210
M4_mrf_mlp-515a677c34,sbm,M4_mrf_mlp,tuned_grid,mf,1,8,,0.05,,0,,0.334,0.327384,1.910029,0.85267,0.321,0.314409,1.900281,0.857606,0.211056,0.157529,0.172835,1,4,,,,,0.3,0.2968,0.17956,0.04068,0.5,0.94696,,,,,,0.0273,,4225688,9f9bb01aee1b,flip=0.0080
M4_mrf_gcn-b236e411b9,sbm,M4_mrf_gcn,tuned_grid,mf,1,8,,0.1,,0,,0.274,0.224484,2.061318,0.895607,0.257,0.221648,1.994578,0.894474,0.226753,0.25519,0.441879,1,6,,,,,0.3,0.2968,0.17956,0.04068,0.5,0.94696,,,,,,0.0825,,4225688,9f9bb01aee1b,flip=0.0470
M4_mrf_mlp-5e5238ec5f,sbm,M4_mrf_mlp,tuned_grid,mf,1,8,,0.1,,0,,0.324,0.315413,1.90869,0.852209,0.327,0.319918,1.896519,0.855969,0.206802,0.160934,0.180022,1,5,,,,,0.3,0.2968,0.17956,0.04068,0.5,0.94696,,,,,,0.0653,,4225688,9f9bb01aee1b,flip=0.0220
M4_mrf_gcn-a99896419f,sbm,M4_mrf_gcn,tuned_grid,mf,1,8,,0.25,,0,,0.27,0.220072,2.21632,0.948545,0.237,0.191034,2.156587,0.953923,0.306638,0.307077,0.51069,1,12,,,,,0.3,0.2968,0.17956,0.04068,0.5,0.94696,,,,,,0.103,,4225688,9f9bb01aee1b,flip=0.1430
M4_mrf_mlp-482adb2c55,sbm,M4_mrf_mlp,tuned_grid,mf,1,8,,0.25,,0,,0.318,0.307344,1.913358,0.853035,0.339,0.331004,1.8941,0.853513,0.203394,0.172644,0.200054,1,7,,,,,0.3,0.2968,0.17956,0.04068,0.5,0.94696,,,,,,0.0732,,4225688,9f9bb01aee1b,flip=0.0650
M4_mrf_gcn-c133d4954d,sbm,M4_mrf_gcn,tuned_grid,mf,1,8,,0.5,,0,,0.202,0.122942,3.233444,1.249614,0.213,0.148047,3.166616,1.248847,0.552676,0.610379,0.787729,1,26,,,,,0.3,0.2968,0.17956,0.04068,0.5,0.94696,,,,,,0.3657,,4225688,9f9bb01aee1b,flip=0.4040
M4_mrf_mlp-5b36b8065c,sbm,M4_mrf_mlp,tuned_grid,mf,1,8,,0.5,,0,,0.336,0.321563,1.965906,0.865418,0.349,0.336444,1.937112,0.8623,0.224531,0.2024,0.252515,1,19,,,,,0.3,0.2968,0.17956,0.04068,0.5,0.94696,,,,,,0.2333,,4225688,9f9bb01aee1b,flip=0.1610
M4_mrf_gcn-a96f85e227,sbm,M4_mrf_gcn,tuned_grid,mf,1,8,,1.0,,0,,0.15,0.052326,7.092655,1.651884,0.149,0.055787,6.951725,1.637999,0.810424,0.959179,0.985717,1,23,,,,,0.3,0.2968,0.17956,0.04068,0.5,0.94696,,,,,,0.3206,,4225688,9f9bb01aee1b,flip=0.5710
M4_mrf_mlp-e7b3311dcb,sbm,M4_mrf_mlp,tuned_grid,mf,1,8,,1.0,,0,,0.138,0.060281,6.176082,1.618197,0.18,0.07566,5.771633,1.538864,0.758871,0.916764,0.964966,1,28,,,,,0.3,0.2968,0.17956,0.04068,0.5,0.94696,,,,,,0.3094,,4225688,9f9bb01aee1b,flip=0.7690
M4_mrf_gcn-a6e8228488,sbm,M4_mrf_gcn,tuned_grid,mf,1,8,,2.0,,0,,0.144,0.039286,14.011352,1.70335,0.139,0.036481,13.752593,1.711385,0.854818,0.996811,0.999102,1,10,,,,,0.3,0.2968,0.17956,0.04068,0.5,0.94696,,,,,,0.1949,,4225688,9f9bb01aee1b,flip=0.5900
M4_mrf_mlp-c9b94eb18d,sbm,M4_mrf_mlp,tuned_grid,mf,1,8,,2.0,,0,,0.146,0.042794,12.969992,1.69911,0.141,0.039994,12.757698,1.699937,0.848765,0.99355,0.997036,1,16,,,,,0.3,0.2968,0.17956,0.04068,0.5,0.94696,,,,,,0.1827,,4225688,9f9bb01aee1b,flip=0.8190
OF-f875bd50cd,sbm,Oracle_F,oracle,closed_form,1,8,,,,,,0.728,,,,0.715,,,,,,,,,,,,,0.3,0.2968,0.17956,0.04068,0.5,0.94696,,,,,,,,4225688,9f9bb01aee1b,"feature-only Bayes rule, known generative parameters"
OG-bd437ba163,sbm,Oracle_G,oracle,mf,1,8,,0.94696,,,,0.792,0.790271,0.59775,0.305463,0.794,0.79371,0.577453,0.287004,0.033869,0.288483,0.311444,1,30,,,,,0.3,0.2968,0.17956,0.04068,0.5,0.94696,,,,,,,,4225688,9f9bb01aee1b,true Gaussian unaries + generator-implied coupling
M0_mlp-0b640431b7,sbm,M0_mlp,train,none,5,8,0.0,,,,39,0.452,0.450637,1.80358,0.770198,0.414,0.409819,1.84777,0.797384,0.230799,0.159738,0.167445,,,,,,,0.3,0.2968,0.17956,0.04068,0.5,0.94696,0.01,0.0005,64,0.5,0.416,,results/logits/M0_mlp-0b640431b7.npz,4225688,9f9bb01aee1b,
M1_gcn-e795472234,sbm,M1_gcn,train,none,5,8,0.0,,,,41,0.46,0.458183,1.641079,0.754563,0.447,0.441201,1.612648,0.745988,0.182826,0.157544,0.340011,,,,,,,0.3,0.2968,0.17956,0.04068,0.5,0.94696,0.005,0.001,64,0.5,3.173,,results/logits/M1_gcn-e795472234.npz,4225688,9f9bb01aee1b,
LP-98dc66f778,sbm,LP,closed_form,label_prop,5,8,,,,,,0.144,0.059922,2.020854,0.866427,0.154,0.086213,1.954637,0.859669,0.063981,0.153321,0.857258,,,,,,,0.3,0.2968,0.17956,0.04068,0.5,0.94696,,,,,,,,4225688,9f9bb01aee1b,uses train labels as inference-time evidence
M2_lap-51b6397436,sbm,M2_lap,train,none,5,8,0.001,,,,41,0.46,0.458183,1.641081,0.754563,0.447,0.441201,1.612651,0.74599,0.18283,0.157543,0.340011,,,,,,,0.3,0.2968,0.17956,0.04068,0.5,0.94696,0.005,0.001,64,0.5,3.24,,,4225688,9f9bb01aee1b,
M2_lap-fbafae9686,sbm,M2_lap,train,none,5,8,0.01,,,,41,0.46,0.458183,1.641156,0.754593,0.447,0.441201,1.612737,0.746021,0.182879,0.157533,0.340011,,,,,,,0.3,0.2968,0.17956,0.04068,0.5,0.94696,0.005,0.001,64,0.5,3.38,,,4225688,9f9bb01aee1b,
M2_lap-7f3def4703,sbm,M2_lap,train,none,5,8,0.1,,,,41,0.46,0.458183,1.642009,0.754933,0.448,0.442484,1.613716,0.746392,0.184443,0.15741,0.339741,,,,,,,0.3,0.2968,0.17956,0.04068,0.5,0.94696,0.005,0.001,64,0.5,3.296,,,4225688,9f9bb01aee1b,
M2_lap-2dd30611d9,sbm,M2_lap,train,none,5,8,0.5,,,,41,0.458,0.456225,1.645755,0.756403,0.448,0.442572,1.617977,0.747972,0.186735,0.156942,0.339921,,,,,,,0.3,0.2968,0.17956,0.04068,0.5,0.94696,0.005,0.001,64,0.5,3.675,,,4225688,9f9bb01aee1b,
M2_lap-4e4b27b0e5,sbm,M2_lap,train,none,5,8,1.0,,,,37,0.456,0.455112,1.68082,0.76995,0.44,0.435021,1.657312,0.762784,0.199166,0.153042,0.347018,,,,,,,0.3,0.2968,0.17956,0.04068,0.5,0.94696,0.005,0.001,64,0.5,3.198,,,4225688,9f9bb01aee1b,
M2_lap-0787d9a847,sbm,M2_lap,train,none,5,8,5.0,,,,35,0.454,0.45271,1.720585,0.784702,0.444,0.440461,1.702245,0.779055,0.224034,0.149507,0.34064,,,,,,,0.3,0.2968,0.17956,0.04068,0.5,0.94696,0.005,0.001,64,0.5,3.054,,,4225688,9f9bb01aee1b,
M4_mrf_gcn-69f5e82f52,sbm,M4_mrf_gcn,tuned_grid,mf,5,8,,0.05,,0,,0.46,0.457486,1.635872,0.752475,0.447,0.440632,1.607147,0.74374,0.178564,0.158922,0.349353,1,4,,,,,0.3,0.2968,0.17956,0.04068,0.5,0.94696,,,,,,0.0279,,4225688,9f9bb01aee1b,flip=0.0180
M4_mrf_mlp-64328e0300,sbm,M4_mrf_mlp,tuned_grid,mf,5,8,,0.05,,0,,0.452,0.450605,1.792918,0.766284,0.413,0.408513,1.839486,0.794324,0.233075,0.163587,0.172745,1,4,,,,,0.3,0.2968,0.17956,0.04068,0.5,0.94696,,,,,,0.0456,,4225688,9f9bb01aee1b,flip=0.0120
M4_mrf_gcn-79684e836e,sbm,M4_mrf_gcn,tuned_grid,mf,5,8,,0.1,,0,,0.448,0.445401,1.630593,0.75033,0.444,0.437765,1.601498,0.741404,0.170714,0.1605,0.358696,1,5,,,,,0.3,0.2968,0.17956,0.04068,0.5,0.94696,,,,,,0.0777,,4225688,9f9bb01aee1b,flip=0.0370
M4_mrf_mlp-e59f76b0af,sbm,M4_mrf_mlp,tuned_grid,mf,5,8,,0.1,,0,,0.458,0.456681,1.783435,0.762653,0.412,0.407714,1.832359,0.791573,0.235723,0.167568,0.179932,1,5,,,,,0.3,0.2968,0.17956,0.04068,0.5,0.94696,,,,,,0.082,,4225688,9f9bb01aee1b,flip=0.0240
M4_mrf_gcn-adf1e4a8f0,sbm,M4_mrf_gcn,tuned_grid,mf,5,8,,0.25,,0,,0.448,0.445738,1.615384,0.744049,0.427,0.420515,1.584637,0.734322,0.133774,0.167284,0.385645,1,9,,,,,0.3,0.2968,0.17956,0.04068,0.5,0.94696,,,,,,0.0714,,4225688,9f9bb01aee1b,flip=0.0970
M4_mrf_mlp-db901e051a,sbm,M4_mrf_mlp,tuned_grid,mf,5,8,,0.25,,0,,0.462,0.460047,1.762626,0.753624,0.417,0.410856,1.818632,0.785378,0.238074,0.180527,0.200234,1,7,,,,,0.3,0.2968,0.17956,0.04068,0.5,0.94696,,,,,,0.1128,,4225688,9f9bb01aee1b,flip=0.0580
M4_mrf_gcn-125a0c02a8,sbm,M4_mrf_gcn,tuned_grid,mf,5,8,,0.5,,0,,0.17,0.102693,2.585674,1.193587,0.169,0.099983,2.522485,1.183969,0.52073,0.585925,0.942688,1,40,,,,,0.3,0.2968,0.17956,0.04068,0.5,0.94696,,,,,,0.4528,,4225688,9f9bb01aee1b,flip=0.6980
M4_mrf_mlp-5c36e4bd3c,sbm,M4_mrf_mlp,tuned_grid,mf,5,8,,0.5,,0,,0.47,0.466186,1.761444,0.747269,0.436,0.428912,1.830064,0.783999,0.239586,0.207328,0.236256,1,14,,,,,0.3,0.2968,0.17956,0.04068,0.5,0.94696,,,,,,0.1765,,4225688,9f9bb01aee1b,flip=0.1350
M4_mrf_gcn-f01ef02700,sbm,M4_mrf_gcn,tuned_grid,mf,5,8,,1.0,,0,,0.136,0.040856,6.609858,1.664399,0.136,0.034296,6.493812,1.667743,0.833631,0.971794,0.998922,1,13,,,,,0.3,0.2968,0.17956,0.04068,0.5,0.94696,,,,,,0.1761,,4225688,9f9bb01aee1b,flip=0.7550
M4_mrf_mlp-fca7400f35,sbm,M4_mrf_mlp,tuned_grid,mf,5,8,,1.0,,0,,0.24,0.182975,4.848143,1.370034,0.212,0.153787,4.708866,1.41294,0.678555,0.776983,0.838933,1,54,,,,,0.3,0.2968,0.17956,0.04068,0.5,0.94696,,,,,,0.6785,,4225688,9f9bb01aee1b,flip=0.6900
M4_mrf_gcn-4df913b1dd,sbm,M4_mrf_gcn,tuned_grid,mf,5,8,,2.0,,0,,0.134,0.037135,13.602669,1.725747,0.136,0.034266,13.390075,1.718488,0.859171,0.998148,0.999731,1,8,,,,,0.3,0.2968,0.17956,0.04068,0.5,0.94696,,,,,,0.1739,,4225688,9f9bb01aee1b,flip=0.7560
M4_mrf_mlp-b49f424f05,sbm,M4_mrf_mlp,tuned_grid,mf,5,8,,2.0,,0,,0.172,0.061868,12.172008,1.633875,0.154,0.047433,11.992795,1.670033,0.834031,0.9868,0.992005,1,15,,,,,0.3,0.2968,0.17956,0.04068,0.5,0.94696,,,,,,0.2229,,4225688,9f9bb01aee1b,flip=0.7980
OF-dbd47dfec6,sbm,Oracle_F,oracle,closed_form,5,8,,,,,,0.74,,,,0.734,,,,,,,,,,,,,0.3,0.2968,0.17956,0.04068,0.5,0.94696,,,,,,,,4225688,9f9bb01aee1b,"feature-only Bayes rule, known generative parameters"
OG-880b2ca9dd,sbm,Oracle_G,oracle,mf,5,8,,0.94696,,,,0.812,0.811939,0.576364,0.288981,0.776,0.776218,0.623623,0.309577,0.045108,0.288483,0.311444,1,30,,,,,0.3,0.2968,0.17956,0.04068,0.5,0.94696,,,,,,,,4225688,9f9bb01aee1b,true Gaussian unaries + generator-implied coupling
M0_mlp-b98d485aa5,sbm,M0_mlp,train,none,20,8,0.0,,,,18,0.618,0.617933,1.156405,0.552441,0.614,0.614398,1.157345,0.549006,0.134287,0.156359,0.190532,,,,,,,0.3,0.2968,0.17956,0.04068,0.5,0.94696,0.01,0.0005,64,0.5,0.345,,results/logits/M0_mlp-b98d485aa5.npz,4225688,9f9bb01aee1b,
M1_gcn-de1352f9be,sbm,M1_gcn,train,none,20,8,0.0,,,,55,0.57,0.570244,1.319794,0.622657,0.545,0.544966,1.322814,0.624317,0.14385,0.192724,0.339651,,,,,,,0.3,0.2968,0.17956,0.04068,0.5,0.94696,0.005,0.001,64,0.5,3.751,,results/logits/M1_gcn-de1352f9be.npz,4225688,9f9bb01aee1b,
LP-c4d41512bd,sbm,LP,closed_form,label_prop,20,8,,,,,,0.204,0.195201,1.925826,0.85025,0.208,0.197818,1.951686,0.852028,0.050161,0.15771,0.406845,,,,,,,0.3,0.2968,0.17956,0.04068,0.5,0.94696,,,,,,,,4225688,9f9bb01aee1b,uses train labels as inference-time evidence
M2_lap-b03e712352,sbm,M2_lap,train,none,20,8,0.001,,,,55,0.57,0.570244,1.319858,0.622685,0.545,0.544966,1.322875,0.624345,0.143886,0.192713,0.339202,,,,,,,0.3,0.2968,0.17956,0.04068,0.5,0.94696,0.005,0.001,64,0.5,3.919,,,4225688,9f9bb01aee1b,
M2_lap-380aa6d9d0,sbm,M2_lap,train,none,20,8,0.01,,,,55,0.57,0.570244,1.320314,0.622891,0.545,0.544966,1.32328,0.624517,0.144241,0.192599,0.339651,,,,,,,0.3,0.2968,0.17956,0.04068,0.5,0.94696,0.005,0.001,64,0.5,3.973,,,4225688,9f9bb01aee1b,
M2_lap-2b7cc4c4d3,sbm,M2_lap,train,none,20,8,0.1,,,,55,0.57,0.57011,1.324711,0.624833,0.547,0.54702,1.327377,0.626278,0.151762,0.191487,0.338304,,,,,,,0.3,0.2968,0.17956,0.04068,0.5,0.94696,0.005,0.001,64,0.5,4.13,,,4225688,9f9bb01aee1b,
M2_lap-9dd97c1cb0,sbm,M2_lap,train,none,20,8,0.5,,,,47,0.57,0.569836,1.39956,0.657009,0.537,0.536696,1.405788,0.660202,0.197746,0.174087,0.337855,,,,,,,0.3,0.2968,0.17956,0.04068,0.5,0.94696,0.005,0.001,64,0.5,3.578,,,4225688,9f9bb01aee1b,
M2_lap-7d6902f24c,sbm,M2_lap,train,none,20,8,1.0,,,,49,0.572,0.571705,1.402885,0.658707,0.533,0.532855,1.40826,0.661375,0.194853,0.173737,0.333723,,,,,,,0.3,0.2968,0.17956,0.04068,0.5,0.94696,0.005,0.001,64,0.5,3.78,,,4225688,9f9bb01aee1b,
M2_lap-d02c545ca1,sbm,M2_lap,train,none,20,8,5.0,,,,39,0.576,0.575628,1.588183,0.735708,0.546,0.546284,1.589256,0.73695,0.301331,0.153352,0.339292,,,,,,,0.3,0.2968,0.17956,0.04068,0.5,0.94696,0.005,0.001,64,0.5,3.279,,,4225688,9f9bb01aee1b,
M4_mrf_gcn-87a9787643,sbm,M4_mrf_gcn,tuned_grid,mf,20,8,,0.05,,0,,0.564,0.563865,1.313795,0.61965,0.542,0.541822,1.316827,0.621596,0.129707,0.196859,0.343245,1,4,,,,,0.3,0.2968,0.17956,0.04068,0.5,0.94696,,,,,,0.0522,,4225688,9f9bb01aee1b,flip=0.0100
M4_mrf_mlp-b4fc452dbe,sbm,M4_mrf_mlp,tuned_grid,mf,20,8,,0.05,,0,,0.62,0.619761,1.143826,0.546784,0.621,0.621296,1.145261,0.543453,0.138896,0.159326,0.197089,1,4,,,,,0.3,0.2968,0.17956,0.04068,0.5,0.94696,,,,,,0.0787,,4225688,9f9bb01aee1b,flip=0.0100
M4_mrf_gcn-2a4183fda4,sbm,M4_mrf_gcn,tuned_grid,mf,20,8,,0.1,,0,,0.56,0.560267,1.307993,0.616754,0.536,0.535779,1.311247,0.619101,0.124952,0.201392,0.35106,1,5,,,,,0.3,0.2968,0.17956,0.04068,0.5,0.94696,,,,,,0.0402,,4225688,9f9bb01aee1b,flip=0.0300
M4_mrf_mlp-c6f852bcc1,sbm,M4_mrf_mlp,tuned_grid,mf,20,8,,0.1,,0,,0.622,0.621899,1.130896,0.540911,0.625,0.624884,1.13305,0.537818,0.140003,0.162487,0.204905,1,5,,,,,0.3,0.2968,0.17956,0.04068,0.5,0.94696,,,,,,0.035,,4225688,9f9bb01aee1b,flip=0.0220
M4_mrf_gcn-a00b36174d,sbm,M4_mrf_gcn,tuned_grid,mf,20,8,,0.25,,0,,0.56,0.56055,1.29355,0.609667,0.535,0.534924,1.299072,0.614146,0.083448,0.218027,0.368847,1,8,,,,,0.3,0.2968,0.17956,0.04068,0.5,0.94696,,,,,,0.1478,,4225688,9f9bb01aee1b,flip=0.0660
M4_mrf_mlp-a0ddb2fa84,sbm,M4_mrf_mlp,tuned_grid,mf,20,8,,0.25,,0,,0.64,0.640141,1.089624,0.521856,0.635,0.634713,1.095589,0.52055,0.137717,0.17358,0.225835,1,7,,,,,0.3,0.2968,0.17956,0.04068,0.5,0.94696,,,,,,0.0821,,4225688,9f9bb01aee1b,flip=0.0640
M4_mrf_gcn-5278f7a952,sbm,M4_mrf_gcn,tuned_grid,mf,20,8,,0.5,,0,,0.542,0.54153,1.304588,0.615042,0.51,0.508339,1.323179,0.628502,0.045193,0.260482,0.397143,1,23,,,,,0.3,0.2968,0.17956,0.04068,0.5,0.94696,,,,,,0.3569,,4225688,9f9bb01aee1b,flip=0.1490
M4_mrf_mlp-6c54422cb0,sbm,M4_mrf_mlp,tuned_grid,mf,20,8,,0.5,,0,,0.664,0.663863,1.015275,0.486973,0.65,0.649756,1.036322,0.494936,0.118543,0.201091,0.2659,1,17,,,,,0.3,0.2968,0.17956,0.04068,0.5,0.94696,,,,,,0.2405,,4225688,9f9bb01aee1b,flip=0.1500
M4_mrf_gcn-b7e22afbfd,sbm,M4_mrf_gcn,tuned_grid,mf,20,8,,1.0,,0,,0.166,0.0683,5.640453,1.584565,0.155,0.07578,5.704025,1.606536,0.793686,0.944441,0.984639,1,38,,,,,0.3,0.2968,0.17956,0.04068,0.5,0.94696,,,,,,0.5078,,4225688,9f9bb01aee1b,flip=0.8060
M4_mrf_mlp-8df8da6c37,sbm,M4_mrf_mlp,tuned_grid,mf,20,8,,1.0,,0,,0.178,0.061899,5.273306,1.547083,0.158,0.065673,5.410495,1.582697,0.791301,0.945226,0.988052,1,23,,,,,0.3,0.2968,0.17956,0.04068,0.5,0.94696,,,,,,0.4148,,4225688,9f9bb01aee1b,flip=0.8320
M4_mrf_gcn-a6107b0f34,sbm,M4_mrf_gcn,tuned_grid,mf,20,8,,2.0,,0,,0.156,0.048826,12.508416,1.673358,0.137,0.039631,12.653431,1.712823,0.855783,0.99573,0.998563,1,25,,,,,0.3,0.2968,0.17956,0.04068,0.5,0.94696,,,,,,0.3129,,4225688,9f9bb01aee1b,flip=0.8330
M4_mrf_mlp-aab0d81fdd,sbm,M4_mrf_mlp,tuned_grid,mf,20,8,,2.0,,0,,0.172,0.049174,11.920711,1.648592,0.147,0.04396,12.267494,1.695196,0.846709,0.996584,0.998742,1,10,,,,,0.3,0.2968,0.17956,0.04068,0.5,0.94696,,,,,,0.1434,,4225688,9f9bb01aee1b,flip=0.8460
OF-ff01bb9472,sbm,Oracle_F,oracle,closed_form,20,8,,,,,,0.758,,,,0.738,,,,,,,,,,,,,0.3,0.2968,0.17956,0.04068,0.5,0.94696,,,,,,,,4225688,9f9bb01aee1b,"feature-only Bayes rule, known generative parameters"
OG-0af3e014af,sbm,Oracle_G,oracle,mf,20,8,,0.94696,,,,0.768,0.766034,0.629758,0.320204,0.791,0.790522,0.614237,0.304654,0.037622,0.288483,0.311444,1,30,,,,,0.3,0.2968,0.17956,0.04068,0.5,0.94696,,,,,,,,4225688,9f9bb01aee1b,true Gaussian unaries + generator-implied coupling
M0_mlp-21b1dfeeef,sbm,M0_mlp,train,none,1,9,0.0,,,,30,0.27,0.264788,2.107485,0.913714,0.267,0.249563,2.200222,0.927358,0.215669,0.150935,0.175216,,,,,,,0.3,0.30022,0.18352,0.04198,0.5,0.94696,0.01,0.0005,64,0.5,0.368,,results/logits/M0_mlp-21b1dfeeef.npz,4225688,9f9bb01aee1b,
M1_gcn-000fef2245,sbm,M1_gcn,train,none,1,9,0.0,,,,93,0.284,0.262371,1.882004,0.848597,0.267,0.238255,1.930447,0.857343,0.152012,0.214567,0.37923,,,,,,,0.3,0.30022,0.18352,0.04198,0.5,0.94696,0.005,0.001,64,0.5,4.895,,results/logits/M1_gcn-000fef2245.npz,4225688,9f9bb01aee1b,
LP-b1cb3d9e46,sbm,LP,closed_form,label_prop,1,9,,,,,,0.136,0.047724,2.050103,0.873223,0.138,0.041972,1.99792,0.872933,0.097308,0.158992,0.972282,,,,,,,0.3,0.30022,0.18352,0.04198,0.5,0.94696,,,,,,,,4225688,9f9bb01aee1b,uses train labels as inference-time evidence
M2_lap-0e688f7d4e,sbm,M2_lap,train,none,1,9,0.001,,,,93,0.284,0.262371,1.881974,0.848602,0.267,0.238255,1.930443,0.857352,0.151976,0.214568,0.37923,,,,,,,0.3,0.30022,0.18352,0.04198,0.5,0.94696,0.005,0.001,64,0.5,5.389,,,4225688,9f9bb01aee1b,
M2_lap-4a9c6088e4,sbm,M2_lap,train,none,1,9,0.01,,,,93,0.284,0.262371,1.881479,0.848466,0.266,0.237139,1.929983,0.85722,0.152439,0.214407,0.37932,,,,,,,0.3,0.30022,0.18352,0.04198,0.5,0.94696,0.005,0.001,64,0.5,5.848,,,4225688,9f9bb01aee1b,
M2_lap-58311bcf6c,sbm,M2_lap,train,none,1,9,0.1,,,,95,0.282,0.260276,1.876979,0.847663,0.26,0.233091,1.926683,0.856577,0.154591,0.212879,0.3804,,,,,,,0.3,0.30022,0.18352,0.04198,0.5,0.94696,0.005,0.001,64,0.5,5.435,,,4225688,9f9bb01aee1b,
M2_lap-2950c1cc6b,sbm,M2_lap,train,none,1,9,0.5,,,,96,0.274,0.247589,1.864967,0.843465,0.251,0.226327,1.917831,0.853277,0.141748,0.206575,0.387419,,,,,,,0.3,0.30022,0.18352,0.04198,0.5,0.94696,0.005,0.001,64,0.5,5.931,,,4225688,9f9bb01aee1b,
M2_lap-c038b325a7,sbm,M2_lap,train,none,1,9,1.0,,,,52,0.27,0.246043,1.830252,0.824131,0.244,0.219517,1.853028,0.829082,0.064791,0.176657,0.383549,,,,,,,0.3,0.30022,0.18352,0.04198,0.5,0.94696,0.005,0.001,64,0.5,3.724,,,4225688,9f9bb01aee1b,
M2_lap-0dfdee8d26,sbm,M2_lap,train,none,1,9,5.0,,,,46,0.252,0.223121,1.834279,0.825301,0.242,0.216679,1.852556,0.829397,0.040776,0.165101,0.384359,,,,,,,0.3,0.30022,0.18352,0.04198,0.5,0.94696,0.005,0.001,64,0.5,3.336,,,4225688,9f9bb01aee1b,
M4_mrf_gcn-6c2038b528,sbm,M4_mrf_gcn,tuned_grid,mf,1,9,,0.05,,0,,0.278,0.253465,1.898557,0.854639,0.263,0.234134,1.949533,0.863994,0.166232,0.221723,0.394078,1,5,,,,,0.3,0.30022,0.18352,0.04198,0.5,0.94696,,,,,,0.0682,,4225688,9f9bb01aee1b,flip=0.0210
M4_mrf_mlp-fc80ff7235,sbm,M4_mrf_mlp,tuned_grid,mf,1,9,,0.05,,0,,0.266,0.260213,2.106621,0.913432,0.266,0.248287,2.199957,0.927153,0.214152,0.1538,0.179266,1,4,,,,,0.3,0.30022,0.18352,0.04198,0.5,0.94696,,,,,,0.0428,,4225688,9f9bb01aee1b,flip=0.0110
M4_mrf_gcn-3c64dd6ad5,sbm,M4_mrf_gcn,tuned_grid,mf,1,9,,0.1,,0,,0.274,0.250021,1.919058,0.862251,0.263,0.234136,1.972735,0.872247,0.178004,0.230037,0.411357,1,6,,,,,0.3,0.30022,0.18352,0.04198,0.5,0.94696,,,,,,0.0642,,4225688,9f9bb01aee1b,flip=0.0360
M4_mrf_mlp-8d070a37f9,sbm,M4_mrf_mlp,tuned_grid,mf,1,9,,0.1,,0,,0.254,0.245776,2.106957,0.913515,0.265,0.246749,2.20104,0.927341,0.221234,0.156906,0.187005,1,5,,,,,0.3,0.30022,0.18352,0.04198,0.5,0.94696,,,,,,0.052,,4225688,9f9bb01aee1b,flip=0.0180
M4_mrf_gcn-c3afe5f10a,sbm,M4_mrf_gcn,tuned_grid,mf,1,9,,0.25,,0,,0.262,0.229172,2.019479,0.900785,0.248,0.213648,2.08332,0.913177,0.241728,0.267656,0.470302,1,12,,,,,0.3,0.30022,0.18352,0.04198,0.5,0.94696,,,,,,0.098,,4225688,9f9bb01aee1b,flip=0.1290
M4_mrf_mlp-c2762a6d04,sbm,M4_mrf_mlp,tuned_grid,mf,1,9,,0.25,,0,,0.256,0.24226,2.11741,0.916624,0.269,0.247704,2.214784,0.931011,0.225976,0.168665,0.215983,1,8,,,,,0.3,0.30022,0.18352,0.04198,0.5,0.94696,,,,,,0.1805,,4225688,9f9bb01aee1b,flip=0.0750
M4_mrf_gcn-f2413d7c52,sbm,M4_mrf_gcn,tuned_grid,mf,1,9,,0.5,,0,,0.186,0.110843,2.989435,1.240749,0.179,0.114536,3.087832,1.261774,0.562088,0.60338,0.812725,1,43,,,,,0.3,0.30022,0.18352,0.04198,0.5,0.94696,,,,,,0.4938,,4225688,9f9bb01aee1b,flip=0.5140
M4_mrf_mlp-2234590686,sbm,M4_mrf_mlp,tuned_grid,mf,1,9,,0.5,,0,,0.272,0.246752,2.23629,0.953048,0.253,0.217514,2.344223,0.970163,0.292375,0.222874,0.312365,1,35,,,,,0.3,0.30022,0.18352,0.04198,0.5,0.94696,,,,,,0.4247,,4225688,9f9bb01aee1b,flip=0.2250
M4_mrf_gcn-5cd9ac7ece,sbm,M4_mrf_gcn,tuned_grid,mf,1,9,,1.0,,0,,0.156,0.042189,6.752171,1.640608,0.15,0.046652,6.944792,1.650039,0.818446,0.967981,0.993611,1,18,,,,,0.3,0.30022,0.18352,0.04198,0.5,0.94696,,,,,,0.1442,,4225688,9f9bb01aee1b,flip=0.6670
M4_mrf_mlp-31602e0f40,sbm,M4_mrf_mlp,tuned_grid,mf,1,9,,1.0,,0,,0.16,0.054055,6.370388,1.608824,0.149,0.044659,6.601494,1.620993,0.804177,0.944583,0.983711,1,26,,,,,0.3,0.30022,0.18352,0.04198,0.5,0.94696,,,,,,0.3306,,4225688,9f9bb01aee1b,flip=0.7380
M4_mrf_gcn-47e1b12c55,sbm,M4_mrf_gcn,tuned_grid,mf,1,9,,2.0,,0,,0.154,0.038194,13.389429,1.685855,0.145,0.036182,13.722097,1.701655,0.851024,0.997966,1.0,1,24,,,,,0.3,0.30022,0.18352,0.04198,0.5,0.94696,,,,,,0.2735,,4225688,9f9bb01aee1b,flip=0.6770
M4_mrf_mlp-3a56f95b4e,sbm,M4_mrf_mlp,tuned_grid,mf,1,9,,2.0,,0,,0.156,0.042523,13.0642,1.682197,0.145,0.036214,13.448477,1.699966,0.849814,0.996866,0.99946,1,9,,,,,0.3,0.30022,0.18352,0.04198,0.5,0.94696,,,,,,0.1712,,4225688,9f9bb01aee1b,flip=0.7490
OF-8dc2e7d136,sbm,Oracle_F,oracle,closed_form,1,9,,,,,,0.736,,,,0.738,,,,,,,,,,,,,0.3,0.30022,0.18352,0.04198,0.5,0.94696,,,,,,,,4225688,9f9bb01aee1b,"feature-only Bayes rule, known generative parameters"
OG-2304aa4a0c,sbm,Oracle_G,oracle,mf,1,9,,0.94696,,,,0.796,0.796265,0.618014,0.301211,0.798,0.797712,0.562334,0.283306,0.019746,0.293147,0.312545,1,30,,,,,0.3,0.30022,0.18352,0.04198,0.5,0.94696,,,,,,,,4225688,9f9bb01aee1b,true Gaussian unaries + generator-implied coupling
M0_mlp-88e304bb7c,sbm,M0_mlp,train,none,5,9,0.0,,,,23,0.41,0.406251,1.618843,0.75059,0.401,0.395227,1.572024,0.726989,0.059409,0.151649,0.163697,,,,,,,0.3,0.30022,0.18352,0.04198,0.5,0.94696,0.01,0.0005,64,0.5,0.339,,results/logits/M0_mlp-88e304bb7c.npz,4225688,9f9bb01aee1b,
M1_gcn-08021c416b,sbm,M1_gcn,train,none,5,9,0.0,,,,59,0.38,0.361014,1.636586,0.762886,0.391,0.382884,1.600974,0.743958,0.05069,0.180921,0.323884,,,,,,,0.3,0.30022,0.18352,0.04198,0.5,0.94696,0.005,0.001,64,0.5,3.641,,results/logits/M1_gcn-08021c416b.npz,4225688,9f9bb01aee1b,
LP-11beab3884,sbm,LP,closed_form,label_prop,5,9,,,,,,0.166,0.112753,1.998371,0.857192,0.167,0.099981,1.95151,0.858616,0.049713,0.15023,0.761969,,,,,,,0.3,0.30022,0.18352,0.04198,0.5,0.94696,,,,,,,,4225688,9f9bb01aee1b,uses train labels as inference-time evidence
M2_lap-1dd7587959,sbm,M2_lap,train,none,5,9,0.001,,,,59,0.382,0.362789,1.63661,0.762895,0.391,0.382884,1.601004,0.743967,0.052537,0.18092,0.324064,,,,,,,0.3,0.30022,0.18352,0.04198,0.5,0.94696,0.005,0.001,64,0.5,3.632,,,4225688,9f9bb01aee1b,
M2_lap-92101a699b,sbm,M2_lap,train,none,5,9,0.01,,,,59,0.38,0.361014,1.636747,0.762931,0.391,0.382884,1.601125,0.744013,0.050802,0.180856,0.323704,,,,,,,0.3,0.30022,0.18352,0.04198,0.5,0.94696,0.005,0.001,64,0.5,3.311,,,4225688,9f9bb01aee1b,
M2_lap-4fc5ef14e3,sbm,M2_lap,train,none,5,9,0.1,,,,59,0.378,0.359495,1.637946,0.76329,0.39,0.38222,1.602442,0.744465,0.050842,0.180298,0.321634,,,,,,,0.3,0.30022,0.18352,0.04198,0.5,0.94696,0.005,0.001,64,0.5,3.367,,,4225688,9f9bb01aee1b,
M2_lap-4f883c5820,sbm,M2_lap,train,none,5,9,0.5,,,,52,0.372,0.357749,1.648988,0.765607,0.391,0.384379,1.621713,0.750875,0.082292,0.16746,0.314615,,,,,,,0.3,0.30022,0.18352,0.04198,0.5,0.94696,0.005,0.001,64,0.5,3.244,,,4225688,9f9bb01aee1b,
M2_lap-bf0bae2615,sbm,M2_lap,train,none,5,9,1.0,,,,50,0.37,0.357077,1.660729,0.769412,0.389,0.383464,1.635123,0.755839,0.098392,0.163199,0.311465,,,,,,,0.3,0.30022,0.18352,0.04198,0.5,0.94696,0.005,0.001,64,0.5,2.739,,,4225688,9f9bb01aee1b,
M2_lap-25ff21ec61,sbm,M2_lap,train,none,5,9,5.0,,,,37,0.36,0.345198,1.756033,0.799102,0.376,0.369867,1.743569,0.79361,0.155387,0.149478,0.311735,,,,,,,0.3,0.30022,0.18352,0.04198,0.5,0.94696,0.005,0.001,64,0.5,2.407,,,4225688,9f9bb01aee1b,
M4_mrf_gcn-ef35cdeb85,sbm,M4_mrf_gcn,tuned_grid,mf,5,9,,0.05,,0,,0.38,0.360235,1.637577,0.763391,0.387,0.378877,1.599821,0.743494,0.040356,0.184358,0.331893,1,5,,,,,0.3,0.30022,0.18352,0.04198,0.5,0.94696,,,,,,0.0365,,4225688,9f9bb01aee1b,flip=0.0180
M4_mrf_mlp-bd8b911478,sbm,M4_mrf_mlp,tuned_grid,mf,5,9,,0.05,,0,,0.412,0.407987,1.61167,0.747743,0.4,0.393207,1.564819,0.724271,0.060273,0.154166,0.173056,1,4,,,,,0.3,0.30022,0.18352,0.04198,0.5,0.94696,,,,,,0.0678,,4225688,9f9bb01aee1b,flip=0.0160
M4_mrf_gcn-2dc3340137,sbm,M4_mrf_gcn,tuned_grid,mf,5,9,,0.1,,0,,0.37,0.34846,1.63962,0.764351,0.388,0.378026,1.599581,0.743429,0.043831,0.188264,0.342873,1,6,,,,,0.3,0.30022,0.18352,0.04198,0.5,0.94696,,,,,,0.0473,,4225688,9f9bb01aee1b,flip=0.0400
M4_mrf_mlp-233258bb15,sbm,M4_mrf_mlp,tuned_grid,mf,5,9,,0.1,,0,,0.408,0.403119,1.605055,0.745049,0.403,0.396163,1.557986,0.721646,0.05105,0.15685,0.180616,1,5,,,,,0.3,0.30022,0.18352,0.04198,0.5,0.94696,,,,,,0.1506,,4225688,9f9bb01aee1b,flip=0.0320
M4_mrf_gcn-6b2b4180e9,sbm,M4_mrf_gcn,tuned_grid,mf,5,9,,0.25,,0,,0.356,0.331525,1.656618,0.771978,0.379,0.36462,1.608673,0.747723,0.055029,0.204806,0.38058,1,11,,,,,0.3,0.30022,0.18352,0.04198,0.5,0.94696,,,,,,0.0659,,4225688,9f9bb01aee1b,flip=0.1060
M4_mrf_mlp-c8a4e2a80a,sbm,M4_mrf_mlp,tuned_grid,mf,5,9,,0.25,,0,,0.41,0.402515,1.589358,0.738167,0.412,0.405595,1.540432,0.714646,0.058994,0.166504,0.199424,1,9,,,,,0.3,0.30022,0.18352,0.04198,0.5,0.94696,,,,,,0.0667,,4225688,9f9bb01aee1b,flip=0.0780
M4_mrf_gcn-de0097c1c9,sbm,M4_mrf_gcn,tuned_grid,mf,5,9,,0.5,,0,,0.258,0.192387,2.100324,0.959521,0.291,0.253586,2.031682,0.943183,0.300712,0.392996,0.6304,1,44,,,,,0.3,0.30022,0.18352,0.04198,0.5,0.94696,,,,,,0.4687,,4225688,9f9bb01aee1b,flip=0.4150
M4_mrf_mlp-0830d75d83,sbm,M4_mrf_mlp,tuned_grid,mf,5,9,,0.5,,0,,0.42,0.40418,1.613239,0.746996,0.412,0.39768,1.555857,0.723059,0.097354,0.201655,0.280148,1,36,,,,,0.3,0.30022,0.18352,0.04198,0.5,0.94696,,,,,,0.4168,,4225688,9f9bb01aee1b,flip=0.2130
M4_mrf_gcn-a2c6739981,sbm,M4_mrf_gcn,tuned_grid,mf,5,9,,1.0,,0,,0.166,0.044736,6.154085,1.59879,0.142,0.054272,6.170239,1.635615,0.809758,0.954476,0.989561,1,27,,,,,0.3,0.30022,0.18352,0.04198,0.5,0.94696,,,,,,0.2415,,4225688,9f9bb01aee1b,flip=0.7480
M4_mrf_mlp-b88d9f228b,sbm,M4_mrf_mlp,tuned_grid,mf,5,9,,1.0,,0,,0.17,0.056045,5.879703,1.585069,0.141,0.052166,5.911126,1.634053,0.814583,0.94997,0.987581,1,39,,,,,0.3,0.30022,0.18352,0.04198,0.5,0.94696,,,,,,0.4146,,4225688,9f9bb01aee1b,flip=0.8090
M4_mrf_gcn-3675e11e0d,sbm,M4_mrf_gcn,tuned_grid,mf,5,9,,2.0,,0,,0.164,0.040255,12.79952,1.667152,0.131,0.033093,13.035214,1.727081,0.863905,0.997905,0.99991,1,9,,,,,0.3,0.30022,0.18352,0.04198,0.5,0.94696,,,,,,0.0767,,4225688,9f9bb01aee1b,flip=0.7670
M4_mrf_mlp-d6fb2dcadf,sbm,M4_mrf_mlp,tuned_grid,mf,5,9,,2.0,,0,,0.162,0.039833,12.556527,1.665018,0.131,0.033093,12.783466,1.72869,0.86492,0.997547,0.99982,1,11,,,,,0.3,0.30022,0.18352,0.04198,0.5,0.94696,,,,,,0.0963,,4225688,9f9bb01aee1b,flip=0.8210
OF-2d29b18ee6,sbm,Oracle_F,oracle,closed_form,5,9,,,,,,0.72,,,,0.755,,,,,,,,,,,,,0.3,0.30022,0.18352,0.04198,0.5,0.94696,,,,,,,,4225688,9f9bb01aee1b,"feature-only Bayes rule, known generative parameters"
OG-b919105a9a,sbm,Oracle_G,oracle,mf,5,9,,0.94696,,,,0.802,0.801426,0.592268,0.292773,0.817,0.817151,0.54691,0.270019,0.034537,0.293147,0.312545,1,30,,,,,0.3,0.30022,0.18352,0.04198,0.5,0.94696,,,,,,,,4225688,9f9bb01aee1b,true Gaussian unaries + generator-implied coupling
M0_mlp-9b690f72c0,sbm,M0_mlp,train,none,20,9,0.0,,,,50,0.586,0.586834,1.381692,0.600015,0.608,0.607258,1.326739,0.574669,0.163756,0.177412,0.190245,,,,,,,0.3,0.30022,0.18352,0.04198,0.5,0.94696,0.01,0.0005,64,0.5,0.397,,results/logits/M0_mlp-9b690f72c0.npz,4225688,9f9bb01aee1b,
M1_gcn-78b19c9afd,sbm,M1_gcn,train,none,20,9,0.0,,,,65,0.518,0.516628,1.375834,0.645815,0.545,0.543485,1.302944,0.613017,0.120237,0.198191,0.330634,,,,,,,0.3,0.30022,0.18352,0.04198,0.5,0.94696,0.005,0.001,64,0.5,2.861,,results/logits/M1_gcn-78b19c9afd.npz,4225688,9f9bb01aee1b,
LP-c98b882276,sbm,LP,closed_form,label_prop,20,9,,,,,,0.218,0.216853,1.908258,0.844227,0.207,0.198925,1.924112,0.849804,0.052654,0.157655,0.413157,,,,,,,0.3,0.30022,0.18352,0.04198,0.5,0.94696,,,,,,,,4225688,9f9bb01aee1b,uses train labels as inference-time evidence
M2_lap-aa2579b774,sbm,M2_lap,train,none,20,9,0.001,,,,65,0.518,0.516628,1.375863,0.645825,0.545,0.543485,1.303012,0.613042,0.120287,0.198172,0.330634,,,,,,,0.3,0.30022,0.18352,0.04198,0.5,0.94696,0.005,0.001,64,0.5,3.51,,,4225688,9f9bb01aee1b,
M2_lap-df4db8f8f6,sbm,M2_lap,train,none,20,9,0.01,,,,65,0.518,0.516628,1.376438,0.646072,0.544,0.542583,1.30362,0.61331,0.121718,0.198012,0.330904,,,,,,,0.3,0.30022,0.18352,0.04198,0.5,0.94696,0.005,0.001,64,0.5,3.16,,,4225688,9f9bb01aee1b,
M2_lap-f2f6609388,sbm,M2_lap,train,none,20,9,0.1,,,,64,0.516,0.514748,1.385047,0.649845,0.553,0.55154,1.31217,0.617154,0.138207,0.195034,0.332253,,,,,,,0.3,0.30022,0.18352,0.04198,0.5,0.94696,0.005,0.001,64,0.5,3.194,,,4225688,9f9bb01aee1b,
M2_lap-1b3790cacf,sbm,M2_lap,train,none,20,9,0.5,,,,65,0.516,0.515377,1.401602,0.657323,0.54,0.539178,1.333871,0.626609,0.14109,0.19002,0.330634,,,,,,,0.3,0.30022,0.18352,0.04198,0.5,0.94696,0.005,0.001,64,0.5,3.233,,,4225688,9f9bb01aee1b,
M2_lap-3aa985a603,sbm,M2_lap,train,none,20,9,1.0,,,,48,0.51,0.508031,1.510414,0.703769,0.545,0.544045,1.461851,0.68336,0.239284,0.165381,0.334053,,,,,,,0.3,0.30022,0.18352,0.04198,0.5,0.94696,0.005,0.001,64,0.5,3.122,,,4225688,9f9bb01aee1b,
M2_lap-7eec08e42d,sbm,M2_lap,train,none,20,9,5.0,,,,29,0.498,0.492723,1.729386,0.788305,0.527,0.52488,1.710512,0.781604,0.32287,0.147109,0.335493,,,,,,,0.3,0.30022,0.18352,0.04198,0.5,0.94696,0.005,0.001,64,0.5,2.096,,,4225688,9f9bb01aee1b,
M4_mrf_gcn-6147d433de,sbm,M4_mrf_gcn,tuned_grid,mf,20,9,,0.05,,0,,0.512,0.510798,1.370421,0.643229,0.548,0.54656,1.296255,0.609867,0.11278,0.202602,0.337923,1,4,,,,,0.3,0.30022,0.18352,0.04198,0.5,0.94696,,,,,,0.04,,4225688,9f9bb01aee1b,flip=0.0150
M4_mrf_mlp-31c5669b83,sbm,M4_mrf_mlp,tuned_grid,mf,20,9,,0.05,,0,,0.59,0.590708,1.365907,0.594629,0.609,0.608125,1.310469,0.569116,0.165011,0.181403,0.195824,1,4,,,,,0.3,0.30022,0.18352,0.04198,0.5,0.94696,,,,,,0.0409,,4225688,9f9bb01aee1b,flip=0.0090
M4_mrf_gcn-a51b75a739,sbm,M4_mrf_gcn,tuned_grid,mf,20,9,,0.1,,0,,0.502,0.501237,1.365302,0.640785,0.544,0.542578,1.289987,0.606933,0.101662,0.207401,0.344312,1,5,,,,,0.3,0.30022,0.18352,0.04198,0.5,0.94696,,,,,,0.0357,,4225688,9f9bb01aee1b,flip=0.0260
M4_mrf_mlp-63251ac4e8,sbm,M4_mrf_mlp,tuned_grid,mf,20,9,,0.1,,0,,0.592,0.592391,1.35089,0.589362,0.612,0.611063,1.294993,0.563723,0.164113,0.185467,0.200414,1,5,,,,,0.3,0.30022,0.18352,0.04198,0.5,0.94696,,,,,,0.036,,4225688,9f9bb01aee1b,flip=0.0140
M4_mrf_gcn-c2bc54966c,sbm,M4_mrf_gcn,tuned_grid,mf,20,9,,0.25,,0,,0.496,0.496139,1.352977,0.63505,0.539,0.537074,1.275566,0.600466,0.061626,0.224727,0.367981,1,9,,,,,0.3,0.30022,0.18352,0.04198,0.5,0.94696,,,,,,0.0724,,4225688,9f9bb01aee1b,flip=0.0820
M4_mrf_mlp-4484eec812,sbm,M4_mrf_mlp,tuned_grid,mf,20,9,,0.25,,0,,0.604,0.604112,1.310581,0.574447,0.626,0.625288,1.253487,0.548529,0.156415,0.198124,0.210493,1,6,,,,,0.3,0.30022,0.18352,0.04198,0.5,0.94696,,,,,,0.0529,,4225688,9f9bb01aee1b,flip=0.0360
M4_mrf_gcn-e6ad03d274,sbm,M4_mrf_gcn,tuned_grid,mf,20,9,,0.5,,0,,0.476,0.475008,1.36049,0.639976,0.534,0.531084,1.291421,0.60969,0.050349,0.266976,0.395158,1,27,,,,,0.3,0.30022,0.18352,0.04198,0.5,0.94696,,,,,,0.2323,,4225688,9f9bb01aee1b,flip=0.1470
M4_mrf_mlp-325ff522b1,sbm,M4_mrf_mlp,tuned_grid,mf,20,9,,0.5,,0,,0.632,0.632369,1.260845,0.553851,0.646,0.645597,1.20258,0.527199,0.149278,0.22074,0.233981,1,12,,,,,0.3,0.30022,0.18352,0.04198,0.5,0.94696,,,,,,0.1026,,4225688,9f9bb01aee1b,flip=0.0790
M4_mrf_gcn-39df7eac0b,sbm,M4_mrf_gcn,tuned_grid,mf,20,9,,1.0,,0,,0.176,0.075133,5.361838,1.538093,0.155,0.08709,5.692324,1.598993,0.791784,0.925455,0.967243,1,57,,,,,0.3,0.30022,0.18352,0.04198,0.5,0.94696,,,,,,0.5748,,4225688,9f9bb01aee1b,flip=0.7950
M4_mrf_mlp-5b5ab19f76,sbm,M4_mrf_mlp,tuned_grid,mf,20,9,,1.0,,0,,0.652,0.651649,1.247694,0.5345,0.666,0.666405,1.192361,0.508479,0.162696,0.269824,0.285817,1,29,,,,,0.3,0.30022,0.18352,0.04198,0.5,0.94696,,,,,,0.2688,,4225688,9f9bb01aee1b,flip=0.1680
M4_mrf_gcn-601ddd2beb,sbm,M4_mrf_gcn,tuned_grid,mf,20,9,,2.0,,0,,0.156,0.038557,12.244186,1.679677,0.124,0.03152,13.003185,1.740585,0.871426,0.996805,0.99946,1,20,,,,,0.3,0.30022,0.18352,0.04198,0.5,0.94696,,,,,,0.2086,,4225688,9f9bb01aee1b,flip=0.8390
M4_mrf_mlp-65049a87f3,sbm,M4_mrf_mlp,tuned_grid,mf,20,9,,2.0,,0,,0.178,0.119896,10.104066,1.613967,0.177,0.102125,9.93149,1.607812,0.80452,0.940517,0.951314,1,61,,,,,0.3,0.30022,0.18352,0.04198,0.5,0.94696,,,,,,0.5883,,4225688,9f9bb01aee1b,flip=0.7890
OF-327ef25338,sbm,Oracle_F,oracle,closed_form,20,9,,,,,,0.732,,,,0.73,,,,,,,,,,,,,0.3,0.30022,0.18352,0.04198,0.5,0.94696,,,,,,,,4225688,9f9bb01aee1b,"feature-only Bayes rule, known generative parameters"
OG-f480e820e4,sbm,Oracle_G,oracle,mf,20,9,,0.94696,,,,0.81,0.8098,0.618308,0.294276,0.802,0.80218,0.570043,0.286422,0.031274,0.293147,0.312545,1,30,,,,,0.3,0.30022,0.18352,0.04198,0.5,0.94696,,,,,,,,4225688,9f9bb01aee1b,true Gaussian unaries + generator-implied coupling
