run_id,dataset,model,regime,inference_method,label_per_class,split_seed,lambda,beta,weighted_prior,clamped,best_epoch,val_acc,val_f1,val_nll,val_brier,test_acc,test_f1,test_nll,test_brier,ece,rule_score,edge_agreement,converged,iters,final_residual,ess_min,ess_median,rhat_max,target_h,empirical_h,adjusted_h,label_informativeness,sigma_x,beta_gen,lr,weight_decay,hidden,dropout,train_seconds,infer_seconds,logits_path,git_commit,protocol_hash,notes
M0_mlp-ea3ce51d81,sbm,M0_mlp,train,none,1,0,0.0,,,,16,0.278,0.265642,1.837748,0.825275,0.271,0.253415,1.822019,0.819812,0.057838,0.153949,0.207292,,,,,,,0.7,0.70169,0.65197,0.4129,0.5,2.64156,0.01,0.0005,64,0.5,0.446,,results/logits/M0_mlp-ea3ce51d81.npz,4225688,9f9bb01aee1b,
M1_gcn-6139c398b8,sbm,M1_gcn,train,none,1,0,0.0,,,,58,0.9,0.899354,0.688392,0.309006,0.892,0.891419,0.689859,0.310228,0.330393,0.332241,0.652961,,,,,,,0.7,0.70169,0.65197,0.4129,0.5,2.64156,0.005,0.001,64,0.5,3.375,,results/logits/M1_gcn-6139c398b8.npz,4225688,9f9bb01aee1b,
LP-224144f408,sbm,LP,closed_form,label_prop,1,0,,,,,,0.178,0.064464,1.959627,0.85956,0.157,0.069967,1.992632,0.8626,0.215396,0.155165,0.966765,,,,,,,0.7,0.70169,0.65197,0.4129,0.5,2.64156,,,,,,,,4225688,9f9bb01aee1b,uses train labels as inference-time evidence
M2_lap-014b487de3,sbm,M2_lap,train,none,1,0,0.001,,,,58,0.9,0.899354,0.688557,0.309096,0.892,0.891419,0.690012,0.31031,0.330476,0.332171,0.652961,,,,,,,0.7,0.70169,0.65197,0.4129,0.5,2.64156,0.005,0.001,64,0.5,3.937,,,4225688,9f9bb01aee1b,
M2_lap-7c495fc863,sbm,M2_lap,train,none,1,0,0.01,,,,58,0.9,0.899354,0.689995,0.309842,0.892,0.891419,0.691456,0.31106,0.331254,0.331559,0.65314,,,,,,,0.7,0.70169,0.65197,0.4129,0.5,2.64156,0.005,0.001,64,0.5,3.903,,,4225688,9f9bb01aee1b,
M2_lap-2fab4b0667,sbm,M2_lap,train,none,1,0,0.1,,,,56,0.896,0.895246,0.721112,0.325786,0.887,0.886235,0.723149,0.327382,0.343577,0.318717,0.651617,,,,,,,0.7,0.70169,0.65197,0.4129,0.5,2.64156,0.005,0.001,64,0.5,3.96,,,4225688,9f9bb01aee1b,
M2_lap-5909017bac,sbm,M2_lap,train,none,1,0,0.5,,,,58,0.882,0.882661,0.774043,0.354565,0.878,0.877125,0.774792,0.355331,0.360268,0.299325,0.639165,,,,,,,0.7,0.70169,0.65197,0.4129,0.5,2.64156,0.005,0.001,64,0.5,4.392,,,4225688,9f9bb01aee1b,
M2_lap-505baa8ea6,sbm,M2_lap,train,none,1,0,1.0,,,,47,0.868,0.866651,0.901047,0.418556,0.863,0.861911,0.903276,0.42075,0.410492,0.256354,0.635492,,,,,,,0.7,0.70169,0.65197,0.4129,0.5,2.64156,0.005,0.001,64,0.5,3.917,,,4225688,9f9bb01aee1b,
M2_lap-201ebcc83d,sbm,M2_lap,train,none,1,0,5.0,,,,35,0.834,0.831723,1.200821,0.566439,0.842,0.83879,1.199002,0.566746,0.512963,0.188871,0.619547,,,,,,,0.7,0.70169,0.65197,0.4129,0.5,2.64156,0.005,0.001,64,0.5,3.244,,,4225688,9f9bb01aee1b,
M4_mrf_gcn-f435abb499,sbm,M4_mrf_gcn,tuned_grid,mf,1,0,,0.05,,0,,0.898,0.897177,0.643279,0.285652,0.896,0.895344,0.64445,0.286516,0.308522,0.355043,0.658783,1,5,,,,,0.7,0.70169,0.65197,0.4129,0.5,2.64156,,,,,,0.1499,,4225688,9f9bb01aee1b,flip=0.0060
M4_mrf_mlp-c29436b526,sbm,M4_mrf_mlp,tuned_grid,mf,1,0,,0.05,,0,,0.282,0.267142,1.828848,0.822079,0.277,0.256479,1.813586,0.816842,0.046241,0.156238,0.221535,1,5,,,,,0.7,0.70169,0.65197,0.4129,0.5,2.64156,,,,,,0.0404,,4225688,9f9bb01aee1b,flip=0.0250
M4_mrf_gcn-16091b8b4a,sbm,M4_mrf_gcn,tuned_grid,mf,1,0,,0.1,,0,,0.9,0.898966,0.596168,0.261571,0.906,0.905255,0.596892,0.262019,0.290567,0.380368,0.663531,1,6,,,,,0.7,0.70169,0.65197,0.4129,0.5,2.64156,,,,,,0.0754,,4225688,9f9bb01aee1b,flip=0.0170
M4_mrf_mlp-a70169fec7,sbm,M4_mrf_mlp,tuned_grid,mf,1,0,,0.1,,0,,0.284,0.264399,1.819708,0.818657,0.274,0.253113,1.804976,0.813705,0.052076,0.159002,0.237212,1,6,,,,,0.7,0.70169,0.65197,0.4129,0.5,2.64156,,,,,,0.1031,,4225688,9f9bb01aee1b,flip=0.0500
M4_mrf_gcn-864192e93e,sbm,M4_mrf_gcn,tuned_grid,mf,1,0,,0.25,,0,,0.918,0.917375,0.450901,0.189771,0.928,0.927725,0.449211,0.188707,0.221395,0.466723,0.678223,1,10,,,,,0.7,0.70169,0.65197,0.4129,0.5,2.64156,,,,,,0.1002,,4225688,9f9bb01aee1b,flip=0.0420
M4_mrf_mlp-735d2f264f,sbm,M4_mrf_mlp,tuned_grid,mf,1,0,,0.25,,0,,0.298,0.26983,1.791884,0.806812,0.286,0.255183,1.779542,0.8034,0.063687,0.173891,0.308878,1,11,,,,,0.7,0.70169,0.65197,0.4129,0.5,2.64156,,,,,,0.1295,,4225688,9f9bb01aee1b,flip=0.1450
M4_mrf_gcn-a3b45ce75f,sbm,M4_mrf_gcn,tuned_grid,mf,1,0,,0.5,,0,,0.944,0.94414,0.256085,0.10198,0.958,0.958254,0.250205,0.098546,0.119135,0.592992,0.697483,1,15,,,,,0.7,0.70169,0.65197,0.4129,0.5,2.64156,,,,,,0.1995,,4225688,9f9bb01aee1b,flip=0.0730
M4_mrf_mlp-a59163684a,sbm,M4_mrf_mlp,tuned_grid,mf,1,0,,0.5,,0,,0.166,0.066579,2.86407,1.238969,0.161,0.052355,2.879373,1.251782,0.578884,0.647003,0.964167,1,33,,,,,0.7,0.70169,0.65197,0.4129,0.5,2.64156,,,,,,0.3666,,4225688,9f9bb01aee1b,flip=0.6770
M4_mrf_gcn-e7bfe11d79,sbm,M4_mrf_gcn,tuned_grid,mf,1,0,,1.0,,0,,0.964,0.964401,0.124506,0.052239,0.967,0.966954,0.120082,0.052065,0.026037,0.679867,0.70456,1,13,,,,,0.7,0.70169,0.65197,0.4129,0.5,2.64156,,,,,,0.1915,,4225688,9f9bb01aee1b,flip=0.0850
M4_mrf_mlp-f2ed2f1c69,sbm,M4_mrf_mlp,tuned_grid,mf,1,0,,1.0,,0,,0.152,0.037764,6.664289,1.645837,0.154,0.038194,6.729951,1.644188,0.819814,0.97746,0.999462,1,12,,,,,0.7,0.70169,0.65197,0.4129,0.5,2.64156,,,,,,0.1034,,4225688,9f9bb01aee1b,flip=0.7080
M4_mrf_gcn-abecff9b95,sbm,M4_mrf_gcn,tuned_grid,mf,1,0,,2.0,,0,,0.968,0.968373,0.098156,0.045252,0.97,0.970086,0.090587,0.042035,0.006567,0.701782,0.706083,1,31,,,,,0.7,0.70169,0.65197,0.4129,0.5,2.64156,,,,,,0.4016,,4225688,9f9bb01aee1b,flip=0.0880
M4_mrf_mlp-f8ad496c1a,sbm,M4_mrf_mlp,tuned_grid,mf,1,0,,2.0,,0,,0.152,0.037698,13.347488,1.690907,0.154,0.038161,13.502609,1.685422,0.842393,0.99876,1.0,1,6,,,,,0.7,0.70169,0.65197,0.4129,0.5,2.64156,,,,,,0.2638,,4225688,9f9bb01aee1b,flip=0.7090
OF-0d52e4bf4b,sbm,Oracle_F,oracle,closed_form,1,0,,,,,,0.758,,,,0.748,,,,,,,,,,,,,0.7,0.70169,0.65197,0.4129,0.5,2.64156,,,,,,,,4225688,9f9bb01aee1b,"feature-only Bayes rule, known generative parameters"
OG-4de8dffb1c,sbm,Oracle_G,oracle,mf,1,0,,2.64156,,,,0.988,0.987783,0.038444,0.018205,0.992,0.992144,0.027715,0.013608,0.004738,0.702406,0.703574,1,27,,,,,0.7,0.70169,0.65197,0.4129,0.5,2.64156,,,,,,,,4225688,9f9bb01aee1b,true Gaussian unaries + generator-implied coupling
M0_mlp-49bb981280,sbm,M0_mlp,train,none,5,0,0.0,,,,136,0.47,0.467088,1.990303,0.829337,0.446,0.445446,2.095375,0.823091,0.311209,0.214562,0.232912,,,,,,,0.7,0.70169,0.65197,0.4129,0.5,2.64156,0.01,0.0005,64,0.5,0.736,,results/logits/M0_mlp-49bb981280.npz,4225688,9f9bb01aee1b,
M1_gcn-8fbcf06e80,sbm,M1_gcn,train,none,5,0,0.0,,,,49,0.974,0.974679,0.321949,0.118758,0.97,0.969738,0.318441,0.116841,0.202458,0.505577,0.700887,,,,,,,0.7,0.70169,0.65197,0.4129,0.5,2.64156,0.005,0.001,64,0.5,2.43,,results/logits/M1_gcn-8fbcf06e80.npz,4225688,9f9bb01aee1b,
LP-34806c0b8a,sbm,LP,closed_form,label_prop,5,0,,,,,,0.36,0.363063,1.871137,0.815784,0.41,0.420301,1.814651,0.814267,0.25494,0.14827,0.631192,,,,,,,0.7,0.70169,0.65197,0.4129,0.5,2.64156,,,,,,,,4225688,9f9bb01aee1b,uses train labels as inference-time evidence
M2_lap-cbfe162a53,sbm,M2_lap,train,none,5,0,0.001,,,,49,0.974,0.974679,0.322034,0.118794,0.97,0.969738,0.318528,0.116879,0.202519,0.505519,0.700887,,,,,,,0.7,0.70169,0.65197,0.4129,0.5,2.64156,0.005,0.001,64,0.5,2.67,,,4225688,9f9bb01aee1b,
M2_lap-3c55b0a3ed,sbm,M2_lap,train,none,5,0,0.01,,,,49,0.974,0.974679,0.322837,0.119131,0.97,0.969738,0.319365,0.117238,0.203113,0.504957,0.700887,,,,,,,0.7,0.70169,0.65197,0.4129,0.5,2.64156,0.005,0.001,64,0.5,2.77,,,4225688,9f9bb01aee1b,
M2_lap-1f6385c1a3,sbm,M2_lap,train,none,5,0,0.1,,,,49,0.974,0.974679,0.330688,0.122464,0.969,0.968786,0.327451,0.120743,0.207772,0.499594,0.700439,,,,,,,0.7,0.70169,0.65197,0.4129,0.5,2.64156,0.005,0.001,64,0.5,2.949,,,4225688,9f9bb01aee1b,
M2_lap-8eaecc8545,sbm,M2_lap,train,none,5,0,0.5,,,,28,0.972,0.972804,0.836143,0.374006,0.966,0.965767,0.835943,0.37558,0.509157,0.249169,0.698916,,,,,,,0.7,0.70169,0.65197,0.4129,0.5,2.64156,0.005,0.001,64,0.5,2.218,,,4225688,9f9bb01aee1b,
M2_lap-a6bcd346d2,sbm,M2_lap,train,none,5,0,1.0,,,,28,0.97,0.97063,0.849936,0.381534,0.965,0.964793,0.850405,0.383408,0.515109,0.244706,0.698826,,,,,,,0.7,0.70169,0.65197,0.4129,0.5,2.64156,0.005,0.001,64,0.5,2.099,,,4225688,9f9bb01aee1b,
M2_lap-25449e15f9,sbm,M2_lap,train,none,5,0,5.0,,,,19,0.964,0.965108,1.253921,0.59202,0.958,0.957541,1.2524,0.591946,0.663493,0.169275,0.69587,,,,,,,0.7,0.70169,0.65197,0.4129,0.5,2.64156,0.005,0.001,64,0.5,1.91,,,4225688,9f9bb01aee1b,
M4_mrf_gcn-f5d2fa40bb,sbm,M4_mrf_gcn,tuned_grid,mf,5,0,,0.05,,0,,0.972,0.972767,0.290476,0.105954,0.97,0.969738,0.286478,0.103671,0.178816,0.530478,0.700797,1,4,,,,,0.7,0.70169,0.65197,0.4129,0.5,2.64156,,,,,,0.0415,,4225688,9f9bb01aee1b,flip=0.0000
M4_mrf_mlp-da9508b486,sbm,M4_mrf_mlp,tuned_grid,mf,5,0,,0.05,,0,,0.476,0.472509,1.942868,0.816326,0.46,0.459917,2.045808,0.808175,0.29934,0.222261,0.243483,1,4,,,,,0.7,0.70169,0.65197,0.4129,0.5,2.64156,,,,,,0.0326,,4225688,9f9bb01aee1b,flip=0.0190
M4_mrf_gcn-579b6a6e3c,sbm,M4_mrf_gcn,tuned_grid,mf,5,0,,0.1,,0,,0.972,0.972767,0.261526,0.094648,0.969,0.968776,0.257191,0.092142,0.155685,0.553727,0.701156,1,5,,,,,0.7,0.70169,0.65197,0.4129,0.5,2.64156,,,,,,0.0423,,4225688,9f9bb01aee1b,flip=0.0010
M4_mrf_mlp-69df23f1ae,sbm,M4_mrf_mlp,tuned_grid,mf,5,0,,0.1,,0,,0.49,0.485977,1.894576,0.80276,0.471,0.470543,1.99526,0.792515,0.290908,0.230457,0.253247,1,5,,,,,0.7,0.70169,0.65197,0.4129,0.5,2.64156,,,,,,0.0349,,4225688,9f9bb01aee1b,flip=0.0350
M4_mrf_gcn-4cb12e4df8,sbm,M4_mrf_gcn,tuned_grid,mf,5,0,,0.25,,0,,0.974,0.974679,0.19193,0.069288,0.972,0.971732,0.187625,0.06707,0.104114,0.609877,0.702679,1,7,,,,,0.7,0.70169,0.65197,0.4129,0.5,2.64156,,,,,,0.0523,,4225688,9f9bb01aee1b,flip=0.0050
M4_mrf_mlp-d2d79ea9da,sbm,M4_mrf_mlp,tuned_grid,mf,5,0,,0.25,,0,,0.496,0.491934,1.7428,0.757853,0.5,0.500024,1.835867,0.740065,0.272166,0.258621,0.28272,1,7,,,,,0.7,0.70169,0.65197,0.4129,0.5,2.64156,,,,,,0.0528,,4225688,9f9bb01aee1b,flip=0.0700
M4_mrf_gcn-b7cd4bb5a7,sbm,M4_mrf_gcn,tuned_grid,mf,5,0,,0.5,,0,,0.976,0.976771,0.125062,0.047232,0.973,0.972771,0.12328,0.047517,0.051556,0.66129,0.703306,1,9,,,,,0.7,0.70169,0.65197,0.4129,0.5,2.64156,,,,,,0.0602,,4225688,9f9bb01aee1b,flip=0.0100
M4_mrf_mlp-28468e5ba7,sbm,M4_mrf_mlp,tuned_grid,mf,5,0,,0.5,,0,,0.546,0.540499,1.456871,0.661522,0.58,0.578427,1.536915,0.631834,0.220971,0.320668,0.349548,1,16,,,,,0.7,0.70169,0.65197,0.4129,0.5,2.64156,,,,,,0.1218,,4225688,9f9bb01aee1b,flip=0.1600
M4_mrf_gcn-38628d57c0,sbm,M4_mrf_gcn,tuned_grid,mf,5,0,,1.0,,0,,0.984,0.984694,0.076292,0.031369,0.975,0.974582,0.081474,0.037541,0.014036,0.693029,0.705545,1,13,,,,,0.7,0.70169,0.65197,0.4129,0.5,2.64156,,,,,,0.1026,,4225688,9f9bb01aee1b,flip=0.0150
M4_mrf_mlp-fcbbcc937d,sbm,M4_mrf_mlp,tuned_grid,mf,5,0,,1.0,,0,,0.744,0.738164,0.763288,0.363894,0.743,0.740312,0.878569,0.383083,0.134259,0.491879,0.517603,1,39,,,,,0.7,0.70169,0.65197,0.4129,0.5,2.64156,,,,,,0.3714,,4225688,9f9bb01aee1b,flip=0.3250
M4_mrf_gcn-a275a4776a,sbm,M4_mrf_gcn,tuned_grid,mf,5,0,,2.0,,0,,0.986,0.986537,0.058666,0.024129,0.975,0.974462,0.074406,0.037064,0.006747,0.703526,0.706172,1,13,,,,,0.7,0.70169,0.65197,0.4129,0.5,2.64156,,,,,,0.1096,,4225688,9f9bb01aee1b,flip=0.0170
M4_mrf_mlp-93c94a7798,sbm,M4_mrf_mlp,tuned_grid,mf,5,0,,2.0,,0,,0.95,0.949338,0.16496,0.077073,0.93,0.930046,0.250362,0.108711,0.031868,0.670974,0.680731,1,41,,,,,0.7,0.70169,0.65197,0.4129,0.5,2.64156,,,,,,0.3459,,4225688,9f9bb01aee1b,flip=0.4990
OF-75e01c5352,sbm,Oracle_F,oracle,closed_form,5,0,,,,,,0.744,,,,0.74,,,,,,,,,,,,,0.7,0.70169,0.65197,0.4129,0.5,2.64156,,,,,,,,4225688,9f9bb01aee1b,"feature-only Bayes rule, known generative parameters"
OG-cc38a46618,sbm,Oracle_G,oracle,mf,5,0,,2.64156,,,,0.994,0.994115,0.02264,0.010539,0.988,0.987832,0.03766,0.017741,0.002925,0.702406,0.703574,1,27,,,,,0.7,0.70169,0.65197,0.4129,0.5,2.64156,,,,,,,,4225688,9f9bb01aee1b,true Gaussian unaries + generator-implied coupling
M0_mlp-be60770191,sbm,M0_mlp,train,none,20,0,0.0,,,,31,0.624,0.623889,1.059765,0.521975,0.656,0.655237,1.041533,0.490473,0.075812,0.275014,0.339873,,,,,,,0.7,0.70169,0.65197,0.4129,0.5,2.64156,0.01,0.0005,64,0.5,0.28,,results/logits/M0_mlp-be60770191.npz,4225688,9f9bb01aee1b,
M1_gcn-51d16f194e,sbm,M1_gcn,train,none,20,0,0.0,,,,54,0.976,0.97568,0.203264,0.072022,0.977,0.976981,0.192233,0.064797,0.116862,0.590089,0.701156,,,,,,,0.7,0.70169,0.65197,0.4129,0.5,2.64156,0.005,0.001,64,0.5,2.547,,results/logits/M1_gcn-51d16f194e.npz,4225688,9f9bb01aee1b,
LP-c04e486b4c,sbm,LP,closed_form,label_prop,20,0,,,,,,0.774,0.772251,1.555339,0.718806,0.8,0.800341,1.54567,0.715052,0.566144,0.166691,0.607005,,,,,,,0.7,0.70169,0.65197,0.4129,0.5,2.64156,,,,,,,,4225688,9f9bb01aee1b,uses train labels as inference-time evidence
M2_lap-9e6dbc553b,sbm,M2_lap,train,none,20,0,0.001,,,,54,0.976,0.97568,0.203329,0.072046,0.977,0.976981,0.192293,0.064817,0.116911,0.590041,0.701156,,,,,,,0.7,0.70169,0.65197,0.4129,0.5,2.64156,0.005,0.001,64,0.5,3.105,,,4225688,9f9bb01aee1b,
M2_lap-6e63c99572,sbm,M2_lap,train,none,20,0,0.01,,,,54,0.976,0.97568,0.203892,0.072246,0.977,0.976981,0.192826,0.065001,0.117345,0.589617,0.701156,,,,,,,0.7,0.70169,0.65197,0.4129,0.5,2.64156,0.005,0.001,64,0.5,2.836,,,4225688,9f9bb01aee1b,
M2_lap-71c04af997,sbm,M2_lap,train,none,20,0,0.1,,,,37,0.976,0.975624,0.425205,0.161968,0.978,0.977967,0.411202,0.152926,0.281946,0.43202,0.700887,,,,,,,0.7,0.70169,0.65197,0.4129,0.5,2.64156,0.005,0.001,64,0.5,2.408,,,4225688,9f9bb01aee1b,
M2_lap-513b6693ea,sbm,M2_lap,train,none,20,0,0.5,,,,35,0.976,0.975624,0.495261,0.195265,0.978,0.977967,0.481288,0.186335,0.328307,0.390404,0.700887,,,,,,,0.7,0.70169,0.65197,0.4129,0.5,2.64156,0.005,0.001,64,0.5,2.314,,,4225688,9f9bb01aee1b,
M2_lap-c96f44e127,sbm,M2_lap,train,none,20,0,1.0,,,,28,0.972,0.971642,0.738528,0.321306,0.979,0.979009,0.725144,0.31346,0.470771,0.278929,0.700976,,,,,,,0.7,0.70169,0.65197,0.4129,0.5,2.64156,0.005,0.001,64,0.5,2.413,,,4225688,9f9bb01aee1b,
M2_lap-6ea958e566,sbm,M2_lap,train,none,20,0,5.0,,,,21,0.974,0.97392,1.097108,0.513697,0.975,0.975231,1.087366,0.509317,0.626233,0.18891,0.69802,,,,,,,0.7,0.70169,0.65197,0.4129,0.5,2.64156,0.005,0.001,64,0.5,1.981,,,4225688,9f9bb01aee1b,
M4_mrf_gcn-f746e1a48f,sbm,M4_mrf_gcn,tuned_grid,mf,20,0,,0.05,,0,,0.974,0.973834,0.184326,0.065432,0.978,0.978039,0.173504,0.058301,0.102964,0.606266,0.701872,1,4,,,,,0.7,0.70169,0.65197,0.4129,0.5,2.64156,,,,,,0.0481,,4225688,9f9bb01aee1b,flip=0.0010
M4_mrf_mlp-09a7b600f8,sbm,M4_mrf_mlp,tuned_grid,mf,20,0,,0.05,,0,,0.636,0.636188,1.004848,0.49881,0.67,0.669486,0.985262,0.466837,0.071719,0.290636,0.360566,1,5,,,,,0.7,0.70169,0.65197,0.4129,0.5,2.64156,,,,,,0.0426,,4225688,9f9bb01aee1b,flip=0.0180
M4_mrf_gcn-db9dcce48f,sbm,M4_mrf_gcn,tuned_grid,mf,20,0,,0.1,,0,,0.974,0.973834,0.167604,0.059826,0.979,0.979009,0.157109,0.052817,0.090663,0.620436,0.702231,1,5,,,,,0.7,0.70169,0.65197,0.4129,0.5,2.64156,,,,,,0.0319,,4225688,9f9bb01aee1b,flip=0.0030
M4_mrf_mlp-8d6350e574,sbm,M4_mrf_mlp,tuned_grid,mf,20,0,,0.1,,0,,0.652,0.651741,0.948216,0.474364,0.69,0.68961,0.927257,0.441699,0.07317,0.307829,0.383947,1,5,,,,,0.7,0.70169,0.65197,0.4129,0.5,2.64156,,,,,,0.0345,,4225688,9f9bb01aee1b,flip=0.0410
M4_mrf_gcn-729a27e619,sbm,M4_mrf_gcn,tuned_grid,mf,20,0,,0.25,,0,,0.974,0.973834,0.129333,0.047798,0.98,0.980052,0.120302,0.041269,0.060806,0.652011,0.703395,1,6,,,,,0.7,0.70169,0.65197,0.4129,0.5,2.64156,,,,,,0.0425,,4225688,9f9bb01aee1b,flip=0.0090
M4_mrf_mlp-ef5e59c532,sbm,M4_mrf_mlp,tuned_grid,mf,20,0,,0.25,,0,,0.718,0.71713,0.76893,0.392994,0.753,0.752574,0.74404,0.357642,0.034862,0.36957,0.451939,1,8,,,,,0.7,0.70169,0.65197,0.4129,0.5,2.64156,,,,,,0.0784,,4225688,9f9bb01aee1b,flip=0.1050
M4_mrf_gcn-eb34c35f4f,sbm,M4_mrf_gcn,tuned_grid,mf,20,0,,0.5,,0,,0.978,0.978118,0.093392,0.037578,0.982,0.982017,0.08763,0.032165,0.032869,0.679371,0.704381,1,8,,,,,0.7,0.70169,0.65197,0.4129,0.5,2.64156,,,,,,0.0604,,4225688,9f9bb01aee1b,flip=0.0110
M4_mrf_mlp-0eadc7d470,sbm,M4_mrf_mlp,tuned_grid,mf,20,0,,0.5,,0,,0.828,0.825618,0.473125,0.245738,0.852,0.852196,0.44866,0.213368,0.02329,0.497469,0.57171,1,13,,,,,0.7,0.70169,0.65197,0.4129,0.5,2.64156,,,,,,0.0843,,4225688,9f9bb01aee1b,flip=0.2010
M4_mrf_gcn-5e948a7209,sbm,M4_mrf_gcn,tuned_grid,mf,20,0,,1.0,,0,,0.982,0.982113,0.067026,0.030937,0.984,0.984072,0.067922,0.027807,0.011077,0.697171,0.705545,1,11,,,,,0.7,0.70169,0.65197,0.4129,0.5,2.64156,,,,,,0.1087,,4225688,9f9bb01aee1b,flip=0.0130
M4_mrf_mlp-4349dbdc6b,sbm,M4_mrf_mlp,tuned_grid,mf,20,0,,1.0,,0,,0.934,0.934214,0.167386,0.088564,0.952,0.95223,0.156544,0.075318,0.015271,0.646031,0.673923,1,17,,,,,0.7,0.70169,0.65197,0.4129,0.5,2.64156,,,,,,0.1174,,4225688,9f9bb01aee1b,flip=0.2990
M4_mrf_gcn-cbaf031f0f,sbm,M4_mrf_gcn,tuned_grid,mf,20,0,,2.0,,0,,0.982,0.981987,0.066763,0.033515,0.982,0.982015,0.073094,0.02913,0.004172,0.704071,0.705993,1,15,,,,,0.7,0.70169,0.65197,0.4129,0.5,2.64156,,,,,,0.1153,,4225688,9f9bb01aee1b,flip=0.0150
M4_mrf_mlp-c1b121fe82,sbm,M4_mrf_mlp,tuned_grid,mf,20,0,,2.0,,0,,0.98,0.980276,0.046344,0.02605,0.986,0.986196,0.064058,0.026927,0.009229,0.696172,0.700797,1,19,,,,,0.7,0.70169,0.65197,0.4129,0.5,2.64156,,,,,,0.2011,,4225688,9f9bb01aee1b,flip=0.3360
OF-f1d2a22a88,sbm,Oracle_F,oracle,closed_form,20,0,,,,,,0.742,,,,0.764,,,,,,,,,,,,,0.7,0.70169,0.65197,0.4129,0.5,2.64156,,,,,,,,4225688,9f9bb01aee1b,"feature-only Bayes rule, known generative parameters"
OG-18bb7175f2,sbm,Oracle_G,oracle,mf,20,0,,2.64156,,,,0.99,0.990443,0.024015,0.012926,0.985,0.98499,0.049576,0.022362,0.007167,0.702406,0.703574,1,27,,,,,0.7,0.70169,0.65197,0.4129,0.5,2.64156,,,,,,,,4225688,9f9bb01aee1b,true Gaussian unaries + generator-implied coupling
M0_mlp-a28f5c012c,sbm,M0_mlp,train,none,1,1,0.0,,,,26,0.324,0.311996,1.932261,0.859138,0.259,0.255475,2.02803,0.890752,0.192857,0.158247,0.184232,,,,,,,0.7,0.6992,0.64901,0.40895,0.5,2.64156,0.01,0.0005,64,0.5,0.252,,results/logits/M0_mlp-a28f5c012c.npz,4225688,9f9bb01aee1b,
M1_gcn-87a1db802e,sbm,M1_gcn,train,none,1,1,0.0,,,,56,0.922,0.918671,0.602575,0.255362,0.927,0.92591,0.59985,0.259947,0.326446,0.365078,0.668365,,,,,,,0.7,0.6992,0.64901,0.40895,0.5,2.64156,0.005,0.001,64,0.5,2.734,,results/logits/M1_gcn-87a1db802e.npz,4225688,9f9bb01aee1b,
LP-cb85e0d9e7,sbm,LP,closed_form,label_prop,1,1,,,,,,0.184,0.07529,1.947522,0.856241,0.139,0.060544,1.9751,0.86488,0.127006,0.155736,0.943148,,,,,,,0.7,0.6992,0.64901,0.40895,0.5,2.64156,,,,,,,,4225688,9f9bb01aee1b,uses train labels as inference-time evidence
M2_lap-ed2fda6b7c,sbm,M2_lap,train,none,1,1,0.001,,,,56,0.922,0.918671,0.602714,0.255432,0.927,0.92591,0.599989,0.260018,0.326522,0.365016,0.668365,,,,,,,0.7,0.6992,0.64901,0.40895,0.5,2.64156,0.005,0.001,64,0.5,2.806,,,4225688,9f9bb01aee1b,
M2_lap-ca31828fea,sbm,M2_lap,train,none,1,1,0.01,,,,50,0.92,0.916257,0.680518,0.294196,0.923,0.922334,0.679127,0.299259,0.368149,0.328385,0.66613,,,,,,,0.7,0.6992,0.64901,0.40895,0.5,2.64156,0.005,0.001,64,0.5,3.046,,,4225688,9f9bb01aee1b,
M2_lap-e4fc947957,sbm,M2_lap,train,none,1,1,0.1,,,,50,0.92,0.916257,0.68941,0.298743,0.921,0.9201,0.687861,0.303749,0.370823,0.324688,0.665683,,,,,,,0.7,0.6992,0.64901,0.40895,0.5,2.64156,0.005,0.001,64,0.5,2.734,,,4225688,9f9bb01aee1b,
M2_lap-9d75ca7b0a,sbm,M2_lap,train,none,1,1,0.5,,,,50,0.914,0.910385,0.731219,0.320349,0.918,0.917002,0.728954,0.32507,0.389148,0.308309,0.662555,,,,,,,0.7,0.6992,0.64901,0.40895,0.5,2.64156,0.005,0.001,64,0.5,2.746,,,4225688,9f9bb01aee1b,
M2_lap-50a66d770f,sbm,M2_lap,train,none,1,1,1.0,,,,51,0.91,0.90696,0.776748,0.344274,0.908,0.906648,0.774285,0.349072,0.401386,0.292031,0.655314,,,,,,,0.7,0.6992,0.64901,0.40895,0.5,2.64156,0.005,0.001,64,0.5,2.673,,,4225688,9f9bb01aee1b,
M2_lap-40a3cbbdd9,sbm,M2_lap,train,none,1,1,5.0,,,,35,0.892,0.888062,1.157933,0.544213,0.898,0.898078,1.162533,0.549271,0.564294,0.190162,0.647537,,,,,,,0.7,0.6992,0.64901,0.40895,0.5,2.64156,0.005,0.001,64,0.5,2.63,,,4225688,9f9bb01aee1b,
M4_mrf_gcn-9f4230f6b0,sbm,M4_mrf_gcn,tuned_grid,mf,1,1,,0.05,,0,,0.922,0.918671,0.557643,0.233161,0.933,0.932148,0.554534,0.237272,0.305168,0.390437,0.671047,1,5,,,,,0.7,0.6992,0.64901,0.40895,0.5,2.64156,,,,,,0.0518,,4225688,9f9bb01aee1b,flip=0.0060
M4_mrf_mlp-9e8ff0a6e9,sbm,M4_mrf_mlp,tuned_grid,mf,1,1,,0.05,,0,,0.322,0.309197,1.918684,0.853987,0.258,0.25406,2.015045,0.886457,0.199309,0.161614,0.193081,1,5,,,,,0.7,0.6992,0.64901,0.40895,0.5,2.64156,,,,,,0.0377,,4225688,9f9bb01aee1b,flip=0.0070
M4_mrf_gcn-237db668f7,sbm,M4_mrf_gcn,tuned_grid,mf,1,1,,0.1,,0,,0.922,0.918681,0.511983,0.21122,0.941,0.940397,0.508457,0.214718,0.284636,0.417452,0.674801,1,6,,,,,0.7,0.6992,0.64901,0.40895,0.5,2.64156,,,,,,0.0418,,4225688,9f9bb01aee1b,flip=0.0140
M4_mrf_mlp-60b41c97cc,sbm,M4_mrf_mlp,tuned_grid,mf,1,1,,0.1,,0,,0.326,0.312348,1.904922,0.848589,0.264,0.259481,2.001984,0.881927,0.191986,0.165362,0.201931,1,6,,,,,0.7,0.6992,0.64901,0.40895,0.5,2.64156,,,,,,0.0495,,4225688,9f9bb01aee1b,flip=0.0220
M4_mrf_gcn-79986c355b,sbm,M4_mrf_gcn,tuned_grid,mf,1,1,,0.25,,0,,0.932,0.929489,0.379501,0.151416,0.953,0.952694,0.374032,0.151696,0.209531,0.501002,0.684991,1,10,,,,,0.7,0.6992,0.64901,0.40895,0.5,2.64156,,,,,,0.0871,,4225688,9f9bb01aee1b,flip=0.0340
M4_mrf_mlp-da73324e06,sbm,M4_mrf_mlp,tuned_grid,mf,1,1,,0.25,,0,,0.35,0.332351,1.86117,0.830002,0.29,0.280379,1.960694,0.865659,0.17846,0.180545,0.241352,1,9,,,,,0.7,0.6992,0.64901,0.40895,0.5,2.64156,,,,,,0.054,,4225688,9f9bb01aee1b,flip=0.0830
M4_mrf_gcn-851bdd9666,sbm,M4_mrf_gcn,tuned_grid,mf,1,1,,0.5,,0,,0.958,0.957298,0.217289,0.085978,0.967,0.966927,0.208771,0.081004,0.108992,0.608237,0.69688,1,13,,,,,0.7,0.6992,0.64901,0.40895,0.5,2.64156,,,,,,0.1446,,4225688,9f9bb01aee1b,flip=0.0500
M4_mrf_mlp-227fb106ed,sbm,M4_mrf_mlp,tuned_grid,mf,1,1,,0.5,,0,,0.396,0.364836,1.797414,0.792685,0.365,0.337266,1.895879,0.822714,0.17352,0.253537,0.375883,1,33,,,,,0.7,0.6992,0.64901,0.40895,0.5,2.64156,,,,,,0.2723,,4225688,9f9bb01aee1b,flip=0.2620
M4_mrf_gcn-1f78069b5c,sbm,M4_mrf_gcn,tuned_grid,mf,1,1,,1.0,,0,,0.98,0.98005,0.102434,0.044,0.973,0.972992,0.102446,0.044922,0.028698,0.679833,0.702601,1,17,,,,,0.7,0.6992,0.64901,0.40895,0.5,2.64156,,,,,,0.1275,,4225688,9f9bb01aee1b,flip=0.0580
M4_mrf_mlp-3cf935389f,sbm,M4_mrf_mlp,tuned_grid,mf,1,1,,1.0,,0,,0.414,0.316087,3.504039,1.058112,0.415,0.325972,3.532773,1.050602,0.470286,0.663702,0.727452,1,42,,,,,0.7,0.6992,0.64901,0.40895,0.5,2.64156,,,,,,0.4237,,4225688,9f9bb01aee1b,flip=0.6550
M4_mrf_gcn-cde8daa24d,sbm,M4_mrf_gcn,tuned_grid,mf,1,1,,2.0,,0,,0.982,0.982116,0.064859,0.031354,0.975,0.975047,0.085013,0.042313,0.005586,0.699655,0.703853,1,22,,,,,0.7,0.6992,0.64901,0.40895,0.5,2.64156,,,,,,0.1601,,4225688,9f9bb01aee1b,flip=0.0600
M4_mrf_mlp-4c0f8e1a2f,sbm,M4_mrf_mlp,tuned_grid,mf,1,1,,2.0,,0,,0.426,0.31898,7.017965,1.118989,0.421,0.328754,6.990003,1.123243,0.548504,0.740746,0.748458,1,117,,,,,0.7,0.6992,0.64901,0.40895,0.5,2.64156,,,,,,1.1876,,4225688,9f9bb01aee1b,flip=0.6890
OF-d705296b42,sbm,Oracle_F,oracle,closed_form,1,1,,,,,,0.746,,,,0.741,,,,,,,,,,,,,0.7,0.6992,0.64901,0.40895,0.5,2.64156,,,,,,,,4225688,9f9bb01aee1b,"feature-only Bayes rule, known generative parameters"
OG-155790afc7,sbm,Oracle_G,oracle,mf,1,1,,2.64156,,,,0.992,0.991615,0.03884,0.016828,0.99,0.990106,0.031692,0.014531,0.000801,0.699693,0.701082,1,14,,,,,0.7,0.6992,0.64901,0.40895,0.5,2.64156,,,,,,,,4225688,9f9bb01aee1b,true Gaussian unaries + generator-implied coupling
M0_mlp-52990a8a94,sbm,M0_mlp,train,none,5,1,0.0,,,,29,0.474,0.470873,1.463824,0.6863,0.494,0.492388,1.414307,0.666242,0.082151,0.204281,0.26942,,,,,,,0.7,0.6992,0.64901,0.40895,0.5,2.64156,0.01,0.0005,64,0.5,0.318,,results/logits/M0_mlp-52990a8a94.npz,4225688,9f9bb01aee1b,
M1_gcn-afc2e89744,sbm,M1_gcn,train,none,5,1,0.0,,,,37,0.968,0.967773,0.59002,0.244932,0.964,0.963976,0.556789,0.227999,0.356112,0.361734,0.695986,,,,,,,0.7,0.6992,0.64901,0.40895,0.5,2.64156,0.005,0.001,64,0.5,2.062,,results/logits/M1_gcn-afc2e89744.npz,4225688,9f9bb01aee1b,
LP-1cb724d14d,sbm,LP,closed_form,label_prop,5,1,,,,,,0.248,0.212564,1.843886,0.824377,0.273,0.241829,1.826384,0.817299,0.22161,0.149886,0.782515,,,,,,,0.7,0.6992,0.64901,0.40895,0.5,2.64156,,,,,,,,4225688,9f9bb01aee1b,uses train labels as inference-time evidence
M2_lap-9010a74e2b,sbm,M2_lap,train,none,5,1,0.001,,,,37,0.968,0.967773,0.590071,0.244957,0.964,0.963976,0.556838,0.228024,0.356142,0.361707,0.695986,,,,,,,0.7,0.6992,0.64901,0.40895,0.5,2.64156,0.005,0.001,64,0.5,2.328,,,4225688,9f9bb01aee1b,
M2_lap-3925a5ca9d,sbm,M2_lap,train,none,5,1,0.01,,,,37,0.968,0.967773,0.590498,0.245173,0.964,0.963976,0.557239,0.228222,0.356394,0.361484,0.695986,,,,,,,0.7,0.6992,0.64901,0.40895,0.5,2.64156,0.005,0.001,64,0.5,2.738,,,4225688,9f9bb01aee1b,
M2_lap-07aabbb36c,sbm,M2_lap,train,none,5,1,0.1,,,,36,0.966,0.965735,0.623003,0.261818,0.964,0.963976,0.589858,0.24478,0.375675,0.345465,0.696255,,,,,,,0.7,0.6992,0.64901,0.40895,0.5,2.64156,0.005,0.001,64,0.5,2.415,,,4225688,9f9bb01aee1b,
M2_lap-3641d13ec8,sbm,M2_lap,train,none,5,1,0.5,,,,36,0.966,0.965658,0.642436,0.271809,0.961,0.960924,0.608731,0.254391,0.38396,0.335918,0.695271,,,,,,,0.7,0.6992,0.64901,0.40895,0.5,2.64156,0.005,0.001,64,0.5,2.343,,,4225688,9f9bb01aee1b,
M2_lap-dbe96b02d7,sbm,M2_lap,train,none,5,1,1.0,,,,32,0.964,0.963592,0.78251,0.345847,0.963,0.962992,0.750329,0.328903,0.462725,0.278059,0.695808,,,,,,,0.7,0.6992,0.64901,0.40895,0.5,2.64156,0.005,0.001,64,0.5,2.266,,,4225688,9f9bb01aee1b,
M2_lap-5859edce53,sbm,M2_lap,train,none,5,1,5.0,,,,23,0.962,0.961591,1.172257,0.550934,0.967,0.967111,1.146155,0.538102,0.636295,0.182935,0.69402,,,,,,,0.7,0.6992,0.64901,0.40895,0.5,2.64156,0.005,0.001,64,0.5,2.053,,,4225688,9f9bb01aee1b,
M4_mrf_gcn-0622439926,sbm,M4_mrf_gcn,tuned_grid,mf,5,1,,0.05,,0,,0.97,0.969805,0.539603,0.219385,0.965,0.96501,0.506931,0.203027,0.326025,0.390955,0.69697,1,5,,,,,0.7,0.6992,0.64901,0.40895,0.5,2.64156,,,,,,0.0466,,4225688,9f9bb01aee1b,flip=0.0010
M4_mrf_mlp-81a2bb8808,sbm,M4_mrf_mlp,tuned_grid,mf,5,1,,0.05,,0,,0.488,0.48511,1.423427,0.669593,0.505,0.503546,1.369972,0.649079,0.073693,0.213882,0.282381,1,5,,,,,0.7,0.6992,0.64901,0.40895,0.5,2.64156,,,,,,0.0414,,4225688,9f9bb01aee1b,flip=0.0180
M4_mrf_gcn-ec1ae99b93,sbm,M4_mrf_gcn,tuned_grid,mf,5,1,,0.1,,0,,0.972,0.971752,0.488841,0.194506,0.966,0.966004,0.45698,0.178883,0.294717,0.422453,0.697953,1,6,,,,,0.7,0.6992,0.64901,0.40895,0.5,2.64156,,,,,,0.0636,,4225688,9f9bb01aee1b,flip=0.0040
M4_mrf_mlp-1a3b1ab445,sbm,M4_mrf_mlp,tuned_grid,mf,5,1,,0.1,,0,,0.504,0.502909,1.38142,0.651819,0.522,0.51975,1.323363,0.630517,0.067175,0.224856,0.300796,1,6,,,,,0.7,0.6992,0.64901,0.40895,0.5,2.64156,,,,,,0.0323,,4225688,9f9bb01aee1b,flip=0.0400
M4_mrf_gcn-b1e9e770c5,sbm,M4_mrf_gcn,tuned_grid,mf,5,1,,0.25,,0,,0.972,0.971697,0.349992,0.13151,0.972,0.971972,0.321632,0.118641,0.207327,0.517238,0.700098,1,8,,,,,0.7,0.6992,0.64901,0.40895,0.5,2.64156,,,,,,0.0451,,4225688,9f9bb01aee1b,flip=0.0100
M4_mrf_mlp-17ab279e10,sbm,M4_mrf_mlp,tuned_grid,mf,5,1,,0.25,,0,,0.564,0.563142,1.243955,0.591726,0.568,0.567593,1.167663,0.565172,0.0574,0.26861,0.35577,1,9,,,,,0.7,0.6992,0.64901,0.40895,0.5,2.64156,,,,,,0.0613,,4225688,9f9bb01aee1b,flip=0.1010
M4_mrf_gcn-6936194794,sbm,M4_mrf_gcn,tuned_grid,mf,5,1,,0.5,,0,,0.972,0.971947,0.20772,0.076191,0.975,0.974906,0.184378,0.066693,0.106343,0.620585,0.701529,1,9,,,,,0.7,0.6992,0.64901,0.40895,0.5,2.64156,,,,,,0.0629,,4225688,9f9bb01aee1b,flip=0.0130
M4_mrf_mlp-039d77ad0c,sbm,M4_mrf_mlp,tuned_grid,mf,5,1,,0.5,,0,,0.674,0.678062,0.938736,0.456382,0.698,0.698899,0.829754,0.408483,0.04115,0.381051,0.483776,1,29,,,,,0.7,0.6992,0.64901,0.40895,0.5,2.64156,,,,,,0.2787,,4225688,9f9bb01aee1b,flip=0.2410
M4_mrf_gcn-3138c7b3c8,sbm,M4_mrf_gcn,tuned_grid,mf,5,1,,1.0,,0,,0.974,0.973958,0.118983,0.048362,0.975,0.974951,0.097965,0.040597,0.031636,0.682346,0.703406,1,14,,,,,0.7,0.6992,0.64901,0.40895,0.5,2.64156,,,,,,0.1182,,4225688,9f9bb01aee1b,flip=0.0200
M4_mrf_mlp-2f6a49d096,sbm,M4_mrf_mlp,tuned_grid,mf,5,1,,1.0,,0,,0.904,0.904221,0.302652,0.141942,0.924,0.924735,0.23647,0.113707,0.029738,0.62039,0.667829,1,47,,,,,0.7,0.6992,0.64901,0.40895,0.5,2.64156,,,,,,0.4365,,4225688,9f9bb01aee1b,flip=0.4390
M4_mrf_gcn-dea992f7f4,sbm,M4_mrf_gcn,tuned_grid,mf,5,1,,2.0,,0,,0.976,0.975887,0.101883,0.044029,0.973,0.972891,0.081609,0.039013,0.004372,0.700121,0.703942,1,62,,,,,0.7,0.6992,0.64901,0.40895,0.5,2.64156,,,,,,0.5812,,4225688,9f9bb01aee1b,flip=0.0220
M4_mrf_mlp-4acba31271,sbm,M4_mrf_mlp,tuned_grid,mf,5,1,,2.0,,0,,0.954,0.953789,0.133521,0.063569,0.976,0.9763,0.086855,0.041352,0.008049,0.692271,0.699383,1,29,,,,,0.7,0.6992,0.64901,0.40895,0.5,2.64156,,,,,,0.2939,,4225688,9f9bb01aee1b,flip=0.4940
OF-e45ea5cddb,sbm,Oracle_F,oracle,closed_form,5,1,,,,,,0.744,,,,0.726,,,,,,,,,,,,,0.7,0.6992,0.64901,0.40895,0.5,2.64156,,,,,,,,4225688,9f9bb01aee1b,"feature-only Bayes rule, known generative parameters"
OG-d087839f76,sbm,Oracle_G,oracle,mf,5,1,,2.64156,,,,0.984,0.984254,0.047264,0.022839,0.985,0.98494,0.045624,0.021711,0.002706,0.699693,0.701082,1,14,,,,,0.7,0.6992,0.64901,0.40895,0.5,2.64156,,,,,,,,4225688,9f9bb01aee1b,true Gaussian unaries + generator-implied coupling
M0_mlp-b35853289c,sbm,M0_mlp,train,none,20,1,0.0,,,,30,0.666,0.665103,1.086194,0.494177,0.592,0.593058,1.112793,0.536672,0.095878,0.272298,0.34549,,,,,,,0.7,0.6992,0.64901,0.40895,0.5,2.64156,0.01,0.0005,64,0.5,0.415,,results/logits/M0_mlp-b35853289c.npz,4225688,9f9bb01aee1b,
M1_gcn-d45b08a1fc,sbm,M1_gcn,train,none,20,1,0.0,,,,44,0.982,0.982152,0.301412,0.109899,0.965,0.964854,0.330863,0.122979,0.203631,0.511677,0.700188,,,,,,,0.7,0.6992,0.64901,0.40895,0.5,2.64156,0.005,0.001,64,0.5,2.312,,results/logits/M1_gcn-d45b08a1fc.npz,4225688,9f9bb01aee1b,
LP-082ce891b1,sbm,LP,closed_form,label_prop,20,1,,,,,,0.81,0.806684,1.572838,0.705842,0.802,0.800563,1.542205,0.713892,0.567097,0.167888,0.6091,,,,,,,0.7,0.6992,0.64901,0.40895,0.5,2.64156,,,,,,,,4225688,9f9bb01aee1b,uses train labels as inference-time evidence
M2_lap-4d29d5cecd,sbm,M2_lap,train,none,20,1,0.001,,,,44,0.982,0.982152,0.301462,0.109919,0.965,0.964854,0.330914,0.123,0.203669,0.51164,0.700188,,,,,,,0.7,0.6992,0.64901,0.40895,0.5,2.64156,0.005,0.001,64,0.5,2.614,,,4225688,9f9bb01aee1b,
M2_lap-0cd8d06fe3,sbm,M2_lap,train,none,20,1,0.01,,,,44,0.982,0.982152,0.301914,0.110097,0.965,0.964854,0.331378,0.123188,0.204013,0.511308,0.700188,,,,,,,0.7,0.6992,0.64901,0.40895,0.5,2.64156,0.005,0.001,64,0.5,2.578,,,4225688,9f9bb01aee1b,
M2_lap-43f44c8148,sbm,M2_lap,train,none,20,1,0.1,,,,44,0.982,0.982152,0.30657,0.111944,0.965,0.964854,0.336163,0.125131,0.207545,0.507901,0.700188,,,,,,,0.7,0.6992,0.64901,0.40895,0.5,2.64156,0.005,0.001,64,0.5,2.514,,,4225688,9f9bb01aee1b,
M2_lap-99d16383b3,sbm,M2_lap,train,none,20,1,0.5,,,,43,0.98,0.980075,0.344347,0.127415,0.965,0.964854,0.374858,0.141335,0.235591,0.480991,0.700188,,,,,,,0.7,0.6992,0.64901,0.40895,0.5,2.64156,0.005,0.001,64,0.5,2.911,,,4225688,9f9bb01aee1b,
M2_lap-be7a53337b,sbm,M2_lap,train,none,20,1,1.0,,,,45,0.98,0.980127,0.356465,0.132668,0.965,0.964837,0.387222,0.146792,0.244242,0.472895,0.699741,,,,,,,0.7,0.6992,0.64901,0.40895,0.5,2.64156,0.005,0.001,64,0.5,2.698,,,4225688,9f9bb01aee1b,
M2_lap-87ea240969,sbm,M2_lap,train,none,20,1,5.0,,,,25,0.97,0.969789,0.972793,0.447846,0.961,0.960634,1.000013,0.462004,0.576148,0.209573,0.698132,,,,,,,0.7,0.6992,0.64901,0.40895,0.5,2.64156,0.005,0.001,64,0.5,2.192,,,4225688,9f9bb01aee1b,
M4_mrf_gcn-c895bfdd05,sbm,M4_mrf_gcn,tuned_grid,mf,20,1,,0.05,,0,,0.982,0.982152,0.271392,0.098164,0.965,0.964854,0.298929,0.110127,0.18016,0.536369,0.700277,1,4,,,,,0.7,0.6992,0.64901,0.40895,0.5,2.64156,,,,,,0.0314,,4225688,9f9bb01aee1b,flip=0.0000
M4_mrf_mlp-7f80acd006,sbm,M4_mrf_mlp,tuned_grid,mf,20,1,,0.05,,0,,0.668,0.666876,1.031373,0.470913,0.612,0.612581,1.05317,0.509849,0.074219,0.288025,0.360776,1,5,,,,,0.7,0.6992,0.64901,0.40895,0.5,2.64156,,,,,,0.0284,,4225688,9f9bb01aee1b,flip=0.0220
M4_mrf_gcn-de6bb8053e,sbm,M4_mrf_gcn,tuned_grid,mf,20,1,,0.1,,0,,0.982,0.982152,0.244221,0.088041,0.964,0.963853,0.269807,0.098922,0.157384,0.55918,0.700456,1,5,,,,,0.7,0.6992,0.64901,0.40895,0.5,2.64156,,,,,,0.0341,,4225688,9f9bb01aee1b,flip=0.0010
M4_mrf_mlp-db6322fcda,sbm,M4_mrf_mlp,tuned_grid,mf,20,1,,0.1,,0,,0.692,0.689578,0.974722,0.446514,0.641,0.641143,0.991434,0.48129,0.057229,0.305506,0.385537,1,6,,,,,0.7,0.6992,0.64901,0.40895,0.5,2.64156,,,,,,0.0445,,4225688,9f9bb01aee1b,flip=0.0530
M4_mrf_gcn-a601213160,sbm,M4_mrf_gcn,tuned_grid,mf,20,1,,0.25,,0,,0.98,0.980075,0.181065,0.066374,0.965,0.964721,0.200878,0.074324,0.105322,0.613045,0.700992,1,6,,,,,0.7,0.6992,0.64901,0.40895,0.5,2.64156,,,,,,0.0812,,4225688,9f9bb01aee1b,flip=0.0060
M4_mrf_mlp-581d734f3c,sbm,M4_mrf_mlp,tuned_grid,mf,20,1,,0.25,,0,,0.744,0.741769,0.794782,0.367177,0.729,0.729122,0.796257,0.386912,0.033177,0.369311,0.462233,1,8,,,,,0.7,0.6992,0.64901,0.40895,0.5,2.64156,,,,,,0.0366,,4225688,9f9bb01aee1b,flip=0.1430
M4_mrf_gcn-43a56e5a6d,sbm,M4_mrf_gcn,tuned_grid,mf,20,1,,0.5,,0,,0.972,0.972198,0.123932,0.049194,0.969,0.968773,0.135647,0.05357,0.056963,0.660971,0.702154,1,8,,,,,0.7,0.6992,0.64901,0.40895,0.5,2.64156,,,,,,0.0358,,4225688,9f9bb01aee1b,flip=0.0100
M4_mrf_mlp-58713dcdae,sbm,M4_mrf_mlp,tuned_grid,mf,20,1,,0.5,,0,,0.85,0.849668,0.500797,0.233916,0.847,0.846784,0.488162,0.231208,0.038044,0.495271,0.576115,1,13,,,,,0.7,0.6992,0.64901,0.40895,0.5,2.64156,,,,,,0.1499,,4225688,9f9bb01aee1b,flip=0.2640
M4_mrf_gcn-3bca2bbebb,sbm,M4_mrf_gcn,tuned_grid,mf,20,1,,1.0,,0,,0.972,0.972073,0.088118,0.041116,0.975,0.974807,0.089973,0.041186,0.021719,0.690803,0.703495,1,14,,,,,0.7,0.6992,0.64901,0.40895,0.5,2.64156,,,,,,0.1059,,4225688,9f9bb01aee1b,flip=0.0190
M4_mrf_mlp-fc52900712,sbm,M4_mrf_mlp,tuned_grid,mf,20,1,,1.0,,0,,0.95,0.950341,0.192614,0.08494,0.943,0.943263,0.184016,0.083896,0.013357,0.646501,0.675248,1,17,,,,,0.7,0.6992,0.64901,0.40895,0.5,2.64156,,,,,,0.1253,,4225688,9f9bb01aee1b,flip=0.3600
M4_mrf_gcn-322f8a0c97,sbm,M4_mrf_gcn,tuned_grid,mf,20,1,,2.0,,0,,0.972,0.972073,0.090429,0.046094,0.971,0.970819,0.084816,0.042958,0.006167,0.701194,0.703942,1,35,,,,,0.7,0.6992,0.64901,0.40895,0.5,2.64156,,,,,,0.3579,,4225688,9f9bb01aee1b,flip=0.0230
M4_mrf_mlp-2abd6b6d02,sbm,M4_mrf_mlp,tuned_grid,mf,20,1,,2.0,,0,,0.966,0.965748,0.093121,0.047143,0.976,0.97608,0.088031,0.040547,0.006787,0.693012,0.697774,1,23,,,,,0.7,0.6992,0.64901,0.40895,0.5,2.64156,,,,,,0.2188,,4225688,9f9bb01aee1b,flip=0.3950
OF-e1ca819543,sbm,Oracle_F,oracle,closed_form,20,1,,,,,,0.762,,,,0.716,,,,,,,,,,,,,0.7,0.6992,0.64901,0.40895,0.5,2.64156,,,,,,,,4225688,9f9bb01aee1b,"feature-only Bayes rule, known generative parameters"
OG-52aea18aa8,sbm,Oracle_G,oracle,mf,20,1,,2.64156,,,,0.984,0.983432,0.048585,0.023365,0.987,0.9871,0.050542,0.022086,0.002978,0.699693,0.701082,1,14,,,,,0.7,0.6992,0.64901,0.40895,0.5,2.64156,,,,,,,,4225688,9f9bb01aee1b,true Gaussian unaries + generator-implied coupling
M0_mlp-3559317288,sbm,M0_mlp,train,none,1,2,0.0,,,,12,0.256,0.226566,1.869372,0.831336,0.284,0.263434,1.857035,0.827128,0.04387,0.147675,0.218213,,,,,,,0.7,0.69774,0.64734,0.40706,0.5,2.64156,0.01,0.0005,64,0.5,0.244,,results/logits/M0_mlp-3559317288.npz,4225688,9f9bb01aee1b,
M1_gcn-09ff21e84a,sbm,M1_gcn,train,none,1,2,0.0,,,,38,0.864,0.861367,1.043897,0.487149,0.865,0.864311,1.056545,0.493249,0.478847,0.224213,0.631783,,,,,,,0.7,0.69774,0.64734,0.40706,0.5,2.64156,0.005,0.001,64,0.5,2.251,,results/logits/M1_gcn-09ff21e84a.npz,4225688,9f9bb01aee1b,
LP-5d440777d3,sbm,LP,closed_form,label_prop,1,2,,,,,,0.192,0.068512,1.923856,0.849512,0.134,0.043996,1.988299,0.86263,0.237998,0.153224,0.978674,,,,,,,0.7,0.69774,0.64734,0.40706,0.5,2.64156,,,,,,,,4225688,9f9bb01aee1b,uses train labels as inference-time evidence
M2_lap-50eb1200d6,sbm,M2_lap,train,none,1,2,0.001,,,,38,0.864,0.861367,1.043902,0.487155,0.865,0.864311,1.056543,0.493251,0.478859,0.2242,0.631783,,,,,,,0.7,0.69774,0.64734,0.40706,0.5,2.64156,0.005,0.001,64,0.5,2.624,,,4225688,9f9bb01aee1b,
M2_lap-60a374a36d,sbm,M2_lap,train,none,1,2,0.01,,,,38,0.864,0.861367,1.044267,0.487352,0.865,0.864311,1.056889,0.493439,0.479039,0.224071,0.631783,,,,,,,0.7,0.69774,0.64734,0.40706,0.5,2.64156,0.005,0.001,64,0.5,2.45,,,4225688,9f9bb01aee1b,
M2_lap-c77a5b3b5d,sbm,M2_lap,train,none,1,2,0.1,,,,36,0.862,0.858253,1.0887,0.507298,0.855,0.85314,1.102052,0.514078,0.486031,0.214962,0.627283,,,,,,,0.7,0.69774,0.64734,0.40706,0.5,2.64156,0.005,0.001,64,0.5,2.471,,,4225688,9f9bb01aee1b,
M2_lap-9a402443af,sbm,M2_lap,train,none,1,2,0.5,,,,35,0.862,0.858227,1.123159,0.524031,0.854,0.851947,1.136051,0.530727,0.49912,0.20683,0.626743,,,,,,,0.7,0.69774,0.64734,0.40706,0.5,2.64156,0.005,0.001,64,0.5,2.387,,,4225688,9f9bb01aee1b,
M2_lap-60a2128f77,sbm,M2_lap,train,none,1,2,1.0,,,,36,0.862,0.858788,1.119957,0.524604,0.865,0.865207,1.130373,0.529924,0.510755,0.204882,0.629713,,,,,,,0.7,0.69774,0.64734,0.40706,0.5,2.64156,0.005,0.001,64,0.5,2.444,,,4225688,9f9bb01aee1b,
M2_lap-0dcc8e74bb,sbm,M2_lap,train,none,1,2,5.0,,,,28,0.846,0.838689,1.360227,0.636977,0.843,0.841276,1.36815,0.641198,0.570959,0.167456,0.617385,,,,,,,0.7,0.69774,0.64734,0.40706,0.5,2.64156,0.005,0.001,64,0.5,2.412,,,4225688,9f9bb01aee1b,
M4_mrf_gcn-6a1a7958a6,sbm,M4_mrf_gcn,tuned_grid,mf,1,2,,0.05,,0,,0.868,0.865619,1.003714,0.466776,0.876,0.875307,1.01455,0.471746,0.471602,0.23624,0.636732,1,5,,,,,0.7,0.69774,0.64734,0.40706,0.5,2.64156,,,,,,0.0556,,4225688,9f9bb01aee1b,flip=0.0110
M4_mrf_mlp-dd0537175b,sbm,M4_mrf_mlp,tuned_grid,mf,1,2,,0.05,,0,,0.258,0.227214,1.862835,0.829217,0.289,0.265644,1.850754,0.824992,0.037312,0.148773,0.23261,1,5,,,,,0.7,0.69774,0.64734,0.40706,0.5,2.64156,,,,,,0.0411,,4225688,9f9bb01aee1b,flip=0.0270
M4_mrf_gcn-630cd19b2c,sbm,M4_mrf_gcn,tuned_grid,mf,1,2,,0.1,,0,,0.874,0.871817,0.9592,0.444144,0.883,0.882232,0.967727,0.447698,0.457473,0.250599,0.641861,1,6,,,,,0.7,0.69774,0.64734,0.40706,0.5,2.64156,,,,,,0.0495,,4225688,9f9bb01aee1b,flip=0.0200
M4_mrf_mlp-0724eaedc4,sbm,M4_mrf_mlp,tuned_grid,mf,1,2,,0.1,,0,,0.264,0.230879,1.855846,0.826897,0.287,0.262353,1.844111,0.82267,0.036168,0.150067,0.245118,1,6,,,,,0.7,0.69774,0.64734,0.40706,0.5,2.64156,,,,,,0.0434,,4225688,9f9bb01aee1b,flip=0.0410
M4_mrf_gcn-75e2c1aeb4,sbm,M4_mrf_gcn,tuned_grid,mf,1,2,,0.25,,0,,0.904,0.903439,0.793393,0.359073,0.905,0.904024,0.790574,0.356495,0.393664,0.312098,0.657788,1,12,,,,,0.7,0.69774,0.64734,0.40706,0.5,2.64156,,,,,,0.0995,,4225688,9f9bb01aee1b,flip=0.0500
M4_mrf_mlp-ff14387534,sbm,M4_mrf_mlp,tuned_grid,mf,1,2,,0.25,,0,,0.28,0.237324,1.830923,0.818044,0.292,0.25488,1.821266,0.814101,0.04641,0.156387,0.309817,1,10,,,,,0.7,0.69774,0.64734,0.40706,0.5,2.64156,,,,,,0.1038,,4225688,9f9bb01aee1b,flip=0.1240
M4_mrf_gcn-cb4e86d2ee,sbm,M4_mrf_gcn,tuned_grid,mf,1,2,,0.5,,0,,0.94,0.941159,0.419468,0.169598,0.948,0.947592,0.39706,0.159485,0.216659,0.492272,0.691802,1,24,,,,,0.7,0.69774,0.64734,0.40706,0.5,2.64156,,,,,,0.2123,,4225688,9f9bb01aee1b,flip=0.0970
M4_mrf_mlp-858dad75d2,sbm,M4_mrf_mlp,tuned_grid,mf,1,2,,0.5,,0,,0.16,0.05372,2.877219,1.269236,0.146,0.043397,3.03608,1.310239,0.609709,0.660656,0.985692,1,28,,,,,0.7,0.69774,0.64734,0.40706,0.5,2.64156,,,,,,0.2993,,4225688,9f9bb01aee1b,flip=0.6810
M4_mrf_gcn-8b53ee8914,sbm,M4_mrf_gcn,tuned_grid,mf,1,2,,1.0,,0,,0.96,0.960531,0.164357,0.068369,0.969,0.968689,0.135788,0.055252,0.051785,0.660059,0.701071,1,22,,,,,0.7,0.69774,0.64734,0.40706,0.5,2.64156,,,,,,0.1609,,4225688,9f9bb01aee1b,flip=0.1170
M4_mrf_mlp-4c5860af78,sbm,M4_mrf_mlp,tuned_grid,mf,1,2,,1.0,,0,,0.152,0.037698,6.514121,1.641774,0.143,0.035777,6.941565,1.66637,0.83042,0.974918,1.0,1,12,,,,,0.7,0.69774,0.64734,0.40706,0.5,2.64156,,,,,,0.1251,,4225688,9f9bb01aee1b,flip=0.6890
M4_mrf_gcn-b4176312d2,sbm,M4_mrf_gcn,tuned_grid,mf,1,2,,2.0,,0,,0.962,0.963067,0.119175,0.056992,0.974,0.973795,0.088864,0.042613,0.003735,0.696195,0.702331,1,30,,,,,0.7,0.69774,0.64734,0.40706,0.5,2.64156,,,,,,0.2725,,4225688,9f9bb01aee1b,flip=0.1230
M4_mrf_mlp-fb1a162db4,sbm,M4_mrf_mlp,tuned_grid,mf,1,2,,2.0,,0,,0.152,0.037698,13.07411,1.688453,0.143,0.035777,13.902974,1.709648,0.854473,0.99888,1.0,1,7,,,,,0.7,0.69774,0.64734,0.40706,0.5,2.64156,,,,,,0.0727,,4225688,9f9bb01aee1b,flip=0.6890
OF-1f08c99179,sbm,Oracle_F,oracle,closed_form,1,2,,,,,,0.714,,,,0.751,,,,,,,,,,,,,0.7,0.69774,0.64734,0.40706,0.5,2.64156,,,,,,,,4225688,9f9bb01aee1b,"feature-only Bayes rule, known generative parameters"
OG-eb22616303,sbm,Oracle_G,oracle,mf,1,2,,2.64156,,,,0.986,0.985904,0.046828,0.023689,0.991,0.99106,0.027154,0.014659,0.000324,0.697757,0.699001,1,14,,,,,0.7,0.69774,0.64734,0.40706,0.5,2.64156,,,,,,,,4225688,9f9bb01aee1b,true Gaussian unaries + generator-implied coupling
M0_mlp-6a85b2643b,sbm,M0_mlp,train,none,5,2,0.0,,,,73,0.434,0.429414,2.048586,0.843257,0.433,0.431864,2.225335,0.862314,0.30354,0.197879,0.217853,,,,,,,0.7,0.69774,0.64734,0.40706,0.5,2.64156,0.01,0.0005,64,0.5,0.457,,results/logits/M0_mlp-6a85b2643b.npz,4225688,9f9bb01aee1b,
M1_gcn-788e7ae678,sbm,M1_gcn,train,none,5,2,0.0,,,,44,0.96,0.959394,0.511968,0.211449,0.961,0.961439,0.485225,0.195838,0.304848,0.404015,0.691083,,,,,,,0.7,0.69774,0.64734,0.40706,0.5,2.64156,0.005,0.001,64,0.5,2.455,,results/logits/M1_gcn-788e7ae678.npz,4225688,9f9bb01aee1b,
LP-af60093d3d,sbm,LP,closed_form,label_prop,5,2,,,,,,0.176,0.118965,1.922543,0.832844,0.213,0.170148,1.881362,0.833541,0.20969,0.157451,0.853505,,,,,,,0.7,0.69774,0.64734,0.40706,0.5,2.64156,,,,,,,,4225688,9f9bb01aee1b,uses train labels as inference-time evidence
M2_lap-a3a71c9c4d,sbm,M2_lap,train,none,5,2,0.001,,,,44,0.96,0.959394,0.51204,0.211484,0.961,0.961439,0.485297,0.195873,0.304893,0.403975,0.691083,,,,,,,0.7,0.69774,0.64734,0.40706,0.5,2.64156,0.005,0.001,64,0.5,2.757,,,4225688,9f9bb01aee1b,
M2_lap-eff63ff040,sbm,M2_lap,train,none,5,2,0.01,,,,44,0.96,0.959394,0.512717,0.211807,0.961,0.961439,0.485986,0.196209,0.305329,0.403591,0.691083,,,,,,,0.7,0.69774,0.64734,0.40706,0.5,2.64156,0.005,0.001,64,0.5,3.025,,,4225688,9f9bb01aee1b,
M2_lap-159fba8985,sbm,M2_lap,train,none,5,2,0.1,,,,44,0.96,0.959394,0.519695,0.215188,0.961,0.961439,0.493021,0.199667,0.309741,0.399728,0.690633,,,,,,,0.7,0.69774,0.64734,0.40706,0.5,2.64156,0.005,0.001,64,0.5,2.656,,,4225688,9f9bb01aee1b,
M2_lap-c8d5c6833e,sbm,M2_lap,train,none,5,2,0.5,,,,37,0.956,0.955128,0.702448,0.306365,0.963,0.963455,0.681671,0.294959,0.42246,0.310819,0.690633,,,,,,,0.7,0.69774,0.64734,0.40706,0.5,2.64156,0.005,0.001,64,0.5,2.398,,,4225688,9f9bb01aee1b,
M2_lap-8cfd05307e,sbm,M2_lap,train,none,5,2,1.0,,,,36,0.954,0.953378,0.757526,0.335081,0.961,0.96146,0.737861,0.324661,0.450867,0.288232,0.690183,,,,,,,0.7,0.69774,0.64734,0.40706,0.5,2.64156,0.005,0.001,64,0.5,2.419,,,4225688,9f9bb01aee1b,
M2_lap-b81a765081,sbm,M2_lap,train,none,5,2,5.0,,,,21,0.944,0.941478,1.307195,0.615071,0.945,0.945972,1.305635,0.614912,0.663076,0.167477,0.679564,,,,,,,0.7,0.69774,0.64734,0.40706,0.5,2.64156,0.005,0.001,64,0.5,2.099,,,4225688,9f9bb01aee1b,
M4_mrf_gcn-0ebef60b84,sbm,M4_mrf_gcn,tuned_grid,mf,5,2,,0.05,,0,,0.958,0.957065,0.467929,0.19002,0.961,0.961458,0.441527,0.174556,0.276499,0.431475,0.691622,1,5,,,,,0.7,0.69774,0.64734,0.40706,0.5,2.64156,,,,,,0.0676,,4225688,9f9bb01aee1b,flip=0.0010
M4_mrf_mlp-0baba9495a,sbm,M4_mrf_mlp,tuned_grid,mf,5,2,,0.05,,0,,0.438,0.434456,2.00863,0.831033,0.44,0.43904,2.182976,0.850831,0.299558,0.204651,0.226042,1,4,,,,,0.7,0.69774,0.64734,0.40706,0.5,2.64156,,,,,,0.0377,,4225688,9f9bb01aee1b,flip=0.0100
M4_mrf_gcn-540e9d2372,sbm,M4_mrf_gcn,tuned_grid,mf,5,2,,0.1,,0,,0.958,0.957065,0.424448,0.169437,0.962,0.962449,0.398442,0.154292,0.248735,0.459894,0.691892,1,6,,,,,0.7,0.69774,0.64734,0.40706,0.5,2.64156,,,,,,0.0532,,4225688,9f9bb01aee1b,flip=0.0020
M4_mrf_mlp-206ea4c063,sbm,M4_mrf_mlp,tuned_grid,mf,5,2,,0.1,,0,,0.442,0.438232,1.968012,0.818162,0.444,0.442937,2.140045,0.838945,0.298908,0.211869,0.232251,1,5,,,,,0.7,0.69774,0.64734,0.40706,0.5,2.64156,,,,,,0.0301,,4225688,9f9bb01aee1b,flip=0.0230
M4_mrf_gcn-cb839e2de7,sbm,M4_mrf_gcn,tuned_grid,mf,5,2,,0.25,,0,,0.968,0.967768,0.307934,0.117534,0.967,0.967446,0.28321,0.104223,0.172843,0.541149,0.695222,1,8,,,,,0.7,0.69774,0.64734,0.40706,0.5,2.64156,,,,,,0.0453,,4225688,9f9bb01aee1b,flip=0.0080
M4_mrf_mlp-fd8f6d7558,sbm,M4_mrf_mlp,tuned_grid,mf,5,2,,0.25,,0,,0.48,0.474484,1.840259,0.775217,0.467,0.464984,2.005546,0.800178,0.2882,0.236951,0.264375,1,8,,,,,0.7,0.69774,0.64734,0.40706,0.5,2.64156,,,,,,0.1221,,4225688,9f9bb01aee1b,flip=0.0570
M4_mrf_gcn-4f7eb38e3e,sbm,M4_mrf_gcn,tuned_grid,mf,5,2,,0.5,,0,,0.97,0.969387,0.186842,0.070042,0.973,0.973389,0.164261,0.060542,0.089433,0.628385,0.697921,1,12,,,,,0.7,0.69774,0.64734,0.40706,0.5,2.64156,,,,,,0.1175,,4225688,9f9bb01aee1b,flip=0.0160
M4_mrf_mlp-e7daef7632,sbm,M4_mrf_mlp,tuned_grid,mf,5,2,,0.5,,0,,0.534,0.529993,1.600642,0.692285,0.514,0.511114,1.748475,0.719708,0.265643,0.29237,0.320885,1,14,,,,,0.7,0.69774,0.64734,0.40706,0.5,2.64156,,,,,,0.1142,,4225688,9f9bb01aee1b,flip=0.1170
M4_mrf_gcn-65707b9bdc,sbm,M4_mrf_gcn,tuned_grid,mf,5,2,,1.0,,0,,0.974,0.973786,0.103677,0.04317,0.978,0.97834,0.084292,0.03716,0.030699,0.681624,0.700711,1,26,,,,,0.7,0.69774,0.64734,0.40706,0.5,2.64156,,,,,,0.4227,,4225688,9f9bb01aee1b,flip=0.0210
M4_mrf_mlp-ece11e1e2f,sbm,M4_mrf_mlp,tuned_grid,mf,5,2,,1.0,,0,,0.726,0.720149,0.919514,0.418751,0.727,0.723191,0.998241,0.422368,0.131554,0.46028,0.500675,1,52,,,,,0.7,0.69774,0.64734,0.40706,0.5,2.64156,,,,,,0.6399,,4225688,9f9bb01aee1b,flip=0.3360
M4_mrf_gcn-7cf84a1e7a,sbm,M4_mrf_gcn,tuned_grid,mf,5,2,,2.0,,0,,0.972,0.971959,0.083851,0.041659,0.98,0.980084,0.057873,0.030543,0.004333,0.698254,0.702331,1,24,,,,,0.7,0.69774,0.64734,0.40706,0.5,2.64156,,,,,,0.1592,,4225688,9f9bb01aee1b,flip=0.0280
M4_mrf_mlp-4d5a0b308b,sbm,M4_mrf_mlp,tuned_grid,mf,5,2,,2.0,,0,,0.908,0.908532,0.27505,0.131616,0.934,0.933994,0.224504,0.101291,0.027216,0.662432,0.672276,1,71,,,,,0.7,0.69774,0.64734,0.40706,0.5,2.64156,,,,,,0.7938,,4225688,9f9bb01aee1b,flip=0.5140
OF-0c3dab5135,sbm,Oracle_F,oracle,closed_form,5,2,,,,,,0.748,,,,0.743,,,,,,,,,,,,,0.7,0.69774,0.64734,0.40706,0.5,2.64156,,,,,,,,4225688,9f9bb01aee1b,"feature-only Bayes rule, known generative parameters"
OG-44d073c5f2,sbm,Oracle_G,oracle,mf,5,2,,2.64156,,,,0.986,0.985605,0.04411,0.022052,0.995,0.995071,0.017956,0.009208,0.004119,0.697757,0.699001,1,14,,,,,0.7,0.69774,0.64734,0.40706,0.5,2.64156,,,,,,,,4225688,9f9bb01aee1b,true Gaussian unaries + generator-implied coupling
M0_mlp-7d927ecae8,sbm,M0_mlp,train,none,20,2,0.0,,,,27,0.584,0.582487,1.173773,0.569995,0.604,0.603617,1.133291,0.530138,0.051787,0.245334,0.314317,,,,,,,0.7,0.69774,0.64734,0.40706,0.5,2.64156,0.01,0.0005,64,0.5,0.356,,results/logits/M0_mlp-7d927ecae8.npz,4225688,9f9bb01aee1b,
M1_gcn-49d7514a77,sbm,M1_gcn,train,none,20,2,0.0,,,,40,0.972,0.971882,0.411655,0.15616,0.963,0.963009,0.42062,0.162757,0.26792,0.440932,0.694682,,,,,,,0.7,0.69774,0.64734,0.40706,0.5,2.64156,0.005,0.001,64,0.5,2.374,,results/logits/M1_gcn-49d7514a77.npz,4225688,9f9bb01aee1b,
LP-c43c0432d6,sbm,LP,closed_form,label_prop,20,2,,,,,,0.734,0.727637,1.580829,0.728894,0.765,0.755764,1.540055,0.711513,0.527227,0.168535,0.58553,,,,,,,0.7,0.69774,0.64734,0.40706,0.5,2.64156,,,,,,,,4225688,9f9bb01aee1b,uses train labels as inference-time evidence
M2_lap-3ab1256a7e,sbm,M2_lap,train,none,20,2,0.001,,,,40,0.972,0.971882,0.411701,0.15618,0.963,0.963009,0.420666,0.162778,0.267951,0.440902,0.694682,,,,,,,0.7,0.69774,0.64734,0.40706,0.5,2.64156,0.005,0.001,64,0.5,2.785,,,4225688,9f9bb01aee1b,
M2_lap-5d4057360e,sbm,M2_lap,train,none,20,2,0.01,,,,40,0.972,0.971882,0.41214,0.156377,0.963,0.963009,0.421117,0.162981,0.268255,0.440622,0.694682,,,,,,,0.7,0.69774,0.64734,0.40706,0.5,2.64156,0.005,0.001,64,0.5,2.619,,,4225688,9f9bb01aee1b,
M2_lap-eee88d6da4,sbm,M2_lap,train,none,20,2,0.1,,,,38,0.97,0.969841,0.463694,0.180698,0.963,0.963009,0.471906,0.186771,0.301612,0.410621,0.694592,,,,,,,0.7,0.69774,0.64734,0.40706,0.5,2.64156,0.005,0.001,64,0.5,2.874,,,4225688,9f9bb01aee1b,
M2_lap-f8e3d16a3d,sbm,M2_lap,train,none,20,2,0.5,,,,35,0.97,0.969841,0.56253,0.229762,0.964,0.964009,0.569675,0.234793,0.363254,0.358699,0.694592,,,,,,,0.7,0.69774,0.64734,0.40706,0.5,2.64156,0.005,0.001,64,0.5,2.492,,,4225688,9f9bb01aee1b,
M2_lap-cbce0d1c76,sbm,M2_lap,train,none,20,2,1.0,,,,34,0.972,0.971882,0.614175,0.256066,0.964,0.964009,0.621725,0.261135,0.394186,0.333004,0.694322,,,,,,,0.7,0.69774,0.64734,0.40706,0.5,2.64156,0.005,0.001,64,0.5,2.454,,,4225688,9f9bb01aee1b,
M2_lap-af4cfb5089,sbm,M2_lap,train,none,20,2,5.0,,,,27,0.972,0.971777,0.985588,0.456721,0.959,0.959042,0.994838,0.460974,0.571982,0.209729,0.693692,,,,,,,0.7,0.69774,0.64734,0.40706,0.5,2.64156,0.005,0.001,64,0.5,2.374,,,4225688,9f9bb01aee1b,
M4_mrf_gcn-b032c27cdc,sbm,M4_mrf_gcn,tuned_grid,mf,20,2,,0.05,,0,,0.968,0.9678,0.370959,0.137595,0.963,0.963009,0.380144,0.144358,0.240366,0.468786,0.694862,1,5,,,,,0.7,0.69774,0.64734,0.40706,0.5,2.64156,,,,,,0.0363,,4225688,9f9bb01aee1b,flip=0.0000
M4_mrf_mlp-3eb26c0cc6,sbm,M4_mrf_mlp,tuned_grid,mf,20,2,,0.05,,0,,0.592,0.590587,1.115694,0.545239,0.626,0.625623,1.080725,0.508007,0.05225,0.258697,0.337083,1,5,,,,,0.7,0.69774,0.64734,0.40706,0.5,2.64156,,,,,,0.0346,,4225688,9f9bb01aee1b,flip=0.0260
M4_mrf_gcn-dec0ea637f,sbm,M4_mrf_gcn,tuned_grid,mf,20,2,,0.1,,0,,0.97,0.969875,0.332147,0.120665,0.966,0.966023,0.341545,0.127543,0.216378,0.496475,0.695852,1,6,,,,,0.7,0.69774,0.64734,0.40706,0.5,2.64156,,,,,,0.0663,,4225688,9f9bb01aee1b,flip=0.0030
M4_mrf_mlp-8be6b4fe8b,sbm,M4_mrf_mlp,tuned_grid,mf,20,2,,0.1,,0,,0.61,0.608594,1.054979,0.51855,0.642,0.641523,1.02582,0.484308,0.044275,0.273741,0.35274,1,6,,,,,0.7,0.69774,0.64734,0.40706,0.5,2.64156,,,,,,0.037,,4225688,9f9bb01aee1b,flip=0.0450
M4_mrf_gcn-b6bfd5cc42,sbm,M4_mrf_gcn,tuned_grid,mf,20,2,,0.25,,0,,0.972,0.971809,0.234933,0.082117,0.972,0.972116,0.244548,0.08877,0.151378,0.569711,0.697561,1,7,,,,,0.7,0.69774,0.64734,0.40706,0.5,2.64156,,,,,,0.0444,,4225688,9f9bb01aee1b,flip=0.0110
M4_mrf_mlp-675bc636b6,sbm,M4_mrf_mlp,tuned_grid,mf,20,2,,0.25,,0,,0.678,0.676992,0.856443,0.426953,0.702,0.701599,0.846804,0.403951,0.03907,0.33106,0.420409,1,8,,,,,0.7,0.69774,0.64734,0.40706,0.5,2.64156,,,,,,0.0831,,4225688,9f9bb01aee1b,flip=0.1090
M4_mrf_gcn-0a7017f9a1,sbm,M4_mrf_gcn,tuned_grid,mf,20,2,,0.5,,0,,0.968,0.967721,0.142315,0.051287,0.973,0.97314,0.150719,0.056574,0.078879,0.641246,0.699181,1,11,,,,,0.7,0.69774,0.64734,0.40706,0.5,2.64156,,,,,,0.0748,,4225688,9f9bb01aee1b,flip=0.0180
M4_mrf_mlp-6fa88600db,sbm,M4_mrf_mlp,tuned_grid,mf,20,2,,0.5,,0,,0.824,0.822822,0.506194,0.254192,0.818,0.818148,0.526403,0.250862,0.052769,0.461422,0.553946,1,15,,,,,0.7,0.69774,0.64734,0.40706,0.5,2.64156,,,,,,0.1153,,4225688,9f9bb01aee1b,flip=0.2320
M4_mrf_gcn-c9d589be5d,sbm,M4_mrf_gcn,tuned_grid,mf,20,2,,1.0,,0,,0.976,0.97588,0.081301,0.034728,0.979,0.979097,0.087841,0.0383,0.029846,0.684494,0.701161,1,29,,,,,0.7,0.69774,0.64734,0.40706,0.5,2.64156,,,,,,0.3288,,4225688,9f9bb01aee1b,flip=0.0270
M4_mrf_mlp-4b8b5a2b6b,sbm,M4_mrf_mlp,tuned_grid,mf,20,2,,1.0,,0,,0.956,0.956016,0.147378,0.069946,0.952,0.951985,0.174106,0.07795,0.031356,0.64087,0.680284,1,23,,,,,0.7,0.69774,0.64734,0.40706,0.5,2.64156,,,,,,0.2025,,4225688,9f9bb01aee1b,flip=0.3610
M4_mrf_gcn-6371164b90,sbm,M4_mrf_gcn,tuned_grid,mf,20,2,,2.0,,0,,0.974,0.974048,0.067478,0.034543,0.978,0.978058,0.076677,0.036348,0.003145,0.698729,0.702331,1,33,,,,,0.7,0.69774,0.64734,0.40706,0.5,2.64156,,,,,,0.2864,,4225688,9f9bb01aee1b,flip=0.0270
M4_mrf_mlp-42a04b4d4f,sbm,M4_mrf_mlp,tuned_grid,mf,20,2,,2.0,,0,,0.976,0.97589,0.062771,0.032459,0.973,0.973011,0.077849,0.037888,0.003922,0.692061,0.696482,1,129,,,,,0.7,0.69774,0.64734,0.40706,0.5,2.64156,,,,,,1.3933,,4225688,9f9bb01aee1b,flip=0.3830
OF-f0a909b90f,sbm,Oracle_F,oracle,closed_form,20,2,,,,,,0.742,,,,0.753,,,,,,,,,,,,,0.7,0.69774,0.64734,0.40706,0.5,2.64156,,,,,,,,4225688,9f9bb01aee1b,"feature-only Bayes rule, known generative parameters"
OG-590cc32012,sbm,Oracle_G,oracle,mf,20,2,,2.64156,,,,0.99,0.990164,0.028608,0.014229,0.989,0.989047,0.039612,0.020289,0.003726,0.697757,0.699001,1,14,,,,,0.7,0.69774,0.64734,0.40706,0.5,2.64156,,,,,,,,4225688,9f9bb01aee1b,true Gaussian unaries + generator-implied coupling
M0_mlp-65e414efde,sbm,M0_mlp,train,none,1,3,0.0,,,,84,0.352,0.348027,2.052725,0.881246,0.344,0.34169,1.978904,0.86817,0.246905,0.177143,0.197546,,,,,,,0.7,0.70296,0.65343,0.41414,0.5,2.64156,0.01,0.0005,64,0.5,0.511,,results/logits/M0_mlp-65e414efde.npz,4225688,9f9bb01aee1b,
M1_gcn-0433012364,sbm,M1_gcn,train,none,1,3,0.0,,,,113,0.862,0.857838,0.530108,0.243972,0.891,0.890992,0.475992,0.212278,0.181533,0.450365,0.646581,,,,,,,0.7,0.70296,0.65343,0.41414,0.5,2.64156,0.005,0.001,64,0.5,4.674,,results/logits/M1_gcn-0433012364.npz,4225688,9f9bb01aee1b,
LP-448253157d,sbm,LP,closed_form,label_prop,1,3,,,,,,0.154,0.055687,1.967472,0.863287,0.145,0.047007,1.966914,0.863422,0.195533,0.155261,0.976457,,,,,,,0.7,0.70296,0.65343,0.41414,0.5,2.64156,,,,,,,,4225688,9f9bb01aee1b,uses train labels as inference-time evidence
M2_lap-ef3a858852,sbm,M2_lap,train,none,1,3,0.001,,,,113,0.862,0.857838,0.53079,0.244312,0.891,0.890992,0.476665,0.212628,0.181868,0.450072,0.646581,,,,,,,0.7,0.70296,0.65343,0.41414,0.5,2.64156,0.005,0.001,64,0.5,4.937,,,4225688,9f9bb01aee1b,
M2_lap-10cc940c19,sbm,M2_lap,train,none,1,3,0.01,,,,123,0.86,0.856149,0.528406,0.244268,0.889,0.889228,0.471679,0.21098,0.176901,0.451421,0.647483,,,,,,,0.7,0.70296,0.65343,0.41414,0.5,2.64156,0.005,0.001,64,0.5,5.35,,,4225688,9f9bb01aee1b,
M2_lap-d9cc0b2cbe,sbm,M2_lap,train,none,1,3,0.1,,,,56,0.844,0.839071,0.750354,0.343864,0.87,0.869086,0.713408,0.323999,0.309653,0.331968,0.635396,,,,,,,0.7,0.70296,0.65343,0.41414,0.5,2.64156,0.005,0.001,64,0.5,3.203,,,4225688,9f9bb01aee1b,
M2_lap-419f4590e0,sbm,M2_lap,train,none,1,3,0.5,,,,41,0.822,0.809854,0.990025,0.4606,0.829,0.822173,0.966403,0.448967,0.392606,0.24877,0.618889,,,,,,,0.7,0.70296,0.65343,0.41414,0.5,2.64156,0.005,0.001,64,0.5,2.648,,,4225688,9f9bb01aee1b,
M2_lap-4b5b53fa75,sbm,M2_lap,train,none,1,3,1.0,,,,46,0.818,0.811934,0.956853,0.447658,0.833,0.831916,0.923934,0.431429,0.379813,0.257753,0.61519,,,,,,,0.7,0.70296,0.65343,0.41414,0.5,2.64156,0.005,0.001,64,0.5,2.866,,,4225688,9f9bb01aee1b,
M2_lap-09f97076b6,sbm,M2_lap,train,none,1,3,5.0,,,,32,0.78,0.766215,1.29644,0.611103,0.796,0.78517,1.276741,0.602229,0.487501,0.180827,0.607072,,,,,,,0.7,0.70296,0.65343,0.41414,0.5,2.64156,0.005,0.001,64,0.5,2.73,,,4225688,9f9bb01aee1b,
M4_mrf_gcn-b58ba7564f,sbm,M4_mrf_gcn,tuned_grid,mf,1,3,,0.05,,0,,0.862,0.857833,0.495178,0.227337,0.896,0.896102,0.443134,0.19638,0.165205,0.472095,0.651903,1,5,,,,,0.7,0.70296,0.65343,0.41414,0.5,2.64156,,,,,,0.0612,,4225688,9f9bb01aee1b,flip=0.0070
M4_mrf_mlp-b0ef1abe19,sbm,M4_mrf_mlp,tuned_grid,mf,1,3,,0.05,,0,,0.352,0.347655,2.031603,0.873964,0.351,0.348764,1.955989,0.860511,0.242111,0.183097,0.208191,1,4,,,,,0.7,0.70296,0.65343,0.41414,0.5,2.64156,,,,,,0.0349,,4225688,9f9bb01aee1b,flip=0.0210
M4_mrf_gcn-fa80d4fb9f,sbm,M4_mrf_gcn,tuned_grid,mf,1,3,,0.1,,0,,0.874,0.87044,0.460791,0.211192,0.9,0.900036,0.410734,0.180963,0.147925,0.493711,0.656955,1,6,,,,,0.7,0.70296,0.65343,0.41414,0.5,2.64156,,,,,,0.0446,,4225688,9f9bb01aee1b,flip=0.0140
M4_mrf_mlp-305d950a74,sbm,M4_mrf_mlp,tuned_grid,mf,1,3,,0.1,,0,,0.362,0.356362,2.010504,0.866484,0.361,0.358268,1.933144,0.852569,0.235045,0.189592,0.217211,1,6,,,,,0.7,0.70296,0.65343,0.41414,0.5,2.64156,,,,,,0.0469,,4225688,9f9bb01aee1b,flip=0.0340
M4_mrf_gcn-7e2dc8e91a,sbm,M4_mrf_gcn,tuned_grid,mf,1,3,,0.25,,0,,0.902,0.899173,0.363698,0.166302,0.92,0.919944,0.319797,0.139124,0.10815,0.554482,0.674364,1,10,,,,,0.7,0.70296,0.65343,0.41414,0.5,2.64156,,,,,,0.0653,,4225688,9f9bb01aee1b,flip=0.0350
M4_mrf_mlp-9b5048c86f,sbm,M4_mrf_mlp,tuned_grid,mf,1,3,,0.25,,0,,0.378,0.368602,1.946196,0.842068,0.385,0.380249,1.864248,0.826629,0.224354,0.213634,0.25654,1,9,,,,,0.7,0.70296,0.65343,0.41414,0.5,2.64156,,,,,,0.0703,,4225688,9f9bb01aee1b,flip=0.0950
M4_mrf_gcn-e223f93d7c,sbm,M4_mrf_gcn,tuned_grid,mf,1,3,,0.5,,0,,0.928,0.926806,0.238869,0.110655,0.948,0.947914,0.207131,0.089969,0.06217,0.628528,0.691232,1,13,,,,,0.7,0.70296,0.65343,0.41414,0.5,2.64156,,,,,,0.0881,,4225688,9f9bb01aee1b,flip=0.0590
M4_mrf_mlp-8f34827275,sbm,M4_mrf_mlp,tuned_grid,mf,1,3,,0.5,,0,,0.428,0.407157,1.847286,0.792932,0.432,0.422056,1.766004,0.779897,0.228842,0.285106,0.355854,1,22,,,,,0.7,0.70296,0.65343,0.41414,0.5,2.64156,,,,,,0.2331,,4225688,9f9bb01aee1b,flip=0.2230
M4_mrf_gcn-a5f6b7ff94,sbm,M4_mrf_gcn,tuned_grid,mf,1,3,,1.0,,0,,0.95,0.949927,0.126158,0.063666,0.966,0.965697,0.115164,0.052923,0.017304,0.684303,0.701966,1,16,,,,,0.7,0.70296,0.65343,0.41414,0.5,2.64156,,,,,,0.1526,,4225688,9f9bb01aee1b,flip=0.0800
M4_mrf_mlp-e559db92f4,sbm,M4_mrf_mlp,tuned_grid,mf,1,3,,1.0,,0,,0.16,0.07155,6.250606,1.584159,0.157,0.085448,6.016631,1.587067,0.780095,0.911227,0.959408,1,32,,,,,0.7,0.70296,0.65343,0.41414,0.5,2.64156,,,,,,0.3367,,4225688,9f9bb01aee1b,flip=0.7110
M4_mrf_gcn-1afce7c6e4,sbm,M4_mrf_gcn,tuned_grid,mf,1,3,,2.0,,0,,0.966,0.966099,0.084289,0.044355,0.973,0.972725,0.085927,0.041516,0.004574,0.701624,0.705033,1,24,,,,,0.7,0.70296,0.65343,0.41414,0.5,2.64156,,,,,,0.2524,,4225688,9f9bb01aee1b,flip=0.0890
M4_mrf_mlp-438d21505f,sbm,M4_mrf_mlp,tuned_grid,mf,1,3,,2.0,,0,,0.144,0.035964,13.324527,1.704717,0.132,0.035237,13.020127,1.722629,0.860437,0.994558,0.997474,1,35,,,,,0.7,0.70296,0.65343,0.41414,0.5,2.64156,,,,,,0.3351,,4225688,9f9bb01aee1b,flip=0.7530
OF-574cfee35f,sbm,Oracle_F,oracle,closed_form,1,3,,,,,,0.722,,,,0.722,,,,,,,,,,,,,0.7,0.70296,0.65343,0.41414,0.5,2.64156,,,,,,,,4225688,9f9bb01aee1b,"feature-only Bayes rule, known generative parameters"
OG-43e3f15b6b,sbm,Oracle_G,oracle,mf,1,3,,2.64156,,,,0.992,0.992022,0.024135,0.01219,0.985,0.985016,0.041219,0.023921,0.004203,0.701882,0.703229,1,25,,,,,0.7,0.70296,0.65343,0.41414,0.5,2.64156,,,,,,,,4225688,9f9bb01aee1b,true Gaussian unaries + generator-implied coupling
M0_mlp-762d4128aa,sbm,M0_mlp,train,none,5,3,0.0,,,,29,0.508,0.506132,1.453826,0.665572,0.473,0.475875,1.436483,0.673349,0.100896,0.195353,0.241927,,,,,,,0.7,0.70296,0.65343,0.41414,0.5,2.64156,0.01,0.0005,64,0.5,0.252,,results/logits/M0_mlp-762d4128aa.npz,4225688,9f9bb01aee1b,
M1_gcn-d10bccc043,sbm,M1_gcn,train,none,5,3,0.0,,,,40,0.974,0.973633,0.507774,0.20485,0.973,0.972885,0.496362,0.198961,0.327369,0.393864,0.697366,,,,,,,0.7,0.70296,0.65343,0.41414,0.5,2.64156,0.005,0.001,64,0.5,2.317,,results/logits/M1_gcn-d10bccc043.npz,4225688,9f9bb01aee1b,
LP-0241c1b1bb,sbm,LP,closed_form,label_prop,5,3,,,,,,0.528,0.472339,1.877397,0.816534,0.516,0.453711,1.826096,0.817418,0.355221,0.149321,0.575501,,,,,,,0.7,0.70296,0.65343,0.41414,0.5,2.64156,,,,,,,,4225688,9f9bb01aee1b,uses train labels as inference-time evidence
M2_lap-1850e7a0d8,sbm,M2_lap,train,none,5,3,0.001,,,,40,0.974,0.973633,0.507841,0.204883,0.973,0.972885,0.49643,0.198995,0.327411,0.393827,0.697366,,,,,,,0.7,0.70296,0.65343,0.41414,0.5,2.64156,0.005,0.001,64,0.5,2.535,,,4225688,9f9bb01aee1b,
M2_lap-b58aa1eab4,sbm,M2_lap,train,none,5,3,0.01,,,,40,0.974,0.973633,0.508405,0.205159,0.973,0.972885,0.496991,0.199269,0.327761,0.393519,0.697366,,,,,,,0.7,0.70296,0.65343,0.41414,0.5,2.64156,0.005,0.001,64,0.5,2.996,,,4225688,9f9bb01aee1b,
M2_lap-6d457075f1,sbm,M2_lap,train,none,5,3,0.1,,,,40,0.974,0.973633,0.514497,0.208154,0.972,0.971851,0.503236,0.202358,0.330645,0.390131,0.697276,,,,,,,0.7,0.70296,0.65343,0.41414,0.5,2.64156,0.005,0.001,64,0.5,2.559,,,4225688,9f9bb01aee1b,
M2_lap-832a9e4dc7,sbm,M2_lap,train,none,5,3,0.5,,,,33,0.968,0.967655,0.71868,0.313458,0.972,0.971822,0.699903,0.302418,0.444261,0.29726,0.697095,,,,,,,0.7,0.70296,0.65343,0.41414,0.5,2.64156,0.005,0.001,64,0.5,2.36,,,4225688,9f9bb01aee1b,
M2_lap-dd96846d5d,sbm,M2_lap,train,none,5,3,1.0,,,,33,0.97,0.96951,0.741399,0.325464,0.971,0.970757,0.724735,0.315735,0.456638,0.287511,0.697095,,,,,,,0.7,0.70296,0.65343,0.41414,0.5,2.64156,0.005,0.001,64,0.5,2.327,,,4225688,9f9bb01aee1b,
M2_lap-64f29e7b08,sbm,M2_lap,train,none,5,3,5.0,,,,27,0.962,0.961703,1.049092,0.4897,0.965,0.964765,1.037387,0.482964,0.593472,0.201316,0.693758,,,,,,,0.7,0.70296,0.65343,0.41414,0.5,2.64156,0.005,0.001,64,0.5,2.327,,,4225688,9f9bb01aee1b,
M4_mrf_gcn-62afbda65f,sbm,M4_mrf_gcn,tuned_grid,mf,5,3,,0.05,,0,,0.974,0.973491,0.461198,0.182,0.974,0.974048,0.450431,0.17675,0.298818,0.422867,0.698629,1,5,,,,,0.7,0.70296,0.65343,0.41414,0.5,2.64156,,,,,,0.0369,,4225688,9f9bb01aee1b,flip=0.0030
M4_mrf_mlp-a4591b6cb0,sbm,M4_mrf_mlp,tuned_grid,mf,5,3,,0.05,,0,,0.514,0.51266,1.409757,0.648563,0.489,0.491953,1.391257,0.655417,0.089957,0.203379,0.254375,1,5,,,,,0.7,0.70296,0.65343,0.41414,0.5,2.64156,,,,,,0.0344,,4225688,9f9bb01aee1b,flip=0.0200
M4_mrf_gcn-d6e2b9b77a,sbm,M4_mrf_gcn,tuned_grid,mf,5,3,,0.1,,0,,0.974,0.973491,0.415151,0.160175,0.976,0.976012,0.405345,0.155693,0.27087,0.453091,0.700162,1,6,,,,,0.7,0.70296,0.65343,0.41414,0.5,2.64156,,,,,,0.0625,,4225688,9f9bb01aee1b,flip=0.0050
M4_mrf_mlp-90bd768cc9,sbm,M4_mrf_mlp,tuned_grid,mf,5,3,,0.1,,0,,0.526,0.525003,1.362826,0.629854,0.503,0.50616,1.343173,0.635828,0.078394,0.212465,0.267725,1,5,,,,,0.7,0.70296,0.65343,0.41414,0.5,2.64156,,,,,,0.0496,,4225688,9f9bb01aee1b,flip=0.0430
M4_mrf_gcn-19104f733e,sbm,M4_mrf_gcn,tuned_grid,mf,5,3,,0.25,,0,,0.976,0.975265,0.291968,0.106023,0.977,0.977066,0.286675,0.104389,0.188536,0.539702,0.701876,1,8,,,,,0.7,0.70296,0.65343,0.41414,0.5,2.64156,,,,,,0.0573,,4225688,9f9bb01aee1b,flip=0.0110
M4_mrf_mlp-cecc13f802,sbm,M4_mrf_mlp,tuned_grid,mf,5,3,,0.25,,0,,0.586,0.584177,1.19809,0.559982,0.566,0.569391,1.175206,0.563749,0.048977,0.249185,0.325816,1,9,,,,,0.7,0.70296,0.65343,0.41414,0.5,2.64156,,,,,,0.0526,,4225688,9f9bb01aee1b,flip=0.1210
M4_mrf_gcn-55e0e469e9,sbm,M4_mrf_gcn,tuned_grid,mf,5,3,,0.5,,0,,0.98,0.979458,0.165179,0.058209,0.978,0.978212,0.168508,0.060879,0.09897,0.631499,0.704312,1,9,,,,,0.7,0.70296,0.65343,0.41414,0.5,2.64156,,,,,,0.0756,,4225688,9f9bb01aee1b,flip=0.0160
M4_mrf_mlp-d730e3aa47,sbm,M4_mrf_mlp,tuned_grid,mf,5,3,,0.5,,0,,0.744,0.742938,0.81138,0.382962,0.706,0.708208,0.7864,0.382503,0.042215,0.366941,0.470864,1,18,,,,,0.7,0.70296,0.65343,0.41414,0.5,2.64156,,,,,,0.1618,,4225688,9f9bb01aee1b,flip=0.2600
M4_mrf_gcn-5d668c9d8b,sbm,M4_mrf_gcn,tuned_grid,mf,5,3,,1.0,,0,,0.982,0.981593,0.081996,0.033011,0.977,0.976919,0.094571,0.039666,0.032433,0.686864,0.705665,1,13,,,,,0.7,0.70296,0.65343,0.41414,0.5,2.64156,,,,,,0.1509,,4225688,9f9bb01aee1b,flip=0.0210
M4_mrf_mlp-0bb5356a4b,sbm,M4_mrf_mlp,tuned_grid,mf,5,3,,1.0,,0,,0.926,0.926136,0.230004,0.111515,0.933,0.933521,0.214987,0.097839,0.04168,0.616185,0.666877,1,24,,,,,0.7,0.70296,0.65343,0.41414,0.5,2.64156,,,,,,0.2824,,4225688,9f9bb01aee1b,flip=0.4710
M4_mrf_gcn-fc8396ef8d,sbm,M4_mrf_gcn,tuned_grid,mf,5,3,,2.0,,0,,0.98,0.979748,0.06119,0.030101,0.974,0.973749,0.08233,0.039118,0.00239,0.702816,0.706567,1,50,,,,,0.7,0.70296,0.65343,0.41414,0.5,2.64156,,,,,,0.762,,4225688,9f9bb01aee1b,flip=0.0260
M4_mrf_mlp-40fb400b85,sbm,M4_mrf_mlp,tuned_grid,mf,5,3,,2.0,,0,,0.988,0.987473,0.055444,0.023962,0.982,0.981988,0.072251,0.031127,0.01051,0.695087,0.702237,1,18,,,,,0.7,0.70296,0.65343,0.41414,0.5,2.64156,,,,,,0.1253,,4225688,9f9bb01aee1b,flip=0.5180
OF-cc09c456a7,sbm,Oracle_F,oracle,closed_form,5,3,,,,,,0.702,,,,0.719,,,,,,,,,,,,,0.7,0.70296,0.65343,0.41414,0.5,2.64156,,,,,,,,4225688,9f9bb01aee1b,"feature-only Bayes rule, known generative parameters"
OG-e7c3ee852e,sbm,Oracle_G,oracle,mf,5,3,,2.64156,,,,0.992,0.991442,0.020371,0.011307,0.989,0.989088,0.034448,0.018574,0.001673,0.701882,0.703229,1,25,,,,,0.7,0.70296,0.65343,0.41414,0.5,2.64156,,,,,,,,4225688,9f9bb01aee1b,true Gaussian unaries + generator-implied coupling
M0_mlp-3503eda0ff,sbm,M0_mlp,train,none,20,3,0.0,,,,67,0.604,0.603052,1.447101,0.607956,0.573,0.573376,1.50165,0.619729,0.205592,0.280168,0.311654,,,,,,,0.7,0.70296,0.65343,0.41414,0.5,2.64156,0.01,0.0005,64,0.5,0.503,,results/logits/M0_mlp-3503eda0ff.npz,4225688,9f9bb01aee1b,
M1_gcn-5d6738519c,sbm,M1_gcn,train,none,20,3,0.0,,,,26,0.976,0.976153,0.796429,0.353147,0.965,0.964857,0.797167,0.353295,0.488243,0.264073,0.699351,,,,,,,0.7,0.70296,0.65343,0.41414,0.5,2.64156,0.005,0.001,64,0.5,1.883,,results/logits/M1_gcn-5d6738519c.npz,4225688,9f9bb01aee1b,
LP-ebaa9c9eee,sbm,LP,closed_form,label_prop,20,3,,,,,,0.752,0.747421,1.514841,0.69997,0.774,0.774675,1.600834,0.707565,0.533727,0.169028,0.591286,,,,,,,0.7,0.70296,0.65343,0.41414,0.5,2.64156,,,,,,,,4225688,9f9bb01aee1b,uses train labels as inference-time evidence
M2_lap-7920fba1c7,sbm,M2_lap,train,none,20,3,0.001,,,,26,0.976,0.976153,0.79645,0.353158,0.965,0.964857,0.797187,0.353305,0.488253,0.264065,0.699351,,,,,,,0.7,0.70296,0.65343,0.41414,0.5,2.64156,0.005,0.001,64,0.5,2.094,,,4225688,9f9bb01aee1b,
M2_lap-2a1b4f4489,sbm,M2_lap,train,none,20,3,0.01,,,,26,0.976,0.976153,0.796624,0.353251,0.965,0.964857,0.797349,0.353392,0.48834,0.264,0.699351,,,,,,,0.7,0.70296,0.65343,0.41414,0.5,2.64156,0.005,0.001,64,0.5,2.202,,,4225688,9f9bb01aee1b,
M2_lap-0a98349658,sbm,M2_lap,train,none,20,3,0.1,,,,26,0.976,0.976153,0.798491,0.354247,0.965,0.964822,0.79907,0.354317,0.489262,0.263312,0.699351,,,,,,,0.7,0.70296,0.65343,0.41414,0.5,2.64156,0.005,0.001,64,0.5,2.23,,,4225688,9f9bb01aee1b,
M2_lap-4ae9f42713,sbm,M2_lap,train,none,20,3,0.5,,,,26,0.976,0.976253,0.807164,0.358895,0.966,0.965842,0.807092,0.358645,0.4945,0.260197,0.699621,,,,,,,0.7,0.70296,0.65343,0.41414,0.5,2.64156,0.005,0.001,64,0.5,2.132,,,4225688,9f9bb01aee1b,
M2_lap-7e4c05d91a,sbm,M2_lap,train,none,20,3,1.0,,,,22,0.974,0.974201,0.990885,0.457267,0.963,0.962732,0.991552,0.457611,0.573599,0.211561,0.699441,,,,,,,0.7,0.70296,0.65343,0.41414,0.5,2.64156,0.005,0.001,64,0.5,2.125,,,4225688,9f9bb01aee1b,
M2_lap-c691ae1fd9,sbm,M2_lap,train,none,20,3,5.0,,,,19,0.97,0.970359,1.172726,0.551631,0.964,0.963708,1.171847,0.551422,0.64287,0.179609,0.699982,,,,,,,0.7,0.70296,0.65343,0.41414,0.5,2.64156,0.005,0.001,64,0.5,2.04,,,4225688,9f9bb01aee1b,
M4_mrf_gcn-1bd31b8eb0,sbm,M4_mrf_gcn,tuned_grid,mf,20,3,,0.05,,0,,0.972,0.972323,0.741726,0.323459,0.966,0.965844,0.742971,0.323902,0.461448,0.285172,0.699982,1,5,,,,,0.7,0.70296,0.65343,0.41414,0.5,2.64156,,,,,,0.0511,,4225688,9f9bb01aee1b,flip=0.0020
M4_mrf_mlp-51df3a61d3,sbm,M4_mrf_mlp,tuned_grid,mf,20,3,,0.05,,0,,0.61,0.608522,1.392337,0.58861,0.585,0.585318,1.443428,0.600045,0.197238,0.291933,0.319863,1,4,,,,,0.7,0.70296,0.65343,0.41414,0.5,2.64156,,,,,,0.0304,,4225688,9f9bb01aee1b,flip=0.0120
M4_mrf_gcn-8052f0ad6f,sbm,M4_mrf_gcn,tuned_grid,mf,20,3,,0.1,,0,,0.972,0.97241,0.68216,0.291548,0.966,0.965908,0.684055,0.292405,0.429715,0.31083,0.700162,1,6,,,,,0.7,0.70296,0.65343,0.41414,0.5,2.64156,,,,,,0.0642,,4225688,9f9bb01aee1b,flip=0.0040
M4_mrf_mlp-8b270f6996,sbm,M4_mrf_mlp,tuned_grid,mf,20,3,,0.1,,0,,0.622,0.620209,1.336778,0.568613,0.601,0.601053,1.384393,0.579586,0.185242,0.304393,0.333484,1,5,,,,,0.7,0.70296,0.65343,0.41414,0.5,2.64156,,,,,,0.0301,,4225688,9f9bb01aee1b,flip=0.0280
M4_mrf_gcn-0638f7e6b8,sbm,M4_mrf_gcn,tuned_grid,mf,20,3,,0.25,,0,,0.974,0.974398,0.487707,0.192606,0.969,0.968906,0.491689,0.194849,0.318573,0.413879,0.702057,1,9,,,,,0.7,0.70296,0.65343,0.41414,0.5,2.64156,,,,,,0.0505,,4225688,9f9bb01aee1b,flip=0.0110
M4_mrf_mlp-527cb1c0d5,sbm,M4_mrf_mlp,tuned_grid,mf,20,3,,0.25,,0,,0.686,0.684918,1.165661,0.505651,0.652,0.651366,1.202544,0.513667,0.151209,0.346411,0.386794,1,8,,,,,0.7,0.70296,0.65343,0.41414,0.5,2.64156,,,,,,0.0835,,4225688,9f9bb01aee1b,flip=0.0860
M4_mrf_gcn-95ef5ec731,sbm,M4_mrf_gcn,tuned_grid,mf,20,3,,0.5,,0,,0.976,0.976337,0.24766,0.088781,0.977,0.976857,0.253205,0.091386,0.162282,0.57654,0.705124,1,11,,,,,0.7,0.70296,0.65343,0.41414,0.5,2.64156,,,,,,0.0947,,4225688,9f9bb01aee1b,flip=0.0230
M4_mrf_mlp-b6fcdf838b,sbm,M4_mrf_mlp,tuned_grid,mf,20,3,,0.5,,0,,0.736,0.734444,0.879399,0.398963,0.74,0.739012,0.894796,0.394445,0.100632,0.430095,0.474382,1,11,,,,,0.7,0.70296,0.65343,0.41414,0.5,2.64156,,,,,,0.0859,,4225688,9f9bb01aee1b,flip=0.1730
M4_mrf_gcn-620015dcbc,sbm,M4_mrf_gcn,tuned_grid,mf,20,3,,1.0,,0,,0.978,0.978202,0.105577,0.042331,0.98,0.979895,0.111031,0.044032,0.051578,0.677322,0.706026,1,13,,,,,0.7,0.70296,0.65343,0.41414,0.5,2.64156,,,,,,0.1309,,4225688,9f9bb01aee1b,flip=0.0270
M4_mrf_mlp-63c1e8926d,sbm,M4_mrf_mlp,tuned_grid,mf,20,3,,1.0,,0,,0.866,0.864395,0.427625,0.204279,0.874,0.873343,0.423172,0.195481,0.044448,0.583134,0.608515,1,28,,,,,0.7,0.70296,0.65343,0.41414,0.5,2.64156,,,,,,0.216,,4225688,9f9bb01aee1b,flip=0.3150
M4_mrf_gcn-1c83effb99,sbm,M4_mrf_gcn,tuned_grid,mf,20,3,,2.0,,0,,0.972,0.971902,0.080113,0.038281,0.981,0.980926,0.074471,0.034015,0.01101,0.70186,0.706567,1,30,,,,,0.7,0.70296,0.65343,0.41414,0.5,2.64156,,,,,,0.2806,,4225688,9f9bb01aee1b,flip=0.0270
M4_mrf_mlp-3304a59222,sbm,M4_mrf_mlp,tuned_grid,mf,20,3,,2.0,,0,,0.96,0.959524,0.134685,0.062152,0.963,0.963037,0.124754,0.059759,0.011844,0.68426,0.69033,1,35,,,,,0.7,0.70296,0.65343,0.41414,0.5,2.64156,,,,,,0.3526,,4225688,9f9bb01aee1b,flip=0.3970
OF-5ed2a267f5,sbm,Oracle_F,oracle,closed_form,20,3,,,,,,0.734,,,,0.719,,,,,,,,,,,,,0.7,0.70296,0.65343,0.41414,0.5,2.64156,,,,,,,,4225688,9f9bb01aee1b,"feature-only Bayes rule, known generative parameters"
OG-fe41bc1442,sbm,Oracle_G,oracle,mf,20,3,,2.64156,,,,0.994,0.99391,0.026534,0.014221,0.986,0.986105,0.034069,0.019182,0.003272,0.701882,0.703229,1,25,,,,,0.7,0.70296,0.65343,0.41414,0.5,2.64156,,,,,,,,4225688,9f9bb01aee1b,true Gaussian unaries + generator-implied coupling
M0_mlp-d1e92a3873,sbm,M0_mlp,train,none,1,4,0.0,,,,134,0.364,0.351671,1.992352,0.859019,0.363,0.353529,2.039961,0.870547,0.24947,0.17515,0.196348,,,,,,,0.7,0.70269,0.65312,0.41388,0.5,2.64156,0.01,0.0005,64,0.5,0.7,,results/logits/M0_mlp-d1e92a3873.npz,4225688,9f9bb01aee1b,
M1_gcn-241cdea1e1,sbm,M1_gcn,train,none,1,4,0.0,,,,214,0.952,0.95237,0.341632,0.134031,0.957,0.95622,0.330314,0.129302,0.193293,0.502842,0.691871,,,,,,,0.7,0.70269,0.65312,0.41388,0.5,2.64156,0.005,0.001,64,0.5,6.863,,results/logits/M1_gcn-241cdea1e1.npz,4225688,9f9bb01aee1b,
LP-6fa2e69b68,sbm,LP,closed_form,label_prop,1,4,,,,,,0.234,0.172009,2.002515,0.857063,0.266,0.191815,1.944017,0.855169,0.205103,0.150133,0.727241,,,,,,,0.7,0.70269,0.65312,0.41388,0.5,2.64156,,,,,,,,4225688,9f9bb01aee1b,uses train labels as inference-time evidence
M2_lap-c93e55d50f,sbm,M2_lap,train,none,1,4,0.001,,,,215,0.952,0.95237,0.342717,0.13455,0.956,0.955108,0.33141,0.129816,0.192959,0.502174,0.691694,,,,,,,0.7,0.70269,0.65312,0.41388,0.5,2.64156,0.005,0.001,64,0.5,7.481,,,4225688,9f9bb01aee1b,
M2_lap-d188ef730b,sbm,M2_lap,train,none,1,4,0.01,,,,84,0.946,0.946812,0.400785,0.160081,0.955,0.954232,0.386911,0.154316,0.232183,0.4637,0.690719,,,,,,,0.7,0.70269,0.65312,0.41388,0.5,2.64156,0.005,0.001,64,0.5,4.399,,,4225688,9f9bb01aee1b,
M2_lap-9b82080a91,sbm,M2_lap,train,none,1,4,0.1,,,,39,0.942,0.942129,0.786672,0.352971,0.951,0.950104,0.773768,0.346577,0.460415,0.273624,0.68735,,,,,,,0.7,0.70269,0.65312,0.41388,0.5,2.64156,0.005,0.001,64,0.5,3.031,,,4225688,9f9bb01aee1b,
M2_lap-0554a614a1,sbm,M2_lap,train,none,1,4,0.5,,,,39,0.942,0.941985,0.808927,0.365159,0.95,0.949063,0.795374,0.358381,0.470465,0.265942,0.686464,,,,,,,0.7,0.70269,0.65312,0.41388,0.5,2.64156,0.005,0.001,64,0.5,3.546,,,4225688,9f9bb01aee1b,
M2_lap-666144768c,sbm,M2_lap,train,none,1,4,1.0,,,,35,0.938,0.938291,0.922165,0.425036,0.948,0.947149,0.910852,0.419356,0.521789,0.233263,0.684868,,,,,,,0.7,0.70269,0.65312,0.41388,0.5,2.64156,0.005,0.001,64,0.5,3.661,,,4225688,9f9bb01aee1b,
M2_lap-37837b5bc2,sbm,M2_lap,train,none,1,4,5.0,,,,28,0.93,0.930548,1.188433,0.56135,0.929,0.927852,1.177804,0.556322,0.607065,0.18182,0.672813,,,,,,,0.7,0.70269,0.65312,0.41388,0.5,2.64156,0.005,0.001,64,0.5,3.611,,,4225688,9f9bb01aee1b,
M4_mrf_gcn-294e54ad2a,sbm,M4_mrf_gcn,tuned_grid,mf,1,4,,0.05,,0,,0.952,0.95237,0.309789,0.120135,0.962,0.961205,0.297951,0.11553,0.175136,0.52756,0.693556,1,5,,,,,0.7,0.70269,0.65312,0.41388,0.5,2.64156,,,,,,0.0736,,4225688,9f9bb01aee1b,flip=0.0080
M4_mrf_mlp-0fbc0c20b1,sbm,M4_mrf_mlp,tuned_grid,mf,1,4,,0.05,,0,,0.36,0.346883,1.964713,0.849118,0.373,0.363728,2.009336,0.860033,0.248654,0.181264,0.20406,1,4,,,,,0.7,0.70269,0.65312,0.41388,0.5,2.64156,,,,,,0.0233,,4225688,9f9bb01aee1b,flip=0.0130
M4_mrf_gcn-8c7d7621fc,sbm,M4_mrf_gcn,tuned_grid,mf,1,4,,0.1,,0,,0.952,0.95237,0.280173,0.107687,0.963,0.962338,0.268083,0.103303,0.154451,0.550847,0.695063,1,5,,,,,0.7,0.70269,0.65312,0.41388,0.5,2.64156,,,,,,0.1199,,4225688,9f9bb01aee1b,flip=0.0110
M4_mrf_mlp-b6d9802685,sbm,M4_mrf_mlp,tuned_grid,mf,1,4,,0.1,,0,,0.376,0.360595,1.936452,0.838451,0.38,0.370308,1.977914,0.848844,0.244442,0.188022,0.215495,1,5,,,,,0.7,0.70269,0.65312,0.41388,0.5,2.64156,,,,,,0.036,,4225688,9f9bb01aee1b,flip=0.0240
M4_mrf_gcn-2d280955ac,sbm,M4_mrf_gcn,tuned_grid,mf,1,4,,0.25,,0,,0.964,0.964186,0.207913,0.079497,0.97,0.969648,0.196061,0.075627,0.107832,0.607781,0.700824,1,7,,,,,0.7,0.70269,0.65312,0.41388,0.5,2.64156,,,,,,0.0561,,4225688,9f9bb01aee1b,flip=0.0210
M4_mrf_mlp-58d6377b41,sbm,M4_mrf_mlp,tuned_grid,mf,1,4,,0.25,,0,,0.408,0.38775,1.84569,0.800434,0.408,0.395618,1.876496,0.810011,0.227995,0.213671,0.253346,1,9,,,,,0.7,0.70269,0.65312,0.41388,0.5,2.64156,,,,,,0.148,,4225688,9f9bb01aee1b,flip=0.0810
M4_mrf_gcn-775bd102e8,sbm,M4_mrf_gcn,tuned_grid,mf,1,4,,0.5,,0,,0.964,0.964001,0.138465,0.056311,0.977,0.976793,0.127013,0.051286,0.061286,0.660213,0.703572,1,8,,,,,0.7,0.70269,0.65312,0.41388,0.5,2.64156,,,,,,0.0678,,4225688,9f9bb01aee1b,flip=0.0280
M4_mrf_mlp-73767308ec,sbm,M4_mrf_mlp,tuned_grid,mf,1,4,,0.5,,0,,0.484,0.453012,1.675304,0.712108,0.481,0.456107,1.680507,0.722035,0.199001,0.285754,0.347664,1,18,,,,,0.7,0.70269,0.65312,0.41388,0.5,2.64156,,,,,,0.2108,,4225688,9f9bb01aee1b,flip=0.1950
M4_mrf_gcn-7a5c3851f4,sbm,M4_mrf_gcn,tuned_grid,mf,1,4,,1.0,,0,,0.964,0.964178,0.091659,0.043951,0.976,0.975991,0.079431,0.036935,0.018405,0.69271,0.7057,1,12,,,,,0.7,0.70269,0.65312,0.41388,0.5,2.64156,,,,,,0.2017,,4225688,9f9bb01aee1b,flip=0.0370
M4_mrf_mlp-29b76a6b1a,sbm,M4_mrf_mlp,tuned_grid,mf,1,4,,1.0,,0,,0.62,0.568105,2.012966,0.642605,0.646,0.590887,1.81407,0.586549,0.218869,0.581734,0.639305,1,133,,,,,0.7,0.70269,0.65312,0.41388,0.5,2.64156,,,,,,2.0587,,4225688,9f9bb01aee1b,flip=0.5100
M4_mrf_gcn-8bfb83caeb,sbm,M4_mrf_gcn,tuned_grid,mf,1,4,,2.0,,0,,0.968,0.967401,0.083015,0.041105,0.977,0.97717,0.070487,0.036305,0.006544,0.704014,0.706852,1,18,,,,,0.7,0.70269,0.65312,0.41388,0.5,2.64156,,,,,,0.2301,,4225688,9f9bb01aee1b,flip=0.0370
M4_mrf_mlp-0bda5aeb9e,sbm,M4_mrf_mlp,tuned_grid,mf,1,4,,2.0,,0,,0.686,0.641092,3.457879,0.598796,0.712,0.661728,3.104529,0.550906,0.252513,0.702167,0.711284,1,47,,,,,0.7,0.70269,0.65312,0.41388,0.5,2.64156,,,,,,0.6881,,4225688,9f9bb01aee1b,flip=0.6170
OF-f7213c83cf,sbm,Oracle_F,oracle,closed_form,1,4,,,,,,0.738,,,,0.723,,,,,,,,,,,,,0.7,0.70269,0.65312,0.41388,0.5,2.64156,,,,,,,,4225688,9f9bb01aee1b,"feature-only Bayes rule, known generative parameters"
OG-780fdccb1e,sbm,Oracle_G,oracle,mf,1,4,,2.64156,,,,0.988,0.98707,0.036448,0.020284,0.993,0.993003,0.016367,0.008834,0.002682,0.70279,0.703927,1,11,,,,,0.7,0.70269,0.65312,0.41388,0.5,2.64156,,,,,,,,4225688,9f9bb01aee1b,true Gaussian unaries + generator-implied coupling
M0_mlp-4204f11c04,sbm,M0_mlp,train,none,5,4,0.0,,,,38,0.452,0.455648,1.701747,0.741834,0.445,0.446206,1.69486,0.761987,0.203603,0.207395,0.23934,,,,,,,0.7,0.70269,0.65312,0.41388,0.5,2.64156,0.01,0.0005,64,0.5,0.51,,results/logits/M0_mlp-4204f11c04.npz,4225688,9f9bb01aee1b,
M1_gcn-4592f185d0,sbm,M1_gcn,train,none,5,4,0.0,,,,35,0.952,0.951461,0.600011,0.248267,0.965,0.965132,0.607765,0.252501,0.384134,0.343035,0.698608,,,,,,,0.7,0.70269,0.65312,0.41388,0.5,2.64156,0.005,0.001,64,0.5,3.361,,results/logits/M1_gcn-4592f185d0.npz,4225688,9f9bb01aee1b,
LP-381dfdfe0c,sbm,LP,closed_form,label_prop,5,4,,,,,,0.4,0.357549,1.814129,0.813808,0.372,0.326557,1.869817,0.815408,0.304524,0.150074,0.635937,,,,,,,0.7,0.70269,0.65312,0.41388,0.5,2.64156,,,,,,,,4225688,9f9bb01aee1b,uses train labels as inference-time evidence
M2_lap-5889bb0ba6,sbm,M2_lap,train,none,5,4,0.001,,,,35,0.952,0.951461,0.600053,0.248289,0.965,0.965132,0.607809,0.252524,0.38416,0.343013,0.698608,,,,,,,0.7,0.70269,0.65312,0.41388,0.5,2.64156,0.005,0.001,64,0.5,3.968,,,4225688,9f9bb01aee1b,
M2_lap-59bfe4760d,sbm,M2_lap,train,none,5,4,0.01,,,,35,0.952,0.951461,0.600788,0.248671,0.965,0.965132,0.608559,0.252925,0.384588,0.342668,0.698431,,,,,,,0.7,0.70269,0.65312,0.41388,0.5,2.64156,0.005,0.001,64,0.5,3.909,,,4225688,9f9bb01aee1b,
M2_lap-8c60e6069d,sbm,M2_lap,train,none,5,4,0.1,,,,34,0.952,0.951461,0.633635,0.265574,0.967,0.967077,0.64164,0.270201,0.405658,0.327353,0.698254,,,,,,,0.7,0.70269,0.65312,0.41388,0.5,2.64156,0.005,0.001,64,0.5,3.751,,,4225688,9f9bb01aee1b,
M2_lap-ca0a560233,sbm,M2_lap,train,none,5,4,0.5,,,,34,0.952,0.951461,0.65031,0.274273,0.964,0.96416,0.658889,0.279301,0.412436,0.319582,0.69781,,,,,,,0.7,0.70269,0.65312,0.41388,0.5,2.64156,0.005,0.001,64,0.5,3.609,,,4225688,9f9bb01aee1b,
M2_lap-9bba9aa315,sbm,M2_lap,train,none,5,4,1.0,,,,27,0.948,0.9475,0.898523,0.407254,0.967,0.967146,0.905893,0.412167,0.539245,0.234254,0.696747,,,,,,,0.7,0.70269,0.65312,0.41388,0.5,2.64156,0.005,0.001,64,0.5,3.718,,,4225688,9f9bb01aee1b,
M2_lap-e9dab39463,sbm,M2_lap,train,none,5,4,5.0,,,,24,0.944,0.943537,1.085002,0.506871,0.963,0.963154,1.092661,0.511578,0.612604,0.192883,0.695683,,,,,,,0.7,0.70269,0.65312,0.41388,0.5,2.64156,0.005,0.001,64,0.5,3.266,,,4225688,9f9bb01aee1b,
M4_mrf_gcn-0b530eb39e,sbm,M4_mrf_gcn,tuned_grid,mf,5,4,,0.05,,0,,0.952,0.951461,0.546939,0.221117,0.966,0.966088,0.556158,0.225878,0.353712,0.371845,0.698697,1,5,,,,,0.7,0.70269,0.65312,0.41388,0.5,2.64156,,,,,,0.0404,,4225688,9f9bb01aee1b,flip=0.0020
M4_mrf_mlp-ac3667667b,sbm,M4_mrf_mlp,tuned_grid,mf,5,4,,0.05,,0,,0.452,0.456018,1.652005,0.724244,0.454,0.455086,1.649665,0.746452,0.198767,0.216265,0.250687,1,5,,,,,0.7,0.70269,0.65312,0.41388,0.5,2.64156,,,,,,0.0808,,4225688,9f9bb01aee1b,flip=0.0120
M4_mrf_gcn-9fe2165ab6,sbm,M4_mrf_gcn,tuned_grid,mf,5,4,,0.1,,0,,0.954,0.95345,0.492952,0.194524,0.968,0.968095,0.503557,0.199665,0.322332,0.403709,0.699849,1,6,,,,,0.7,0.70269,0.65312,0.41388,0.5,2.64156,,,,,,0.1054,,4225688,9f9bb01aee1b,flip=0.0060
M4_mrf_mlp-37903a20b9,sbm,M4_mrf_mlp,tuned_grid,mf,5,4,,0.1,,0,,0.456,0.460173,1.60045,0.705424,0.467,0.467469,1.60272,0.729767,0.190691,0.226042,0.264693,1,5,,,,,0.7,0.70269,0.65312,0.41388,0.5,2.64156,,,,,,0.0348,,4225688,9f9bb01aee1b,flip=0.0300
M4_mrf_gcn-040be217a6,sbm,M4_mrf_gcn,tuned_grid,mf,5,4,,0.25,,0,,0.962,0.961291,0.343443,0.127467,0.97,0.970069,0.356327,0.132114,0.224193,0.504151,0.701888,1,8,,,,,0.7,0.70269,0.65312,0.41388,0.5,2.64156,,,,,,0.1442,,4225688,9f9bb01aee1b,flip=0.0090
M4_mrf_mlp-cc59b51aa1,sbm,M4_mrf_mlp,tuned_grid,mf,5,4,,0.25,,0,,0.522,0.524521,1.431948,0.640531,0.505,0.505749,1.448317,0.671114,0.172547,0.262331,0.31265,1,8,,,,,0.7,0.70269,0.65312,0.41388,0.5,2.64156,,,,,,0.1264,,4225688,9f9bb01aee1b,flip=0.0840
M4_mrf_gcn-b12613c165,sbm,M4_mrf_gcn,tuned_grid,mf,5,4,,0.5,,0,,0.97,0.969479,0.192925,0.071675,0.972,0.972112,0.202809,0.072672,0.111391,0.618133,0.705079,1,10,,,,,0.7,0.70269,0.65312,0.41388,0.5,2.64156,,,,,,0.077,,4225688,9f9bb01aee1b,flip=0.0130
M4_mrf_mlp-adab2f0070,sbm,M4_mrf_mlp,tuned_grid,mf,5,4,,0.5,,0,,0.634,0.632578,1.091576,0.499343,0.615,0.614464,1.126007,0.530141,0.113712,0.354071,0.421328,1,19,,,,,0.7,0.70269,0.65312,0.41388,0.5,2.64156,,,,,,0.3096,,4225688,9f9bb01aee1b,flip=0.2020
M4_mrf_gcn-43ff2451ee,sbm,M4_mrf_gcn,tuned_grid,mf,5,4,,1.0,,0,,0.97,0.969494,0.101751,0.0444,0.972,0.97222,0.107041,0.043706,0.031696,0.684807,0.706498,1,12,,,,,0.7,0.70269,0.65312,0.41388,0.5,2.64156,,,,,,0.0924,,4225688,9f9bb01aee1b,flip=0.0190
M4_mrf_mlp-e06bdd6c8e,sbm,M4_mrf_mlp,tuned_grid,mf,5,4,,1.0,,0,,0.86,0.860446,0.426513,0.205184,0.854,0.853691,0.478369,0.22042,0.029553,0.5732,0.619626,1,68,,,,,0.7,0.70269,0.65312,0.41388,0.5,2.64156,,,,,,1.1657,,4225688,9f9bb01aee1b,flip=0.4330
M4_mrf_gcn-fc8ba8baf3,sbm,M4_mrf_gcn,tuned_grid,mf,5,4,,2.0,,0,,0.968,0.967616,0.083155,0.042817,0.972,0.972207,0.083034,0.039029,0.00286,0.703312,0.70703,1,27,,,,,0.7,0.70269,0.65312,0.41388,0.5,2.64156,,,,,,0.2952,,4225688,9f9bb01aee1b,flip=0.0200
M4_mrf_mlp-ded2ad6338,sbm,M4_mrf_mlp,tuned_grid,mf,5,4,,2.0,,0,,0.954,0.953885,0.120167,0.059933,0.956,0.956041,0.153961,0.068159,0.01393,0.687913,0.696569,1,39,,,,,0.7,0.70269,0.65312,0.41388,0.5,2.64156,,,,,,0.6299,,4225688,9f9bb01aee1b,flip=0.5250
OF-8dd090541e,sbm,Oracle_F,oracle,closed_form,5,4,,,,,,0.72,,,,0.733,,,,,,,,,,,,,0.7,0.70269,0.65312,0.41388,0.5,2.64156,,,,,,,,4225688,9f9bb01aee1b,"feature-only Bayes rule, known generative parameters"
OG-7c95db0d9f,sbm,Oracle_G,oracle,mf,5,4,,2.64156,,,,0.99,0.989787,0.030586,0.01502,0.991,0.990996,0.028551,0.013154,0.002361,0.70279,0.703927,1,11,,,,,0.7,0.70269,0.65312,0.41388,0.5,2.64156,,,,,,,,4225688,9f9bb01aee1b,true Gaussian unaries + generator-implied coupling
M0_mlp-ca597f1591,sbm,M0_mlp,train,none,20,4,0.0,,,,28,0.646,0.64654,1.02194,0.493937,0.628,0.627619,1.042977,0.502708,0.070407,0.264883,0.332506,,,,,,,0.7,0.70269,0.65312,0.41388,0.5,2.64156,0.01,0.0005,64,0.5,0.484,,results/logits/M0_mlp-ca597f1591.npz,4225688,9f9bb01aee1b,
M1_gcn-e82ab4aa59,sbm,M1_gcn,train,none,20,4,0.0,,,,60,0.972,0.971672,0.186751,0.069791,0.972,0.971882,0.18008,0.06548,0.09874,0.613909,0.700736,,,,,,,0.7,0.70269,0.65312,0.41388,0.5,2.64156,0.005,0.001,64,0.5,4.479,,results/logits/M1_gcn-e82ab4aa59.npz,4225688,9f9bb01aee1b,
LP-f665d77187,sbm,LP,closed_form,label_prop,20,4,,,,,,0.834,0.831559,1.51168,0.701135,0.82,0.819023,1.558009,0.699222,0.575744,0.16933,0.616789,,,,,,,0.7,0.70269,0.65312,0.41388,0.5,2.64156,,,,,,,,4225688,9f9bb01aee1b,uses train labels as inference-time evidence
M2_lap-ed2ca94b47,sbm,M2_lap,train,none,20,4,0.001,,,,60,0.972,0.971672,0.186814,0.069812,0.972,0.971882,0.18014,0.065501,0.098787,0.613865,0.700736,,,,,,,0.7,0.70269,0.65312,0.41388,0.5,2.64156,0.005,0.001,64,0.5,4.813,,,4225688,9f9bb01aee1b,
M2_lap-83a51da78c,sbm,M2_lap,train,none,20,4,0.01,,,,60,0.972,0.971672,0.18735,0.069991,0.972,0.971882,0.18067,0.065681,0.099213,0.613467,0.700736,,,,,,,0.7,0.70269,0.65312,0.41388,0.5,2.64156,0.005,0.001,64,0.5,4.512,,,4225688,9f9bb01aee1b,
M2_lap-e88a2933bc,sbm,M2_lap,train,none,20,4,0.1,,,,61,0.97,0.969689,0.189345,0.070694,0.971,0.970889,0.182902,0.066617,0.09971,0.612106,0.700736,,,,,,,0.7,0.70269,0.65312,0.41388,0.5,2.64156,0.005,0.001,64,0.5,5.007,,,4225688,9f9bb01aee1b,
M2_lap-6f566ba5fb,sbm,M2_lap,train,none,20,4,0.5,,,,72,0.97,0.969689,0.200372,0.075527,0.966,0.966026,0.193904,0.071725,0.101469,0.606002,0.699849,,,,,,,0.7,0.70269,0.65312,0.41388,0.5,2.64156,0.005,0.001,64,0.5,5.166,,,4225688,9f9bb01aee1b,
M2_lap-eaac286fe2,sbm,M2_lap,train,none,20,4,1.0,,,,49,0.97,0.969887,0.333334,0.125064,0.968,0.968032,0.323911,0.119081,0.205817,0.506626,0.699938,,,,,,,0.7,0.70269,0.65312,0.41388,0.5,2.64156,0.005,0.001,64,0.5,4.411,,,4225688,9f9bb01aee1b,
M2_lap-f940867e32,sbm,M2_lap,train,none,20,4,5.0,,,,18,0.968,0.967356,1.199171,0.565812,0.961,0.96095,1.204606,0.56861,0.651392,0.175419,0.696038,,,,,,,0.7,0.70269,0.65312,0.41388,0.5,2.64156,0.005,0.001,64,0.5,3.243,,,4225688,9f9bb01aee1b,
M4_mrf_gcn-8354b2b2da,sbm,M4_mrf_gcn,tuned_grid,mf,20,4,,0.05,,0,,0.97,0.9696,0.17123,0.064664,0.972,0.971882,0.164728,0.060349,0.08636,0.626925,0.701179,1,4,,,,,0.7,0.70269,0.65312,0.41388,0.5,2.64156,,,,,,0.0714,,4225688,9f9bb01aee1b,flip=0.0000
M4_mrf_mlp-aa99bf1092,sbm,M4_mrf_mlp,tuned_grid,mf,20,4,,0.05,,0,,0.662,0.662565,0.965775,0.469834,0.651,0.650999,0.985184,0.477074,0.057176,0.280639,0.353958,1,5,,,,,0.7,0.70269,0.65312,0.41388,0.5,2.64156,,,,,,0.036,,4225688,9f9bb01aee1b,flip=0.0260
M4_mrf_gcn-743e5a4cdc,sbm,M4_mrf_gcn,tuned_grid,mf,20,4,,0.1,,0,,0.972,0.971544,0.157639,0.060286,0.973,0.972876,0.151307,0.055991,0.076417,0.638114,0.701534,1,5,,,,,0.7,0.70269,0.65312,0.41388,0.5,2.64156,,,,,,0.0685,,4225688,9f9bb01aee1b,flip=0.0010
M4_mrf_mlp-bee61571eb,sbm,M4_mrf_mlp,tuned_grid,mf,20,4,,0.1,,0,,0.676,0.675991,0.907655,0.444149,0.678,0.678087,0.92544,0.449991,0.045302,0.298241,0.380463,1,6,,,,,0.7,0.70269,0.65312,0.41388,0.5,2.64156,,,,,,0.0457,,4225688,9f9bb01aee1b,flip=0.0540
M4_mrf_gcn-d90093d78d,sbm,M4_mrf_gcn,tuned_grid,mf,20,4,,0.25,,0,,0.974,0.973379,0.126633,0.050649,0.977,0.976848,0.12096,0.046633,0.054875,0.662543,0.703129,1,6,,,,,0.7,0.70269,0.65312,0.41388,0.5,2.64156,,,,,,0.0425,,4225688,9f9bb01aee1b,flip=0.0070
M4_mrf_mlp-98677b7258,sbm,M4_mrf_mlp,tuned_grid,mf,20,4,,0.25,,0,,0.744,0.744118,0.723641,0.358701,0.74,0.739213,0.735591,0.360634,0.03301,0.363429,0.454836,1,8,,,,,0.7,0.70269,0.65312,0.41388,0.5,2.64156,,,,,,0.1501,,4225688,9f9bb01aee1b,flip=0.1220
M4_mrf_gcn-f42d4d908b,sbm,M4_mrf_gcn,tuned_grid,mf,20,4,,0.5,,0,,0.976,0.975437,0.096946,0.04189,0.977,0.976835,0.093157,0.038886,0.029163,0.683765,0.704547,1,7,,,,,0.7,0.70269,0.65312,0.41388,0.5,2.64156,,,,,,0.0768,,4225688,9f9bb01aee1b,flip=0.0100
M4_mrf_mlp-e735e3f39c,sbm,M4_mrf_mlp,tuned_grid,mf,20,4,,0.5,,0,,0.844,0.843013,0.434137,0.218929,0.862,0.861376,0.429926,0.206565,0.042396,0.498915,0.582927,1,12,,,,,0.7,0.70269,0.65312,0.41388,0.5,2.64156,,,,,,0.0875,,4225688,9f9bb01aee1b,flip=0.2420
M4_mrf_gcn-ac677beb4c,sbm,M4_mrf_gcn,tuned_grid,mf,20,4,,1.0,,0,,0.978,0.977652,0.074002,0.035795,0.976,0.975863,0.076033,0.035615,0.007483,0.698515,0.705523,1,10,,,,,0.7,0.70269,0.65312,0.41388,0.5,2.64156,,,,,,0.1712,,4225688,9f9bb01aee1b,flip=0.0130
M4_mrf_mlp-1669fe5ad6,sbm,M4_mrf_mlp,tuned_grid,mf,20,4,,1.0,,0,,0.95,0.949746,0.148477,0.071535,0.96,0.959845,0.144059,0.065882,0.024836,0.650969,0.682475,1,18,,,,,0.7,0.70269,0.65312,0.41388,0.5,2.64156,,,,,,0.237,,4225688,9f9bb01aee1b,flip=0.3390
M4_mrf_gcn-192551526d,sbm,M4_mrf_gcn,tuned_grid,mf,20,4,,2.0,,0,,0.978,0.977775,0.069597,0.034537,0.975,0.974847,0.084509,0.039224,0.008467,0.704847,0.706764,1,27,,,,,0.7,0.70269,0.65312,0.41388,0.5,2.64156,,,,,,0.5093,,4225688,9f9bb01aee1b,flip=0.0160
M4_mrf_mlp-b96d7d44ed,sbm,M4_mrf_mlp,tuned_grid,mf,20,4,,2.0,,0,,0.978,0.97785,0.058362,0.028344,0.985,0.984965,0.054984,0.026774,0.006506,0.698414,0.702509,1,23,,,,,0.7,0.70269,0.65312,0.41388,0.5,2.64156,,,,,,0.2793,,4225688,9f9bb01aee1b,flip=0.3620
OF-2919680004,sbm,Oracle_F,oracle,closed_form,20,4,,,,,,0.76,,,,0.74,,,,,,,,,,,,,0.7,0.70269,0.65312,0.41388,0.5,2.64156,,,,,,,,4225688,9f9bb01aee1b,"feature-only Bayes rule, known generative parameters"
OG-0a82716209,sbm,Oracle_G,oracle,mf,20,4,,2.64156,,,,0.986,0.98541,0.040218,0.020008,0.991,0.990933,0.028443,0.013337,0.003928,0.70279,0.703927,1,11,,,,,0.7,0.70269,0.65312,0.41388,0.5,2.64156,,,,,,,,4225688,9f9bb01aee1b,true Gaussian unaries + generator-implied coupling
M0_mlp-435cd2351f,sbm,M0_mlp,train,none,1,5,0.0,,,,21,0.302,0.298164,1.835628,0.822449,0.313,0.308454,1.751645,0.799305,0.086164,0.157057,0.191798,,,,,,,0.7,0.70576,0.65671,0.41839,0.5,2.64156,0.01,0.0005,64,0.5,0.395,,results/logits/M0_mlp-435cd2351f.npz,4225688,9f9bb01aee1b,
M1_gcn-5b140f666b,sbm,M1_gcn,train,none,1,5,0.0,,,,113,0.944,0.944557,0.39814,0.170455,0.924,0.926144,0.433467,0.190742,0.206654,0.46628,0.676507,,,,,,,0.7,0.70576,0.65671,0.41839,0.5,2.64156,0.005,0.001,64,0.5,6.272,,results/logits/M1_gcn-5b140f666b.npz,4225688,9f9bb01aee1b,
LP-a382a2f1d2,sbm,LP,closed_form,label_prop,1,5,,,,,,0.166,0.063272,1.929971,0.851492,0.16,0.070961,2.013478,0.853703,0.201401,0.149435,0.960403,,,,,,,0.7,0.70576,0.65671,0.41839,0.5,2.64156,,,,,,,,4225688,9f9bb01aee1b,uses train labels as inference-time evidence
M2_lap-47bff5a4a9,sbm,M2_lap,train,none,1,5,0.001,,,,113,0.944,0.944557,0.398821,0.170813,0.924,0.926144,0.434176,0.19112,0.207045,0.465925,0.676507,,,,,,,0.7,0.70576,0.65671,0.41839,0.5,2.64156,0.005,0.001,64,0.5,7.423,,,4225688,9f9bb01aee1b,
M2_lap-4c2bbc6876,sbm,M2_lap,train,none,1,5,0.01,,,,71,0.942,0.942856,0.488314,0.211599,0.921,0.922636,0.518477,0.229743,0.263803,0.412014,0.671469,,,,,,,0.7,0.70576,0.65671,0.41839,0.5,2.64156,0.005,0.001,64,0.5,5.284,,,4225688,9f9bb01aee1b,
M2_lap-7a00507731,sbm,M2_lap,train,none,1,5,0.1,,,,66,0.936,0.936743,0.541327,0.238933,0.903,0.904806,0.570915,0.256758,0.276043,0.386551,0.664663,,,,,,,0.7,0.70576,0.65671,0.41839,0.5,2.64156,0.005,0.001,64,0.5,5.41,,,4225688,9f9bb01aee1b,
M2_lap-590ab13abe,sbm,M2_lap,train,none,1,5,0.5,,,,35,0.922,0.923822,0.990891,0.470539,0.905,0.906785,1.000766,0.475799,0.511258,0.222851,0.664045,,,,,,,0.7,0.70576,0.65671,0.41839,0.5,2.64156,0.005,0.001,64,0.5,3.989,,,4225688,9f9bb01aee1b,
M2_lap-438eea477d,sbm,M2_lap,train,none,1,5,1.0,,,,32,0.916,0.918685,1.079564,0.514815,0.896,0.897272,1.086449,0.518453,0.536125,0.205053,0.658211,,,,,,,0.7,0.70576,0.65671,0.41839,0.5,2.64156,0.005,0.001,64,0.5,3.729,,,4225688,9f9bb01aee1b,
M2_lap-0026c9a02b,sbm,M2_lap,train,none,1,5,5.0,,,,28,0.896,0.898087,1.252208,0.598645,0.882,0.884126,1.257674,0.601296,0.58274,0.1782,0.6484,,,,,,,0.7,0.70576,0.65671,0.41839,0.5,2.64156,0.005,0.001,64,0.5,3.448,,,4225688,9f9bb01aee1b,
M4_mrf_gcn-f973a28088,sbm,M4_mrf_gcn,tuned_grid,mf,1,5,,0.05,,0,,0.946,0.946533,0.362912,0.153662,0.929,0.930646,0.397663,0.173505,0.188099,0.49068,0.679777,1,5,,,,,0.7,0.70576,0.65671,0.41839,0.5,2.64156,,,,,,0.0826,,4225688,9f9bb01aee1b,flip=0.0050
M4_mrf_mlp-7da7906ca4,sbm,M4_mrf_mlp,tuned_grid,mf,1,5,,0.05,,0,,0.306,0.300255,1.818247,0.81633,0.321,0.316124,1.734027,0.793278,0.081712,0.160036,0.202492,1,5,,,,,0.7,0.70576,0.65671,0.41839,0.5,2.64156,,,,,,0.1103,,4225688,9f9bb01aee1b,flip=0.0190
M4_mrf_gcn-4f0b473020,sbm,M4_mrf_gcn,tuned_grid,mf,1,5,,0.1,,0,,0.948,0.948458,0.328938,0.137926,0.935,0.936223,0.362948,0.157185,0.170988,0.514852,0.682606,1,6,,,,,0.7,0.70576,0.65671,0.41839,0.5,2.64156,,,,,,0.0574,,4225688,9f9bb01aee1b,flip=0.0110
M4_mrf_mlp-6a183d5653,sbm,M4_mrf_mlp,tuned_grid,mf,1,5,,0.1,,0,,0.314,0.308018,1.799726,0.809555,0.331,0.325782,1.715318,0.786666,0.083875,0.163444,0.212922,1,6,,,,,0.7,0.70576,0.65671,0.41839,0.5,2.64156,,,,,,0.1122,,4225688,9f9bb01aee1b,flip=0.0420
M4_mrf_gcn-d431a548ed,sbm,M4_mrf_gcn,tuned_grid,mf,1,5,,0.25,,0,,0.958,0.958253,0.24071,0.099375,0.948,0.948738,0.271064,0.115777,0.121467,0.579684,0.692416,1,8,,,,,0.7,0.70576,0.65671,0.41839,0.5,2.64156,,,,,,0.1866,,4225688,9f9bb01aee1b,flip=0.0250
M4_mrf_mlp-098ddf3ec1,sbm,M4_mrf_mlp,tuned_grid,mf,1,5,,0.25,,0,,0.336,0.325852,1.732896,0.782461,0.377,0.367485,1.648204,0.760766,0.062701,0.178615,0.26012,1,10,,,,,0.7,0.70576,0.65671,0.41839,0.5,2.64156,,,,,,0.2519,,4225688,9f9bb01aee1b,flip=0.1270
M4_mrf_gcn-6c72d9ab72,sbm,M4_mrf_gcn,tuned_grid,mf,1,5,,0.5,,0,,0.962,0.962217,0.149192,0.063472,0.962,0.962424,0.172436,0.074758,0.064975,0.64709,0.702404,1,11,,,,,0.7,0.70576,0.65671,0.41839,0.5,2.64156,,,,,,0.1103,,4225688,9f9bb01aee1b,flip=0.0430
M4_mrf_mlp-a9ea3b4a95,sbm,M4_mrf_mlp,tuned_grid,mf,1,5,,0.5,,0,,0.318,0.283791,2.018348,0.900101,0.355,0.310849,1.925123,0.874366,0.252023,0.388426,0.641948,1,134,,,,,0.7,0.70576,0.65671,0.41839,0.5,2.64156,,,,,,1.8976,,4225688,9f9bb01aee1b,flip=0.5070
M4_mrf_gcn-98d66c54c8,sbm,M4_mrf_gcn,tuned_grid,mf,1,5,,1.0,,0,,0.972,0.9721,0.082534,0.039507,0.965,0.965291,0.103026,0.050439,0.012238,0.690844,0.70647,1,14,,,,,0.7,0.70576,0.65671,0.41839,0.5,2.64156,,,,,,0.1403,,4225688,9f9bb01aee1b,flip=0.0540
M4_mrf_mlp-5f2849c396,sbm,M4_mrf_mlp,tuned_grid,mf,1,5,,1.0,,0,,0.136,0.034326,6.679366,1.661007,0.164,0.045802,6.548302,1.609253,0.801251,0.967759,0.997879,1,27,,,,,0.7,0.70576,0.65671,0.41839,0.5,2.64156,,,,,,0.4245,,4225688,9f9bb01aee1b,flip=0.7680
M4_mrf_gcn-985bb80980,sbm,M4_mrf_gcn,tuned_grid,mf,1,5,,2.0,,0,,0.972,0.971827,0.06472,0.033288,0.967,0.967115,0.087151,0.047105,0.010016,0.704946,0.708061,1,21,,,,,0.7,0.70576,0.65671,0.41839,0.5,2.64156,,,,,,0.2369,,4225688,9f9bb01aee1b,flip=0.0570
M4_mrf_mlp-377dca9aae,sbm,M4_mrf_mlp,tuned_grid,mf,1,5,,2.0,,0,,0.136,0.034205,13.612738,1.721732,0.163,0.043768,13.464361,1.664187,0.830832,0.998101,0.999823,1,25,,,,,0.7,0.70576,0.65671,0.41839,0.5,2.64156,,,,,,0.3367,,4225688,9f9bb01aee1b,flip=0.7710
OF-fbe5103eb4,sbm,Oracle_F,oracle,closed_form,1,5,,,,,,0.734,,,,0.729,,,,,,,,,,,,,0.7,0.70576,0.65671,0.41839,0.5,2.64156,,,,,,,,4225688,9f9bb01aee1b,"feature-only Bayes rule, known generative parameters"
OG-7094ac11d7,sbm,Oracle_G,oracle,mf,1,5,,2.64156,,,,0.996,0.995891,0.014746,0.00864,0.984,0.98391,0.036504,0.021407,0.00424,0.705297,0.706205,1,11,,,,,0.7,0.70576,0.65671,0.41839,0.5,2.64156,,,,,,,,4225688,9f9bb01aee1b,true Gaussian unaries + generator-implied coupling
M0_mlp-3074c28434,sbm,M0_mlp,train,none,5,5,0.0,,,,26,0.46,0.454861,1.475155,0.694604,0.433,0.434611,1.585061,0.7236,0.081291,0.178408,0.229892,,,,,,,0.7,0.70576,0.65671,0.41839,0.5,2.64156,0.01,0.0005,64,0.5,0.407,,results/logits/M0_mlp-3074c28434.npz,4225688,9f9bb01aee1b,
M1_gcn-84c9fa5871,sbm,M1_gcn,train,none,5,5,0.0,,,,24,0.984,0.98429,1.010151,0.469997,0.968,0.968003,1.034525,0.481442,0.595459,0.205791,0.701432,,,,,,,0.7,0.70576,0.65671,0.41839,0.5,2.64156,0.005,0.001,64,0.5,2.709,,results/logits/M1_gcn-84c9fa5871.npz,4225688,9f9bb01aee1b,
LP-33abeb81fa,sbm,LP,closed_form,label_prop,5,5,,,,,,0.382,0.282736,1.823546,0.816812,0.346,0.271126,1.892104,0.821659,0.275037,0.151564,0.633905,,,,,,,0.7,0.70576,0.65671,0.41839,0.5,2.64156,,,,,,,,4225688,9f9bb01aee1b,uses train labels as inference-time evidence
M2_lap-03282c5f35,sbm,M2_lap,train,none,5,5,0.001,,,,24,0.984,0.98429,1.010166,0.470005,0.968,0.968003,1.034541,0.48145,0.595466,0.205787,0.701432,,,,,,,0.7,0.70576,0.65671,0.41839,0.5,2.64156,0.005,0.001,64,0.5,2.998,,,4225688,9f9bb01aee1b,
M2_lap-7a6cf30e50,sbm,M2_lap,train,none,5,5,0.01,,,,24,0.984,0.98429,1.010302,0.470079,0.968,0.968003,1.034682,0.481526,0.595524,0.205757,0.701432,,,,,,,0.7,0.70576,0.65671,0.41839,0.5,2.64156,0.005,0.001,64,0.5,3.327,,,4225688,9f9bb01aee1b,
M2_lap-f6a0a6c47c,sbm,M2_lap,train,none,5,5,0.1,,,,25,0.984,0.98429,0.968444,0.447975,0.969,0.969009,0.993886,0.460151,0.580296,0.214273,0.701785,,,,,,,0.7,0.70576,0.65671,0.41839,0.5,2.64156,0.005,0.001,64,0.5,3.301,,,4225688,9f9bb01aee1b,
M2_lap-b3fba4cccb,sbm,M2_lap,train,none,5,5,0.5,,,,24,0.982,0.982433,1.018423,0.474458,0.969,0.969009,1.042943,0.485943,0.599876,0.204033,0.701874,,,,,,,0.7,0.70576,0.65671,0.41839,0.5,2.64156,0.005,0.001,64,0.5,3.263,,,4225688,9f9bb01aee1b,
M2_lap-1a18ab1779,sbm,M2_lap,train,none,5,5,1.0,,,,24,0.982,0.982433,1.026516,0.478836,0.969,0.969009,1.051077,0.490304,0.603188,0.202326,0.701697,,,,,,,0.7,0.70576,0.65671,0.41839,0.5,2.64156,0.005,0.001,64,0.5,2.835,,,4225688,9f9bb01aee1b,
M2_lap-37a4b2fca5,sbm,M2_lap,train,none,5,5,5.0,,,,18,0.978,0.978164,1.311636,0.620653,0.964,0.964095,1.330031,0.62818,0.692013,0.16412,0.700371,,,,,,,0.7,0.70576,0.65671,0.41839,0.5,2.64156,0.005,0.001,64,0.5,3.503,,,4225688,9f9bb01aee1b,
M4_mrf_gcn-520046d1ff,sbm,M4_mrf_gcn,tuned_grid,mf,5,5,,0.05,,0,,0.98,0.980614,0.959214,0.442479,0.969,0.968982,0.985276,0.454909,0.575978,0.217917,0.702669,1,5,,,,,0.7,0.70576,0.65671,0.41839,0.5,2.64156,,,,,,0.0452,,4225688,9f9bb01aee1b,flip=0.0030
M4_mrf_mlp-ece7cb4b48,sbm,M4_mrf_mlp,tuned_grid,mf,5,5,,0.05,,0,,0.464,0.458555,1.435445,0.678317,0.439,0.440393,1.547479,0.709513,0.080786,0.18481,0.240852,1,5,,,,,0.7,0.70576,0.65671,0.41839,0.5,2.64156,,,,,,0.0533,,4225688,9f9bb01aee1b,flip=0.0080
M4_mrf_gcn-222d305a4a,sbm,M4_mrf_gcn,tuned_grid,mf,5,5,,0.1,,0,,0.978,0.978615,0.900697,0.410572,0.97,0.970005,0.928669,0.424184,0.552033,0.233988,0.702846,1,6,,,,,0.7,0.70576,0.65671,0.41839,0.5,2.64156,,,,,,0.0866,,4225688,9f9bb01aee1b,flip=0.0060
M4_mrf_mlp-d279a129dc,sbm,M4_mrf_mlp,tuned_grid,mf,5,5,,0.1,,0,,0.482,0.47616,1.392664,0.66027,0.45,0.451762,1.506905,0.693759,0.070663,0.192163,0.257027,1,6,,,,,0.7,0.70576,0.65671,0.41839,0.5,2.64156,,,,,,0.054,,4225688,9f9bb01aee1b,flip=0.0300
M4_mrf_gcn-0f140eea19,sbm,M4_mrf_gcn,tuned_grid,mf,5,5,,0.25,,0,,0.982,0.982175,0.671941,0.286221,0.97,0.969975,0.70824,0.305781,0.441296,0.31966,0.704083,1,11,,,,,0.7,0.70576,0.65671,0.41839,0.5,2.64156,,,,,,0.1464,,4225688,9f9bb01aee1b,flip=0.0090
M4_mrf_mlp-119d77db67,sbm,M4_mrf_mlp,tuned_grid,mf,5,5,,0.25,,0,,0.542,0.532833,1.236234,0.590479,0.523,0.523979,1.35753,0.631279,0.051158,0.223524,0.319074,1,10,,,,,0.7,0.70576,0.65671,0.41839,0.5,2.64156,,,,,,0.1972,,4225688,9f9bb01aee1b,flip=0.1110
M4_mrf_gcn-92cc931eb4,sbm,M4_mrf_gcn,tuned_grid,mf,5,5,,0.5,,0,,0.98,0.980535,0.298467,0.105552,0.974,0.973893,0.345111,0.131061,0.220232,0.533204,0.707265,1,14,,,,,0.7,0.70576,0.65671,0.41839,0.5,2.64156,,,,,,0.2129,,4225688,9f9bb01aee1b,flip=0.0160
M4_mrf_mlp-8bd56b5c8f,sbm,M4_mrf_mlp,tuned_grid,mf,5,5,,0.5,,0,,0.732,0.716081,0.810679,0.380337,0.679,0.675405,0.939962,0.433184,0.057401,0.355076,0.485416,1,24,,,,,0.7,0.70576,0.65671,0.41839,0.5,2.64156,,,,,,0.4282,,4225688,9f9bb01aee1b,flip=0.2910
M4_mrf_gcn-d383128539,sbm,M4_mrf_gcn,tuned_grid,mf,5,5,,1.0,,0,,0.982,0.982654,0.097935,0.034786,0.972,0.971903,0.137927,0.055789,0.060285,0.672697,0.708945,1,14,,,,,0.7,0.70576,0.65671,0.41839,0.5,2.64156,,,,,,0.2055,,4225688,9f9bb01aee1b,flip=0.0230
M4_mrf_mlp-bbfa401352,sbm,M4_mrf_mlp,tuned_grid,mf,5,5,,1.0,,0,,0.94,0.934291,0.215045,0.096028,0.906,0.905735,0.294907,0.133885,0.025959,0.624072,0.672706,1,107,,,,,0.7,0.70576,0.65671,0.41839,0.5,2.64156,,,,,,1.5622,,4225688,9f9bb01aee1b,flip=0.5020
M4_mrf_gcn-7a4ebe1c3f,sbm,M4_mrf_gcn,tuned_grid,mf,5,5,,2.0,,0,,0.982,0.982654,0.056603,0.024639,0.969,0.968849,0.092036,0.04722,0.005857,0.703638,0.709121,1,21,,,,,0.7,0.70576,0.65671,0.41839,0.5,2.64156,,,,,,0.2254,,4225688,9f9bb01aee1b,flip=0.0240
M4_mrf_mlp-62f43a5ed2,sbm,M4_mrf_mlp,tuned_grid,mf,5,5,,2.0,,0,,0.986,0.986571,0.052811,0.023955,0.963,0.96306,0.107508,0.054364,0.011019,0.697869,0.705586,1,37,,,,,0.7,0.70576,0.65671,0.41839,0.5,2.64156,,,,,,0.6935,,4225688,9f9bb01aee1b,flip=0.5550
OF-beace3a2f6,sbm,Oracle_F,oracle,closed_form,5,5,,,,,,0.758,,,,0.726,,,,,,,,,,,,,0.7,0.70576,0.65671,0.41839,0.5,2.64156,,,,,,,,4225688,9f9bb01aee1b,"feature-only Bayes rule, known generative parameters"
OG-08d15ca3d4,sbm,Oracle_G,oracle,mf,5,5,,2.64156,,,,0.994,0.994041,0.017775,0.008785,0.986,0.985813,0.033973,0.019657,0.001302,0.705297,0.706205,1,11,,,,,0.7,0.70576,0.65671,0.41839,0.5,2.64156,,,,,,,,4225688,9f9bb01aee1b,true Gaussian unaries + generator-implied coupling
M0_mlp-12da59ee6b,sbm,M0_mlp,train,none,20,5,0.0,,,,21,0.614,0.616212,1.133943,0.55324,0.598,0.597948,1.11213,0.540623,0.054783,0.213596,0.312091,,,,,,,0.7,0.70576,0.65671,0.41839,0.5,2.64156,0.01,0.0005,64,0.5,0.449,,results/logits/M0_mlp-12da59ee6b.npz,4225688,9f9bb01aee1b,
M1_gcn-23b717f1bd,sbm,M1_gcn,train,none,20,5,0.0,,,,83,0.966,0.964566,0.170557,0.070116,0.979,0.97888,0.120958,0.045746,0.065895,0.648773,0.704349,,,,,,,0.7,0.70576,0.65671,0.41839,0.5,2.64156,0.005,0.001,64,0.5,5.082,,results/logits/M1_gcn-23b717f1bd.npz,4225688,9f9bb01aee1b,
LP-06d7c2671c,sbm,LP,closed_form,label_prop,20,5,,,,,,0.796,0.793355,1.612119,0.721002,0.839,0.838002,1.547463,0.704502,0.601778,0.167483,0.626746,,,,,,,0.7,0.70576,0.65671,0.41839,0.5,2.64156,,,,,,,,4225688,9f9bb01aee1b,uses train labels as inference-time evidence
M2_lap-a470d3d290,sbm,M2_lap,train,none,20,5,0.001,,,,83,0.966,0.964566,0.170617,0.070134,0.979,0.97888,0.121016,0.045763,0.065943,0.648729,0.704349,,,,,,,0.7,0.70576,0.65671,0.41839,0.5,2.64156,0.005,0.001,64,0.5,5.812,,,4225688,9f9bb01aee1b,
M2_lap-766336daff,sbm,M2_lap,train,none,20,5,0.01,,,,83,0.966,0.964566,0.171136,0.070288,0.979,0.97888,0.121534,0.045918,0.066369,0.648336,0.704349,,,,,,,0.7,0.70576,0.65671,0.41839,0.5,2.64156,0.005,0.001,64,0.5,5.358,,,4225688,9f9bb01aee1b,
M2_lap-480faee871,sbm,M2_lap,train,none,20,5,0.1,,,,51,0.966,0.96462,0.259107,0.097152,0.981,0.980948,0.213705,0.073608,0.144521,0.574365,0.705056,,,,,,,0.7,0.70576,0.65671,0.41839,0.5,2.64156,0.005,0.001,64,0.5,3.706,,,4225688,9f9bb01aee1b,
M2_lap-e9e5592b89,sbm,M2_lap,train,none,20,5,0.5,,,,67,0.966,0.964641,0.22851,0.087829,0.978,0.97793,0.180781,0.063706,0.114066,0.601574,0.703818,,,,,,,0.7,0.70576,0.65671,0.41839,0.5,2.64156,0.005,0.001,64,0.5,4.938,,,4225688,9f9bb01aee1b,
M2_lap-8008e1b467,sbm,M2_lap,train,none,20,5,1.0,,,,50,0.96,0.958677,0.34152,0.129124,0.98,0.97995,0.296168,0.104937,0.205568,0.513102,0.703907,,,,,,,0.7,0.70576,0.65671,0.41839,0.5,2.64156,0.005,0.001,64,0.5,4.078,,,4225688,9f9bb01aee1b,
M2_lap-0f979529eb,sbm,M2_lap,train,none,20,5,5.0,,,,18,0.952,0.949569,1.22327,0.576209,0.974,0.973799,1.205355,0.568681,0.665694,0.173751,0.703642,,,,,,,0.7,0.70576,0.65671,0.41839,0.5,2.64156,0.005,0.001,64,0.5,2.832,,,4225688,9f9bb01aee1b,
M4_mrf_gcn-7c126503e8,sbm,M4_mrf_gcn,tuned_grid,mf,20,5,,0.05,,0,,0.966,0.964665,0.159382,0.066528,0.979,0.97888,0.111218,0.042755,0.057924,0.657182,0.704879,1,4,,,,,0.7,0.70576,0.65671,0.41839,0.5,2.64156,,,,,,0.0328,,4225688,9f9bb01aee1b,flip=0.0000
M4_mrf_mlp-4902d1269d,sbm,M4_mrf_mlp,tuned_grid,mf,20,5,,0.05,,0,,0.642,0.643896,1.082065,0.529319,0.624,0.624302,1.058447,0.516871,0.074363,0.225262,0.336928,1,5,,,,,0.7,0.70576,0.65671,0.41839,0.5,2.64156,,,,,,0.0704,,4225688,9f9bb01aee1b,flip=0.0280
M4_mrf_gcn-c658313569,sbm,M4_mrf_gcn,tuned_grid,mf,20,5,,0.1,,0,,0.966,0.964665,0.149579,0.063448,0.98,0.979913,0.102823,0.040226,0.052015,0.66428,0.705056,1,4,,,,,0.7,0.70576,0.65671,0.41839,0.5,2.64156,,,,,,0.053,,4225688,9f9bb01aee1b,flip=0.0010
M4_mrf_mlp-33e96bfd45,sbm,M4_mrf_mlp,tuned_grid,mf,20,5,,0.1,,0,,0.656,0.657447,1.025625,0.502623,0.649,0.649088,1.000112,0.490212,0.082387,0.239109,0.365211,1,6,,,,,0.7,0.70576,0.65671,0.41839,0.5,2.64156,,,,,,0.0432,,4225688,9f9bb01aee1b,flip=0.0550
M4_mrf_gcn-14976ff2ea,sbm,M4_mrf_gcn,tuned_grid,mf,20,5,,0.25,,0,,0.966,0.96431,0.12689,0.056501,0.982,0.981922,0.084022,0.034734,0.038214,0.679513,0.705586,1,5,,,,,0.7,0.70576,0.65671,0.41839,0.5,2.64156,,,,,,0.0921,,4225688,9f9bb01aee1b,flip=0.0040
M4_mrf_mlp-a24adebfd3,sbm,M4_mrf_mlp,tuned_grid,mf,20,5,,0.25,,0,,0.75,0.751496,0.82065,0.401082,0.737,0.736784,0.789341,0.38777,0.1166,0.301133,0.462701,1,10,,,,,0.7,0.70576,0.65671,0.41839,0.5,2.64156,,,,,,0.0582,,4225688,9f9bb01aee1b,flip=0.1500
M4_mrf_gcn-292662ddcc,sbm,M4_mrf_gcn,tuned_grid,mf,20,5,,0.5,,0,,0.968,0.966344,0.104054,0.049609,0.982,0.981871,0.066387,0.029939,0.022843,0.69276,0.706116,1,7,,,,,0.7,0.70576,0.65671,0.41839,0.5,2.64156,,,,,,0.0885,,4225688,9f9bb01aee1b,flip=0.0050
M4_mrf_mlp-5a2833e778,sbm,M4_mrf_mlp,tuned_grid,mf,20,5,,0.5,,0,,0.888,0.887844,0.419063,0.194227,0.89,0.88978,0.384173,0.177627,0.120975,0.485833,0.629928,1,15,,,,,0.7,0.70576,0.65671,0.41839,0.5,2.64156,,,,,,0.2585,,4225688,9f9bb01aee1b,flip=0.3040
M4_mrf_gcn-acc83f810f,sbm,M4_mrf_gcn,tuned_grid,mf,20,5,,1.0,,0,,0.972,0.97073,0.084238,0.043588,0.981,0.980795,0.053591,0.027369,0.008297,0.70231,0.707619,1,9,,,,,0.7,0.70576,0.65671,0.41839,0.5,2.64156,,,,,,0.0584,,4225688,9f9bb01aee1b,flip=0.0100
M4_mrf_mlp-8fb0ec40cb,sbm,M4_mrf_mlp,tuned_grid,mf,20,5,,1.0,,0,,0.978,0.977429,0.124215,0.053707,0.98,0.979976,0.10503,0.044527,0.051836,0.66508,0.700371,1,18,,,,,0.7,0.70576,0.65671,0.41839,0.5,2.64156,,,,,,0.2803,,4225688,9f9bb01aee1b,flip=0.3880
M4_mrf_gcn-360c5a7c74,sbm,M4_mrf_gcn,tuned_grid,mf,20,5,,2.0,,0,,0.976,0.975063,0.075968,0.0403,0.978,0.97771,0.054288,0.029821,0.004196,0.706897,0.708679,1,14,,,,,0.7,0.70576,0.65671,0.41839,0.5,2.64156,,,,,,0.134,,4225688,9f9bb01aee1b,flip=0.0160
M4_mrf_mlp-ce439bb872,sbm,M4_mrf_mlp,tuned_grid,mf,20,5,,2.0,,0,,0.982,0.981131,0.052748,0.02606,0.99,0.989834,0.042677,0.021285,0.015945,0.702057,0.706558,1,18,,,,,0.7,0.70576,0.65671,0.41839,0.5,2.64156,,,,,,0.2223,,4225688,9f9bb01aee1b,flip=0.4020
OF-d62302647e,sbm,Oracle_F,oracle,closed_form,20,5,,,,,,0.754,,,,0.746,,,,,,,,,,,,,0.7,0.70576,0.65671,0.41839,0.5,2.64156,,,,,,,,4225688,9f9bb01aee1b,"feature-only Bayes rule, known generative parameters"
OG-c326d94748,sbm,Oracle_G,oracle,mf,20,5,,2.64156,,,,0.988,0.98724,0.031618,0.018136,0.989,0.988837,0.029297,0.01629,0.000536,0.705297,0.706205,1,11,,,,,0.7,0.70576,0.65671,0.41839,0.5,2.64156,,,,,,,,4225688,9f9bb01aee1b,true Gaussian unaries + generator-implied coupling
M0_mlp-596cf17f64,sbm,M0_mlp,train,none,1,6,0.0,,,,104,0.326,0.321575,2.070576,0.902464,0.352,0.34745,1.989479,0.86962,0.250957,0.178215,0.198361,,,,,,,0.7,0.69924,0.64909,0.40928,0.5,2.64156,0.01,0.0005,64,0.5,0.951,,results/logits/M0_mlp-596cf17f64.npz,4225688,9f9bb01aee1b,
M1_gcn-d2a4dc9f57,sbm,M1_gcn,train,none,1,6,0.0,,,,98,0.954,0.955127,0.368629,0.145383,0.939,0.937469,0.384263,0.157231,0.204179,0.473114,0.678886,,,,,,,0.7,0.69924,0.64909,0.40928,0.5,2.64156,0.005,0.001,64,0.5,5.118,,results/logits/M1_gcn-d2a4dc9f57.npz,4225688,9f9bb01aee1b,
LP-fbfab7eade,sbm,LP,closed_form,label_prop,1,6,,,,,,0.136,0.059116,1.966125,0.864025,0.149,0.051147,1.945005,0.857707,0.204719,0.154118,0.976472,,,,,,,0.7,0.69924,0.64909,0.40928,0.5,2.64156,,,,,,,,4225688,9f9bb01aee1b,uses train labels as inference-time evidence
M2_lap-411a584336,sbm,M2_lap,train,none,1,6,0.001,,,,99,0.954,0.955127,0.367801,0.144998,0.939,0.937469,0.383349,0.156821,0.203543,0.473662,0.678886,,,,,,,0.7,0.69924,0.64909,0.40928,0.5,2.64156,0.005,0.001,64,0.5,5.404,,,4225688,9f9bb01aee1b,
M2_lap-baecbbb8a7,sbm,M2_lap,train,none,1,6,0.01,,,,101,0.954,0.955127,0.370475,0.146389,0.939,0.937469,0.38567,0.158055,0.204591,0.472582,0.678886,,,,,,,0.7,0.69924,0.64909,0.40928,0.5,2.64156,0.005,0.001,64,0.5,6.352,,,4225688,9f9bb01aee1b,
M2_lap-04615bec48,sbm,M2_lap,train,none,1,6,0.1,,,,42,0.932,0.932,0.772382,0.346483,0.922,0.921197,0.782362,0.352308,0.42627,0.279594,0.668752,,,,,,,0.7,0.69924,0.64909,0.40928,0.5,2.64156,0.005,0.001,64,0.5,3.392,,,4225688,9f9bb01aee1b,
M2_lap-2b294f58a6,sbm,M2_lap,train,none,1,6,0.5,,,,37,0.926,0.925825,0.90944,0.419551,0.914,0.913403,0.917246,0.423672,0.483107,0.238995,0.665315,,,,,,,0.7,0.69924,0.64909,0.40928,0.5,2.64156,0.005,0.001,64,0.5,3.392,,,4225688,9f9bb01aee1b,
M2_lap-5b8d9ad819,sbm,M2_lap,train,none,1,6,1.0,,,,37,0.924,0.923813,0.933445,0.432632,0.907,0.906245,0.940238,0.436197,0.485556,0.233795,0.661438,,,,,,,0.7,0.69924,0.64909,0.40928,0.5,2.64156,0.005,0.001,64,0.5,3.732,,,4225688,9f9bb01aee1b,
M2_lap-e4cc555100,sbm,M2_lap,train,none,1,6,5.0,,,,30,0.906,0.906334,1.197871,0.568605,0.888,0.887829,1.200698,0.569776,0.568344,0.184411,0.647515,,,,,,,0.7,0.69924,0.64909,0.40928,0.5,2.64156,0.005,0.001,64,0.5,2.914,,,4225688,9f9bb01aee1b,
M4_mrf_gcn-7f50592775,sbm,M4_mrf_gcn,tuned_grid,mf,1,6,,0.05,,0,,0.956,0.957264,0.333086,0.129513,0.945,0.943487,0.348961,0.141439,0.18638,0.497783,0.680737,1,5,,,,,0.7,0.69924,0.64909,0.40928,0.5,2.64156,,,,,,0.1398,,4225688,9f9bb01aee1b,flip=0.0060
M4_mrf_mlp-fde5775763,sbm,M4_mrf_mlp,tuned_grid,mf,1,6,,0.05,,0,,0.334,0.32923,2.044966,0.893824,0.356,0.351455,1.965214,0.861932,0.249781,0.184435,0.2092,1,5,,,,,0.7,0.69924,0.64909,0.40928,0.5,2.64156,,,,,,0.0458,,4225688,9f9bb01aee1b,flip=0.0180
M4_mrf_gcn-c853184c45,sbm,M4_mrf_gcn,tuned_grid,mf,1,6,,0.1,,0,,0.956,0.95712,0.299358,0.114912,0.948,0.94659,0.315479,0.126873,0.166472,0.521747,0.68338,1,5,,,,,0.7,0.69924,0.64909,0.40928,0.5,2.64156,,,,,,0.0926,,4225688,9f9bb01aee1b,flip=0.0090
M4_mrf_mlp-5b7e6323fb,sbm,M4_mrf_mlp,tuned_grid,mf,1,6,,0.1,,0,,0.332,0.326305,2.019455,0.884883,0.365,0.359969,1.940819,0.853895,0.244289,0.191265,0.219246,1,6,,,,,0.7,0.69924,0.64909,0.40928,0.5,2.64156,,,,,,0.0516,,4225688,9f9bb01aee1b,flip=0.0320
M4_mrf_gcn-91cb237411,sbm,M4_mrf_gcn,tuned_grid,mf,1,6,,0.25,,0,,0.962,0.962554,0.214361,0.080189,0.959,0.958353,0.2307,0.09172,0.117745,0.583877,0.691487,1,7,,,,,0.7,0.69924,0.64909,0.40928,0.5,2.64156,,,,,,0.1168,,4225688,9f9bb01aee1b,flip=0.0260
M4_mrf_mlp-80059a6b65,sbm,M4_mrf_mlp,tuned_grid,mf,1,6,,0.25,,0,,0.358,0.347801,1.942761,0.855286,0.392,0.385006,1.865985,0.826753,0.233599,0.216948,0.261544,1,9,,,,,0.7,0.69924,0.64909,0.40928,0.5,2.64156,,,,,,0.0897,,4225688,9f9bb01aee1b,flip=0.0890
M4_mrf_gcn-7e858116b4,sbm,M4_mrf_gcn,tuned_grid,mf,1,6,,0.5,,0,,0.97,0.970486,0.130324,0.049352,0.97,0.969784,0.145168,0.059063,0.065203,0.64565,0.696951,1,10,,,,,0.7,0.69924,0.64909,0.40928,0.5,2.64156,,,,,,0.1741,,4225688,9f9bb01aee1b,flip=0.0360
M4_mrf_mlp-9975c07226,sbm,M4_mrf_mlp,tuned_grid,mf,1,6,,0.5,,0,,0.43,0.409542,1.831581,0.792517,0.443,0.42969,1.751013,0.771202,0.235478,0.29033,0.352926,1,19,,,,,0.7,0.69924,0.64909,0.40928,0.5,2.64156,,,,,,0.2624,,4225688,9f9bb01aee1b,flip=0.1840
M4_mrf_gcn-e109abffc7,sbm,M4_mrf_gcn,tuned_grid,mf,1,6,,1.0,,0,,0.978,0.978107,0.07167,0.030972,0.977,0.97667,0.086349,0.038564,0.022875,0.685278,0.700916,1,12,,,,,0.7,0.69924,0.64909,0.40928,0.5,2.64156,,,,,,0.1759,,4225688,9f9bb01aee1b,flip=0.0480
M4_mrf_mlp-df282f5268,sbm,M4_mrf_mlp,tuned_grid,mf,1,6,,1.0,,0,,0.408,0.330342,3.744513,1.051185,0.4,0.315585,3.618959,1.063288,0.490865,0.668977,0.724974,1,81,,,,,0.7,0.69924,0.64909,0.40928,0.5,2.64156,,,,,,1.1855,,4225688,9f9bb01aee1b,flip=0.5780
M4_mrf_gcn-511e32e662,sbm,M4_mrf_gcn,tuned_grid,mf,1,6,,2.0,,0,,0.976,0.975944,0.055745,0.029063,0.976,0.975693,0.074864,0.035084,0.004544,0.698644,0.701886,1,20,,,,,0.7,0.69924,0.64909,0.40928,0.5,2.64156,,,,,,0.2256,,4225688,9f9bb01aee1b,flip=0.0470
M4_mrf_mlp-84a599310d,sbm,M4_mrf_mlp,tuned_grid,mf,1,6,,2.0,,0,,0.396,0.286132,8.047338,1.181543,0.39,0.281306,7.998931,1.19383,0.586831,0.79092,0.797321,1,77,,,,,0.7,0.69924,0.64909,0.40928,0.5,2.64156,,,,,,1.0879,,4225688,9f9bb01aee1b,flip=0.6550
OF-0cea47bc2c,sbm,Oracle_F,oracle,closed_form,1,6,,,,,,0.768,,,,0.723,,,,,,,,,,,,,0.7,0.69924,0.64909,0.40928,0.5,2.64156,,,,,,,,4225688,9f9bb01aee1b,"feature-only Bayes rule, known generative parameters"
OG-b62b2cc014,sbm,Oracle_G,oracle,mf,1,6,,2.64156,,,,0.996,0.995909,0.012568,0.005778,0.985,0.984845,0.042673,0.020168,0.004776,0.698127,0.699242,1,42,,,,,0.7,0.69924,0.64909,0.40928,0.5,2.64156,,,,,,,,4225688,9f9bb01aee1b,true Gaussian unaries + generator-implied coupling
M0_mlp-e08afdb49c,sbm,M0_mlp,train,none,5,6,0.0,,,,18,0.472,0.470836,1.417948,0.665855,0.49,0.488857,1.413846,0.661482,0.080502,0.167723,0.240483,,,,,,,0.7,0.69924,0.64909,0.40928,0.5,2.64156,0.01,0.0005,64,0.5,0.37,,results/logits/M0_mlp-e08afdb49c.npz,4225688,9f9bb01aee1b,
M1_gcn-d572ae6dc4,sbm,M1_gcn,train,none,5,6,0.0,,,,57,0.984,0.984026,0.260336,0.095271,0.978,0.978062,0.248417,0.087954,0.164769,0.547043,0.696687,,,,,,,0.7,0.69924,0.64909,0.40928,0.5,2.64156,0.005,0.001,64,0.5,4.219,,results/logits/M1_gcn-d572ae6dc4.npz,4225688,9f9bb01aee1b,
LP-623e7903e2,sbm,LP,closed_form,label_prop,5,6,,,,,,0.332,0.274782,1.853305,0.827503,0.39,0.3245,1.84211,0.822571,0.268497,0.151214,0.660469,,,,,,,0.7,0.69924,0.64909,0.40928,0.5,2.64156,,,,,,,,4225688,9f9bb01aee1b,uses train labels as inference-time evidence
M2_lap-ac3c8017a8,sbm,M2_lap,train,none,5,6,0.001,,,,57,0.984,0.984026,0.260426,0.095306,0.978,0.978062,0.248509,0.08799,0.164837,0.546978,0.696687,,,,,,,0.7,0.69924,0.64909,0.40928,0.5,2.64156,0.005,0.001,64,0.5,4.666,,,4225688,9f9bb01aee1b,
M2_lap-87029ec4e4,sbm,M2_lap,train,none,5,6,0.01,,,,57,0.984,0.984026,0.261228,0.095622,0.978,0.978062,0.249327,0.08831,0.165445,0.546399,0.696687,,,,,,,0.7,0.69924,0.64909,0.40928,0.5,2.64156,0.005,0.001,64,0.5,4.521,,,4225688,9f9bb01aee1b,
M2_lap-9866a994e9,sbm,M2_lap,train,none,5,6,0.1,,,,59,0.984,0.984026,0.258659,0.095041,0.978,0.978062,0.246509,0.087574,0.162881,0.548943,0.696687,,,,,,,0.7,0.69924,0.64909,0.40928,0.5,2.64156,0.005,0.001,64,0.5,4.656,,,4225688,9f9bb01aee1b,
M2_lap-494a5887b0,sbm,M2_lap,train,none,5,6,0.5,,,,45,0.98,0.979825,0.424023,0.163197,0.974,0.97409,0.415572,0.158306,0.281189,0.434385,0.695982,,,,,,,0.7,0.69924,0.64909,0.40928,0.5,2.64156,0.005,0.001,64,0.5,3.667,,,4225688,9f9bb01aee1b,
M2_lap-1689d32ccd,sbm,M2_lap,train,none,5,6,1.0,,,,38,0.978,0.977936,0.590193,0.244115,0.972,0.972137,0.58401,0.241454,0.385541,0.343325,0.695012,,,,,,,0.7,0.69924,0.64909,0.40928,0.5,2.64156,0.005,0.001,64,0.5,3.414,,,4225688,9f9bb01aee1b,
M2_lap-381aeea569,sbm,M2_lap,train,none,5,6,5.0,,,,25,0.948,0.949207,1.083356,0.509171,0.958,0.958517,1.082536,0.509479,0.606274,0.194669,0.68717,,,,,,,0.7,0.69924,0.64909,0.40928,0.5,2.64156,0.005,0.001,64,0.5,3.337,,,4225688,9f9bb01aee1b,
M4_mrf_gcn-0f6bf4e8ab,sbm,M4_mrf_gcn,tuned_grid,mf,5,6,,0.05,,0,,0.984,0.984026,0.23375,0.084982,0.98,0.980063,0.22182,0.077885,0.146623,0.568136,0.697392,1,4,,,,,0.7,0.69924,0.64909,0.40928,0.5,2.64156,,,,,,0.1401,,4225688,9f9bb01aee1b,flip=0.0020
M4_mrf_mlp-06fc625cb0,sbm,M4_mrf_mlp,tuned_grid,mf,5,6,,0.05,,0,,0.49,0.489103,1.381591,0.650287,0.502,0.500579,1.378106,0.646612,0.085529,0.172455,0.257843,1,5,,,,,0.7,0.69924,0.64909,0.40928,0.5,2.64156,,,,,,0.0361,,4225688,9f9bb01aee1b,flip=0.0170
M4_mrf_gcn-d2cab5f653,sbm,M4_mrf_gcn,tuned_grid,mf,5,6,,0.1,,0,,0.984,0.984026,0.209901,0.076042,0.981,0.981065,0.198092,0.06927,0.12937,0.587049,0.697832,1,5,,,,,0.7,0.69924,0.64909,0.40928,0.5,2.64156,,,,,,0.0484,,4225688,9f9bb01aee1b,flip=0.0030
M4_mrf_mlp-61195e0ee2,sbm,M4_mrf_mlp,tuned_grid,mf,5,6,,0.1,,0,,0.506,0.505458,1.341284,0.632532,0.524,0.522563,1.338315,0.629615,0.099786,0.178101,0.277934,1,6,,,,,0.7,0.69924,0.64909,0.40928,0.5,2.64156,,,,,,0.0577,,4225688,9f9bb01aee1b,flip=0.0440
M4_mrf_gcn-3b022e5402,sbm,M4_mrf_gcn,tuned_grid,mf,5,6,,0.25,,0,,0.984,0.984026,0.154569,0.056416,0.985,0.985097,0.143511,0.050712,0.090399,0.630046,0.698537,1,6,,,,,0.7,0.69924,0.64909,0.40928,0.5,2.64156,,,,,,0.072,,4225688,9f9bb01aee1b,flip=0.0090
M4_mrf_mlp-25c1db6440,sbm,M4_mrf_mlp,tuned_grid,mf,5,6,,0.25,,0,,0.598,0.593497,1.182412,0.558385,0.602,0.599892,1.180119,0.558191,0.145932,0.205437,0.354776,1,10,,,,,0.7,0.69924,0.64909,0.40928,0.5,2.64156,,,,,,0.1175,,4225688,9f9bb01aee1b,flip=0.1410
M4_mrf_gcn-7ba04b5409,sbm,M4_mrf_gcn,tuned_grid,mf,5,6,,0.5,,0,,0.984,0.984127,0.103318,0.040165,0.986,0.986063,0.092999,0.035117,0.050339,0.667292,0.699771,1,8,,,,,0.7,0.69924,0.64909,0.40928,0.5,2.64156,,,,,,0.0953,,4225688,9f9bb01aee1b,flip=0.0100
M4_mrf_mlp-0edcfae60d,sbm,M4_mrf_mlp,tuned_grid,mf,5,6,,0.5,,0,,0.816,0.810204,0.675337,0.306205,0.837,0.834509,0.670134,0.305447,0.206995,0.364611,0.573934,1,25,,,,,0.7,0.69924,0.64909,0.40928,0.5,2.64156,,,,,,0.3265,,4225688,9f9bb01aee1b,flip=0.3650
M4_mrf_gcn-506d2e7af1,sbm,M4_mrf_gcn,tuned_grid,mf,5,6,,1.0,,0,,0.978,0.978225,0.069308,0.032082,0.987,0.987013,0.056851,0.025496,0.019943,0.690919,0.701445,1,11,,,,,0.7,0.69924,0.64909,0.40928,0.5,2.64156,,,,,,0.2098,,4225688,9f9bb01aee1b,flip=0.0150
M4_mrf_mlp-4335984c4f,sbm,M4_mrf_mlp,tuned_grid,mf,5,6,,1.0,,0,,0.974,0.974056,0.145089,0.057253,0.972,0.972023,0.137216,0.05561,0.062181,0.643997,0.694484,1,20,,,,,0.7,0.69924,0.64909,0.40928,0.5,2.64156,,,,,,0.2486,,4225688,9f9bb01aee1b,flip=0.4890
M4_mrf_gcn-7095d98485,sbm,M4_mrf_gcn,tuned_grid,mf,5,6,,2.0,,0,,0.978,0.978225,0.069449,0.03599,0.984,0.98408,0.047424,0.02453,0.003922,0.6996,0.701886,1,15,,,,,0.7,0.69924,0.64909,0.40928,0.5,2.64156,,,,,,0.2348,,4225688,9f9bb01aee1b,flip=0.0190
M4_mrf_mlp-0bf4cb4457,sbm,M4_mrf_mlp,tuned_grid,mf,5,6,,2.0,,0,,0.978,0.978517,0.061384,0.032412,0.986,0.98592,0.051504,0.024416,0.013715,0.69467,0.701005,1,18,,,,,0.7,0.69924,0.64909,0.40928,0.5,2.64156,,,,,,0.3773,,4225688,9f9bb01aee1b,flip=0.5030
OF-49a39ddfbf,sbm,Oracle_F,oracle,closed_form,5,6,,,,,,0.736,,,,0.743,,,,,,,,,,,,,0.7,0.69924,0.64909,0.40928,0.5,2.64156,,,,,,,,4225688,9f9bb01aee1b,"feature-only Bayes rule, known generative parameters"
OG-e3e31f9df1,sbm,Oracle_G,oracle,mf,5,6,,2.64156,,,,0.978,0.978243,0.050341,0.026852,0.992,0.991958,0.018414,0.010204,0.000291,0.698127,0.699242,1,42,,,,,0.7,0.69924,0.64909,0.40928,0.5,2.64156,,,,,,,,4225688,9f9bb01aee1b,true Gaussian unaries + generator-implied coupling
M0_mlp-ae715f674b,sbm,M0_mlp,train,none,20,6,0.0,,,,15,0.602,0.598671,1.232358,0.581348,0.589,0.584144,1.245997,0.593759,0.180715,0.177171,0.311068,,,,,,,0.7,0.69924,0.64909,0.40928,0.5,2.64156,0.01,0.0005,64,0.5,0.436,,results/logits/M0_mlp-ae715f674b.npz,4225688,9f9bb01aee1b,
M1_gcn-7f816e0bd0,sbm,M1_gcn,train,none,20,6,0.0,,,,26,0.99,0.990004,0.800189,0.356091,0.965,0.96437,0.832188,0.373347,0.506785,0.250879,0.696158,,,,,,,0.7,0.69924,0.64909,0.40928,0.5,2.64156,0.005,0.001,64,0.5,2.698,,results/logits/M1_gcn-7f816e0bd0.npz,4225688,9f9bb01aee1b,
LP-d09bc705cc,sbm,LP,closed_form,label_prop,20,6,,,,,,0.818,0.816823,1.542159,0.714228,0.801,0.800171,1.554662,0.718916,0.568605,0.16592,0.600723,,,,,,,0.7,0.69924,0.64909,0.40928,0.5,2.64156,,,,,,,,4225688,9f9bb01aee1b,uses train labels as inference-time evidence
M2_lap-c652ef0a99,sbm,M2_lap,train,none,20,6,0.001,,,,26,0.99,0.990004,0.800205,0.3561,0.965,0.96437,0.832204,0.373356,0.506793,0.250873,0.696158,,,,,,,0.7,0.69924,0.64909,0.40928,0.5,2.64156,0.005,0.001,64,0.5,2.875,,,4225688,9f9bb01aee1b,
M2_lap-1bc3607f1d,sbm,M2_lap,train,none,20,6,0.01,,,,26,0.99,0.990004,0.800361,0.356185,0.965,0.96437,0.832358,0.373439,0.50687,0.250821,0.696158,,,,,,,0.7,0.69924,0.64909,0.40928,0.5,2.64156,0.005,0.001,64,0.5,3.252,,,4225688,9f9bb01aee1b,
M2_lap-43a0197a1b,sbm,M2_lap,train,none,20,6,0.1,,,,26,0.99,0.990004,0.801914,0.357038,0.966,0.965422,0.833891,0.374265,0.508639,0.250302,0.695982,,,,,,,0.7,0.69924,0.64909,0.40928,0.5,2.64156,0.005,0.001,64,0.5,3.242,,,4225688,9f9bb01aee1b,
M2_lap-90636ac153,sbm,M2_lap,train,none,20,6,0.5,,,,26,0.99,0.990004,0.809284,0.361083,0.966,0.965437,0.841115,0.37816,0.512234,0.247885,0.696246,,,,,,,0.7,0.69924,0.64909,0.40928,0.5,2.64156,0.005,0.001,64,0.5,3.201,,,4225688,9f9bb01aee1b,
M2_lap-6106f4d636,sbm,M2_lap,train,none,20,6,1.0,,,,26,0.988,0.987934,0.819137,0.366504,0.966,0.965494,0.8508,0.383397,0.516956,0.244776,0.695805,,,,,,,0.7,0.69924,0.64909,0.40928,0.5,2.64156,0.005,0.001,64,0.5,3.217,,,4225688,9f9bb01aee1b,
M2_lap-11912754d3,sbm,M2_lap,train,none,20,6,5.0,,,,26,0.986,0.985973,0.932147,0.428555,0.963,0.962424,0.961741,0.44354,0.563458,0.216017,0.694043,,,,,,,0.7,0.69924,0.64909,0.40928,0.5,2.64156,0.005,0.001,64,0.5,3.285,,,4225688,9f9bb01aee1b,
M4_mrf_gcn-3cfae87315,sbm,M4_mrf_gcn,tuned_grid,mf,20,6,,0.05,,0,,0.986,0.985982,0.744454,0.325367,0.966,0.965348,0.777373,0.343367,0.480638,0.270377,0.696863,1,5,,,,,0.7,0.69924,0.64909,0.40928,0.5,2.64156,,,,,,0.0521,,4225688,9f9bb01aee1b,flip=0.0020
M4_mrf_mlp-2b379b7742,sbm,M4_mrf_mlp,tuned_grid,mf,20,6,,0.05,,0,,0.616,0.612261,1.190276,0.562104,0.615,0.610008,1.203701,0.574394,0.198813,0.183623,0.338209,1,5,,,,,0.7,0.69924,0.64909,0.40928,0.5,2.64156,,,,,,0.0632,,4225688,9f9bb01aee1b,flip=0.0330
M4_mrf_gcn-d9a46d17c9,sbm,M4_mrf_gcn,tuned_grid,mf,20,6,,0.1,,0,,0.986,0.985982,0.68308,0.291905,0.967,0.966339,0.716732,0.310523,0.449983,0.294843,0.696951,1,6,,,,,0.7,0.69924,0.64909,0.40928,0.5,2.64156,,,,,,0.074,,4225688,9f9bb01aee1b,flip=0.0030
M4_mrf_mlp-00e9cb8457,sbm,M4_mrf_mlp,tuned_grid,mf,20,6,,0.1,,0,,0.636,0.632795,1.143128,0.540041,0.645,0.640297,1.156299,0.552053,0.218641,0.191581,0.361473,1,6,,,,,0.7,0.69924,0.64909,0.40928,0.5,2.64156,,,,,,0.0866,,4225688,9f9bb01aee1b,flip=0.0620
M4_mrf_gcn-5e50f79b59,sbm,M4_mrf_gcn,tuned_grid,mf,20,6,,0.25,,0,,0.986,0.985816,0.477814,0.185952,0.972,0.971411,0.511428,0.20485,0.335452,0.400732,0.698273,1,9,,,,,0.7,0.69924,0.64909,0.40928,0.5,2.64156,,,,,,0.1815,,4225688,9f9bb01aee1b,flip=0.0100
M4_mrf_mlp-262e080960,sbm,M4_mrf_mlp,tuned_grid,mf,20,6,,0.25,,0,,0.724,0.721595,0.955252,0.448146,0.741,0.737208,0.967303,0.457819,0.261719,0.23264,0.457349,1,10,,,,,0.7,0.69924,0.64909,0.40928,0.5,2.64156,,,,,,0.1868,,4225688,9f9bb01aee1b,flip=0.1600
M4_mrf_gcn-b6202c0ce1,sbm,M4_mrf_gcn,tuned_grid,mf,20,6,,0.5,,0,,0.992,0.992144,0.227464,0.07759,0.978,0.977521,0.258024,0.094106,0.168948,0.571667,0.700652,1,11,,,,,0.7,0.69924,0.64909,0.40928,0.5,2.64156,,,,,,0.2285,,4225688,9f9bb01aee1b,flip=0.0190
M4_mrf_mlp-f1e7b7e5ad,sbm,M4_mrf_mlp,tuned_grid,mf,20,6,,0.5,,0,,0.92,0.919592,0.44658,0.187616,0.923,0.921687,0.46336,0.196609,0.226405,0.434984,0.649013,1,20,,,,,0.7,0.69924,0.64909,0.40928,0.5,2.64156,,,,,,0.3657,,4225688,9f9bb01aee1b,flip=0.3450
M4_mrf_gcn-bd446b58ac,sbm,M4_mrf_gcn,tuned_grid,mf,20,6,,1.0,,0,,0.988,0.988227,0.086683,0.03225,0.98,0.979628,0.109277,0.042832,0.054731,0.67281,0.70171,1,17,,,,,0.7,0.69924,0.64909,0.40928,0.5,2.64156,,,,,,0.2015,,4225688,9f9bb01aee1b,flip=0.0220
M4_mrf_mlp-ae4e07e578,sbm,M4_mrf_mlp,tuned_grid,mf,20,6,,1.0,,0,,0.982,0.981544,0.102199,0.038222,0.987,0.986839,0.116055,0.04268,0.071689,0.656359,0.697832,1,19,,,,,0.7,0.69924,0.64909,0.40928,0.5,2.64156,,,,,,0.1941,,4225688,9f9bb01aee1b,flip=0.4030
M4_mrf_gcn-157c3ddb30,sbm,M4_mrf_gcn,tuned_grid,mf,20,6,,2.0,,0,,0.984,0.984315,0.055363,0.028084,0.977,0.976623,0.070037,0.034753,0.005498,0.697718,0.702326,1,27,,,,,0.7,0.69924,0.64909,0.40928,0.5,2.64156,,,,,,0.4783,,4225688,9f9bb01aee1b,flip=0.0250
M4_mrf_mlp-3d8db39a58,sbm,M4_mrf_mlp,tuned_grid,mf,20,6,,2.0,,0,,0.988,0.988027,0.038396,0.018152,0.988,0.988008,0.048753,0.022365,0.014291,0.69621,0.701357,1,24,,,,,0.7,0.69924,0.64909,0.40928,0.5,2.64156,,,,,,0.4927,,4225688,9f9bb01aee1b,flip=0.4110
OF-0d12d1c9e2,sbm,Oracle_F,oracle,closed_form,20,6,,,,,,0.754,,,,0.73,,,,,,,,,,,,,0.7,0.69924,0.64909,0.40928,0.5,2.64156,,,,,,,,4225688,9f9bb01aee1b,"feature-only Bayes rule, known generative parameters"
OG-64f0a21dd3,sbm,Oracle_G,oracle,mf,20,6,,2.64156,,,,0.994,0.994032,0.016747,0.008141,0.99,0.989749,0.028136,0.013466,0.001711,0.698127,0.699242,1,42,,,,,0.7,0.69924,0.64909,0.40928,0.5,2.64156,,,,,,,,4225688,9f9bb01aee1b,true Gaussian unaries + generator-implied coupling
M0_mlp-20f66202ee,sbm,M0_mlp,train,none,1,7,0.0,,,,157,0.286,0.284431,2.28359,0.972894,0.239,0.240767,2.299781,0.995395,0.342377,0.161015,0.16918,,,,,,,0.7,0.69571,0.64496,0.40433,0.5,2.64156,0.01,0.0005,64,0.5,1.161,,results/logits/M0_mlp-20f66202ee.npz,4225688,9f9bb01aee1b,
M1_gcn-138d6a4d62,sbm,M1_gcn,train,none,1,7,0.0,,,,140,0.81,0.790844,0.618495,0.292664,0.786,0.768314,0.64729,0.308436,0.097739,0.440782,0.632008,,,,,,,0.7,0.69571,0.64496,0.40433,0.5,2.64156,0.005,0.001,64,0.5,7.374,,results/logits/M1_gcn-138d6a4d62.npz,4225688,9f9bb01aee1b,
LP-c7a0a49806,sbm,LP,closed_form,label_prop,1,7,,,,,,0.168,0.069607,1.98398,0.853108,0.154,0.054881,1.951072,0.85811,0.208151,0.149344,0.974184,,,,,,,0.7,0.69571,0.64496,0.40433,0.5,2.64156,,,,,,,,4225688,9f9bb01aee1b,uses train labels as inference-time evidence
M2_lap-ef275bbb9c,sbm,M2_lap,train,none,1,7,0.001,,,,140,0.81,0.790844,0.619589,0.293233,0.786,0.768314,0.648369,0.309016,0.098195,0.440391,0.631831,,,,,,,0.7,0.69571,0.64496,0.40433,0.5,2.64156,0.005,0.001,64,0.5,8.009,,,4225688,9f9bb01aee1b,
M2_lap-1ced37dfc7,sbm,M2_lap,train,none,1,7,0.01,,,,142,0.81,0.790844,0.626291,0.296368,0.784,0.766243,0.655332,0.312208,0.099041,0.43792,0.631476,,,,,,,0.7,0.69571,0.64496,0.40433,0.5,2.64156,0.005,0.001,64,0.5,8.197,,,4225688,9f9bb01aee1b,
M2_lap-637150c7ec,sbm,M2_lap,train,none,1,7,0.1,,,,75,0.794,0.772326,0.734462,0.342472,0.765,0.745297,0.760466,0.357294,0.152718,0.380249,0.627307,,,,,,,0.7,0.69571,0.64496,0.40433,0.5,2.64156,0.005,0.001,64,0.5,5.701,,,4225688,9f9bb01aee1b,
M2_lap-8165ed8c67,sbm,M2_lap,train,none,1,7,0.5,,,,44,0.788,0.767833,1.009465,0.476789,0.759,0.746176,1.019788,0.483596,0.321769,0.251787,0.623048,,,,,,,0.7,0.69571,0.64496,0.40433,0.5,2.64156,0.005,0.001,64,0.5,4.212,,,4225688,9f9bb01aee1b,
M2_lap-86ce0ba789,sbm,M2_lap,train,none,1,7,1.0,,,,42,0.784,0.764894,1.064146,0.50436,0.757,0.745758,1.071728,0.509351,0.347604,0.234337,0.621097,,,,,,,0.7,0.69571,0.64496,0.40433,0.5,2.64156,0.005,0.001,64,0.5,4.31,,,4225688,9f9bb01aee1b,
M2_lap-8cc9ee5d94,sbm,M2_lap,train,none,1,7,5.0,,,,36,0.77,0.755221,1.275069,0.607368,0.739,0.73443,1.277046,0.608758,0.421416,0.186367,0.608055,,,,,,,0.7,0.69571,0.64496,0.40433,0.5,2.64156,0.005,0.001,64,0.5,3.74,,,4225688,9f9bb01aee1b,
M4_mrf_gcn-fea3554014,sbm,M4_mrf_gcn,tuned_grid,mf,1,7,,0.05,,0,,0.808,0.786696,0.595294,0.283275,0.788,0.769351,0.627493,0.300714,0.078339,0.462279,0.636356,1,5,,,,,0.7,0.69571,0.64496,0.40433,0.5,2.64156,,,,,,0.0788,,4225688,9f9bb01aee1b,flip=0.0080
M4_mrf_mlp-f6b6fa8a90,sbm,M4_mrf_mlp,tuned_grid,mf,1,7,,0.05,,0,,0.288,0.286104,2.269187,0.969029,0.242,0.24407,2.284955,0.992001,0.340207,0.165243,0.175834,1,4,,,,,0.7,0.69571,0.64496,0.40433,0.5,2.64156,,,,,,0.0375,,4225688,9f9bb01aee1b,flip=0.0100
M4_mrf_gcn-1fa4008036,sbm,M4_mrf_gcn,tuned_grid,mf,1,7,,0.1,,0,,0.812,0.787008,0.574954,0.275531,0.793,0.773313,0.61107,0.294716,0.062187,0.483549,0.641767,1,6,,,,,0.7,0.69571,0.64496,0.40433,0.5,2.64156,,,,,,0.0341,,4225688,9f9bb01aee1b,flip=0.0180
M4_mrf_mlp-5590444b91,sbm,M4_mrf_mlp,tuned_grid,mf,1,7,,0.1,,0,,0.292,0.290344,2.255633,0.965349,0.248,0.24987,2.271082,0.988811,0.335497,0.169767,0.182754,1,5,,,,,0.7,0.69571,0.64496,0.40433,0.5,2.64156,,,,,,0.0348,,4225688,9f9bb01aee1b,flip=0.0260
M4_mrf_gcn-89073cb933,sbm,M4_mrf_gcn,tuned_grid,mf,1,7,,0.25,,0,,0.83,0.801063,0.540431,0.264826,0.8,0.775879,0.591021,0.288774,0.027029,0.543578,0.663148,1,11,,,,,0.7,0.69571,0.64496,0.40433,0.5,2.64156,,,,,,0.1972,,4225688,9f9bb01aee1b,flip=0.0470
M4_mrf_mlp-7993d70524,sbm,M4_mrf_mlp,tuned_grid,mf,1,7,,0.25,,0,,0.296,0.294285,2.220549,0.955559,0.26,0.260866,2.235837,0.980538,0.331633,0.185917,0.212828,1,8,,,,,0.7,0.69571,0.64496,0.40433,0.5,2.64156,,,,,,0.0646,,4225688,9f9bb01aee1b,flip=0.0790
M4_mrf_gcn-84db902b3a,sbm,M4_mrf_gcn,tuned_grid,mf,1,7,,0.5,,0,,0.832,0.783657,0.604638,0.276627,0.815,0.778867,0.688132,0.310448,0.077294,0.626938,0.695706,1,22,,,,,0.7,0.69571,0.64496,0.40433,0.5,2.64156,,,,,,0.3167,,4225688,9f9bb01aee1b,flip=0.0890
M4_mrf_mlp-7aeac67df3,sbm,M4_mrf_mlp,tuned_grid,mf,1,7,,0.5,,0,,0.312,0.308966,2.201258,0.948022,0.289,0.287451,2.217903,0.974138,0.337725,0.231415,0.28176,1,20,,,,,0.7,0.69571,0.64496,0.40433,0.5,2.64156,,,,,,0.2908,,4225688,9f9bb01aee1b,flip=0.1870
M4_mrf_gcn-b61c27b13d,sbm,M4_mrf_gcn,tuned_grid,mf,1,7,,1.0,,0,,0.836,0.783493,0.914788,0.291107,0.818,0.778515,1.071802,0.325507,0.127495,0.691979,0.71061,1,19,,,,,0.7,0.69571,0.64496,0.40433,0.5,2.64156,,,,,,0.3201,,4225688,9f9bb01aee1b,flip=0.1160
M4_mrf_mlp-9085e8ea64,sbm,M4_mrf_mlp,tuned_grid,mf,1,7,,1.0,,0,,0.156,0.077934,6.047196,1.562413,0.142,0.069242,6.459552,1.620205,0.797992,0.909224,0.958215,1,46,,,,,0.7,0.69571,0.64496,0.40433,0.5,2.64156,,,,,,0.6308,,4225688,9f9bb01aee1b,flip=0.7520
M4_mrf_gcn-d00832783b,sbm,M4_mrf_gcn,tuned_grid,mf,1,7,,2.0,,0,,0.838,0.785054,1.654671,0.306132,0.828,0.785855,1.932857,0.328676,0.148585,0.710803,0.714957,1,43,,,,,0.7,0.69571,0.64496,0.40433,0.5,2.64156,,,,,,0.6461,,4225688,9f9bb01aee1b,flip=0.1340
M4_mrf_mlp-ce3a623b18,sbm,M4_mrf_mlp,tuned_grid,mf,1,7,,2.0,,0,,0.144,0.039163,12.791599,1.691758,0.125,0.031803,13.712308,1.736738,0.868147,0.993671,0.996895,1,67,,,,,0.7,0.69571,0.64496,0.40433,0.5,2.64156,,,,,,0.9576,,4225688,9f9bb01aee1b,flip=0.7950
OF-62c6fd8cdb,sbm,Oracle_F,oracle,closed_form,1,7,,,,,,0.684,,,,0.73,,,,,,,,,,,,,0.7,0.69571,0.64496,0.40433,0.5,2.64156,,,,,,,,4225688,9f9bb01aee1b,"feature-only Bayes rule, known generative parameters"
OG-9a750223ae,sbm,Oracle_G,oracle,mf,1,7,,2.64156,,,,0.986,0.985464,0.050277,0.019358,0.988,0.987873,0.031375,0.016327,0.003166,0.696061,0.696948,1,13,,,,,0.7,0.69571,0.64496,0.40433,0.5,2.64156,,,,,,,,4225688,9f9bb01aee1b,true Gaussian unaries + generator-implied coupling
M0_mlp-0fce91c35c,sbm,M0_mlp,train,none,5,7,0.0,,,,14,0.464,0.450343,1.496651,0.700193,0.443,0.438958,1.544853,0.717609,0.107954,0.156501,0.239798,,,,,,,0.7,0.69571,0.64496,0.40433,0.5,2.64156,0.01,0.0005,64,0.5,0.395,,results/logits/M0_mlp-0fce91c35c.npz,4225688,9f9bb01aee1b,
M1_gcn-dd00da22be,sbm,M1_gcn,train,none,5,7,0.0,,,,39,0.964,0.964633,0.585244,0.244225,0.964,0.964256,0.573666,0.236485,0.363949,0.352357,0.69127,,,,,,,0.7,0.69571,0.64496,0.40433,0.5,2.64156,0.005,0.001,64,0.5,3.295,,results/logits/M1_gcn-dd00da22be.npz,4225688,9f9bb01aee1b,
LP-1e6747ef1f,sbm,LP,closed_form,label_prop,5,7,,,,,,0.398,0.374346,1.836521,0.821653,0.42,0.397494,1.832755,0.820069,0.27614,0.147867,0.681423,,,,,,,0.7,0.69571,0.64496,0.40433,0.5,2.64156,,,,,,,,4225688,9f9bb01aee1b,uses train labels as inference-time evidence
M2_lap-97e6ebddc6,sbm,M2_lap,train,none,5,7,0.001,,,,39,0.964,0.964633,0.585297,0.244252,0.964,0.964256,0.573718,0.236511,0.363982,0.352329,0.69127,,,,,,,0.7,0.69571,0.64496,0.40433,0.5,2.64156,0.005,0.001,64,0.5,3.819,,,4225688,9f9bb01aee1b,
M2_lap-9f13b21ab1,sbm,M2_lap,train,none,5,7,0.01,,,,39,0.964,0.964633,0.585798,0.244507,0.964,0.964256,0.574218,0.236765,0.36429,0.352069,0.69127,,,,,,,0.7,0.69571,0.64496,0.40433,0.5,2.64156,0.005,0.001,64,0.5,3.748,,,4225688,9f9bb01aee1b,
M2_lap-2c8dc7503b,sbm,M2_lap,train,none,5,7,0.1,,,,39,0.964,0.964633,0.591093,0.247213,0.963,0.963265,0.579495,0.239457,0.366533,0.349344,0.691182,,,,,,,0.7,0.69571,0.64496,0.40433,0.5,2.64156,0.005,0.001,64,0.5,3.683,,,4225688,9f9bb01aee1b,
M2_lap-115478b8d7,sbm,M2_lap,train,none,5,7,0.5,,,,34,0.964,0.964644,0.745452,0.328096,0.964,0.964212,0.73602,0.321774,0.454588,0.283674,0.690738,,,,,,,0.7,0.69571,0.64496,0.40433,0.5,2.64156,0.005,0.001,64,0.5,3.953,,,4225688,9f9bb01aee1b,
M2_lap-cae582cce4,sbm,M2_lap,train,none,5,7,1.0,,,,32,0.96,0.960684,0.825714,0.371128,0.962,0.962218,0.817199,0.365419,0.493492,0.256129,0.68994,,,,,,,0.7,0.69571,0.64496,0.40433,0.5,2.64156,0.005,0.001,64,0.5,3.913,,,4225688,9f9bb01aee1b,
M2_lap-6e08fe57d3,sbm,M2_lap,train,none,5,7,5.0,,,,28,0.962,0.962558,1.065556,0.49953,0.957,0.957294,1.059783,0.495481,0.594869,0.196595,0.689496,,,,,,,0.7,0.69571,0.64496,0.40433,0.5,2.64156,0.005,0.001,64,0.5,3.894,,,4225688,9f9bb01aee1b,
M4_mrf_gcn-a55d3c1fa4,sbm,M4_mrf_gcn,tuned_grid,mf,5,7,,0.05,,0,,0.966,0.96644,0.535037,0.218486,0.964,0.964231,0.523246,0.210713,0.332553,0.380843,0.692335,1,5,,,,,0.7,0.69571,0.64496,0.40433,0.5,2.64156,,,,,,0.0706,,4225688,9f9bb01aee1b,flip=0.0020
M4_mrf_mlp-3a4e706284,sbm,M4_mrf_mlp,tuned_grid,mf,5,7,,0.05,,0,,0.484,0.468916,1.471673,0.68995,0.453,0.449535,1.518429,0.707233,0.114301,0.159156,0.256299,1,5,,,,,0.7,0.69571,0.64496,0.40433,0.5,2.64156,,,,,,0.0839,,4225688,9f9bb01aee1b,flip=0.0160
M4_mrf_gcn-23827d870d,sbm,M4_mrf_gcn,tuned_grid,mf,5,7,,0.1,,0,,0.968,0.968272,0.48387,0.19311,0.964,0.964222,0.472395,0.185723,0.299561,0.412069,0.692956,1,6,,,,,0.7,0.69571,0.64496,0.40433,0.5,2.64156,,,,,,0.0443,,4225688,9f9bb01aee1b,flip=0.0040
M4_mrf_mlp-467fafa2bf,sbm,M4_mrf_mlp,tuned_grid,mf,5,7,,0.1,,0,,0.496,0.47991,1.443729,0.678161,0.459,0.455547,1.489045,0.695377,0.118228,0.162298,0.268364,1,6,,,,,0.7,0.69571,0.64496,0.40433,0.5,2.64156,,,,,,0.088,,4225688,9f9bb01aee1b,flip=0.0310
M4_mrf_gcn-78aaeeb07a,sbm,M4_mrf_gcn,tuned_grid,mf,5,7,,0.25,,0,,0.974,0.973853,0.340987,0.127408,0.966,0.966232,0.333631,0.12365,0.205035,0.508737,0.694819,1,8,,,,,0.7,0.69571,0.64496,0.40433,0.5,2.64156,,,,,,0.1396,,4225688,9f9bb01aee1b,flip=0.0080
M4_mrf_mlp-584c96eaca,sbm,M4_mrf_mlp,tuned_grid,mf,5,7,,0.25,,0,,0.566,0.549722,1.331303,0.627503,0.525,0.518813,1.371822,0.644995,0.161402,0.177476,0.334102,1,10,,,,,0.7,0.69571,0.64496,0.40433,0.5,2.64156,,,,,,0.0738,,4225688,9f9bb01aee1b,flip=0.1120
M4_mrf_gcn-3f8239d616,sbm,M4_mrf_gcn,tuned_grid,mf,5,7,,0.5,,0,,0.98,0.980085,0.192255,0.068613,0.965,0.965212,0.195299,0.07206,0.097936,0.615649,0.698101,1,10,,,,,0.7,0.69571,0.64496,0.40433,0.5,2.64156,,,,,,0.0982,,4225688,9f9bb01aee1b,flip=0.0150
M4_mrf_mlp-95db546e39,sbm,M4_mrf_mlp,tuned_grid,mf,5,7,,0.5,,0,,0.732,0.693727,0.905118,0.410884,0.736,0.712406,0.921447,0.421504,0.204348,0.310271,0.555802,1,39,,,,,0.7,0.69571,0.64496,0.40433,0.5,2.64156,,,,,,0.7057,,4225688,9f9bb01aee1b,flip=0.3820
M4_mrf_gcn-0b16e61373,sbm,M4_mrf_gcn,tuned_grid,mf,5,7,,1.0,,0,,0.982,0.982231,0.097515,0.038402,0.965,0.965205,0.112798,0.047921,0.025268,0.678247,0.700231,1,11,,,,,0.7,0.69571,0.64496,0.40433,0.5,2.64156,,,,,,0.1054,,4225688,9f9bb01aee1b,flip=0.0210
M4_mrf_mlp-9b93ac7127,sbm,M4_mrf_mlp,tuned_grid,mf,5,7,,1.0,,0,,0.838,0.791691,1.027788,0.311586,0.833,0.789582,1.011029,0.316974,0.119785,0.65394,0.710078,1,19,,,,,0.7,0.69571,0.64496,0.40433,0.5,2.64156,,,,,,0.201,,4225688,9f9bb01aee1b,flip=0.5560
M4_mrf_gcn-70755a7357,sbm,M4_mrf_gcn,tuned_grid,mf,5,7,,2.0,,0,,0.982,0.982231,0.068878,0.030705,0.963,0.963165,0.102825,0.04834,0.011649,0.696598,0.701029,1,20,,,,,0.7,0.69571,0.64496,0.40433,0.5,2.64156,,,,,,0.5081,,4225688,9f9bb01aee1b,flip=0.0240
M4_mrf_mlp-e4da6817fc,sbm,M4_mrf_mlp,tuned_grid,mf,5,7,,2.0,,0,,0.838,0.79058,1.912498,0.307126,0.83,0.7869,1.884482,0.32231,0.136634,0.7066,0.713715,1,40,,,,,0.7,0.69571,0.64496,0.40433,0.5,2.64156,,,,,,0.7493,,4225688,9f9bb01aee1b,flip=0.5640
OF-ed3ae9e7c0,sbm,Oracle_F,oracle,closed_form,5,7,,,,,,0.716,,,,0.723,,,,,,,,,,,,,0.7,0.69571,0.64496,0.40433,0.5,2.64156,,,,,,,,4225688,9f9bb01aee1b,"feature-only Bayes rule, known generative parameters"
OG-206bc40f1a,sbm,Oracle_G,oracle,mf,5,7,,2.64156,,,,0.988,0.987888,0.031716,0.016051,0.986,0.98598,0.04685,0.020565,0.00292,0.696061,0.696948,1,13,,,,,0.7,0.69571,0.64496,0.40433,0.5,2.64156,,,,,,,,4225688,9f9bb01aee1b,true Gaussian unaries + generator-implied coupling
M0_mlp-eeb19b69c1,sbm,M0_mlp,train,none,20,7,0.0,,,,21,0.602,0.598341,1.136972,0.542559,0.597,0.59879,1.122623,0.537128,0.046962,0.217103,0.315028,,,,,,,0.7,0.69571,0.64496,0.40433,0.5,2.64156,0.01,0.0005,64,0.5,0.541,,results/logits/M0_mlp-eeb19b69c1.npz,4225688,9f9bb01aee1b,
M1_gcn-7d3fa7b46c,sbm,M1_gcn,train,none,20,7,0.0,,,,37,0.964,0.96518,0.501014,0.199707,0.972,0.971987,0.472642,0.184911,0.309985,0.40652,0.694287,,,,,,,0.7,0.69571,0.64496,0.40433,0.5,2.64156,0.005,0.001,64,0.5,4.107,,results/logits/M1_gcn-7d3fa7b46c.npz,4225688,9f9bb01aee1b,
LP-c80059c9b2,sbm,LP,closed_form,label_prop,20,7,,,,,,0.738,0.744709,1.554675,0.719113,0.758,0.756466,1.544122,0.714519,0.52209,0.167664,0.583393,,,,,,,0.7,0.69571,0.64496,0.40433,0.5,2.64156,,,,,,,,4225688,9f9bb01aee1b,uses train labels as inference-time evidence
M2_lap-be3486c240,sbm,M2_lap,train,none,20,7,0.001,,,,37,0.964,0.96518,0.501063,0.19973,0.972,0.971987,0.472692,0.184934,0.310018,0.406489,0.694287,,,,,,,0.7,0.69571,0.64496,0.40433,0.5,2.64156,0.005,0.001,64,0.5,4.02,,,4225688,9f9bb01aee1b,
M2_lap-485c4d9c62,sbm,M2_lap,train,none,20,7,0.01,,,,37,0.964,0.96518,0.501399,0.199886,0.972,0.971987,0.473053,0.185101,0.310265,0.406263,0.694287,,,,,,,0.7,0.69571,0.64496,0.40433,0.5,2.64156,0.005,0.001,64,0.5,3.837,,,4225688,9f9bb01aee1b,
M2_lap-76162699be,sbm,M2_lap,train,none,20,7,0.1,,,,56,0.966,0.966536,0.244454,0.091337,0.97,0.969723,0.223469,0.081227,0.126275,0.580604,0.694464,,,,,,,0.7,0.69571,0.64496,0.40433,0.5,2.64156,0.005,0.001,64,0.5,4.679,,,4225688,9f9bb01aee1b,
M2_lap-91dd11037d,sbm,M2_lap,train,none,20,7,0.5,,,,35,0.964,0.96518,0.577085,0.237366,0.973,0.972998,0.548079,0.221812,0.359033,0.364334,0.693932,,,,,,,0.7,0.69571,0.64496,0.40433,0.5,2.64156,0.005,0.001,64,0.5,3.489,,,4225688,9f9bb01aee1b,
M2_lap-6afe41b440,sbm,M2_lap,train,none,20,7,1.0,,,,40,0.968,0.969574,0.48453,0.190968,0.973,0.972946,0.460456,0.178537,0.304035,0.41255,0.694553,,,,,,,0.7,0.69571,0.64496,0.40433,0.5,2.64156,0.005,0.001,64,0.5,3.855,,,4225688,9f9bb01aee1b,
M2_lap-2ad6ebf8be,sbm,M2_lap,train,none,20,7,5.0,,,,25,0.966,0.966494,1.043976,0.486588,0.968,0.967898,1.018831,0.473047,0.591203,0.202452,0.691803,,,,,,,0.7,0.69571,0.64496,0.40433,0.5,2.64156,0.005,0.001,64,0.5,3.103,,,4225688,9f9bb01aee1b,
M4_mrf_gcn-2edc0fb9c8,sbm,M4_mrf_gcn,tuned_grid,mf,20,7,,0.05,,0,,0.964,0.96518,0.45558,0.178,0.972,0.971987,0.42764,0.16377,0.279798,0.436492,0.694287,1,5,,,,,0.7,0.69571,0.64496,0.40433,0.5,2.64156,,,,,,0.0595,,4225688,9f9bb01aee1b,flip=0.0000
M4_mrf_mlp-fdb8bd0617,sbm,M4_mrf_mlp,tuned_grid,mf,20,7,,0.05,,0,,0.614,0.609565,1.082101,0.517907,0.612,0.613675,1.069424,0.513547,0.067946,0.229091,0.334634,1,5,,,,,0.7,0.69571,0.64496,0.40433,0.5,2.64156,,,,,,0.0686,,4225688,9f9bb01aee1b,flip=0.0180
M4_mrf_gcn-dc210d935c,sbm,M4_mrf_gcn,tuned_grid,mf,20,7,,0.1,,0,,0.964,0.96518,0.411354,0.157759,0.972,0.971987,0.384215,0.144274,0.249735,0.467126,0.694464,1,6,,,,,0.7,0.69571,0.64496,0.40433,0.5,2.64156,,,,,,0.0463,,4225688,9f9bb01aee1b,flip=0.0000
M4_mrf_mlp-3f4d497f6f,sbm,M4_mrf_mlp,tuned_grid,mf,20,7,,0.1,,0,,0.63,0.626233,1.023186,0.490682,0.64,0.640955,1.012183,0.487464,0.072651,0.243219,0.355571,1,6,,,,,0.7,0.69571,0.64496,0.40433,0.5,2.64156,,,,,,0.066,,4225688,9f9bb01aee1b,flip=0.0500
M4_mrf_gcn-e362fa498d,sbm,M4_mrf_gcn,tuned_grid,mf,20,7,,0.25,,0,,0.968,0.969119,0.296934,0.109648,0.972,0.971886,0.274015,0.099127,0.169432,0.550715,0.696061,1,8,,,,,0.7,0.69571,0.64496,0.40433,0.5,2.64156,,,,,,0.1088,,4225688,9f9bb01aee1b,flip=0.0080
M4_mrf_mlp-b9451936f7,sbm,M4_mrf_mlp,tuned_grid,mf,20,7,,0.25,,0,,0.73,0.72485,0.816877,0.390155,0.731,0.731639,0.811401,0.391422,0.103067,0.304274,0.45307,1,9,,,,,0.7,0.69571,0.64496,0.40433,0.5,2.64156,,,,,,0.1111,,4225688,9f9bb01aee1b,flip=0.1490
M4_mrf_gcn-7d3dbffc5f,sbm,M4_mrf_gcn,tuned_grid,mf,20,7,,0.5,,0,,0.978,0.978668,0.183494,0.068245,0.971,0.970924,0.168478,0.06217,0.085951,0.633173,0.698368,1,10,,,,,0.7,0.69571,0.64496,0.40433,0.5,2.64156,,,,,,0.1054,,4225688,9f9bb01aee1b,flip=0.0160
M4_mrf_mlp-1700094909,sbm,M4_mrf_mlp,tuned_grid,mf,20,7,,0.5,,0,,0.884,0.884138,0.428365,0.194442,0.871,0.87123,0.433034,0.202632,0.099712,0.474418,0.608676,1,15,,,,,0.7,0.69571,0.64496,0.40433,0.5,2.64156,,,,,,0.1922,,4225688,9f9bb01aee1b,flip=0.2900
M4_mrf_gcn-543485a143,sbm,M4_mrf_gcn,tuned_grid,mf,20,7,,1.0,,0,,0.972,0.972971,0.106791,0.044857,0.972,0.972004,0.100677,0.042484,0.026681,0.681875,0.700231,1,10,,,,,0.7,0.69571,0.64496,0.40433,0.5,2.64156,,,,,,0.1749,,4225688,9f9bb01aee1b,flip=0.0230
M4_mrf_mlp-85b4e712ef,sbm,M4_mrf_mlp,tuned_grid,mf,20,7,,1.0,,0,,0.972,0.972131,0.124661,0.051175,0.964,0.963893,0.137749,0.062915,0.040796,0.651592,0.687278,1,18,,,,,0.7,0.69571,0.64496,0.40433,0.5,2.64156,,,,,,0.1635,,4225688,9f9bb01aee1b,flip=0.3730
M4_mrf_gcn-657e1330ef,sbm,M4_mrf_gcn,tuned_grid,mf,20,7,,2.0,,0,,0.972,0.972971,0.084731,0.041625,0.971,0.971004,0.08821,0.041605,0.010304,0.697113,0.70094,1,32,,,,,0.7,0.69571,0.64496,0.40433,0.5,2.64156,,,,,,0.667,,4225688,9f9bb01aee1b,flip=0.0240
M4_mrf_mlp-5f75c622b5,sbm,M4_mrf_mlp,tuned_grid,mf,20,7,,2.0,,0,,0.984,0.984133,0.050206,0.024148,0.981,0.981131,0.066128,0.032438,0.009165,0.692688,0.696948,1,25,,,,,0.7,0.69571,0.64496,0.40433,0.5,2.64156,,,,,,0.3897,,4225688,9f9bb01aee1b,flip=0.3940
OF-0c42d72f05,sbm,Oracle_F,oracle,closed_form,20,7,,,,,,0.726,,,,0.708,,,,,,,,,,,,,0.7,0.69571,0.64496,0.40433,0.5,2.64156,,,,,,,,4225688,9f9bb01aee1b,"feature-only Bayes rule, known generative parameters"
OG-cad3012e13,sbm,Oracle_G,oracle,mf,20,7,,2.64156,,,,0.99,0.990123,0.030341,0.015123,0.981,0.980943,0.046241,0.021629,0.004592,0.696061,0.696948,1,13,,,,,0.7,0.69571,0.64496,0.40433,0.5,2.64156,,,,,,,,4225688,9f9bb01aee1b,true Gaussian unaries + generator-implied coupling
M0_mlp-0a8369f966,sbm,M0_mlp,train,none,1,8,0.0,,,,46,0.334,0.327252,1.912624,0.853457,0.321,0.315012,1.905324,0.859592,0.209805,0.164226,0.190744,,,,,,,0.7,0.69454,0.6436,0.40301,0.5,2.64156,0.01,0.0005,64,0.5,0.477,,results/logits/M0_mlp-0a8369f966.npz,4225688,9f9bb01aee1b,
M1_gcn-63d95729ba,sbm,M1_gcn,train,none,1,8,0.0,,,,33,0.908,0.904567,1.010527,0.467156,0.905,0.904482,1.015104,0.470264,0.513291,0.217714,0.654159,,,,,,,0.7,0.69454,0.6436,0.40301,0.5,2.64156,0.005,0.001,64,0.5,3.019,,results/logits/M1_gcn-63d95729ba.npz,4225688,9f9bb01aee1b,
LP-ab8219818d,sbm,LP,closed_form,label_prop,1,8,,,,,,0.168,0.058484,1.978933,0.864589,0.155,0.053785,2.073986,0.874973,0.231191,0.167133,0.977218,,,,,,,0.7,0.69454,0.6436,0.40301,0.5,2.64156,,,,,,,,4225688,9f9bb01aee1b,uses train labels as inference-time evidence
M2_lap-4f60c1bc72,sbm,M2_lap,train,none,1,8,0.001,,,,33,0.908,0.904567,1.010558,0.467173,0.905,0.904482,1.015133,0.470279,0.513303,0.217707,0.654159,,,,,,,0.7,0.69454,0.6436,0.40301,0.5,2.64156,0.005,0.001,64,0.5,3.648,,,4225688,9f9bb01aee1b,
M2_lap-d52d735517,sbm,M2_lap,train,none,1,8,0.01,,,,33,0.908,0.904567,1.010822,0.467313,0.905,0.904482,1.015383,0.470412,0.51341,0.217647,0.654159,,,,,,,0.7,0.69454,0.6436,0.40301,0.5,2.64156,0.005,0.001,64,0.5,3.428,,,4225688,9f9bb01aee1b,
M2_lap-fee95945f1,sbm,M2_lap,train,none,1,8,0.1,,,,31,0.906,0.902206,1.067944,0.496951,0.898,0.897815,1.074554,0.501048,0.530702,0.205029,0.651657,,,,,,,0.7,0.69454,0.6436,0.40301,0.5,2.64156,0.005,0.001,64,0.5,3.759,,,4225688,9f9bb01aee1b,
M2_lap-737766e26c,sbm,M2_lap,train,none,1,8,0.5,,,,30,0.904,0.899685,1.105049,0.516105,0.9,0.899734,1.111994,0.520345,0.547394,0.197842,0.650317,,,,,,,0.7,0.69454,0.6436,0.40301,0.5,2.64156,0.005,0.001,64,0.5,3.103,,,4225688,9f9bb01aee1b,
M2_lap-6dc9740f12,sbm,M2_lap,train,none,1,8,1.0,,,,29,0.902,0.897396,1.142885,0.535386,0.9,0.899832,1.150207,0.539756,0.561688,0.191272,0.648798,,,,,,,0.7,0.69454,0.6436,0.40301,0.5,2.64156,0.005,0.001,64,0.5,2.909,,,4225688,9f9bb01aee1b,
M2_lap-d068d6a664,sbm,M2_lap,train,none,1,8,5.0,,,,27,0.892,0.887123,1.262628,0.594924,0.882,0.882043,1.267679,0.598012,0.584487,0.174367,0.640758,,,,,,,0.7,0.69454,0.6436,0.40301,0.5,2.64156,0.005,0.001,64,0.5,2.739,,,4225688,9f9bb01aee1b,
M4_mrf_gcn-77f3d02f6a,sbm,M4_mrf_gcn,tuned_grid,mf,1,8,,0.05,,0,,0.908,0.904648,0.963578,0.441948,0.906,0.905335,0.969446,0.44566,0.49394,0.230751,0.656571,1,5,,,,,0.7,0.69454,0.6436,0.40301,0.5,2.64156,,,,,,0.0579,,4225688,9f9bb01aee1b,flip=0.0080
M4_mrf_mlp-f185e33c91,sbm,M4_mrf_mlp,tuned_grid,mf,1,8,,0.05,,0,,0.338,0.331093,1.891379,0.846371,0.328,0.321772,1.880401,0.851168,0.205078,0.168747,0.197713,1,5,,,,,0.7,0.69454,0.6436,0.40301,0.5,2.64156,,,,,,0.0422,,4225688,9f9bb01aee1b,flip=0.0120
M4_mrf_gcn-9b5707aa5c,sbm,M4_mrf_gcn,tuned_grid,mf,1,8,,0.1,,0,,0.91,0.906444,0.910847,0.413638,0.91,0.909306,0.918079,0.417945,0.473773,0.247436,0.657554,1,6,,,,,0.7,0.69454,0.6436,0.40301,0.5,2.64156,,,,,,0.0398,,4225688,9f9bb01aee1b,flip=0.0120
M4_mrf_mlp-3b143728dd,sbm,M4_mrf_mlp,tuned_grid,mf,1,8,,0.1,,0,,0.342,0.334636,1.869461,0.838805,0.334,0.326792,1.854824,0.842207,0.202193,0.173705,0.207272,1,6,,,,,0.7,0.69454,0.6436,0.40301,0.5,2.64156,,,,,,0.0402,,4225688,9f9bb01aee1b,flip=0.0300
M4_mrf_gcn-2b19ec3268,sbm,M4_mrf_gcn,tuned_grid,mf,1,8,,0.25,,0,,0.924,0.920644,0.718888,0.313409,0.923,0.922075,0.729238,0.318553,0.387504,0.326651,0.669883,1,11,,,,,0.7,0.69454,0.6436,0.40301,0.5,2.64156,,,,,,0.1413,,4225688,9f9bb01aee1b,flip=0.0400
M4_mrf_mlp-45ed62600e,sbm,M4_mrf_mlp,tuned_grid,mf,1,8,,0.25,,0,,0.37,0.360092,1.796179,0.811391,0.358,0.348678,1.77037,0.810159,0.192562,0.192486,0.239257,1,9,,,,,0.7,0.69454,0.6436,0.40301,0.5,2.64156,,,,,,0.1055,,4225688,9f9bb01aee1b,flip=0.0760
M4_mrf_gcn-e1b5b542e2,sbm,M4_mrf_gcn,tuned_grid,mf,1,8,,0.5,,0,,0.95,0.948185,0.379025,0.150184,0.952,0.95162,0.385984,0.153748,0.212283,0.507389,0.688555,1,26,,,,,0.7,0.69454,0.6436,0.40301,0.5,2.64156,,,,,,0.2819,,4225688,9f9bb01aee1b,flip=0.0610
M4_mrf_mlp-19fd95740e,sbm,M4_mrf_mlp,tuned_grid,mf,1,8,,0.5,,0,,0.452,0.426545,1.612642,0.72967,0.455,0.432109,1.561884,0.714256,0.154707,0.257645,0.334941,1,23,,,,,0.7,0.69454,0.6436,0.40301,0.5,2.64156,,,,,,0.2495,,4225688,9f9bb01aee1b,flip=0.2130
M4_mrf_gcn-e33a7ca778,sbm,M4_mrf_gcn,tuned_grid,mf,1,8,,1.0,,0,,0.972,0.971031,0.134438,0.05348,0.972,0.971578,0.137345,0.054488,0.059332,0.658408,0.697936,1,20,,,,,0.7,0.69454,0.6436,0.40301,0.5,2.64156,,,,,,0.174,,4225688,9f9bb01aee1b,flip=0.0820
M4_mrf_mlp-d1a0b6e6f3,sbm,M4_mrf_mlp,tuned_grid,mf,1,8,,1.0,,0,,0.724,0.689445,1.297878,0.444435,0.755,0.70697,1.115846,0.401377,0.109231,0.577123,0.645671,1,129,,,,,0.7,0.69454,0.6436,0.40301,0.5,2.64156,,,,,,1.9342,,4225688,9f9bb01aee1b,flip=0.5750
M4_mrf_gcn-da039efc8d,sbm,M4_mrf_gcn,tuned_grid,mf,1,8,,2.0,,0,,0.976,0.975646,0.073841,0.036967,0.973,0.972804,0.079739,0.039434,0.003171,0.692898,0.69874,1,36,,,,,0.7,0.69454,0.6436,0.40301,0.5,2.64156,,,,,,0.5252,,4225688,9f9bb01aee1b,flip=0.0860
M4_mrf_mlp-008213e53a,sbm,M4_mrf_mlp,tuned_grid,mf,1,8,,2.0,,0,,0.81,0.767868,2.030088,0.340583,0.831,0.776413,1.722071,0.314978,0.134969,0.69972,0.708479,1,54,,,,,0.7,0.69454,0.6436,0.40301,0.5,2.64156,,,,,,0.7383,,4225688,9f9bb01aee1b,flip=0.6560
OF-ad776924f2,sbm,Oracle_F,oracle,closed_form,1,8,,,,,,0.728,,,,0.715,,,,,,,,,,,,,0.7,0.69454,0.6436,0.40301,0.5,2.64156,,,,,,,,4225688,9f9bb01aee1b,"feature-only Bayes rule, known generative parameters"
OG-3936df748b,sbm,Oracle_G,oracle,mf,1,8,,2.64156,,,,0.994,0.993811,0.01866,0.009953,0.99,0.99014,0.030888,0.014317,0.002004,0.694788,0.695703,1,18,,,,,0.7,0.69454,0.6436,0.40301,0.5,2.64156,,,,,,,,4225688,9f9bb01aee1b,true Gaussian unaries + generator-implied coupling
M0_mlp-f3b11a35d2,sbm,M0_mlp,train,none,5,8,0.0,,,,39,0.452,0.450637,1.80358,0.770198,0.414,0.409819,1.84777,0.797384,0.230799,0.188555,0.209953,,,,,,,0.7,0.69454,0.6436,0.40301,0.5,2.64156,0.01,0.0005,64,0.5,0.423,,results/logits/M0_mlp-f3b11a35d2.npz,4225688,9f9bb01aee1b,
M1_gcn-d2a693cd3d,sbm,M1_gcn,train,none,5,8,0.0,,,,46,0.976,0.976703,0.41478,0.159536,0.964,0.964097,0.433329,0.170521,0.270044,0.43855,0.688913,,,,,,,0.7,0.69454,0.6436,0.40301,0.5,2.64156,0.005,0.001,64,0.5,3.166,,results/logits/M1_gcn-d2a693cd3d.npz,4225688,9f9bb01aee1b,
LP-1c9d582198,sbm,LP,closed_form,label_prop,5,8,,,,,,0.294,0.292136,1.834825,0.82165,0.298,0.296579,1.851699,0.81776,0.215607,0.149368,0.720272,,,,,,,0.7,0.69454,0.6436,0.40301,0.5,2.64156,,,,,,,,4225688,9f9bb01aee1b,uses train labels as inference-time evidence
M2_lap-2f23d5b758,sbm,M2_lap,train,none,5,8,0.001,,,,46,0.976,0.976703,0.414861,0.159574,0.964,0.964097,0.433405,0.170556,0.270095,0.438502,0.688913,,,,,,,0.7,0.69454,0.6436,0.40301,0.5,2.64156,0.005,0.001,64,0.5,3.454,,,4225688,9f9bb01aee1b,
M2_lap-e49a65a210,sbm,M2_lap,train,none,5,8,0.01,,,,46,0.976,0.976703,0.415596,0.15992,0.964,0.964097,0.434103,0.170877,0.270557,0.438067,0.688913,,,,,,,0.7,0.69454,0.6436,0.40301,0.5,2.64156,0.005,0.001,64,0.5,3.843,,,4225688,9f9bb01aee1b,
M2_lap-732245247b,sbm,M2_lap,train,none,5,8,0.1,,,,46,0.976,0.976703,0.423101,0.163458,0.964,0.964097,0.441174,0.174143,0.27525,0.433649,0.688645,,,,,,,0.7,0.69454,0.6436,0.40301,0.5,2.64156,0.005,0.001,64,0.5,3.675,,,4225688,9f9bb01aee1b,
M2_lap-15e5b384e3,sbm,M2_lap,train,none,5,8,0.5,,,,45,0.974,0.974772,0.474728,0.188077,0.962,0.962057,0.489992,0.196917,0.305328,0.404092,0.688377,,,,,,,0.7,0.69454,0.6436,0.40301,0.5,2.64156,0.005,0.001,64,0.5,3.441,,,4225688,9f9bb01aee1b,
M2_lap-93e97b2401,sbm,M2_lap,train,none,5,8,1.0,,,,56,0.972,0.972531,0.437878,0.17363,0.953,0.952941,0.453295,0.182296,0.26793,0.43036,0.685518,,,,,,,0.7,0.69454,0.6436,0.40301,0.5,2.64156,0.005,0.001,64,0.5,3.904,,,4225688,9f9bb01aee1b,
M2_lap-644a28b11c,sbm,M2_lap,train,none,5,8,5.0,,,,27,0.972,0.972772,1.086024,0.509155,0.96,0.959981,1.086011,0.507881,0.606671,0.19216,0.687841,,,,,,,0.7,0.69454,0.6436,0.40301,0.5,2.64156,0.005,0.001,64,0.5,3.249,,,4225688,9f9bb01aee1b,
M4_mrf_gcn-20d0381525,sbm,M4_mrf_gcn,tuned_grid,mf,5,8,,0.05,,0,,0.974,0.974678,0.373079,0.140432,0.967,0.967019,0.393418,0.152517,0.245915,0.466928,0.689985,1,5,,,,,0.7,0.69454,0.6436,0.40301,0.5,2.64156,,,,,,0.0856,,4225688,9f9bb01aee1b,flip=0.0030
M4_mrf_mlp-20d6f04e88,sbm,M4_mrf_mlp,tuned_grid,mf,5,8,,0.05,,0,,0.464,0.462686,1.762743,0.75662,0.421,0.416507,1.807678,0.783988,0.226601,0.19568,0.21987,1,4,,,,,0.7,0.69454,0.6436,0.40301,0.5,2.64156,,,,,,0.0297,,4225688,9f9bb01aee1b,flip=0.0100
M4_mrf_gcn-498f39c184,sbm,M4_mrf_gcn,tuned_grid,mf,5,8,,0.1,,0,,0.974,0.974678,0.333593,0.123155,0.97,0.970107,0.35543,0.136047,0.222434,0.494947,0.692576,1,5,,,,,0.7,0.69454,0.6436,0.40301,0.5,2.64156,,,,,,0.034,,4225688,9f9bb01aee1b,flip=0.0080
M4_mrf_mlp-e02ef21f32,sbm,M4_mrf_mlp,tuned_grid,mf,5,8,,0.1,,0,,0.472,0.470502,1.720347,0.742078,0.431,0.42557,1.766096,0.769757,0.220048,0.20345,0.235772,1,5,,,,,0.7,0.69454,0.6436,0.40301,0.5,2.64156,,,,,,0.0452,,4225688,9f9bb01aee1b,flip=0.0310
M4_mrf_gcn-68023cb3a3,sbm,M4_mrf_gcn,tuned_grid,mf,5,8,,0.25,,0,,0.974,0.974678,0.236009,0.084295,0.971,0.971128,0.260006,0.097541,0.153966,0.56783,0.694095,1,7,,,,,0.7,0.69454,0.6436,0.40301,0.5,2.64156,,,,,,0.1178,,4225688,9f9bb01aee1b,flip=0.0130
M4_mrf_mlp-d64eec5fec,sbm,M4_mrf_mlp,tuned_grid,mf,5,8,,0.25,,0,,0.514,0.510722,1.579975,0.690511,0.476,0.470415,1.628172,0.719994,0.189891,0.232106,0.279103,1,8,,,,,0.7,0.69454,0.6436,0.40301,0.5,2.64156,,,,,,0.0805,,4225688,9f9bb01aee1b,flip=0.0960
M4_mrf_gcn-20138db1b6,sbm,M4_mrf_gcn,tuned_grid,mf,5,8,,0.5,,0,,0.982,0.982457,0.144551,0.053522,0.974,0.974072,0.165668,0.063555,0.083507,0.638048,0.696685,1,9,,,,,0.7,0.69454,0.6436,0.40301,0.5,2.64156,,,,,,0.0922,,4225688,9f9bb01aee1b,flip=0.0200
M4_mrf_mlp-30210b6b29,sbm,M4_mrf_mlp,tuned_grid,mf,5,8,,0.5,,0,,0.598,0.594121,1.280639,0.569345,0.576,0.567768,1.322264,0.597065,0.139226,0.311612,0.37452,1,18,,,,,0.7,0.69454,0.6436,0.40301,0.5,2.64156,,,,,,0.232,,4225688,9f9bb01aee1b,flip=0.2110
M4_mrf_gcn-4bd3179aa7,sbm,M4_mrf_gcn,tuned_grid,mf,5,8,,1.0,,0,,0.978,0.978636,0.087186,0.038134,0.978,0.97808,0.100282,0.043726,0.028921,0.681255,0.698115,1,15,,,,,0.7,0.69454,0.6436,0.40301,0.5,2.64156,,,,,,0.2149,,4225688,9f9bb01aee1b,flip=0.0250
M4_mrf_mlp-2281ab8bfa,sbm,M4_mrf_mlp,tuned_grid,mf,5,8,,1.0,,0,,0.808,0.808022,0.584374,0.279374,0.797,0.793816,0.584786,0.279196,0.063578,0.538674,0.579737,1,63,,,,,0.7,0.69454,0.6436,0.40301,0.5,2.64156,,,,,,0.7757,,4225688,9f9bb01aee1b,flip=0.4220
M4_mrf_gcn-7cb407f49d,sbm,M4_mrf_gcn,tuned_grid,mf,5,8,,2.0,,0,,0.976,0.976522,0.078623,0.036151,0.975,0.975026,0.087515,0.041944,0.003803,0.695378,0.69874,1,32,,,,,0.7,0.69454,0.6436,0.40301,0.5,2.64156,,,,,,0.4416,,4225688,9f9bb01aee1b,flip=0.0280
M4_mrf_mlp-ac2aae21e0,sbm,M4_mrf_mlp,tuned_grid,mf,5,8,,2.0,,0,,0.962,0.962222,0.132912,0.059753,0.959,0.959138,0.12982,0.061728,0.006149,0.678734,0.68793,1,31,,,,,0.7,0.69454,0.6436,0.40301,0.5,2.64156,,,,,,0.4521,,4225688,9f9bb01aee1b,flip=0.5600
OF-ca6fc2eb8c,sbm,Oracle_F,oracle,closed_form,5,8,,,,,,0.74,,,,0.734,,,,,,,,,,,,,0.7,0.69454,0.6436,0.40301,0.5,2.64156,,,,,,,,4225688,9f9bb01aee1b,"feature-only Bayes rule, known generative parameters"
OG-7a8c267565,sbm,Oracle_G,oracle,mf,5,8,,2.64156,,,,0.988,0.988346,0.024153,0.014833,0.988,0.987937,0.034192,0.017849,0.002699,0.694788,0.695703,1,18,,,,,0.7,0.69454,0.6436,0.40301,0.5,2.64156,,,,,,,,4225688,9f9bb01aee1b,true Gaussian unaries + generator-implied coupling
M0_mlp-0a3548e4fd,sbm,M0_mlp,train,none,20,8,0.0,,,,18,0.618,0.617933,1.156405,0.552441,0.614,0.614398,1.157345,0.549006,0.134287,0.192322,0.316984,,,,,,,0.7,0.69454,0.6436,0.40301,0.5,2.64156,0.01,0.0005,64,0.5,0.32,,results/logits/M0_mlp-0a3548e4fd.npz,4225688,9f9bb01aee1b,
M1_gcn-024eb8a9a9,sbm,M1_gcn,train,none,20,8,0.0,,,,29,0.962,0.962197,0.70671,0.303923,0.973,0.972987,0.695084,0.298494,0.448058,0.296557,0.693201,,,,,,,0.7,0.69454,0.6436,0.40301,0.5,2.64156,0.005,0.001,64,0.5,2.713,,results/logits/M1_gcn-024eb8a9a9.npz,4225688,9f9bb01aee1b,
LP-7e86509530,sbm,LP,closed_form,label_prop,20,8,,,,,,0.798,0.795159,1.551419,0.717319,0.794,0.792916,1.574959,0.717091,0.560491,0.166604,0.604128,,,,,,,0.7,0.69454,0.6436,0.40301,0.5,2.64156,,,,,,,,4225688,9f9bb01aee1b,uses train labels as inference-time evidence
M2_lap-4f6949bda6,sbm,M2_lap,train,none,20,8,0.001,,,,29,0.962,0.962197,0.706733,0.303935,0.973,0.972987,0.695108,0.298507,0.448071,0.296547,0.693201,,,,,,,0.7,0.69454,0.6436,0.40301,0.5,2.64156,0.005,0.001,64,0.5,3.081,,,4225688,9f9bb01aee1b,
M2_lap-8c595fe2a8,sbm,M2_lap,train,none,20,8,0.01,,,,29,0.962,0.962197,0.706954,0.304052,0.973,0.972987,0.69534,0.29863,0.448197,0.296453,0.693201,,,,,,,0.7,0.69454,0.6436,0.40301,0.5,2.64156,0.005,0.001,64,0.5,3.238,,,4225688,9f9bb01aee1b,
M2_lap-de32806d7a,sbm,M2_lap,train,none,20,8,0.1,,,,29,0.962,0.962197,0.709163,0.305215,0.973,0.972987,0.69766,0.299866,0.449453,0.295508,0.69338,,,,,,,0.7,0.69454,0.6436,0.40301,0.5,2.64156,0.005,0.001,64,0.5,3.072,,,4225688,9f9bb01aee1b,
M2_lap-f793f25e53,sbm,M2_lap,train,none,20,8,0.5,,,,28,0.962,0.962197,0.757408,0.330966,0.973,0.972987,0.747191,0.326573,0.475412,0.276821,0.69338,,,,,,,0.7,0.69454,0.6436,0.40301,0.5,2.64156,0.005,0.001,64,0.5,2.936,,,4225688,9f9bb01aee1b,
M2_lap-96b12110af,sbm,M2_lap,train,none,20,8,1.0,,,,28,0.962,0.962197,0.770786,0.338135,0.973,0.972987,0.761082,0.334071,0.482548,0.271778,0.69329,,,,,,,0.7,0.69454,0.6436,0.40301,0.5,2.64156,0.005,0.001,64,0.5,2.827,,,4225688,9f9bb01aee1b,
M2_lap-cc4ba5d6e4,sbm,M2_lap,train,none,20,8,5.0,,,,20,0.962,0.961812,1.152232,0.541344,0.974,0.973971,1.150067,0.541772,0.64748,0.181399,0.692308,,,,,,,0.7,0.69454,0.6436,0.40301,0.5,2.64156,0.005,0.001,64,0.5,2.85,,,4225688,9f9bb01aee1b,
M4_mrf_gcn-ea316576d9,sbm,M4_mrf_gcn,tuned_grid,mf,20,8,,0.05,,0,,0.962,0.962197,0.652844,0.275207,0.975,0.975042,0.640985,0.269444,0.419937,0.321901,0.693737,1,5,,,,,0.7,0.69454,0.6436,0.40301,0.5,2.64156,,,,,,0.0855,,4225688,9f9bb01aee1b,flip=0.0020
M4_mrf_mlp-a19e698e86,sbm,M4_mrf_mlp,tuned_grid,mf,20,8,,0.05,,0,,0.632,0.631541,1.107338,0.529728,0.632,0.63218,1.109832,0.527341,0.143163,0.201618,0.338604,1,5,,,,,0.7,0.69454,0.6436,0.40301,0.5,2.64156,,,,,,0.0539,,4225688,9f9bb01aee1b,flip=0.0200
M4_mrf_gcn-c17c2e5473,sbm,M4_mrf_gcn,tuned_grid,mf,20,8,,0.1,,0,,0.96,0.960332,0.595958,0.245714,0.976,0.976044,0.583921,0.239587,0.387544,0.351582,0.694363,1,6,,,,,0.7,0.69454,0.6436,0.40301,0.5,2.64156,,,,,,0.0507,,4225688,9f9bb01aee1b,flip=0.0050
M4_mrf_mlp-8b6c245507,sbm,M4_mrf_mlp,tuned_grid,mf,20,8,,0.1,,0,,0.656,0.656396,1.052842,0.503767,0.652,0.65196,1.057283,0.50281,0.15185,0.212955,0.367015,1,6,,,,,0.7,0.69454,0.6436,0.40301,0.5,2.64156,,,,,,0.066,,4225688,9f9bb01aee1b,flip=0.0430
M4_mrf_gcn-2eb5777703,sbm,M4_mrf_gcn,tuned_grid,mf,20,8,,0.25,,0,,0.966,0.966503,0.425876,0.164282,0.974,0.973953,0.413577,0.156904,0.276481,0.456792,0.695792,1,8,,,,,0.7,0.69454,0.6436,0.40301,0.5,2.64156,,,,,,0.0429,,4225688,9f9bb01aee1b,flip=0.0110
M4_mrf_mlp-499b9b2b47,sbm,M4_mrf_mlp,tuned_grid,mf,20,8,,0.25,,0,,0.75,0.750811,0.845626,0.399486,0.74,0.740103,0.858609,0.406111,0.186936,0.267386,0.461181,1,9,,,,,0.7,0.69454,0.6436,0.40301,0.5,2.64156,,,,,,0.1529,,4225688,9f9bb01aee1b,flip=0.1330
M4_mrf_gcn-d5cc220766,sbm,M4_mrf_gcn,tuned_grid,mf,20,8,,0.5,,0,,0.97,0.970344,0.240368,0.09071,0.979,0.978792,0.225678,0.079978,0.144887,0.5914,0.69749,1,9,,,,,0.7,0.69454,0.6436,0.40301,0.5,2.64156,,,,,,0.1004,,4225688,9f9bb01aee1b,flip=0.0210
M4_mrf_mlp-b7142e79ae,sbm,M4_mrf_mlp,tuned_grid,mf,20,8,,0.5,,0,,0.934,0.934283,0.405704,0.171075,0.914,0.914378,0.425978,0.185117,0.185302,0.456886,0.64174,1,17,,,,,0.7,0.69454,0.6436,0.40301,0.5,2.64156,,,,,,0.2134,,4225688,9f9bb01aee1b,flip=0.3070
M4_mrf_gcn-de9f82a247,sbm,M4_mrf_gcn,tuned_grid,mf,20,8,,1.0,,0,,0.968,0.968604,0.126554,0.055873,0.977,0.976758,0.108054,0.042412,0.044347,0.672407,0.698294,1,13,,,,,0.7,0.69454,0.6436,0.40301,0.5,2.64156,,,,,,0.2051,,4225688,9f9bb01aee1b,flip=0.0240
M4_mrf_mlp-93a7ff4c4d,sbm,M4_mrf_mlp,tuned_grid,mf,20,8,,1.0,,0,,0.976,0.976993,0.113608,0.045477,0.972,0.971851,0.117711,0.045694,0.05108,0.654018,0.692576,1,15,,,,,0.7,0.69454,0.6436,0.40301,0.5,2.64156,,,,,,0.1353,,4225688,9f9bb01aee1b,flip=0.3750
M4_mrf_gcn-42b6eb4aa7,sbm,M4_mrf_gcn,tuned_grid,mf,20,8,,2.0,,0,,0.966,0.96673,0.092763,0.048239,0.977,0.976846,0.082376,0.03832,0.005187,0.694466,0.69883,1,66,,,,,0.7,0.69454,0.6436,0.40301,0.5,2.64156,,,,,,0.7924,,4225688,9f9bb01aee1b,flip=0.0270
M4_mrf_mlp-cd029e930b,sbm,M4_mrf_mlp,tuned_grid,mf,20,8,,2.0,,0,,0.98,0.980497,0.053591,0.027017,0.981,0.980885,0.054193,0.024741,0.005079,0.692582,0.697579,1,36,,,,,0.7,0.69454,0.6436,0.40301,0.5,2.64156,,,,,,0.34,,4225688,9f9bb01aee1b,flip=0.3860
OF-b29963678e,sbm,Oracle_F,oracle,closed_form,20,8,,,,,,0.758,,,,0.738,,,,,,,,,,,,,0.7,0.69454,0.6436,0.40301,0.5,2.64156,,,,,,,,4225688,9f9bb01aee1b,"feature-only Bayes rule, known generative parameters"
OG-ababf10fb6,sbm,Oracle_G,oracle,mf,20,8,,2.64156,,,,0.986,0.986356,0.032248,0.01883,0.988,0.987807,0.02983,0.016159,0.0021,0.694788,0.695703,1,18,,,,,0.7,0.69454,0.6436,0.40301,0.5,2.64156,,,,,,,,4225688,9f9bb01aee1b,true Gaussian unaries + generator-implied coupling
M0_mlp-c6411f40c9,sbm,M0_mlp,train,none,1,9,0.0,,,,30,0.27,0.264788,2.107485,0.913714,0.267,0.249563,2.200222,0.927358,0.215669,0.157405,0.190591,,,,,,,0.7,0.69952,0.64942,0.40959,0.5,2.64156,0.01,0.0005,64,0.5,0.362,,results/logits/M0_mlp-c6411f40c9.npz,4225688,9f9bb01aee1b,
M1_gcn-db5bc82b32,sbm,M1_gcn,train,none,1,9,0.0,,,,117,0.932,0.930872,0.434671,0.184255,0.93,0.929801,0.41742,0.175905,0.213863,0.464752,0.669702,,,,,,,0.7,0.69952,0.64942,0.40959,0.5,2.64156,0.005,0.001,64,0.5,5.455,,results/logits/M1_gcn-db5bc82b32.npz,4225688,9f9bb01aee1b,
LP-05e8c81eb6,sbm,LP,closed_form,label_prop,1,9,,,,,,0.138,0.045039,1.973732,0.869401,0.143,0.049945,1.970804,0.86819,0.240005,0.163438,0.983664,,,,,,,0.7,0.69952,0.64942,0.40959,0.5,2.64156,,,,,,,,4225688,9f9bb01aee1b,uses train labels as inference-time evidence
M2_lap-930ee28ecf,sbm,M2_lap,train,none,1,9,0.001,,,,118,0.932,0.930872,0.433901,0.183821,0.93,0.929801,0.416626,0.175483,0.213478,0.465023,0.669702,,,,,,,0.7,0.69952,0.64942,0.40959,0.5,2.64156,0.005,0.001,64,0.5,6.459,,,4225688,9f9bb01aee1b,
M2_lap-11b07478f7,sbm,M2_lap,train,none,1,9,0.01,,,,156,0.932,0.930722,0.421716,0.179753,0.933,0.932751,0.405,0.171234,0.206912,0.473874,0.670595,,,,,,,0.7,0.69952,0.64942,0.40959,0.5,2.64156,0.005,0.001,64,0.5,7.675,,,4225688,9f9bb01aee1b,
M2_lap-0161b375c2,sbm,M2_lap,train,none,1,9,0.1,,,,58,0.92,0.918649,0.622111,0.271362,0.921,0.920713,0.60783,0.264933,0.326378,0.361248,0.663721,,,,,,,0.7,0.69952,0.64942,0.40959,0.5,2.64156,0.005,0.001,64,0.5,4.419,,,4225688,9f9bb01aee1b,
M2_lap-66d6e6545d,sbm,M2_lap,train,none,1,9,0.5,,,,59,0.906,0.904127,0.678159,0.300415,0.913,0.912769,0.66669,0.296009,0.348775,0.337694,0.657115,,,,,,,0.7,0.69952,0.64942,0.40959,0.5,2.64156,0.005,0.001,64,0.5,3.947,,,4225688,9f9bb01aee1b,
M2_lap-ffa155d63a,sbm,M2_lap,train,none,1,9,1.0,,,,52,0.894,0.893008,0.791165,0.358644,0.898,0.898193,0.782372,0.356054,0.394683,0.293309,0.648902,,,,,,,0.7,0.69952,0.64942,0.40959,0.5,2.64156,0.005,0.001,64,0.5,3.879,,,4225688,9f9bb01aee1b,
M2_lap-7e22ddb87a,sbm,M2_lap,train,none,1,9,5.0,,,,38,0.836,0.839588,1.141771,0.539584,0.854,0.857452,1.132939,0.53688,0.506912,0.198211,0.629798,,,,,,,0.7,0.69952,0.64942,0.40959,0.5,2.64156,0.005,0.001,64,0.5,3.478,,,4225688,9f9bb01aee1b,
M4_mrf_gcn-3a3b9590ad,sbm,M4_mrf_gcn,tuned_grid,mf,1,9,,0.05,,0,,0.93,0.928771,0.400128,0.168796,0.933,0.932756,0.382203,0.159747,0.193587,0.487851,0.672916,1,5,,,,,0.7,0.69952,0.64942,0.40959,0.5,2.64156,,,,,,0.049,,4225688,9f9bb01aee1b,flip=0.0030
M4_mrf_mlp-7d92036378,sbm,M4_mrf_mlp,tuned_grid,mf,1,9,,0.05,,0,,0.268,0.262611,2.097171,0.910477,0.269,0.250813,2.190653,0.92376,0.214183,0.161144,0.196572,1,4,,,,,0.7,0.69952,0.64942,0.40959,0.5,2.64156,,,,,,0.0293,,4225688,9f9bb01aee1b,flip=0.0120
M4_mrf_gcn-496c28d681,sbm,M4_mrf_gcn,tuned_grid,mf,1,9,,0.1,,0,,0.932,0.930874,0.366699,0.154137,0.939,0.93873,0.348153,0.14444,0.176814,0.510389,0.675772,1,6,,,,,0.7,0.69952,0.64942,0.40959,0.5,2.64156,,,,,,0.0601,,4225688,9f9bb01aee1b,flip=0.0090
M4_mrf_mlp-cabe024cde,sbm,M4_mrf_mlp,tuned_grid,mf,1,9,,0.1,,0,,0.268,0.261862,2.087187,0.907202,0.272,0.252456,2.181258,0.92004,0.210629,0.165321,0.20782,1,5,,,,,0.7,0.69952,0.64942,0.40959,0.5,2.64156,,,,,,0.0811,,4225688,9f9bb01aee1b,flip=0.0300
M4_mrf_gcn-e0e16dd3a1,sbm,M4_mrf_gcn,tuned_grid,mf,1,9,,0.25,,0,,0.934,0.933136,0.276943,0.116129,0.953,0.952936,0.257257,0.105012,0.128778,0.570922,0.685413,1,9,,,,,0.7,0.69952,0.64942,0.40959,0.5,2.64156,,,,,,0.0559,,4225688,9f9bb01aee1b,flip=0.0240
M4_mrf_mlp-cd9963c486,sbm,M4_mrf_mlp,tuned_grid,mf,1,9,,0.25,,0,,0.266,0.253329,2.058623,0.896327,0.283,0.258497,2.153158,0.90737,0.217145,0.182313,0.247545,1,9,,,,,0.7,0.69952,0.64942,0.40959,0.5,2.64156,,,,,,0.1633,,4225688,9f9bb01aee1b,flip=0.0960
M4_mrf_gcn-75a23df9ba,sbm,M4_mrf_gcn,tuned_grid,mf,1,9,,0.5,,0,,0.954,0.953366,0.175755,0.075684,0.968,0.968031,0.15724,0.064399,0.072253,0.63755,0.694697,1,12,,,,,0.7,0.69952,0.64942,0.40959,0.5,2.64156,,,,,,0.1297,,4225688,9f9bb01aee1b,flip=0.0440
M4_mrf_mlp-07151da8ec,sbm,M4_mrf_mlp,tuned_grid,mf,1,9,,0.5,,0,,0.318,0.275509,2.061408,0.884086,0.326,0.280148,2.138249,0.883728,0.248325,0.261009,0.367791,1,29,,,,,0.7,0.69952,0.64942,0.40959,0.5,2.64156,,,,,,0.3652,,4225688,9f9bb01aee1b,flip=0.2260
M4_mrf_gcn-d9b62b5d06,sbm,M4_mrf_gcn,tuned_grid,mf,1,9,,1.0,,0,,0.974,0.973709,0.097152,0.045635,0.974,0.974123,0.087665,0.040698,0.020628,0.684048,0.70166,1,13,,,,,0.7,0.69952,0.64942,0.40959,0.5,2.64156,,,,,,0.1948,,4225688,9f9bb01aee1b,flip=0.0550
M4_mrf_mlp-5873389cea,sbm,M4_mrf_mlp,tuned_grid,mf,1,9,,1.0,,0,,0.158,0.047193,6.498573,1.61425,0.148,0.042511,6.646861,1.617976,0.803437,0.946963,0.989288,1,21,,,,,0.7,0.69952,0.64942,0.40959,0.5,2.64156,,,,,,0.2505,,4225688,9f9bb01aee1b,flip=0.7370
M4_mrf_gcn-d6904c4294,sbm,M4_mrf_gcn,tuned_grid,mf,1,9,,2.0,,0,,0.97,0.969833,0.075523,0.043937,0.971,0.971148,0.073447,0.038502,0.007613,0.699636,0.703267,1,24,,,,,0.7,0.69952,0.64942,0.40959,0.5,2.64156,,,,,,0.2767,,4225688,9f9bb01aee1b,flip=0.0600
M4_mrf_mlp-e6c4fbc016,sbm,M4_mrf_mlp,tuned_grid,mf,1,9,,2.0,,0,,0.154,0.038128,13.30181,1.683856,0.145,0.036245,13.579822,1.699629,0.849336,0.996887,0.999375,1,18,,,,,0.7,0.69952,0.64942,0.40959,0.5,2.64156,,,,,,0.225,,4225688,9f9bb01aee1b,flip=0.7480
OF-c4c8981e7a,sbm,Oracle_F,oracle,closed_form,1,9,,,,,,0.736,,,,0.738,,,,,,,,,,,,,0.7,0.69952,0.64942,0.40959,0.5,2.64156,,,,,,,,4225688,9f9bb01aee1b,"feature-only Bayes rule, known generative parameters"
OG-d3045e44c1,sbm,Oracle_G,oracle,mf,1,9,,2.64156,,,,0.994,0.993991,0.021571,0.011956,0.987,0.987068,0.034015,0.017826,0.003391,0.699195,0.700678,1,12,,,,,0.7,0.69952,0.64942,0.40959,0.5,2.64156,,,,,,,,4225688,9f9bb01aee1b,true Gaussian unaries + generator-implied coupling
M0_mlp-d074c6b5d6,sbm,M0_mlp,train,none,5,9,0.0,,,,23,0.41,0.406251,1.618843,0.75059,0.401,0.395227,1.572024,0.726989,0.059409,0.166241,0.209248,,,,,,,0.7,0.69952,0.64942,0.40959,0.5,2.64156,0.01,0.0005,64,0.5,0.376,,results/logits/M0_mlp-d074c6b5d6.npz,4225688,9f9bb01aee1b,
M1_gcn-4c87df570f,sbm,M1_gcn,train,none,5,9,0.0,,,,34,0.954,0.953852,0.775098,0.346486,0.948,0.948411,0.775338,0.347286,0.453378,0.278943,0.686663,,,,,,,0.7,0.69952,0.64942,0.40959,0.5,2.64156,0.005,0.001,64,0.5,2.845,,results/logits/M1_gcn-4c87df570f.npz,4225688,9f9bb01aee1b,
LP-56a751e020,sbm,LP,closed_form,label_prop,5,9,,,,,,0.208,0.172044,1.842119,0.823512,0.213,0.164536,1.832911,0.820897,0.226741,0.150636,0.848777,,,,,,,0.7,0.69952,0.64942,0.40959,0.5,2.64156,,,,,,,,4225688,9f9bb01aee1b,uses train labels as inference-time evidence
M2_lap-85fefe15fb,sbm,M2_lap,train,none,5,9,0.001,,,,34,0.954,0.953852,0.775128,0.346502,0.948,0.948411,0.775367,0.3473,0.453396,0.278928,0.686663,,,,,,,0.7,0.69952,0.64942,0.40959,0.5,2.64156,0.005,0.001,64,0.5,3.165,,,4225688,9f9bb01aee1b,
M2_lap-534f54d4f4,sbm,M2_lap,train,none,5,9,0.01,,,,34,0.954,0.953852,0.775441,0.346662,0.948,0.948411,0.775668,0.34745,0.453577,0.278787,0.686663,,,,,,,0.7,0.69952,0.64942,0.40959,0.5,2.64156,0.005,0.001,64,0.5,3.183,,,4225688,9f9bb01aee1b,
M2_lap-4e735fd350,sbm,M2_lap,train,none,5,9,0.1,,,,34,0.956,0.955791,0.77825,0.348109,0.949,0.949352,0.778328,0.348777,0.456199,0.277501,0.686931,,,,,,,0.7,0.69952,0.64942,0.40959,0.5,2.64156,0.005,0.001,64,0.5,3.542,,,4225688,9f9bb01aee1b,
M2_lap-7a3cd47480,sbm,M2_lap,train,none,5,9,0.5,,,,30,0.952,0.951875,0.93481,0.430851,0.938,0.938337,0.934671,0.431191,0.516869,0.233007,0.682914,,,,,,,0.7,0.69952,0.64942,0.40959,0.5,2.64156,0.005,0.001,64,0.5,3.283,,,4225688,9f9bb01aee1b,
M2_lap-9577d6b01a,sbm,M2_lap,train,none,5,9,1.0,,,,31,0.954,0.953885,0.910211,0.417929,0.944,0.944293,0.909315,0.417748,0.513845,0.237009,0.685503,,,,,,,0.7,0.69952,0.64942,0.40959,0.5,2.64156,0.005,0.001,64,0.5,2.896,,,4225688,9f9bb01aee1b,
M2_lap-86d88b1471,sbm,M2_lap,train,none,5,9,5.0,,,,26,0.952,0.95213,1.164854,0.549598,0.945,0.944991,1.164289,0.549199,0.619282,0.182535,0.686217,,,,,,,0.7,0.69952,0.64942,0.40959,0.5,2.64156,0.005,0.001,64,0.5,2.936,,,4225688,9f9bb01aee1b,
M4_mrf_gcn-9f8d5e303d,sbm,M4_mrf_gcn,tuned_grid,mf,5,9,,0.05,,0,,0.956,0.956138,0.723657,0.318776,0.949,0.949416,0.724336,0.319969,0.427382,0.299854,0.687556,1,5,,,,,0.7,0.69952,0.64942,0.40959,0.5,2.64156,,,,,,0.031,,4225688,9f9bb01aee1b,flip=0.0010
M4_mrf_mlp-e354304f72,sbm,M4_mrf_mlp,tuned_grid,mf,5,9,,0.05,,0,,0.422,0.417518,1.58849,0.739225,0.412,0.404698,1.541848,0.715501,0.055893,0.170884,0.224871,1,5,,,,,0.7,0.69952,0.64942,0.40959,0.5,2.64156,,,,,,0.0536,,4225688,9f9bb01aee1b,flip=0.0180
M4_mrf_gcn-fdf1eaedc8,sbm,M4_mrf_gcn,tuned_grid,mf,5,9,,0.1,,0,,0.958,0.958177,0.668044,0.289204,0.952,0.952472,0.66922,0.290752,0.399935,0.32469,0.689163,1,6,,,,,0.7,0.69952,0.64942,0.40959,0.5,2.64156,,,,,,0.1917,,4225688,9f9bb01aee1b,flip=0.0060
M4_mrf_mlp-f6639ad676,sbm,M4_mrf_mlp,tuned_grid,mf,5,9,,0.1,,0,,0.434,0.428199,1.555567,0.726461,0.422,0.41482,1.509094,0.702677,0.059639,0.176274,0.236029,1,6,,,,,0.7,0.69952,0.64942,0.40959,0.5,2.64156,,,,,,0.0289,,4225688,9f9bb01aee1b,flip=0.0390
M4_mrf_gcn-88e79a44a8,sbm,M4_mrf_gcn,tuned_grid,mf,5,9,,0.25,,0,,0.964,0.964119,0.486239,0.197453,0.956,0.956459,0.488641,0.199288,0.29556,0.422253,0.694608,1,10,,,,,0.7,0.69952,0.64942,0.40959,0.5,2.64156,,,,,,0.0744,,4225688,9f9bb01aee1b,flip=0.0130
M4_mrf_mlp-393ce948b8,sbm,M4_mrf_mlp,tuned_grid,mf,5,9,,0.25,,0,,0.486,0.477635,1.432533,0.675078,0.473,0.465073,1.387699,0.652371,0.043461,0.200423,0.28852,1,10,,,,,0.7,0.69952,0.64942,0.40959,0.5,2.64156,,,,,,0.1374,,4225688,9f9bb01aee1b,flip=0.1160
M4_mrf_gcn-3f2c6c8f6f,sbm,M4_mrf_gcn,tuned_grid,mf,5,9,,0.5,,0,,0.972,0.972192,0.252997,0.095849,0.967,0.966916,0.25742,0.097882,0.149176,0.576037,0.700054,1,13,,,,,0.7,0.69952,0.64942,0.40959,0.5,2.64156,,,,,,0.1209,,4225688,9f9bb01aee1b,flip=0.0350
M4_mrf_mlp-3899fb6354,sbm,M4_mrf_mlp,tuned_grid,mf,5,9,,0.5,,0,,0.62,0.609979,1.098959,0.52381,0.617,0.603582,1.069039,0.508838,0.044119,0.303688,0.44501,1,60,,,,,0.7,0.69952,0.64942,0.40959,0.5,2.64156,,,,,,0.8615,,4225688,9f9bb01aee1b,flip=0.2880
M4_mrf_gcn-55c1a71194,sbm,M4_mrf_gcn,tuned_grid,mf,5,9,,1.0,,0,,0.976,0.976312,0.111156,0.047591,0.974,0.973893,0.118524,0.050651,0.04434,0.674035,0.702642,1,15,,,,,0.7,0.69952,0.64942,0.40959,0.5,2.64156,,,,,,0.1844,,4225688,9f9bb01aee1b,flip=0.0430
M4_mrf_mlp-492df5bedb,sbm,M4_mrf_mlp,tuned_grid,mf,5,9,,1.0,,0,,0.938,0.938786,0.234195,0.10529,0.933,0.932949,0.226107,0.10221,0.052859,0.620807,0.679343,1,131,,,,,0.7,0.69952,0.64942,0.40959,0.5,2.64156,,,,,,1.9011,,4225688,9f9bb01aee1b,flip=0.5530
M4_mrf_gcn-6f352e7100,sbm,M4_mrf_gcn,tuned_grid,mf,5,9,,2.0,,0,,0.976,0.976448,0.073755,0.039043,0.971,0.970904,0.09333,0.046706,0.002686,0.698788,0.703624,1,36,,,,,0.7,0.69952,0.64942,0.40959,0.5,2.64156,,,,,,0.5452,,4225688,9f9bb01aee1b,flip=0.0480
M4_mrf_mlp-37784f2c3a,sbm,M4_mrf_mlp,tuned_grid,mf,5,9,,2.0,,0,,0.964,0.964194,0.099943,0.050075,0.964,0.963725,0.100742,0.052113,0.004809,0.692608,0.700768,1,31,,,,,0.7,0.69952,0.64942,0.40959,0.5,2.64156,,,,,,0.3364,,4225688,9f9bb01aee1b,flip=0.5890
OF-fa8d5d542b,sbm,Oracle_F,oracle,closed_form,5,9,,,,,,0.72,,,,0.755,,,,,,,,,,,,,0.7,0.69952,0.64942,0.40959,0.5,2.64156,,,,,,,,4225688,9f9bb01aee1b,"feature-only Bayes rule, known generative parameters"
OG-84379947ee,sbm,Oracle_G,oracle,mf,5,9,,2.64156,,,,0.986,0.986069,0.035854,0.020273,0.989,0.988892,0.030666,0.015508,0.001124,0.699195,0.700678,1,12,,,,,0.7,0.69952,0.64942,0.40959,0.5,2.64156,,,,,,,,4225688,9f9bb01aee1b,true Gaussian unaries + generator-implied coupling
M0_mlp-53a442bd37,sbm,M0_mlp,train,none,20,9,0.0,,,,50,0.586,0.586834,1.381692,0.600015,0.608,0.607258,1.326739,0.574669,0.163756,0.281277,0.325299,,,,,,,0.7,0.69952,0.64942,0.40959,0.5,2.64156,0.01,0.0005,64,0.5,0.546,,results/logits/M0_mlp-53a442bd37.npz,4225688,9f9bb01aee1b,
M1_gcn-c9911c5973,sbm,M1_gcn,train,none,20,9,0.0,,,,57,0.98,0.979342,0.221044,0.081746,0.975,0.975268,0.201634,0.07334,0.122773,0.586752,0.69809,,,,,,,0.7,0.69952,0.64942,0.40959,0.5,2.64156,0.005,0.001,64,0.5,3.363,,results/logits/M1_gcn-c9911c5973.npz,4225688,9f9bb01aee1b,
LP-f2ad2a018e,sbm,LP,closed_form,label_prop,20,9,,,,,,0.79,0.787848,1.554566,0.718338,0.782,0.78204,1.569307,0.724436,0.553242,0.165262,0.598375,,,,,,,0.7,0.69952,0.64942,0.40959,0.5,2.64156,,,,,,,,4225688,9f9bb01aee1b,uses train labels as inference-time evidence
M2_lap-210fe95460,sbm,M2_lap,train,none,20,9,0.001,,,,57,0.98,0.979342,0.221103,0.081767,0.975,0.975268,0.201689,0.073358,0.122817,0.586709,0.69809,,,,,,,0.7,0.69952,0.64942,0.40959,0.5,2.64156,0.005,0.001,64,0.5,3.645,,,4225688,9f9bb01aee1b,
M2_lap-ec778920d7,sbm,M2_lap,train,none,20,9,0.01,,,,57,0.98,0.979342,0.22164,0.081957,0.975,0.975268,0.202192,0.07353,0.123222,0.586317,0.69809,,,,,,,0.7,0.69952,0.64942,0.40959,0.5,2.64156,0.005,0.001,64,0.5,3.66,,,4225688,9f9bb01aee1b,
M2_lap-a0eae2254a,sbm,M2_lap,train,none,20,9,0.1,,,,57,0.98,0.979342,0.227213,0.083947,0.975,0.975268,0.207363,0.075301,0.127375,0.582281,0.69809,,,,,,,0.7,0.69952,0.64942,0.40959,0.5,2.64156,0.005,0.001,64,0.5,3.863,,,4225688,9f9bb01aee1b,
M2_lap-2e7a8a73d3,sbm,M2_lap,train,none,20,9,0.5,,,,58,0.98,0.979342,0.252034,0.093206,0.975,0.975268,0.229938,0.083332,0.145212,0.564772,0.697911,,,,,,,0.7,0.69952,0.64942,0.40959,0.5,2.64156,0.005,0.001,64,0.5,3.648,,,4225688,9f9bb01aee1b,
M2_lap-b8ac433bfa,sbm,M2_lap,train,none,20,9,1.0,,,,51,0.98,0.979097,0.351077,0.132107,0.974,0.974245,0.325107,0.119695,0.216427,0.493951,0.697554,,,,,,,0.7,0.69952,0.64942,0.40959,0.5,2.64156,0.005,0.001,64,0.5,3.157,,,4225688,9f9bb01aee1b,
M2_lap-d1a5217191,sbm,M2_lap,train,none,20,9,5.0,,,,25,0.972,0.97105,1.087017,0.508782,0.973,0.973174,1.061586,0.496414,0.614232,0.193529,0.696483,,,,,,,0.7,0.69952,0.64942,0.40959,0.5,2.64156,0.005,0.001,64,0.5,2.297,,,4225688,9f9bb01aee1b,
M4_mrf_gcn-45d8aa222e,sbm,M4_mrf_gcn,tuned_grid,mf,20,9,,0.05,,0,,0.98,0.979342,0.200463,0.074184,0.976,0.976263,0.182494,0.066618,0.108627,0.602894,0.698536,1,4,,,,,0.7,0.69952,0.64942,0.40959,0.5,2.64156,,,,,,0.0237,,4225688,9f9bb01aee1b,flip=0.0010
M4_mrf_mlp-d8db712cd9,sbm,M4_mrf_mlp,tuned_grid,mf,20,9,,0.05,,0,,0.606,0.605897,1.323597,0.579285,0.62,0.619264,1.26913,0.55542,0.158483,0.294351,0.339314,1,4,,,,,0.7,0.69952,0.64942,0.40959,0.5,2.64156,,,,,,0.0237,,4225688,9f9bb01aee1b,flip=0.0170
M4_mrf_gcn-2b9de74108,sbm,M4_mrf_gcn,tuned_grid,mf,20,9,,0.1,,0,,0.98,0.979342,0.182113,0.067556,0.977,0.977254,0.165661,0.060886,0.096165,0.616947,0.699072,1,5,,,,,0.7,0.69952,0.64942,0.40959,0.5,2.64156,,,,,,0.0336,,4225688,9f9bb01aee1b,flip=0.0030
M4_mrf_mlp-e72a6c743c,sbm,M4_mrf_mlp,tuned_grid,mf,20,9,,0.1,,0,,0.614,0.613759,1.264612,0.557716,0.629,0.628171,1.210891,0.535523,0.156151,0.308334,0.35324,1,5,,,,,0.7,0.69952,0.64942,0.40959,0.5,2.64156,,,,,,0.0358,,4225688,9f9bb01aee1b,flip=0.0260
M4_mrf_gcn-e7898d0c1e,sbm,M4_mrf_gcn,tuned_grid,mf,20,9,,0.25,,0,,0.982,0.981511,0.139082,0.052294,0.978,0.978236,0.127254,0.048426,0.065788,0.648037,0.700054,1,6,,,,,0.7,0.69952,0.64942,0.40959,0.5,2.64156,,,,,,0.0398,,4225688,9f9bb01aee1b,flip=0.0040
M4_mrf_mlp-e54cf852f4,sbm,M4_mrf_mlp,tuned_grid,mf,20,9,,0.25,,0,,0.666,0.665666,1.082927,0.488936,0.673,0.672498,1.032851,0.471776,0.134917,0.355751,0.398947,1,8,,,,,0.7,0.69952,0.64942,0.40959,0.5,2.64156,,,,,,0.0584,,4225688,9f9bb01aee1b,flip=0.0680
M4_mrf_gcn-0e0af7e7b9,sbm,M4_mrf_gcn,tuned_grid,mf,20,9,,0.5,,0,,0.98,0.979208,0.096347,0.037534,0.983,0.983212,0.090955,0.037372,0.040113,0.675204,0.701214,1,7,,,,,0.7,0.69952,0.64942,0.40959,0.5,2.64156,,,,,,0.0619,,4225688,9f9bb01aee1b,flip=0.0100
M4_mrf_mlp-394727143a,sbm,M4_mrf_mlp,tuned_grid,mf,20,9,,0.5,,0,,0.746,0.746219,0.775532,0.368665,0.762,0.76104,0.733572,0.351795,0.082939,0.450044,0.49759,1,12,,,,,0.7,0.69952,0.64942,0.40959,0.5,2.64156,,,,,,0.1119,,4225688,9f9bb01aee1b,flip=0.1630
M4_mrf_gcn-74d728524a,sbm,M4_mrf_gcn,tuned_grid,mf,20,9,,1.0,,0,,0.982,0.981882,0.062739,0.026967,0.984,0.984218,0.063589,0.029431,0.015466,0.693557,0.702107,1,13,,,,,0.7,0.69952,0.64942,0.40959,0.5,2.64156,,,,,,0.1341,,4225688,9f9bb01aee1b,flip=0.0110
M4_mrf_mlp-f7b1f05b80,sbm,M4_mrf_mlp,tuned_grid,mf,20,9,,1.0,,0,,0.868,0.86609,0.335097,0.170959,0.894,0.893536,0.307222,0.155892,0.02763,0.605291,0.629977,1,18,,,,,0.7,0.69952,0.64942,0.40959,0.5,2.64156,,,,,,0.1649,,4225688,9f9bb01aee1b,flip=0.2920
M4_mrf_gcn-34695780cb,sbm,M4_mrf_gcn,tuned_grid,mf,20,9,,2.0,,0,,0.984,0.983988,0.054995,0.026101,0.984,0.984376,0.056915,0.027816,0.003392,0.700933,0.703089,1,23,,,,,0.7,0.69952,0.64942,0.40959,0.5,2.64156,,,,,,0.2045,,4225688,9f9bb01aee1b,flip=0.0150
M4_mrf_mlp-157d0c0f79,sbm,M4_mrf_mlp,tuned_grid,mf,20,9,,2.0,,0,,0.966,0.964898,0.093478,0.052276,0.971,0.970625,0.092143,0.047902,0.009925,0.68438,0.690591,1,35,,,,,0.7,0.69952,0.64942,0.40959,0.5,2.64156,,,,,,0.3597,,4225688,9f9bb01aee1b,flip=0.3660
OF-1eb81de0fb,sbm,Oracle_F,oracle,closed_form,20,9,,,,,,0.732,,,,0.73,,,,,,,,,,,,,0.7,0.69952,0.64942,0.40959,0.5,2.64156,,,,,,,,4225688,9f9bb01aee1b,"feature-only Bayes rule, known generative parameters"
OG-12e8e648cc,sbm,Oracle_G,oracle,mf,20,9,,2.64156,,,,0.984,0.983937,0.03641,0.019092,0.991,0.99071,0.027751,0.014608,0.001216,0.699195,0.700678,1,12,,,,,0.7,0.69952,0.64942,0.40959,0.5,2.64156,,,,,,,,4225688,9f9bb01aee1b,true Gaussian unaries + generator-implied coupling
