run_id,dataset,model,regime,inference_method,label_per_class,split_seed,lambda,beta,weighted_prior,clamped,best_epoch,val_acc,val_f1,val_nll,val_brier,test_acc,test_f1,test_nll,test_brier,ece,rule_score,edge_agreement,converged,iters,final_residual,ess_min,ess_median,rhat_max,target_h,empirical_h,adjusted_h,label_informativeness,sigma_x,beta_gen,lr,weight_decay,hidden,dropout,train_seconds,infer_seconds,logits_path,git_commit,protocol_hash,notes
M0_mlp-99b8e05601,sbm,M0_mlp,train,none,1,0,0.0,,,,16,0.278,0.265642,1.837748,0.825275,0.271,0.253415,1.822019,0.819812,0.057838,0.155436,0.217699,,,,,,,0.9,0.90149,0.88506,0.74437,0.5,3.99149,0.01,0.0005,64,0.5,0.409,,results/logits/M0_mlp-99b8e05601.npz,4225688,9f9bb01aee1b,
M1_gcn-80efd88ea8,sbm,M1_gcn,train,none,1,0,0.0,,,,41,1.0,1.0,0.317829,0.102528,0.997,0.99698,0.314391,0.099943,0.253602,0.564425,0.901485,,,,,,,0.9,0.90149,0.88506,0.74437,0.5,3.99149,0.005,0.001,64,0.5,2.733,,results/logits/M1_gcn-80efd88ea8.npz,4225688,9f9bb01aee1b,
LP-04b182bd45,sbm,LP,closed_form,label_prop,1,0,,,,,,0.184,0.078309,1.932487,0.835725,0.17,0.090588,1.878838,0.835495,0.271335,0.157145,0.957946,,,,,,,0.9,0.90149,0.88506,0.74437,0.5,3.99149,,,,,,,,4225688,9f9bb01aee1b,uses train labels as inference-time evidence
M2_lap-1813c2a160,sbm,M2_lap,train,none,1,0,0.001,,,,41,1.0,1.0,0.31787,0.102547,0.997,0.99698,0.314433,0.099962,0.253632,0.564388,0.901485,,,,,,,0.9,0.90149,0.88506,0.74437,0.5,3.99149,0.005,0.001,64,0.5,2.357,,,4225688,9f9bb01aee1b,
M2_lap-af1ced7aeb,sbm,M2_lap,train,none,1,0,0.01,,,,41,1.0,1.0,0.318246,0.102718,0.997,0.99698,0.314815,0.100137,0.253904,0.564052,0.901485,,,,,,,0.9,0.90149,0.88506,0.74437,0.5,3.99149,0.005,0.001,64,0.5,2.274,,,4225688,9f9bb01aee1b,
M2_lap-9fc3df370d,sbm,M2_lap,train,none,1,0,0.1,,,,41,1.0,1.0,0.322041,0.104448,0.997,0.99698,0.318657,0.101896,0.25663,0.560661,0.901485,,,,,,,0.9,0.90149,0.88506,0.74437,0.5,3.99149,0.005,0.001,64,0.5,2.223,,,4225688,9f9bb01aee1b,
M2_lap-dec2e4afde,sbm,M2_lap,train,none,1,0,0.5,,,,42,1.0,1.0,0.324669,0.105683,0.995,0.994808,0.321436,0.103273,0.256558,0.558404,0.901127,,,,,,,0.9,0.90149,0.88506,0.74437,0.5,3.99149,0.005,0.001,64,0.5,2.336,,,4225688,9f9bb01aee1b,
M2_lap-cd58b0dd1b,sbm,M2_lap,train,none,1,0,1.0,,,,42,1.0,1.0,0.349319,0.117186,0.995,0.994808,0.34633,0.114923,0.273931,0.537067,0.90077,,,,,,,0.9,0.90149,0.88506,0.74437,0.5,3.99149,0.005,0.001,64,0.5,2.359,,,4225688,9f9bb01aee1b,
M2_lap-96bd5a0d27,sbm,M2_lap,train,none,1,0,5.0,,,,27,0.998,0.997817,0.810748,0.361415,0.997,0.996805,0.810357,0.361703,0.53884,0.27304,0.901038,,,,,,,0.9,0.90149,0.88506,0.74437,0.5,3.99149,0.005,0.001,64,0.5,2.131,,,4225688,9f9bb01aee1b,
M4_mrf_gcn-ee08743f52,sbm,M4_mrf_gcn,tuned_grid,mf,1,0,,0.05,,0,,1.0,1.0,0.264277,0.079574,0.998,0.998001,0.260424,0.07687,0.21455,0.61977,0.901575,1,5,,,,,0.9,0.90149,0.88506,0.74437,0.5,3.99149,,,,,,0.0438,,4225688,9f9bb01aee1b,flip=0.0010
M4_mrf_mlp-a306b49af8,sbm,M4_mrf_mlp,tuned_grid,mf,1,0,,0.05,,0,,0.284,0.269139,1.825329,0.820925,0.277,0.256817,1.808981,0.815191,0.047332,0.158156,0.234968,1,5,,,,,0.9,0.90149,0.88506,0.74437,0.5,3.99149,,,,,,0.0299,,4225688,9f9bb01aee1b,flip=0.0280
M4_mrf_gcn-d6c321d9c5,sbm,M4_mrf_gcn,tuned_grid,mf,1,0,,0.1,,0,,1.0,1.0,0.216016,0.06064,0.998,0.998001,0.211857,0.057986,0.176983,0.672965,0.901575,1,6,,,,,0.9,0.90149,0.88506,0.74437,0.5,3.99149,,,,,,0.0366,,4225688,9f9bb01aee1b,flip=0.0010
M4_mrf_mlp-ee46b7d1c8,sbm,M4_mrf_mlp,tuned_grid,mf,1,0,,0.1,,0,,0.288,0.270013,1.811807,0.815983,0.28,0.25819,1.794823,0.809978,0.061443,0.161541,0.252953,1,6,,,,,0.9,0.90149,0.88506,0.74437,0.5,3.99149,,,,,,0.0375,,4225688,9f9bb01aee1b,flip=0.0550
M4_mrf_gcn-3ddb5ef1df,sbm,M4_mrf_gcn,tuned_grid,mf,1,0,,0.25,,0,,1.0,1.0,0.114393,0.027139,0.998,0.998001,0.110339,0.025402,0.093697,0.791704,0.901575,1,6,,,,,0.9,0.90149,0.88506,0.74437,0.5,3.99149,,,,,,0.0464,,4225688,9f9bb01aee1b,flip=0.0010
M4_mrf_mlp-ad6ba17dbb,sbm,M4_mrf_mlp,tuned_grid,mf,1,0,,0.25,,0,,0.318,0.284987,1.761244,0.794947,0.308,0.272451,1.742145,0.788224,0.0577,0.182149,0.347978,1,13,,,,,0.9,0.90149,0.88506,0.74437,0.5,3.99149,,,,,,0.093,,4225688,9f9bb01aee1b,flip=0.1680
M4_mrf_gcn-42bd7b950b,sbm,M4_mrf_gcn,tuned_grid,mf,1,0,,0.5,,0,,1.0,1.0,0.046059,0.010146,0.998,0.998001,0.043804,0.00991,0.035656,0.868403,0.901575,1,7,,,,,0.9,0.90149,0.88506,0.74437,0.5,3.99149,,,,,,0.0561,,4225688,9f9bb01aee1b,flip=0.0010
M4_mrf_mlp-4c8e8464b9,sbm,M4_mrf_mlp,tuned_grid,mf,1,0,,0.5,,0,,0.17,0.08208,2.744932,1.202513,0.16,0.062159,2.759854,1.223084,0.565757,0.602458,0.917591,1,46,,,,,0.9,0.90149,0.88506,0.74437,0.5,3.99149,,,,,,0.3896,,4225688,9f9bb01aee1b,flip=0.6150
M4_mrf_gcn-aa380882e8,sbm,M4_mrf_gcn,tuned_grid,mf,1,0,,1.0,,0,,1.0,1.0,0.013851,0.003072,0.998,0.998001,0.014238,0.004337,0.009267,0.895963,0.901575,1,8,,,,,0.9,0.90149,0.88506,0.74437,0.5,3.99149,,,,,,0.0689,,4225688,9f9bb01aee1b,flip=0.0010
M4_mrf_mlp-edee5725d4,sbm,M4_mrf_mlp,tuned_grid,mf,1,0,,1.0,,0,,0.152,0.050853,6.359531,1.626414,0.153,0.049902,6.382709,1.630526,0.811888,0.925417,0.951503,1,13,,,,,0.9,0.90149,0.88506,0.74437,0.5,3.99149,,,,,,0.1003,,4225688,9f9bb01aee1b,flip=0.6520
M4_mrf_gcn-5f036b421b,sbm,M4_mrf_gcn,tuned_grid,mf,1,0,,2.0,,0,,1.0,1.0,0.003602,0.00066,0.998,0.998001,0.005933,0.002765,0.001936,0.900887,0.901575,1,6,,,,,0.9,0.90149,0.88506,0.74437,0.5,3.99149,,,,,,0.0595,,4225688,9f9bb01aee1b,flip=0.0010
M4_mrf_mlp-8383814f71,sbm,M4_mrf_mlp,tuned_grid,mf,1,0,,2.0,,0,,0.28,0.146646,10.751571,1.431848,0.291,0.153335,10.590971,1.405807,0.700543,0.932697,0.934681,1,13,,,,,0.9,0.90149,0.88506,0.74437,0.5,3.99149,,,,,,0.105,,4225688,9f9bb01aee1b,flip=0.6510
OF-74c1c60c9c,sbm,Oracle_F,oracle,closed_form,1,0,,,,,,0.758,,,,0.748,,,,,,,,,,,,,0.9,0.90149,0.88506,0.74437,0.5,3.99149,,,,,,,,4225688,9f9bb01aee1b,"feature-only Bayes rule, known generative parameters"
OG-e26d7dd179,sbm,Oracle_G,oracle,mf,1,0,,3.99149,,,,1.0,1.0,0.000231,1.1e-05,1.0,1.0,0.000405,5e-05,0.000386,0.901522,0.901575,1,5,,,,,0.9,0.90149,0.88506,0.74437,0.5,3.99149,,,,,,,,4225688,9f9bb01aee1b,true Gaussian unaries + generator-implied coupling
M0_mlp-3c65c5fd39,sbm,M0_mlp,train,none,5,0,0.0,,,,136,0.47,0.467088,1.990303,0.829337,0.446,0.445446,2.095375,0.823091,0.311209,0.23703,0.261006,,,,,,,0.9,0.90149,0.88506,0.74437,0.5,3.99149,0.01,0.0005,64,0.5,0.657,,results/logits/M0_mlp-3c65c5fd39.npz,4225688,9f9bb01aee1b,
M1_gcn-a839f2112b,sbm,M1_gcn,train,none,5,0,0.0,,,,17,0.998,0.997911,0.918877,0.420177,0.998,0.997937,0.911286,0.416091,0.585323,0.238028,0.901038,,,,,,,0.9,0.90149,0.88506,0.74437,0.5,3.99149,0.005,0.001,64,0.5,1.62,,results/logits/M1_gcn-a839f2112b.npz,4225688,9f9bb01aee1b,
LP-fa5caeef5b,sbm,LP,closed_form,label_prop,5,0,,,,,,0.936,0.929038,1.487737,0.694544,0.918,0.909496,1.514199,0.695351,0.685339,0.158597,0.844578,,,,,,,0.9,0.90149,0.88506,0.74437,0.5,3.99149,,,,,,,,4225688,9f9bb01aee1b,uses train labels as inference-time evidence
M2_lap-47ca80156c,sbm,M2_lap,train,none,5,0,0.001,,,,17,0.998,0.997911,0.918882,0.42018,0.998,0.997937,0.911292,0.416094,0.585326,0.238026,0.901038,,,,,,,0.9,0.90149,0.88506,0.74437,0.5,3.99149,0.005,0.001,64,0.5,1.815,,,4225688,9f9bb01aee1b,
M2_lap-3548324f4c,sbm,M2_lap,train,none,5,0,0.01,,,,17,0.998,0.997911,0.918928,0.420206,0.998,0.997937,0.911342,0.416122,0.585349,0.238008,0.901038,,,,,,,0.9,0.90149,0.88506,0.74437,0.5,3.99149,0.005,0.001,64,0.5,1.759,,,4225688,9f9bb01aee1b,
M2_lap-6182b49ab5,sbm,M2_lap,train,none,5,0,0.1,,,,17,0.998,0.997911,0.919339,0.420438,0.998,0.997937,0.911793,0.416375,0.585568,0.23783,0.901038,,,,,,,0.9,0.90149,0.88506,0.74437,0.5,3.99149,0.005,0.001,64,0.5,1.774,,,4225688,9f9bb01aee1b,
M2_lap-cd9c4cd59c,sbm,M2_lap,train,none,5,0,0.5,,,,17,0.998,0.997911,0.921551,0.421672,0.998,0.997937,0.914156,0.417685,0.586652,0.237005,0.901038,,,,,,,0.9,0.90149,0.88506,0.74437,0.5,3.99149,0.005,0.001,64,0.5,1.776,,,4225688,9f9bb01aee1b,
M2_lap-f904929f00,sbm,M2_lap,train,none,5,0,1.0,,,,17,0.998,0.997911,0.924206,0.423165,0.998,0.997937,0.917044,0.419297,0.588008,0.235946,0.901038,,,,,,,0.9,0.90149,0.88506,0.74437,0.5,3.99149,0.005,0.001,64,0.5,2.084,,,4225688,9f9bb01aee1b,
M2_lap-35b4502c4c,sbm,M2_lap,train,none,5,0,5.0,,,,15,0.998,0.997911,1.060245,0.496367,0.998,0.997937,1.053571,0.492821,0.641748,0.203003,0.901038,,,,,,,0.9,0.90149,0.88506,0.74437,0.5,3.99149,0.005,0.001,64,0.5,1.801,,,4225688,9f9bb01aee1b,
M4_mrf_gcn-00ae25911e,sbm,M4_mrf_gcn,tuned_grid,mf,5,0,,0.05,,0,,0.998,0.997911,0.848624,0.38102,0.998,0.997937,0.840149,0.37652,0.553499,0.26256,0.901038,1,5,,,,,0.9,0.90149,0.88506,0.74437,0.5,3.99149,,,,,,0.0611,,4225688,9f9bb01aee1b,flip=0.0000
M4_mrf_mlp-6d32d43386,sbm,M4_mrf_mlp,tuned_grid,mf,5,0,,0.05,,0,,0.484,0.480256,1.92276,0.810648,0.463,0.462849,2.027389,0.80319,0.297132,0.248365,0.276754,1,4,,,,,0.9,0.90149,0.88506,0.74437,0.5,3.99149,,,,,,0.036,,4225688,9f9bb01aee1b,flip=0.0210
M4_mrf_gcn-c3039af3e8,sbm,M4_mrf_gcn,tuned_grid,mf,5,0,,0.1,,0,,0.998,0.997911,0.765321,0.334431,0.998,0.997937,0.756052,0.329642,0.512943,0.297408,0.901038,1,7,,,,,0.9,0.90149,0.88506,0.74437,0.5,3.99149,,,,,,0.0362,,4225688,9f9bb01aee1b,flip=0.0000
M4_mrf_mlp-a2f282b3b8,sbm,M4_mrf_mlp,tuned_grid,mf,5,0,,0.1,,0,,0.494,0.490451,1.852608,0.790544,0.479,0.478519,1.956533,0.781787,0.284688,0.260836,0.292681,1,5,,,,,0.9,0.90149,0.88506,0.74437,0.5,3.99149,,,,,,0.0321,,4225688,9f9bb01aee1b,flip=0.0380
M4_mrf_gcn-f0559d8801,sbm,M4_mrf_gcn,tuned_grid,mf,5,0,,0.25,,0,,0.998,0.997911,0.444332,0.163573,0.998,0.997937,0.436484,0.160012,0.329936,0.494992,0.901127,1,12,,,,,0.9,0.90149,0.88506,0.74437,0.5,3.99149,,,,,,0.0845,,4225688,9f9bb01aee1b,flip=0.0000
M4_mrf_mlp-6d5fb7d3fe,sbm,M4_mrf_mlp,tuned_grid,mf,5,0,,0.25,,0,,0.522,0.517738,1.622183,0.718842,0.529,0.528758,1.722246,0.706157,0.248365,0.306869,0.335093,1,8,,,,,0.9,0.90149,0.88506,0.74437,0.5,3.99149,,,,,,0.0581,,4225688,9f9bb01aee1b,flip=0.0930
M4_mrf_gcn-b1d5ec45f1,sbm,M4_mrf_gcn,tuned_grid,mf,5,0,,0.5,,0,,0.996,0.996114,0.12772,0.033411,0.999,0.998949,0.126716,0.032683,0.105688,0.789343,0.901396,1,9,,,,,0.9,0.90149,0.88506,0.74437,0.5,3.99149,,,,,,0.1302,,4225688,9f9bb01aee1b,flip=0.0010
M4_mrf_mlp-41eddd3ec7,sbm,M4_mrf_mlp,tuned_grid,mf,5,0,,0.5,,0,,0.626,0.620029,1.147916,0.540874,0.644,0.642718,1.241855,0.533156,0.176644,0.425581,0.46573,1,15,,,,,0.9,0.90149,0.88506,0.74437,0.5,3.99149,,,,,,0.1202,,4225688,9f9bb01aee1b,flip=0.2160
M4_mrf_gcn-114e42db60,sbm,M4_mrf_gcn,tuned_grid,mf,5,0,,1.0,,0,,0.998,0.998203,0.026688,0.007503,0.999,0.998949,0.027198,0.007127,0.021115,0.887204,0.901575,1,10,,,,,0.9,0.90149,0.88506,0.74437,0.5,3.99149,,,,,,0.0687,,4225688,9f9bb01aee1b,flip=0.0010
M4_mrf_mlp-1d0672ac42,sbm,M4_mrf_mlp,tuned_grid,mf,5,0,,1.0,,0,,0.922,0.920733,0.246981,0.124641,0.895,0.894896,0.33727,0.157411,0.02729,0.757016,0.796886,1,58,,,,,0.9,0.90149,0.88506,0.74437,0.5,3.99149,,,,,,0.5306,,4225688,9f9bb01aee1b,flip=0.4520
M4_mrf_gcn-27965cef3b,sbm,M4_mrf_gcn,tuned_grid,mf,5,0,,2.0,,0,,0.998,0.998203,0.008213,0.004065,0.999,0.998949,0.008227,0.003251,0.003817,0.900175,0.901575,1,12,,,,,0.9,0.90149,0.88506,0.74437,0.5,3.99149,,,,,,0.1322,,4225688,9f9bb01aee1b,flip=0.0010
M4_mrf_mlp-2091a74a2e,sbm,M4_mrf_mlp,tuned_grid,mf,5,0,,2.0,,0,,0.986,0.985967,0.027015,0.015325,0.983,0.983136,0.048304,0.024018,0.003715,0.88884,0.892717,1,13,,,,,0.9,0.90149,0.88506,0.74437,0.5,3.99149,,,,,,0.0781,,4225688,9f9bb01aee1b,flip=0.5390
OF-8502751ceb,sbm,Oracle_F,oracle,closed_form,5,0,,,,,,0.744,,,,0.74,,,,,,,,,,,,,0.9,0.90149,0.88506,0.74437,0.5,3.99149,,,,,,,,4225688,9f9bb01aee1b,"feature-only Bayes rule, known generative parameters"
OG-12ad81804e,sbm,Oracle_G,oracle,mf,5,0,,3.99149,,,,1.0,1.0,0.000552,0.0001,0.999,0.998949,0.005532,0.002009,0.000698,0.901522,0.901575,1,5,,,,,0.9,0.90149,0.88506,0.74437,0.5,3.99149,,,,,,,,4225688,9f9bb01aee1b,true Gaussian unaries + generator-implied coupling
M0_mlp-6705a3fc05,sbm,M0_mlp,train,none,20,0,0.0,,,,31,0.624,0.623889,1.059765,0.521975,0.656,0.655237,1.041533,0.490473,0.075812,0.319578,0.406407,,,,,,,0.9,0.90149,0.88506,0.74437,0.5,3.99149,0.01,0.0005,64,0.5,0.303,,results/logits/M0_mlp-6705a3fc05.npz,4225688,9f9bb01aee1b,
M1_gcn-885cd5675f,sbm,M1_gcn,train,none,20,0,0.0,,,,31,0.998,0.998054,0.244868,0.068598,0.998,0.998029,0.235654,0.064647,0.197075,0.637089,0.901396,,,,,,,0.9,0.90149,0.88506,0.74437,0.5,3.99149,0.005,0.001,64,0.5,1.958,,results/logits/M1_gcn-885cd5675f.npz,4225688,9f9bb01aee1b,
LP-00f2dcf3d5,sbm,LP,closed_form,label_prop,20,0,,,,,,0.992,0.991958,0.940024,0.432404,0.989,0.989026,0.937361,0.430768,0.589833,0.238765,0.899427,,,,,,,0.9,0.90149,0.88506,0.74437,0.5,3.99149,,,,,,,,4225688,9f9bb01aee1b,uses train labels as inference-time evidence
M2_lap-76cbbe5f7c,sbm,M2_lap,train,none,20,0,0.001,,,,31,0.998,0.998054,0.244882,0.068604,0.998,0.998029,0.235669,0.064653,0.197086,0.637075,0.901396,,,,,,,0.9,0.90149,0.88506,0.74437,0.5,3.99149,0.005,0.001,64,0.5,2.236,,,4225688,9f9bb01aee1b,
M2_lap-fdd9cd89dd,sbm,M2_lap,train,none,20,0,0.01,,,,31,0.998,0.998054,0.24501,0.068653,0.998,0.998029,0.235796,0.064702,0.197184,0.636943,0.901396,,,,,,,0.9,0.90149,0.88506,0.74437,0.5,3.99149,0.005,0.001,64,0.5,2.212,,,4225688,9f9bb01aee1b,
M2_lap-71878a5a9b,sbm,M2_lap,train,none,20,0,0.1,,,,31,0.998,0.998054,0.246278,0.069141,0.998,0.998029,0.237058,0.065184,0.198157,0.635642,0.901396,,,,,,,0.9,0.90149,0.88506,0.74437,0.5,3.99149,0.005,0.001,64,0.5,2.512,,,4225688,9f9bb01aee1b,
M2_lap-5001003c2d,sbm,M2_lap,train,none,20,0,0.5,,,,31,0.998,0.998054,0.252306,0.071484,0.998,0.998029,0.243075,0.067501,0.20279,0.629455,0.901396,,,,,,,0.9,0.90149,0.88506,0.74437,0.5,3.99149,0.005,0.001,64,0.5,2.166,,,4225688,9f9bb01aee1b,
M2_lap-037ed434c4,sbm,M2_lap,train,none,20,0,1.0,,,,30,0.998,0.998054,0.285213,0.084967,0.998,0.998029,0.275781,0.080758,0.227384,0.596983,0.901396,,,,,,,0.9,0.90149,0.88506,0.74437,0.5,3.99149,0.005,0.001,64,0.5,2.161,,,4225688,9f9bb01aee1b,
M2_lap-629db5e6ba,sbm,M2_lap,train,none,20,0,5.0,,,,27,0.998,0.998054,0.466554,0.170815,0.998,0.998029,0.457175,0.166035,0.352318,0.444655,0.901396,,,,,,,0.9,0.90149,0.88506,0.74437,0.5,3.99149,0.005,0.001,64,0.5,2.075,,,4225688,9f9bb01aee1b,
M4_mrf_gcn-20b7b2d4ea,sbm,M4_mrf_gcn,tuned_grid,mf,20,0,,0.05,,0,,0.998,0.998054,0.201201,0.052642,0.998,0.998029,0.192091,0.049038,0.162498,0.687388,0.901396,1,5,,,,,0.9,0.90149,0.88506,0.74437,0.5,3.99149,,,,,,0.0367,,4225688,9f9bb01aee1b,flip=0.0000
M4_mrf_mlp-83f7f04244,sbm,M4_mrf_mlp,tuned_grid,mf,20,0,,0.05,,0,,0.646,0.645603,0.983514,0.489796,0.675,0.674565,0.963822,0.457609,0.067771,0.345253,0.441482,1,5,,,,,0.9,0.90149,0.88506,0.74437,0.5,3.99149,,,,,,0.0417,,4225688,9f9bb01aee1b,flip=0.0220
M4_mrf_gcn-894702eb7d,sbm,M4_mrf_gcn,tuned_grid,mf,20,0,,0.1,,0,,0.998,0.998054,0.163845,0.040348,0.998,0.998029,0.155105,0.037122,0.132232,0.731904,0.901396,1,5,,,,,0.9,0.90149,0.88506,0.74437,0.5,3.99149,,,,,,0.0438,,4225688,9f9bb01aee1b,flip=0.0000
M4_mrf_mlp-f7e99bdd68,sbm,M4_mrf_mlp,tuned_grid,mf,20,0,,0.1,,0,,0.666,0.665197,0.903336,0.454925,0.699,0.698625,0.882264,0.421726,0.046096,0.374883,0.476378,1,6,,,,,0.9,0.90149,0.88506,0.74437,0.5,3.99149,,,,,,0.04,,4225688,9f9bb01aee1b,flip=0.0480
M4_mrf_gcn-701f1dffa8,sbm,M4_mrf_gcn,tuned_grid,mf,20,0,,0.25,,0,,0.998,0.998054,0.089383,0.019882,0.998,0.998029,0.082339,0.017562,0.070273,0.8216,0.901485,1,6,,,,,0.9,0.90149,0.88506,0.74437,0.5,3.99149,,,,,,0.0635,,4225688,9f9bb01aee1b,flip=0.0000
M4_mrf_mlp-9ddfdaeddc,sbm,M4_mrf_mlp,tuned_grid,mf,20,0,,0.25,,0,,0.764,0.761833,0.644192,0.33443,0.798,0.797658,0.62123,0.299018,0.030796,0.490926,0.616679,1,9,,,,,0.9,0.90149,0.88506,0.74437,0.5,3.99149,,,,,,0.0806,,4225688,9f9bb01aee1b,flip=0.1450
M4_mrf_gcn-7d32fe06ff,sbm,M4_mrf_gcn,tuned_grid,mf,20,0,,0.5,,0,,0.998,0.998054,0.039645,0.009448,0.998,0.998029,0.034747,0.007679,0.028101,0.876621,0.901575,1,6,,,,,0.9,0.90149,0.88506,0.74437,0.5,3.99149,,,,,,0.0489,,4225688,9f9bb01aee1b,flip=0.0000
M4_mrf_mlp-c90ebca6a5,sbm,M4_mrf_mlp,tuned_grid,mf,20,0,,0.5,,0,,0.896,0.894657,0.278593,0.14569,0.912,0.912401,0.27032,0.130722,0.020051,0.711598,0.797691,1,11,,,,,0.9,0.90149,0.88506,0.74437,0.5,3.99149,,,,,,0.0758,,4225688,9f9bb01aee1b,flip=0.2570
M4_mrf_gcn-5e94cb9b4c,sbm,M4_mrf_gcn,tuned_grid,mf,20,0,,1.0,,0,,0.998,0.998054,0.015812,0.005257,0.998,0.998029,0.012213,0.003534,0.007868,0.897099,0.901575,1,8,,,,,0.9,0.90149,0.88506,0.74437,0.5,3.99149,,,,,,0.0633,,4225688,9f9bb01aee1b,flip=0.0000
M4_mrf_mlp-1a6a01a325,sbm,M4_mrf_mlp,tuned_grid,mf,20,0,,1.0,,0,,0.982,0.982353,0.053084,0.027043,0.988,0.988106,0.050236,0.02188,0.014313,0.87142,0.89048,1,10,,,,,0.9,0.90149,0.88506,0.74437,0.5,3.99149,,,,,,0.0906,,4225688,9f9bb01aee1b,flip=0.3330
M4_mrf_gcn-d33a9e6c16,sbm,M4_mrf_gcn,tuned_grid,mf,20,0,,2.0,,0,,0.998,0.998054,0.009983,0.004274,0.998,0.998029,0.005319,0.002195,0.001719,0.900979,0.901575,1,7,,,,,0.9,0.90149,0.88506,0.74437,0.5,3.99149,,,,,,0.0596,,4225688,9f9bb01aee1b,flip=0.0000
M4_mrf_mlp-c570569752,sbm,M4_mrf_mlp,tuned_grid,mf,20,0,,2.0,,0,,1.0,1.0,0.006058,0.002026,0.998,0.99804,0.008572,0.003707,0.001411,0.899661,0.901306,1,7,,,,,0.9,0.90149,0.88506,0.74437,0.5,3.99149,,,,,,0.0496,,4225688,9f9bb01aee1b,flip=0.3420
OF-a8dd8205c8,sbm,Oracle_F,oracle,closed_form,20,0,,,,,,0.742,,,,0.764,,,,,,,,,,,,,0.9,0.90149,0.88506,0.74437,0.5,3.99149,,,,,,,,4225688,9f9bb01aee1b,"feature-only Bayes rule, known generative parameters"
OG-e4fad25ab4,sbm,Oracle_G,oracle,mf,20,0,,3.99149,,,,0.998,0.998054,0.010555,0.003959,0.999,0.999004,0.001784,0.001083,0.000383,0.901522,0.901575,1,5,,,,,0.9,0.90149,0.88506,0.74437,0.5,3.99149,,,,,,,,4225688,9f9bb01aee1b,true Gaussian unaries + generator-implied coupling
M0_mlp-8797c15b69,sbm,M0_mlp,train,none,1,1,0.0,,,,26,0.324,0.311996,1.932261,0.859138,0.259,0.255475,2.02803,0.890752,0.192857,0.162264,0.196997,,,,,,,0.9,0.90051,0.8839,0.74226,0.5,3.99149,0.01,0.0005,64,0.5,0.309,,results/logits/M0_mlp-8797c15b69.npz,4225688,9f9bb01aee1b,
M1_gcn-8fc2be755e,sbm,M1_gcn,train,none,1,1,0.0,,,,59,0.994,0.994133,0.157008,0.042361,0.997,0.996984,0.149453,0.037446,0.12594,0.737708,0.900235,,,,,,,0.9,0.90051,0.8839,0.74226,0.5,3.99149,0.005,0.001,64,0.5,2.877,,results/logits/M1_gcn-8fc2be755e.npz,4225688,9f9bb01aee1b,
LP-16e93c5446,sbm,LP,closed_form,label_prop,1,1,,,,,,0.174,0.056292,1.877685,0.835847,0.138,0.051957,1.897219,0.842501,0.268927,0.154664,0.977117,,,,,,,0.9,0.90051,0.8839,0.74226,0.5,3.99149,,,,,,,,4225688,9f9bb01aee1b,uses train labels as inference-time evidence
M2_lap-aca6cc7010,sbm,M2_lap,train,none,1,1,0.001,,,,59,0.994,0.994133,0.157057,0.042379,0.997,0.996984,0.149502,0.037464,0.12598,0.737655,0.900235,,,,,,,0.9,0.90051,0.8839,0.74226,0.5,3.99149,0.005,0.001,64,0.5,3.009,,,4225688,9f9bb01aee1b,
M2_lap-0a6c4afaf4,sbm,M2_lap,train,none,1,1,0.01,,,,59,0.994,0.994133,0.15749,0.042532,0.997,0.996984,0.149936,0.037617,0.126325,0.737191,0.900235,,,,,,,0.9,0.90051,0.8839,0.74226,0.5,3.99149,0.005,0.001,64,0.5,2.88,,,4225688,9f9bb01aee1b,
M2_lap-330e613e4d,sbm,M2_lap,train,none,1,1,0.1,,,,61,0.994,0.994133,0.155057,0.041855,0.997,0.996984,0.147376,0.036897,0.124158,0.740057,0.900235,,,,,,,0.9,0.90051,0.8839,0.74226,0.5,3.99149,0.005,0.001,64,0.5,3.045,,,4225688,9f9bb01aee1b,
M2_lap-7bd8363a67,sbm,M2_lap,train,none,1,1,0.5,,,,52,0.992,0.992047,0.219296,0.065447,0.997,0.996984,0.212615,0.061021,0.175252,0.672265,0.899873,,,,,,,0.9,0.90051,0.8839,0.74226,0.5,3.99149,0.005,0.001,64,0.5,3.106,,,4225688,9f9bb01aee1b,
M2_lap-719a0c96c9,sbm,M2_lap,train,none,1,1,1.0,,,,33,0.99,0.990169,0.510181,0.199257,0.998,0.997973,0.513946,0.201068,0.382126,0.424578,0.89915,,,,,,,0.9,0.90051,0.8839,0.74226,0.5,3.99149,0.005,0.001,64,0.5,2.263,,,4225688,9f9bb01aee1b,
M2_lap-ad9100c7eb,sbm,M2_lap,train,none,1,1,5.0,,,,32,0.99,0.990169,0.676375,0.288429,0.995,0.994995,0.677936,0.289629,0.471536,0.331507,0.897883,,,,,,,0.9,0.90051,0.8839,0.74226,0.5,3.99149,0.005,0.001,64,0.5,2.251,,,4225688,9f9bb01aee1b,
M4_mrf_gcn-f52bb3314e,sbm,M4_mrf_gcn,tuned_grid,mf,1,1,,0.05,,0,,0.994,0.994133,0.128998,0.033409,0.997,0.996984,0.121885,0.028806,0.10309,0.771017,0.900235,1,5,,,,,0.9,0.90051,0.8839,0.74226,0.5,3.99149,,,,,,0.0536,,4225688,9f9bb01aee1b,flip=0.0000
M4_mrf_mlp-d6a0790809,sbm,M4_mrf_mlp,tuned_grid,mf,1,1,,0.05,,0,,0.32,0.307502,1.913943,0.852634,0.263,0.259031,2.009866,0.884692,0.191427,0.16654,0.207489,1,5,,,,,0.9,0.90051,0.8839,0.74226,0.5,3.99149,,,,,,0.0349,,4225688,9f9bb01aee1b,flip=0.0130
M4_mrf_gcn-3f9efb0ec4,sbm,M4_mrf_gcn,tuned_grid,mf,1,1,,0.1,,0,,0.996,0.99622,0.105742,0.026523,0.997,0.996984,0.099142,0.022285,0.083854,0.798682,0.900416,1,5,,,,,0.9,0.90051,0.8839,0.74226,0.5,3.99149,,,,,,0.0283,,4225688,9f9bb01aee1b,flip=0.0000
M4_mrf_mlp-0773c8c56a,sbm,M4_mrf_mlp,tuned_grid,mf,1,1,,0.1,,0,,0.324,0.310921,1.894502,0.845524,0.269,0.26378,1.99048,0.877932,0.188297,0.171515,0.220062,1,6,,,,,0.9,0.90051,0.8839,0.74226,0.5,3.99149,,,,,,0.0347,,4225688,9f9bb01aee1b,flip=0.0270
M4_mrf_gcn-7d15ce2241,sbm,M4_mrf_gcn,tuned_grid,mf,1,1,,0.25,,0,,0.996,0.99622,0.060003,0.014569,0.998,0.997973,0.0549,0.011432,0.046264,0.851704,0.900597,1,6,,,,,0.9,0.90051,0.8839,0.74226,0.5,3.99149,,,,,,0.0337,,4225688,9f9bb01aee1b,flip=0.0010
M4_mrf_mlp-78966f78b5,sbm,M4_mrf_mlp,tuned_grid,mf,1,1,,0.25,,0,,0.362,0.341952,1.824391,0.817862,0.305,0.294437,1.919061,0.850038,0.170695,0.194706,0.281114,1,10,,,,,0.9,0.90051,0.8839,0.74226,0.5,3.99149,,,,,,0.0658,,4225688,9f9bb01aee1b,flip=0.1060
M4_mrf_gcn-f91804fcb9,sbm,M4_mrf_gcn,tuned_grid,mf,1,1,,0.5,,0,,0.996,0.99622,0.028577,0.00777,0.998,0.998021,0.025115,0.005741,0.019344,0.884465,0.900778,1,6,,,,,0.9,0.90051,0.8839,0.74226,0.5,3.99149,,,,,,0.0589,,4225688,9f9bb01aee1b,flip=0.0020
M4_mrf_mlp-9c3d4a2bd9,sbm,M4_mrf_mlp,tuned_grid,mf,1,1,,0.5,,0,,0.43,0.392258,1.855926,0.80546,0.397,0.36365,1.935634,0.827418,0.227303,0.390788,0.57453,1,48,,,,,0.9,0.90051,0.8839,0.74226,0.5,3.99149,,,,,,0.4963,,4225688,9f9bb01aee1b,flip=0.3960
M4_mrf_gcn-371f5a8730,sbm,M4_mrf_gcn,tuned_grid,mf,1,1,,1.0,,0,,0.996,0.99622,0.012579,0.004981,0.998,0.998021,0.010484,0.003446,0.005672,0.897561,0.900778,1,6,,,,,0.9,0.90051,0.8839,0.74226,0.5,3.99149,,,,,,0.0438,,4225688,9f9bb01aee1b,flip=0.0020
M4_mrf_mlp-e54a59cac3,sbm,M4_mrf_mlp,tuned_grid,mf,1,1,,1.0,,0,,0.434,0.326735,4.167621,1.075849,0.425,0.332928,4.297457,1.09091,0.525404,0.863393,0.902496,1,43,,,,,0.9,0.90051,0.8839,0.74226,0.5,3.99149,,,,,,0.3595,,4225688,9f9bb01aee1b,flip=0.6690
M4_mrf_gcn-5e31424b22,sbm,M4_mrf_gcn,tuned_grid,mf,1,1,,2.0,,0,,0.996,0.99622,0.007619,0.004435,0.998,0.998021,0.006493,0.003165,0.001304,0.90031,0.900778,1,5,,,,,0.9,0.90051,0.8839,0.74226,0.5,3.99149,,,,,,0.0324,,4225688,9f9bb01aee1b,flip=0.0020
M4_mrf_mlp-6f739fd474,sbm,M4_mrf_mlp,tuned_grid,mf,1,1,,2.0,,0,,0.432,0.324809,8.367593,1.125772,0.427,0.335285,8.503687,1.134168,0.56404,0.907313,0.910365,1,14,,,,,0.9,0.90051,0.8839,0.74226,0.5,3.99149,,,,,,0.1438,,4225688,9f9bb01aee1b,flip=0.6820
OF-51e3838b55,sbm,Oracle_F,oracle,closed_form,1,1,,,,,,0.746,,,,0.741,,,,,,,,,,,,,0.9,0.90051,0.8839,0.74226,0.5,3.99149,,,,,,,,4225688,9f9bb01aee1b,"feature-only Bayes rule, known generative parameters"
OG-7d80b0ad0d,sbm,Oracle_G,oracle,mf,1,1,,3.99149,,,,1.0,1.0,0.001164,0.000244,0.999,0.999011,0.003459,0.002026,7e-05,0.900586,0.900778,1,5,,,,,0.9,0.90051,0.8839,0.74226,0.5,3.99149,,,,,,,,4225688,9f9bb01aee1b,true Gaussian unaries + generator-implied coupling
M0_mlp-f7e1e80177,sbm,M0_mlp,train,none,5,1,0.0,,,,29,0.474,0.470873,1.463824,0.6863,0.494,0.492388,1.414307,0.666242,0.082151,0.221912,0.306892,,,,,,,0.9,0.90051,0.8839,0.74226,0.5,3.99149,0.01,0.0005,64,0.5,0.285,,results/logits/M0_mlp-f7e1e80177.npz,4225688,9f9bb01aee1b,
M1_gcn-202a8463de,sbm,M1_gcn,train,none,5,1,0.0,,,,22,0.996,0.996057,0.703786,0.301331,0.994,0.993828,0.699564,0.298997,0.479087,0.321022,0.899692,,,,,,,0.9,0.90051,0.8839,0.74226,0.5,3.99149,0.005,0.001,64,0.5,1.656,,results/logits/M1_gcn-202a8463de.npz,4225688,9f9bb01aee1b,
LP-7a9c6b6051,sbm,LP,closed_form,label_prop,5,1,,,,,,0.872,0.875708,1.53332,0.71485,0.879,0.884788,1.545868,0.708605,0.652724,0.157898,0.806621,,,,,,,0.9,0.90051,0.8839,0.74226,0.5,3.99149,,,,,,,,4225688,9f9bb01aee1b,uses train labels as inference-time evidence
M2_lap-f9d1c5fe89,sbm,M2_lap,train,none,5,1,0.001,,,,22,0.996,0.996057,0.703796,0.301336,0.994,0.993828,0.699573,0.299002,0.479092,0.321017,0.899692,,,,,,,0.9,0.90051,0.8839,0.74226,0.5,3.99149,0.005,0.001,64,0.5,2.247,,,4225688,9f9bb01aee1b,
M2_lap-e390d087a9,sbm,M2_lap,train,none,5,1,0.01,,,,22,0.996,0.996057,0.703878,0.301381,0.994,0.993828,0.699654,0.299046,0.479139,0.32097,0.899692,,,,,,,0.9,0.90051,0.8839,0.74226,0.5,3.99149,0.005,0.001,64,0.5,1.99,,,4225688,9f9bb01aee1b,
M2_lap-3de61db8d3,sbm,M2_lap,train,none,5,1,0.1,,,,22,0.996,0.996057,0.704713,0.301836,0.994,0.993828,0.700477,0.299493,0.479615,0.320492,0.899692,,,,,,,0.9,0.90051,0.8839,0.74226,0.5,3.99149,0.005,0.001,64,0.5,1.986,,,4225688,9f9bb01aee1b,
M2_lap-b39c24b994,sbm,M2_lap,train,none,5,1,0.5,,,,22,0.996,0.996057,0.708505,0.303895,0.994,0.993828,0.704199,0.301514,0.481776,0.318321,0.899692,,,,,,,0.9,0.90051,0.8839,0.74226,0.5,3.99149,0.005,0.001,64,0.5,2.024,,,4225688,9f9bb01aee1b,
M2_lap-3314033bdd,sbm,M2_lap,train,none,5,1,1.0,,,,21,0.996,0.996057,0.765745,0.335587,0.994,0.993828,0.760917,0.332811,0.510147,0.293708,0.899692,,,,,,,0.9,0.90051,0.8839,0.74226,0.5,3.99149,0.005,0.001,64,0.5,1.968,,,4225688,9f9bb01aee1b,
M2_lap-53fecdec1f,sbm,M2_lap,train,none,5,1,5.0,,,,13,0.994,0.994032,1.229505,0.581011,0.991,0.990764,1.222872,0.577591,0.689159,0.178509,0.897793,,,,,,,0.9,0.90051,0.8839,0.74226,0.5,3.99149,0.005,0.001,64,0.5,1.748,,,4225688,9f9bb01aee1b,
M4_mrf_gcn-cfb84ce9a3,sbm,M4_mrf_gcn,tuned_grid,mf,5,1,,0.05,,0,,0.996,0.996057,0.628967,0.260209,0.994,0.993828,0.625241,0.25837,0.438344,0.362151,0.899873,1,5,,,,,0.9,0.90051,0.8839,0.74226,0.5,3.99149,,,,,,0.0474,,4225688,9f9bb01aee1b,flip=0.0000
M4_mrf_mlp-291d6cd071,sbm,M4_mrf_mlp,tuned_grid,mf,5,1,,0.05,,0,,0.492,0.489358,1.40497,0.662338,0.512,0.510468,1.353149,0.641864,0.075975,0.235951,0.327876,1,5,,,,,0.9,0.90051,0.8839,0.74226,0.5,3.99149,,,,,,0.0345,,4225688,9f9bb01aee1b,flip=0.0240
M4_mrf_gcn-e5b51e5843,sbm,M4_mrf_gcn,tuned_grid,mf,5,1,,0.1,,0,,0.996,0.996057,0.546733,0.216217,0.994,0.993828,0.543816,0.215144,0.390804,0.414286,0.899964,1,7,,,,,0.9,0.90051,0.8839,0.74226,0.5,3.99149,,,,,,0.0595,,4225688,9f9bb01aee1b,flip=0.0000
M4_mrf_mlp-930638c7b7,sbm,M4_mrf_mlp,tuned_grid,mf,5,1,,0.1,,0,,0.51,0.507976,1.340836,0.635532,0.534,0.532,1.286282,0.614258,0.058423,0.252871,0.352931,1,6,,,,,0.9,0.90051,0.8839,0.74226,0.5,3.99149,,,,,,0.0524,,4225688,9f9bb01aee1b,flip=0.0510
M4_mrf_gcn-c79c3ae1a9,sbm,M4_mrf_gcn,tuned_grid,mf,5,1,,0.25,,0,,0.996,0.995908,0.298442,0.096393,0.994,0.993828,0.298485,0.097286,0.229507,0.615944,0.900506,1,10,,,,,0.9,0.90051,0.8839,0.74226,0.5,3.99149,,,,,,0.0977,,4225688,9f9bb01aee1b,flip=0.0000
M4_mrf_mlp-fb192ea3a3,sbm,M4_mrf_mlp,tuned_grid,mf,5,1,,0.25,,0,,0.612,0.610962,1.103314,0.532084,0.61,0.608873,1.038605,0.504504,0.040603,0.329755,0.457851,1,11,,,,,0.9,0.90051,0.8839,0.74226,0.5,3.99149,,,,,,0.0612,,4225688,9f9bb01aee1b,flip=0.1340
M4_mrf_gcn-30492f2708,sbm,M4_mrf_gcn,tuned_grid,mf,5,1,,0.5,,0,,0.996,0.99595,0.101534,0.026796,0.995,0.994874,0.101397,0.026486,0.077242,0.820229,0.900778,1,9,,,,,0.9,0.90051,0.8839,0.74226,0.5,3.99149,,,,,,0.08,,4225688,9f9bb01aee1b,flip=0.0010
M4_mrf_mlp-7f9516c063,sbm,M4_mrf_mlp,tuned_grid,mf,5,1,,0.5,,0,,0.828,0.830134,0.50541,0.245138,0.851,0.851023,0.456095,0.217844,0.061056,0.593459,0.736614,1,21,,,,,0.9,0.90051,0.8839,0.74226,0.5,3.99149,,,,,,0.1123,,4225688,9f9bb01aee1b,flip=0.3670
M4_mrf_gcn-7279c9e9ed,sbm,M4_mrf_gcn,tuned_grid,mf,5,1,,1.0,,0,,0.998,0.998056,0.031794,0.010729,0.995,0.994874,0.031255,0.010619,0.015589,0.889367,0.900778,1,7,,,,,0.9,0.90051,0.8839,0.74226,0.5,3.99149,,,,,,0.0914,,4225688,9f9bb01aee1b,flip=0.0010
M4_mrf_mlp-f7a74941f5,sbm,M4_mrf_mlp,tuned_grid,mf,5,1,,1.0,,0,,0.976,0.975881,0.08533,0.038061,0.981,0.980893,0.073317,0.030795,0.023258,0.859555,0.8892,1,15,,,,,0.9,0.90051,0.8839,0.74226,0.5,3.99149,,,,,,0.1091,,4225688,9f9bb01aee1b,flip=0.4900
M4_mrf_gcn-74f9ae679e,sbm,M4_mrf_gcn,tuned_grid,mf,5,1,,2.0,,0,,0.998,0.998056,0.01498,0.007184,0.995,0.994874,0.018623,0.00881,0.002196,0.899572,0.900778,1,7,,,,,0.9,0.90051,0.8839,0.74226,0.5,3.99149,,,,,,0.1136,,4225688,9f9bb01aee1b,flip=0.0010
M4_mrf_mlp-5e136b8521,sbm,M4_mrf_mlp,tuned_grid,mf,5,1,,2.0,,0,,0.988,0.988267,0.023995,0.012244,0.995,0.994947,0.023977,0.010678,0.003116,0.897844,0.900054,1,7,,,,,0.9,0.90051,0.8839,0.74226,0.5,3.99149,,,,,,0.0853,,4225688,9f9bb01aee1b,flip=0.5020
OF-e67b642a2b,sbm,Oracle_F,oracle,closed_form,5,1,,,,,,0.744,,,,0.726,,,,,,,,,,,,,0.9,0.90051,0.8839,0.74226,0.5,3.99149,,,,,,,,4225688,9f9bb01aee1b,"feature-only Bayes rule, known generative parameters"
OG-b72ae45351,sbm,Oracle_G,oracle,mf,5,1,,3.99149,,,,1.0,1.0,0.001297,0.00031,0.995,0.994903,0.015445,0.007735,0.003531,0.900586,0.900778,1,5,,,,,0.9,0.90051,0.8839,0.74226,0.5,3.99149,,,,,,,,4225688,9f9bb01aee1b,true Gaussian unaries + generator-implied coupling
M0_mlp-a081aecbcd,sbm,M0_mlp,train,none,20,1,0.0,,,,30,0.666,0.665103,1.086194,0.494177,0.592,0.593058,1.112793,0.536672,0.095878,0.317536,0.414616,,,,,,,0.9,0.90051,0.8839,0.74226,0.5,3.99149,0.01,0.0005,64,0.5,0.33,,results/logits/M0_mlp-a081aecbcd.npz,4225688,9f9bb01aee1b,
M1_gcn-98fe402d45,sbm,M1_gcn,train,none,20,1,0.0,,,,24,0.998,0.997885,0.506612,0.193762,0.994,0.993893,0.534135,0.208195,0.389433,0.415887,0.900054,,,,,,,0.9,0.90051,0.8839,0.74226,0.5,3.99149,0.005,0.001,64,0.5,1.831,,results/logits/M1_gcn-98fe402d45.npz,4225688,9f9bb01aee1b,
LP-c05df7a522,sbm,LP,closed_form,label_prop,20,1,,,,,,0.99,0.990068,1.024151,0.422873,0.987,0.987139,0.936876,0.430944,0.586327,0.243758,0.89924,,,,,,,0.9,0.90051,0.8839,0.74226,0.5,3.99149,,,,,,,,4225688,9f9bb01aee1b,uses train labels as inference-time evidence
M2_lap-a6f4055d33,sbm,M2_lap,train,none,20,1,0.001,,,,24,0.998,0.997885,0.506622,0.193766,0.994,0.993893,0.534145,0.2082,0.389439,0.41588,0.900054,,,,,,,0.9,0.90051,0.8839,0.74226,0.5,3.99149,0.005,0.001,64,0.5,2.005,,,4225688,9f9bb01aee1b,
M2_lap-b9e9ceaad2,sbm,M2_lap,train,none,20,1,0.01,,,,24,0.998,0.997885,0.506705,0.193807,0.994,0.993893,0.534228,0.208242,0.389494,0.415815,0.900054,,,,,,,0.9,0.90051,0.8839,0.74226,0.5,3.99149,0.005,0.001,64,0.5,2.079,,,4225688,9f9bb01aee1b,
M2_lap-5899b5faea,sbm,M2_lap,train,none,20,1,0.1,,,,24,0.998,0.997885,0.507561,0.194229,0.994,0.993893,0.535096,0.208679,0.390057,0.415147,0.900054,,,,,,,0.9,0.90051,0.8839,0.74226,0.5,3.99149,0.005,0.001,64,0.5,2.039,,,4225688,9f9bb01aee1b,
M2_lap-a9f5ed70e7,sbm,M2_lap,train,none,20,1,0.5,,,,23,0.998,0.997885,0.558846,0.221418,0.994,0.993893,0.586535,0.23613,0.419857,0.38388,0.900054,,,,,,,0.9,0.90051,0.8839,0.74226,0.5,3.99149,0.005,0.001,64,0.5,1.983,,,4225688,9f9bb01aee1b,
M2_lap-85cbb5b06b,sbm,M2_lap,train,none,20,1,1.0,,,,23,0.998,0.997885,0.563676,0.223876,0.994,0.993893,0.591412,0.238659,0.422907,0.380378,0.900054,,,,,,,0.9,0.90051,0.8839,0.74226,0.5,3.99149,0.005,0.001,64,0.5,2.36,,,4225688,9f9bb01aee1b,
M2_lap-bcc7b2b814,sbm,M2_lap,train,none,20,1,5.0,,,,22,0.998,0.997885,0.659736,0.275748,0.994,0.993893,0.6876,0.290973,0.476912,0.325431,0.900145,,,,,,,0.9,0.90051,0.8839,0.74226,0.5,3.99149,0.005,0.001,64,0.5,2.066,,,4225688,9f9bb01aee1b,
M4_mrf_gcn-de056a52cc,sbm,M4_mrf_gcn,tuned_grid,mf,20,1,,0.05,,0,,0.996,0.995856,0.437079,0.158548,0.995,0.99491,0.463193,0.171749,0.345907,0.469093,0.900235,1,5,,,,,0.9,0.90051,0.8839,0.74226,0.5,3.99149,,,,,,0.0355,,4225688,9f9bb01aee1b,flip=0.0010
M4_mrf_mlp-909e7a1b8c,sbm,M4_mrf_mlp,tuned_grid,mf,20,1,,0.05,,0,,0.678,0.676012,1.012061,0.462597,0.621,0.621478,1.031081,0.500334,0.065512,0.343469,0.444645,1,5,,,,,0.9,0.90051,0.8839,0.74226,0.5,3.99149,,,,,,0.0518,,4225688,9f9bb01aee1b,flip=0.0300
M4_mrf_gcn-832af8c970,sbm,M4_mrf_gcn,tuned_grid,mf,20,1,,0.1,,0,,0.996,0.995856,0.367111,0.125248,0.995,0.99491,0.391299,0.136846,0.298189,0.529064,0.900235,1,6,,,,,0.9,0.90051,0.8839,0.74226,0.5,3.99149,,,,,,0.0322,,4225688,9f9bb01aee1b,flip=0.0010
M4_mrf_mlp-6542186b6c,sbm,M4_mrf_mlp,tuned_grid,mf,20,1,,0.1,,0,,0.7,0.6974,0.933952,0.428898,0.655,0.655019,0.944787,0.460531,0.048954,0.373591,0.481006,1,6,,,,,0.9,0.90051,0.8839,0.74226,0.5,3.99149,,,,,,0.0354,,4225688,9f9bb01aee1b,flip=0.0660
M4_mrf_gcn-183e1d299a,sbm,M4_mrf_gcn,tuned_grid,mf,20,1,,0.25,,0,,0.996,0.995856,0.193564,0.054443,0.997,0.996947,0.210422,0.060935,0.168407,0.704684,0.900778,1,9,,,,,0.9,0.90051,0.8839,0.74226,0.5,3.99149,,,,,,0.0593,,4225688,9f9bb01aee1b,flip=0.0030
M4_mrf_mlp-e518ede4c8,sbm,M4_mrf_mlp,tuned_grid,mf,20,1,,0.25,,0,,0.782,0.780101,0.682222,0.318247,0.774,0.773714,0.667991,0.325053,0.033588,0.491381,0.621111,1,9,,,,,0.9,0.90051,0.8839,0.74226,0.5,3.99149,,,,,,0.0708,,4225688,9f9bb01aee1b,flip=0.1860
M4_mrf_gcn-bb6d9c24ae,sbm,M4_mrf_gcn,tuned_grid,mf,20,1,,0.5,,0,,0.996,0.995856,0.072411,0.018604,0.997,0.996947,0.080468,0.020692,0.062636,0.843561,0.900778,1,8,,,,,0.9,0.90051,0.8839,0.74226,0.5,3.99149,,,,,,0.0718,,4225688,9f9bb01aee1b,flip=0.0030
M4_mrf_mlp-1b142616d2,sbm,M4_mrf_mlp,tuned_grid,mf,20,1,,0.5,,0,,0.896,0.896739,0.319934,0.152526,0.913,0.912766,0.292415,0.133306,0.043367,0.706619,0.792963,1,12,,,,,0.9,0.90051,0.8839,0.74226,0.5,3.99149,,,,,,0.1065,,4225688,9f9bb01aee1b,flip=0.3240
M4_mrf_gcn-390831fb4d,sbm,M4_mrf_gcn,tuned_grid,mf,20,1,,1.0,,0,,0.998,0.997885,0.025392,0.008633,0.997,0.996947,0.026397,0.008295,0.015608,0.892019,0.900778,1,7,,,,,0.9,0.90051,0.8839,0.74226,0.5,3.99149,,,,,,0.0497,,4225688,9f9bb01aee1b,flip=0.0030
M4_mrf_mlp-7e3bfeb396,sbm,M4_mrf_mlp,tuned_grid,mf,20,1,,1.0,,0,,0.974,0.974026,0.075497,0.036217,0.983,0.983028,0.07078,0.029116,0.01295,0.867439,0.88703,1,13,,,,,0.9,0.90051,0.8839,0.74226,0.5,3.99149,,,,,,0.1334,,4225688,9f9bb01aee1b,flip=0.3920
M4_mrf_gcn-312eb4c55f,sbm,M4_mrf_gcn,tuned_grid,mf,20,1,,2.0,,0,,0.998,0.997885,0.014916,0.007304,0.997,0.996947,0.013352,0.006042,0.003342,0.899793,0.900778,1,7,,,,,0.9,0.90051,0.8839,0.74226,0.5,3.99149,,,,,,0.0522,,4225688,9f9bb01aee1b,flip=0.0030
M4_mrf_mlp-cfec1f765c,sbm,M4_mrf_mlp,tuned_grid,mf,20,1,,2.0,,0,,0.994,0.994106,0.01648,0.008833,0.994,0.994016,0.025401,0.011151,0.000855,0.897239,0.898878,1,13,,,,,0.9,0.90051,0.8839,0.74226,0.5,3.99149,,,,,,0.1068,,4225688,9f9bb01aee1b,flip=0.4020
OF-4f13fd9a9b,sbm,Oracle_F,oracle,closed_form,20,1,,,,,,0.762,,,,0.716,,,,,,,,,,,,,0.9,0.90051,0.8839,0.74226,0.5,3.99149,,,,,,,,4225688,9f9bb01aee1b,"feature-only Bayes rule, known generative parameters"
OG-ffd414e80d,sbm,Oracle_G,oracle,mf,20,1,,3.99149,,,,0.998,0.997885,0.006216,0.003034,0.998,0.998032,0.009284,0.003872,0.000821,0.900586,0.900778,1,5,,,,,0.9,0.90051,0.8839,0.74226,0.5,3.99149,,,,,,,,4225688,9f9bb01aee1b,true Gaussian unaries + generator-implied coupling
M0_mlp-e88f374bb3,sbm,M0_mlp,train,none,1,2,0.0,,,,12,0.256,0.226566,1.869372,0.831336,0.284,0.263434,1.857035,0.827128,0.04387,0.148516,0.229656,,,,,,,0.9,0.89911,0.88228,0.73943,0.5,3.99149,0.01,0.0005,64,0.5,0.218,,results/logits/M0_mlp-e88f374bb3.npz,4225688,9f9bb01aee1b,
M1_gcn-b7c134ae1c,sbm,M1_gcn,train,none,1,2,0.0,,,,33,1.0,1.0,0.555199,0.223423,0.997,0.997094,0.555405,0.223155,0.396911,0.411504,0.897132,,,,,,,0.9,0.89911,0.88228,0.73943,0.5,3.99149,0.005,0.001,64,0.5,1.949,,results/logits/M1_gcn-b7c134ae1c.npz,4225688,9f9bb01aee1b,
LP-9bafdf3c04,sbm,LP,closed_form,label_prop,1,2,,,,,,0.214,0.112939,1.849622,0.826209,0.148,0.066796,1.870673,0.833861,0.251919,0.151156,0.962773,,,,,,,0.9,0.89911,0.88228,0.73943,0.5,3.99149,,,,,,,,4225688,9f9bb01aee1b,uses train labels as inference-time evidence
M2_lap-e568d7b209,sbm,M2_lap,train,none,1,2,0.001,,,,33,1.0,1.0,0.555224,0.223435,0.997,0.997094,0.555429,0.223167,0.396927,0.411485,0.897132,,,,,,,0.9,0.89911,0.88228,0.73943,0.5,3.99149,0.005,0.001,64,0.5,2.243,,,4225688,9f9bb01aee1b,
M2_lap-b2dddc9ca6,sbm,M2_lap,train,none,1,2,0.01,,,,33,1.0,1.0,0.555452,0.223548,0.997,0.997094,0.555649,0.223277,0.39707,0.411317,0.897132,,,,,,,0.9,0.89911,0.88228,0.73943,0.5,3.99149,0.005,0.001,64,0.5,2.282,,,4225688,9f9bb01aee1b,
M2_lap-15b0b56976,sbm,M2_lap,train,none,1,2,0.1,,,,33,1.0,1.0,0.557665,0.224648,0.997,0.997094,0.557788,0.224349,0.398456,0.409701,0.897401,,,,,,,0.9,0.89911,0.88228,0.73943,0.5,3.99149,0.005,0.001,64,0.5,2.526,,,4225688,9f9bb01aee1b,
M2_lap-59fdb7a96d,sbm,M2_lap,train,none,1,2,0.5,,,,33,1.0,1.0,0.568288,0.229977,0.997,0.997094,0.568062,0.229535,0.405046,0.402089,0.897581,,,,,,,0.9,0.89911,0.88228,0.73943,0.5,3.99149,0.005,0.001,64,0.5,2.239,,,4225688,9f9bb01aee1b,
M2_lap-9075a915bd,sbm,M2_lap,train,none,1,2,1.0,,,,32,1.0,1.0,0.610227,0.251861,0.997,0.997094,0.610063,0.251493,0.428633,0.378369,0.897581,,,,,,,0.9,0.89911,0.88228,0.73943,0.5,3.99149,0.005,0.001,64,0.5,2.26,,,4225688,9f9bb01aee1b,
M2_lap-72ba0ffdc0,sbm,M2_lap,train,none,1,2,5.0,,,,28,1.0,1.0,0.827424,0.368649,0.996,0.99607,0.823995,0.366632,0.53905,0.274861,0.897491,,,,,,,0.9,0.89911,0.88228,0.73943,0.5,3.99149,0.005,0.001,64,0.5,2.196,,,4225688,9f9bb01aee1b,
M4_mrf_gcn-23d3475012,sbm,M4_mrf_gcn,tuned_grid,mf,1,2,,0.05,,0,,1.0,1.0,0.488713,0.189895,0.996,0.996069,0.488119,0.189142,0.354761,0.458787,0.897491,1,5,,,,,0.9,0.89911,0.88228,0.73943,0.5,3.99149,,,,,,0.0599,,4225688,9f9bb01aee1b,flip=0.0010
M4_mrf_mlp-1f5f8df23f,sbm,M4_mrf_mlp,tuned_grid,mf,1,2,,0.05,,0,,0.262,0.231349,1.859141,0.828031,0.289,0.265665,1.84801,0.824044,0.047989,0.149776,0.244762,1,5,,,,,0.9,0.89911,0.88228,0.73943,0.5,3.99149,,,,,,0.0502,,4225688,9f9bb01aee1b,flip=0.0250
M4_mrf_gcn-5677b06c1d,sbm,M4_mrf_gcn,tuned_grid,mf,1,2,,0.1,,0,,1.0,1.0,0.420611,0.156834,0.996,0.996069,0.419229,0.155751,0.310675,0.511522,0.897491,1,7,,,,,0.9,0.89911,0.88228,0.73943,0.5,3.99149,,,,,,0.0466,,4225688,9f9bb01aee1b,flip=0.0010
M4_mrf_mlp-836d6f79a9,sbm,M4_mrf_mlp,tuned_grid,mf,1,2,,0.1,,0,,0.27,0.236649,1.847651,0.824215,0.289,0.264427,1.8379,0.820494,0.043195,0.151296,0.261577,1,6,,,,,0.9,0.89911,0.88228,0.73943,0.5,3.99149,,,,,,0.0352,,4225688,9f9bb01aee1b,flip=0.0430
M4_mrf_gcn-821068c474,sbm,M4_mrf_gcn,tuned_grid,mf,1,2,,0.25,,0,,1.0,1.0,0.232876,0.073124,0.997,0.99709,0.231144,0.072674,0.182514,0.67374,0.897941,1,11,,,,,0.9,0.89911,0.88228,0.73943,0.5,3.99149,,,,,,0.0859,,4225688,9f9bb01aee1b,flip=0.0020
M4_mrf_mlp-b0f29f2398,sbm,M4_mrf_mlp,tuned_grid,mf,1,2,,0.25,,0,,0.296,0.251263,1.799333,0.80678,0.308,0.268481,1.795732,0.804512,0.042647,0.15938,0.332614,1,12,,,,,0.9,0.89911,0.88228,0.73943,0.5,3.99149,,,,,,0.1159,,4225688,9f9bb01aee1b,flip=0.1380
M4_mrf_gcn-d7a1620122,sbm,M4_mrf_gcn,tuned_grid,mf,1,2,,0.5,,0,,1.0,1.0,0.075378,0.017366,1.0,1.0,0.073668,0.017251,0.063454,0.831848,0.89902,1,10,,,,,0.9,0.89911,0.88228,0.73943,0.5,3.99149,,,,,,0.0896,,4225688,9f9bb01aee1b,flip=0.0030
M4_mrf_mlp-fb8aa91373,sbm,M4_mrf_mlp,tuned_grid,mf,1,2,,0.5,,0,,0.334,0.19613,2.18352,0.960471,0.274,0.191314,2.397994,1.045816,0.418632,0.566342,0.896592,1,253,,,,,0.9,0.89911,0.88228,0.73943,0.5,3.99149,,,,,,2.5938,,4225688,9f9bb01aee1b,flip=0.6040
M4_mrf_gcn-cd00eaf362,sbm,M4_mrf_gcn,tuned_grid,mf,1,2,,1.0,,0,,1.0,1.0,0.016909,0.00389,1.0,1.0,0.016345,0.003905,0.014115,0.889339,0.89911,1,8,,,,,0.9,0.89911,0.88228,0.73943,0.5,3.99149,,,,,,0.078,,4225688,9f9bb01aee1b,flip=0.0030
M4_mrf_mlp-d77ab84d1c,sbm,M4_mrf_mlp,tuned_grid,mf,1,2,,1.0,,0,,0.462,0.297853,4.00907,1.049119,0.413,0.294136,4.505627,1.140629,0.552807,0.90427,0.933819,1,15,,,,,0.9,0.89911,0.88228,0.73943,0.5,3.99149,,,,,,0.2398,,4225688,9f9bb01aee1b,flip=0.6350
M4_mrf_gcn-1fcba2c4f7,sbm,M4_mrf_gcn,tuned_grid,mf,1,2,,2.0,,0,,1.0,1.0,0.004497,0.001734,1.0,1.0,0.003639,0.001013,0.003092,0.898155,0.89911,1,7,,,,,0.9,0.89911,0.88228,0.73943,0.5,3.99149,,,,,,0.0594,,4225688,9f9bb01aee1b,flip=0.0030
M4_mrf_mlp-ec92a904a5,sbm,M4_mrf_mlp,tuned_grid,mf,1,2,,2.0,,0,,0.462,0.298468,7.967815,1.073078,0.414,0.294814,8.965821,1.168214,0.580728,0.932466,0.934538,1,13,,,,,0.9,0.89911,0.88228,0.73943,0.5,3.99149,,,,,,0.0869,,4225688,9f9bb01aee1b,flip=0.6360
OF-80d2cc1a8b,sbm,Oracle_F,oracle,closed_form,1,2,,,,,,0.714,,,,0.751,,,,,,,,,,,,,0.9,0.89911,0.88228,0.73943,0.5,3.99149,,,,,,,,4225688,9f9bb01aee1b,"feature-only Bayes rule, known generative parameters"
OG-3419cc0b4c,sbm,Oracle_G,oracle,mf,1,2,,3.99149,,,,1.0,1.0,0.00037,5.9e-05,1.0,1.0,0.000118,3e-06,0.000117,0.899016,0.89911,1,5,,,,,0.9,0.89911,0.88228,0.73943,0.5,3.99149,,,,,,,,4225688,9f9bb01aee1b,true Gaussian unaries + generator-implied coupling
M0_mlp-f7d9e9be80,sbm,M0_mlp,train,none,5,2,0.0,,,,73,0.434,0.429414,2.048586,0.843257,0.433,0.431864,2.225335,0.862314,0.30354,0.215639,0.240176,,,,,,,0.9,0.89911,0.88228,0.73943,0.5,3.99149,0.01,0.0005,64,0.5,0.51,,results/logits/M0_mlp-f7d9e9be80.npz,4225688,9f9bb01aee1b,
M1_gcn-b0ea5a317c,sbm,M1_gcn,train,none,5,2,0.0,,,,43,1.0,1.0,0.145463,0.036402,0.999,0.998964,0.13304,0.030202,0.115714,0.746685,0.89902,,,,,,,0.9,0.89911,0.88228,0.73943,0.5,3.99149,0.005,0.001,64,0.5,2.35,,results/logits/M1_gcn-b0ea5a317c.npz,4225688,9f9bb01aee1b,
LP-b048005cb5,sbm,LP,closed_form,label_prop,5,2,,,,,,0.806,0.740479,1.534935,0.714235,0.788,0.758199,1.547268,0.718324,0.572812,0.160875,0.785541,,,,,,,0.9,0.89911,0.88228,0.73943,0.5,3.99149,,,,,,,,4225688,9f9bb01aee1b,uses train labels as inference-time evidence
M2_lap-3981198d5d,sbm,M2_lap,train,none,5,2,0.001,,,,43,1.0,1.0,0.14548,0.036408,0.999,0.998964,0.133057,0.030207,0.115728,0.746666,0.89902,,,,,,,0.9,0.89911,0.88228,0.73943,0.5,3.99149,0.005,0.001,64,0.5,2.672,,,4225688,9f9bb01aee1b,
M2_lap-6149e2c7ea,sbm,M2_lap,train,none,5,2,0.01,,,,43,1.0,1.0,0.14564,0.036459,0.999,0.998964,0.133213,0.030255,0.115858,0.746487,0.89902,,,,,,,0.9,0.89911,0.88228,0.73943,0.5,3.99149,0.005,0.001,64,0.5,2.703,,,4225688,9f9bb01aee1b,
M2_lap-46c45f3d21,sbm,M2_lap,train,none,5,2,0.1,,,,43,1.0,1.0,0.147294,0.036994,0.999,0.998964,0.134833,0.030748,0.117197,0.744643,0.89902,,,,,,,0.9,0.89911,0.88228,0.73943,0.5,3.99149,0.005,0.001,64,0.5,2.801,,,4225688,9f9bb01aee1b,
M2_lap-7a192f8a7e,sbm,M2_lap,train,none,5,2,0.5,,,,43,1.0,1.0,0.155059,0.039544,0.999,0.998964,0.142436,0.033105,0.123455,0.736038,0.89902,,,,,,,0.9,0.89911,0.88228,0.73943,0.5,3.99149,0.005,0.001,64,0.5,2.622,,,4225688,9f9bb01aee1b,
M2_lap-a8c7f0118b,sbm,M2_lap,train,none,5,2,1.0,,,,43,1.0,1.0,0.166254,0.043307,0.999,0.998964,0.153465,0.036629,0.132458,0.723701,0.89902,,,,,,,0.9,0.89911,0.88228,0.73943,0.5,3.99149,0.005,0.001,64,0.5,2.602,,,4225688,9f9bb01aee1b,
M2_lap-ccf86b293e,sbm,M2_lap,train,none,5,2,5.0,,,,34,0.998,0.998004,0.44503,0.162015,0.999,0.998964,0.433729,0.155169,0.336783,0.463497,0.89866,,,,,,,0.9,0.89911,0.88228,0.73943,0.5,3.99149,0.005,0.001,64,0.5,2.413,,,4225688,9f9bb01aee1b,
M4_mrf_gcn-8e171b4b46,sbm,M4_mrf_gcn,tuned_grid,mf,5,2,,0.05,,0,,1.0,1.0,0.119509,0.028539,0.999,0.998964,0.107502,0.022919,0.094153,0.778369,0.89902,1,4,,,,,0.9,0.89911,0.88228,0.73943,0.5,3.99149,,,,,,0.0216,,4225688,9f9bb01aee1b,flip=0.0000
M4_mrf_mlp-120c0d04e8,sbm,M4_mrf_mlp,tuned_grid,mf,5,2,,0.05,,0,,0.446,0.441854,1.989474,0.82449,0.44,0.438973,2.167585,0.846163,0.300176,0.225403,0.249978,1,5,,,,,0.9,0.89911,0.88228,0.73943,0.5,3.99149,,,,,,0.0276,,4225688,9f9bb01aee1b,flip=0.0090
M4_mrf_gcn-ffb086f8cf,sbm,M4_mrf_gcn,tuned_grid,mf,5,2,,0.1,,0,,1.0,1.0,0.098103,0.02252,0.999,0.998964,0.086701,0.017527,0.076261,0.804316,0.89902,1,5,,,,,0.9,0.89911,0.88228,0.73943,0.5,3.99149,,,,,,0.0259,,4225688,9f9bb01aee1b,flip=0.0000
M4_mrf_mlp-dcc61124b6,sbm,M4_mrf_mlp,tuned_grid,mf,5,2,,0.1,,0,,0.456,0.451977,1.927733,0.804101,0.451,0.449681,2.107133,0.828833,0.293345,0.236237,0.263735,1,5,,,,,0.9,0.89911,0.88228,0.73943,0.5,3.99149,,,,,,0.0292,,4225688,9f9bb01aee1b,flip=0.0250
M4_mrf_gcn-054d1b6d3a,sbm,M4_mrf_gcn,tuned_grid,mf,5,2,,0.25,,0,,1.0,1.0,0.05577,0.011877,0.999,0.998964,0.046753,0.00864,0.041055,0.853304,0.89911,1,5,,,,,0.9,0.89911,0.88228,0.73943,0.5,3.99149,,,,,,0.0301,,4225688,9f9bb01aee1b,flip=0.0000
M4_mrf_mlp-b02b3065bc,sbm,M4_mrf_mlp,tuned_grid,mf,5,2,,0.25,,0,,0.514,0.508576,1.721094,0.73226,0.482,0.479927,1.903287,0.767716,0.279079,0.277435,0.311663,1,8,,,,,0.9,0.89911,0.88228,0.73943,0.5,3.99149,,,,,,0.0585,,4225688,9f9bb01aee1b,flip=0.0680
M4_mrf_gcn-520627732a,sbm,M4_mrf_gcn,tuned_grid,mf,5,2,,0.5,,0,,1.0,1.0,0.025316,0.005233,0.999,0.998964,0.019895,0.00379,0.016776,0.88357,0.89911,1,6,,,,,0.9,0.89911,0.88228,0.73943,0.5,3.99149,,,,,,0.0517,,4225688,9f9bb01aee1b,flip=0.0000
M4_mrf_mlp-ab6499c925,sbm,M4_mrf_mlp,tuned_grid,mf,5,2,,0.5,,0,,0.606,0.598066,1.280936,0.572974,0.583,0.579021,1.450078,0.61853,0.215174,0.385295,0.428019,1,17,,,,,0.9,0.89911,0.88228,0.73943,0.5,3.99149,,,,,,0.133,,4225688,9f9bb01aee1b,flip=0.1710
M4_mrf_gcn-c23411bed1,sbm,M4_mrf_gcn,tuned_grid,mf,5,2,,1.0,,0,,1.0,1.0,0.00829,0.00176,0.999,0.998964,0.006536,0.001689,0.004543,0.896036,0.89911,1,6,,,,,0.9,0.89911,0.88228,0.73943,0.5,3.99149,,,,,,0.0611,,4225688,9f9bb01aee1b,flip=0.0000
M4_mrf_mlp-681f6fb072,sbm,M4_mrf_mlp,tuned_grid,mf,5,2,,1.0,,0,,0.892,0.891255,0.315084,0.152852,0.884,0.883408,0.367047,0.170924,0.037624,0.736627,0.778167,1,53,,,,,0.9,0.89911,0.88228,0.73943,0.5,3.99149,,,,,,0.452,,4225688,9f9bb01aee1b,flip=0.4550
M4_mrf_gcn-67527390df,sbm,M4_mrf_gcn,tuned_grid,mf,5,2,,2.0,,0,,1.0,1.0,0.002198,0.000412,0.999,0.998964,0.002683,0.001179,0.000987,0.898714,0.89911,1,5,,,,,0.9,0.89911,0.88228,0.73943,0.5,3.99149,,,,,,0.1259,,4225688,9f9bb01aee1b,flip=0.0000
M4_mrf_mlp-d5a88ab8ae,sbm,M4_mrf_mlp,tuned_grid,mf,5,2,,2.0,,0,,0.984,0.983145,0.047755,0.024911,0.987,0.987224,0.046517,0.023347,0.001747,0.885749,0.891197,1,28,,,,,0.9,0.89911,0.88228,0.73943,0.5,3.99149,,,,,,0.1917,,4225688,9f9bb01aee1b,flip=0.5550
OF-077800ce75,sbm,Oracle_F,oracle,closed_form,5,2,,,,,,0.748,,,,0.743,,,,,,,,,,,,,0.9,0.89911,0.88228,0.73943,0.5,3.99149,,,,,,,,4225688,9f9bb01aee1b,"feature-only Bayes rule, known generative parameters"
OG-bc97f1e374,sbm,Oracle_G,oracle,mf,5,2,,3.99149,,,,1.0,1.0,0.000387,3.5e-05,1.0,1.0,0.000351,0.0001,0.000321,0.899016,0.89911,1,5,,,,,0.9,0.89911,0.88228,0.73943,0.5,3.99149,,,,,,,,4225688,9f9bb01aee1b,true Gaussian unaries + generator-implied coupling
M0_mlp-c4726dc6da,sbm,M0_mlp,train,none,20,2,0.0,,,,27,0.584,0.582487,1.173773,0.569995,0.604,0.603617,1.133291,0.530138,0.051787,0.28195,0.374786,,,,,,,0.9,0.89911,0.88228,0.73943,0.5,3.99149,0.01,0.0005,64,0.5,0.214,,results/logits/M0_mlp-c4726dc6da.npz,4225688,9f9bb01aee1b,
M1_gcn-a448678444,sbm,M1_gcn,train,none,20,2,0.0,,,,19,0.998,0.997929,0.827559,0.369144,0.997,0.996962,0.820361,0.364236,0.539791,0.27328,0.897671,,,,,,,0.9,0.89911,0.88228,0.73943,0.5,3.99149,0.005,0.001,64,0.5,1.967,,results/logits/M1_gcn-a448678444.npz,4225688,9f9bb01aee1b,
LP-4934f274c3,sbm,LP,closed_form,label_prop,20,2,,,,,,0.996,0.996234,0.967002,0.447409,0.994,0.993985,0.941949,0.433224,0.596105,0.237058,0.896862,,,,,,,0.9,0.89911,0.88228,0.73943,0.5,3.99149,,,,,,,,4225688,9f9bb01aee1b,uses train labels as inference-time evidence
M2_lap-25766eb42e,sbm,M2_lap,train,none,20,2,0.001,,,,19,0.998,0.997929,0.827564,0.369146,0.997,0.996962,0.820367,0.364239,0.539795,0.273277,0.897671,,,,,,,0.9,0.89911,0.88228,0.73943,0.5,3.99149,0.005,0.001,64,0.5,1.963,,,4225688,9f9bb01aee1b,
M2_lap-f44db79fb9,sbm,M2_lap,train,none,20,2,0.01,,,,19,0.998,0.997929,0.827603,0.369168,0.997,0.996962,0.820411,0.364264,0.539822,0.273248,0.897671,,,,,,,0.9,0.89911,0.88228,0.73943,0.5,3.99149,0.005,0.001,64,0.5,2.057,,,4225688,9f9bb01aee1b,
M2_lap-4c706561d7,sbm,M2_lap,train,none,20,2,0.1,,,,19,0.998,0.997929,0.828017,0.369399,0.997,0.996962,0.820881,0.364527,0.54011,0.272947,0.897671,,,,,,,0.9,0.89911,0.88228,0.73943,0.5,3.99149,0.005,0.001,64,0.5,1.967,,,4225688,9f9bb01aee1b,
M2_lap-f13640bec1,sbm,M2_lap,train,none,20,2,0.5,,,,19,0.998,0.997929,0.830051,0.370535,0.998,0.997933,0.823164,0.365807,0.542473,0.271553,0.897671,,,,,,,0.9,0.89911,0.88228,0.73943,0.5,3.99149,0.005,0.001,64,0.5,2.053,,,4225688,9f9bb01aee1b,
M2_lap-3e958c9caf,sbm,M2_lap,train,none,20,2,1.0,,,,18,0.998,0.997929,0.890933,0.403841,0.998,0.997933,0.883878,0.39899,0.569918,0.250701,0.897671,,,,,,,0.9,0.89911,0.88228,0.73943,0.5,3.99149,0.005,0.001,64,0.5,2.016,,,4225688,9f9bb01aee1b,
M2_lap-3f17281b75,sbm,M2_lap,train,none,20,2,5.0,,,,18,0.998,0.997929,0.914401,0.41723,0.999,0.998972,0.909634,0.413727,0.584401,0.238862,0.898211,,,,,,,0.9,0.89911,0.88228,0.73943,0.5,3.99149,0.005,0.001,64,0.5,2.256,,,4225688,9f9bb01aee1b,
M4_mrf_gcn-a7fd9eaa8d,sbm,M4_mrf_gcn,tuned_grid,mf,20,2,,0.05,,0,,0.998,0.997929,0.75507,0.329251,0.997,0.996962,0.747807,0.324418,0.503795,0.30541,0.897671,1,5,,,,,0.9,0.89911,0.88228,0.73943,0.5,3.99149,,,,,,0.0442,,4225688,9f9bb01aee1b,flip=0.0000
M4_mrf_mlp-40a12df436,sbm,M4_mrf_mlp,tuned_grid,mf,20,2,,0.05,,0,,0.6,0.598767,1.095292,0.536159,0.635,0.634647,1.060624,0.498968,0.04732,0.303769,0.410215,1,5,,,,,0.9,0.89911,0.88228,0.73943,0.5,3.99149,,,,,,0.0366,,4225688,9f9bb01aee1b,flip=0.0350
M4_mrf_gcn-b5dd3cb91b,sbm,M4_mrf_gcn,tuned_grid,mf,20,2,,0.1,,0,,0.998,0.997929,0.672351,0.28416,0.997,0.996962,0.665605,0.279974,0.460253,0.347777,0.897941,1,7,,,,,0.9,0.89911,0.88228,0.73943,0.5,3.99149,,,,,,0.0522,,4225688,9f9bb01aee1b,flip=0.0000
M4_mrf_mlp-a121f04f87,sbm,M4_mrf_mlp,tuned_grid,mf,20,2,,0.1,,0,,0.632,0.630662,1.010961,0.498499,0.657,0.656453,0.982611,0.464487,0.044111,0.329687,0.444205,1,6,,,,,0.9,0.89911,0.88228,0.73943,0.5,3.99149,,,,,,0.0509,,4225688,9f9bb01aee1b,flip=0.0590
M4_mrf_gcn-ac99f51b06,sbm,M4_mrf_gcn,tuned_grid,mf,20,2,,0.25,,0,,0.998,0.997929,0.382419,0.13445,0.999,0.999033,0.383656,0.137123,0.292581,0.539362,0.89866,1,12,,,,,0.9,0.89911,0.88228,0.73943,0.5,3.99149,,,,,,0.1161,,4225688,9f9bb01aee1b,flip=0.0020
M4_mrf_mlp-79dd3564b4,sbm,M4_mrf_mlp,tuned_grid,mf,20,2,,0.25,,0,,0.736,0.734764,0.724122,0.363521,0.756,0.755726,0.716624,0.341332,0.036346,0.439566,0.583131,1,10,,,,,0.9,0.89911,0.88228,0.73943,0.5,3.99149,,,,,,0.1104,,4225688,9f9bb01aee1b,flip=0.1610
M4_mrf_gcn-ec3f1e47a0,sbm,M4_mrf_gcn,tuned_grid,mf,20,2,,0.5,,0,,0.998,0.997929,0.10828,0.025734,0.999,0.999033,0.11512,0.029451,0.096194,0.795865,0.89911,1,10,,,,,0.9,0.89911,0.88228,0.73943,0.5,3.99149,,,,,,0.0589,,4225688,9f9bb01aee1b,flip=0.0020
M4_mrf_mlp-a1664cd4d9,sbm,M4_mrf_mlp,tuned_grid,mf,20,2,,0.5,,0,,0.902,0.902273,0.282501,0.140084,0.922,0.922248,0.295768,0.132208,0.066195,0.685038,0.792914,1,14,,,,,0.9,0.89911,0.88228,0.73943,0.5,3.99149,,,,,,0.1098,,4225688,9f9bb01aee1b,flip=0.3250
M4_mrf_gcn-8fb9377d76,sbm,M4_mrf_gcn,tuned_grid,mf,20,2,,1.0,,0,,0.998,0.997929,0.0202,0.004169,0.999,0.999033,0.024157,0.005813,0.019544,0.885386,0.89911,1,8,,,,,0.9,0.89911,0.88228,0.73943,0.5,3.99149,,,,,,0.0862,,4225688,9f9bb01aee1b,flip=0.0020
M4_mrf_mlp-6b1a08cd22,sbm,M4_mrf_mlp,tuned_grid,mf,20,2,,1.0,,0,,0.992,0.992051,0.043204,0.01812,0.987,0.987012,0.05958,0.024276,0.017247,0.866851,0.888409,1,16,,,,,0.9,0.89911,0.88228,0.73943,0.5,3.99149,,,,,,0.1187,,4225688,9f9bb01aee1b,flip=0.3840
M4_mrf_gcn-9afa52d8ce,sbm,M4_mrf_gcn,tuned_grid,mf,20,2,,2.0,,0,,0.998,0.997929,0.003788,0.001281,0.999,0.999033,0.005698,0.002068,0.003476,0.897915,0.89911,1,7,,,,,0.9,0.89911,0.88228,0.73943,0.5,3.99149,,,,,,0.041,,4225688,9f9bb01aee1b,flip=0.0020
M4_mrf_mlp-6a5827f8d6,sbm,M4_mrf_mlp,tuned_grid,mf,20,2,,2.0,,0,,1.0,1.0,0.003419,0.000552,0.999,0.99893,0.007964,0.003142,0.004654,0.896144,0.89857,1,10,,,,,0.9,0.89911,0.88228,0.73943,0.5,3.99149,,,,,,0.0968,,4225688,9f9bb01aee1b,flip=0.3950
OF-546dd1e929,sbm,Oracle_F,oracle,closed_form,20,2,,,,,,0.742,,,,0.753,,,,,,,,,,,,,0.9,0.89911,0.88228,0.73943,0.5,3.99149,,,,,,,,4225688,9f9bb01aee1b,"feature-only Bayes rule, known generative parameters"
OG-fd32fb3271,sbm,Oracle_G,oracle,mf,20,2,,3.99149,,,,1.0,1.0,8.2e-05,2e-06,1.0,1.0,0.000624,0.000133,0.000584,0.899016,0.89911,1,5,,,,,0.9,0.89911,0.88228,0.73943,0.5,3.99149,,,,,,,,4225688,9f9bb01aee1b,true Gaussian unaries + generator-implied coupling
M0_mlp-5232f36365,sbm,M0_mlp,train,none,1,3,0.0,,,,84,0.352,0.348027,2.052725,0.881246,0.344,0.34169,1.978904,0.86817,0.246905,0.184122,0.209265,,,,,,,0.9,0.89954,0.88279,0.74036,0.5,3.99149,0.01,0.0005,64,0.5,0.51,,results/logits/M0_mlp-5232f36365.npz,4225688,9f9bb01aee1b,
M1_gcn-b53c605adf,sbm,M1_gcn,train,none,1,3,0.0,,,,140,1.0,1.0,0.09828,0.024865,0.996,0.99604,0.105287,0.029062,0.083942,0.792381,0.898465,,,,,,,0.9,0.89954,0.88279,0.74036,0.5,3.99149,0.005,0.001,64,0.5,4.795,,results/logits/M1_gcn-b53c605adf.npz,4225688,9f9bb01aee1b,
LP-d299d445fd,sbm,LP,closed_form,label_prop,1,3,,,,,,0.174,0.090176,1.932926,0.849458,0.171,0.089246,1.938133,0.849753,0.264426,0.16031,0.953048,,,,,,,0.9,0.89954,0.88279,0.74036,0.5,3.99149,,,,,,,,4225688,9f9bb01aee1b,uses train labels as inference-time evidence
M2_lap-dfe28b2667,sbm,M2_lap,train,none,1,3,0.001,,,,141,1.0,1.0,0.098172,0.024824,0.996,0.99604,0.105176,0.029023,0.083857,0.792498,0.898465,,,,,,,0.9,0.89954,0.88279,0.74036,0.5,3.99149,0.005,0.001,64,0.5,6.007,,,4225688,9f9bb01aee1b,
M2_lap-3e0a4b35b7,sbm,M2_lap,train,none,1,3,0.01,,,,143,1.0,1.0,0.098902,0.025125,0.996,0.99604,0.106008,0.029372,0.084468,0.791726,0.898465,,,,,,,0.9,0.89954,0.88279,0.74036,0.5,3.99149,0.005,0.001,64,0.5,5.802,,,4225688,9f9bb01aee1b,
M2_lap-6a37722650,sbm,M2_lap,train,none,1,3,0.1,,,,122,0.998,0.997882,0.114368,0.031095,0.996,0.99604,0.122714,0.035853,0.096919,0.775743,0.897926,,,,,,,0.9,0.89954,0.88279,0.74036,0.5,3.99149,0.005,0.001,64,0.5,5.41,,,4225688,9f9bb01aee1b,
M2_lap-34d1bd56fb,sbm,M2_lap,train,none,1,3,0.5,,,,66,0.99,0.989461,0.227343,0.077485,0.986,0.986092,0.241529,0.08601,0.169108,0.675477,0.889667,,,,,,,0.9,0.89954,0.88279,0.74036,0.5,3.99149,0.005,0.001,64,0.5,3.467,,,4225688,9f9bb01aee1b,
M2_lap-a9dc0c6d92,sbm,M2_lap,train,none,1,3,1.0,,,,49,0.98,0.978745,0.35786,0.133766,0.971,0.970622,0.375776,0.144512,0.239404,0.574185,0.874046,,,,,,,0.9,0.89954,0.88279,0.74036,0.5,3.99149,0.005,0.001,64,0.5,2.991,,,4225688,9f9bb01aee1b,
M2_lap-6da5ab1744,sbm,M2_lap,train,none,1,3,5.0,,,,36,0.946,0.938158,0.724876,0.314065,0.934,0.929556,0.737174,0.319744,0.414679,0.338968,0.84056,,,,,,,0.9,0.89954,0.88279,0.74036,0.5,3.99149,0.005,0.001,64,0.5,2.566,,,4225688,9f9bb01aee1b,
M4_mrf_gcn-823a1006d1,sbm,M4_mrf_gcn,tuned_grid,mf,1,3,,0.05,,0,,1.0,1.0,0.080209,0.019091,0.996,0.99604,0.087247,0.023263,0.06907,0.813728,0.898465,1,5,,,,,0.9,0.89954,0.88279,0.74036,0.5,3.99149,,,,,,0.0617,,4225688,9f9bb01aee1b,flip=0.0000
M4_mrf_mlp-1b001a2d67,sbm,M4_mrf_mlp,tuned_grid,mf,1,3,,0.05,,0,,0.358,0.352201,2.020856,0.870886,0.352,0.349191,1.945915,0.857709,0.241813,0.191361,0.223629,1,5,,,,,0.9,0.89954,0.88279,0.74036,0.5,3.99149,,,,,,0.0367,,4225688,9f9bb01aee1b,flip=0.0250
M4_mrf_gcn-2bcab52578,sbm,M4_mrf_gcn,tuned_grid,mf,1,3,,0.1,,0,,1.0,1.0,0.065125,0.014539,0.996,0.99604,0.072158,0.018744,0.056417,0.831577,0.898465,1,5,,,,,0.9,0.89954,0.88279,0.74036,0.5,3.99149,,,,,,0.0396,,4225688,9f9bb01aee1b,flip=0.0000
M4_mrf_mlp-c79afea787,sbm,M4_mrf_mlp,tuned_grid,mf,1,3,,0.1,,0,,0.362,0.356318,1.98703,0.859548,0.362,0.359318,1.911203,0.846245,0.236411,0.199517,0.232157,1,6,,,,,0.9,0.89954,0.88279,0.74036,0.5,3.99149,,,,,,0.0428,,4225688,9f9bb01aee1b,flip=0.0370
M4_mrf_gcn-c4fbfd6903,sbm,M4_mrf_gcn,tuned_grid,mf,1,3,,0.25,,0,,1.0,1.0,0.035123,0.006527,0.997,0.996995,0.04209,0.010886,0.03157,0.86643,0.898644,1,6,,,,,0.9,0.89954,0.88279,0.74036,0.5,3.99149,,,,,,0.0428,,4225688,9f9bb01aee1b,flip=0.0010
M4_mrf_mlp-182826cee8,sbm,M4_mrf_mlp,tuned_grid,mf,1,3,,0.25,,0,,0.396,0.385125,1.865499,0.81577,0.401,0.395086,1.789476,0.802488,0.213917,0.232609,0.28701,1,10,,,,,0.9,0.89954,0.88279,0.74036,0.5,3.99149,,,,,,0.0571,,4225688,9f9bb01aee1b,flip=0.1050
M4_mrf_gcn-32ef3d18e2,sbm,M4_mrf_gcn,tuned_grid,mf,1,3,,0.5,,0,,1.0,1.0,0.014524,0.002279,0.997,0.996995,0.020975,0.006272,0.013019,0.888305,0.899363,1,7,,,,,0.9,0.89954,0.88279,0.74036,0.5,3.99149,,,,,,0.0413,,4225688,9f9bb01aee1b,flip=0.0010
M4_mrf_mlp-0255e5c5f8,sbm,M4_mrf_mlp,tuned_grid,mf,1,3,,0.5,,0,,0.528,0.5016,1.529622,0.672691,0.531,0.513026,1.477816,0.664124,0.168121,0.372853,0.475088,1,31,,,,,0.9,0.89954,0.88279,0.74036,0.5,3.99149,,,,,,0.2853,,4225688,9f9bb01aee1b,flip=0.2920
M4_mrf_gcn-1e86f36004,sbm,M4_mrf_gcn,tuned_grid,mf,1,3,,1.0,,0,,1.0,1.0,0.004154,0.000605,0.997,0.996995,0.009468,0.003726,0.003006,0.897203,0.899363,1,5,,,,,0.9,0.89954,0.88279,0.74036,0.5,3.99149,,,,,,0.0403,,4225688,9f9bb01aee1b,flip=0.0010
M4_mrf_mlp-8dc6e1653a,sbm,M4_mrf_mlp,tuned_grid,mf,1,3,,1.0,,0,,0.692,0.628453,2.036182,0.554815,0.673,0.621244,2.098893,0.588996,0.258328,0.838146,0.883113,1,28,,,,,0.9,0.89954,0.88279,0.74036,0.5,3.99149,,,,,,0.3363,,4225688,9f9bb01aee1b,flip=0.6240
M4_mrf_gcn-9d54f9c18b,sbm,M4_mrf_gcn,tuned_grid,mf,1,3,,2.0,,0,,1.0,1.0,0.000838,8.5e-05,0.999,0.999015,0.005473,0.002397,0.000921,0.899205,0.899632,1,4,,,,,0.9,0.89954,0.88279,0.74036,0.5,3.99149,,,,,,0.0226,,4225688,9f9bb01aee1b,flip=0.0030
M4_mrf_mlp-56a75d22d4,sbm,M4_mrf_mlp,tuned_grid,mf,1,3,,2.0,,0,,0.708,0.637333,4.026446,0.570224,0.697,0.634014,4.193142,0.59749,0.291681,0.908324,0.912111,1,17,,,,,0.9,0.89954,0.88279,0.74036,0.5,3.99149,,,,,,0.1251,,4225688,9f9bb01aee1b,flip=0.6620
OF-5c315d741c,sbm,Oracle_F,oracle,closed_form,1,3,,,,,,0.722,,,,0.722,,,,,,,,,,,,,0.9,0.89954,0.88279,0.74036,0.5,3.99149,,,,,,,,4225688,9f9bb01aee1b,"feature-only Bayes rule, known generative parameters"
OG-0609a4c885,sbm,Oracle_G,oracle,mf,1,3,,3.99149,,,,0.998,0.998094,0.004032,0.002907,0.999,0.998948,0.002602,0.001796,0.000168,0.899382,0.899363,1,4,,,,,0.9,0.89954,0.88279,0.74036,0.5,3.99149,,,,,,,,4225688,9f9bb01aee1b,true Gaussian unaries + generator-implied coupling
M0_mlp-6be0a0e9f1,sbm,M0_mlp,train,none,5,3,0.0,,,,29,0.508,0.506132,1.453826,0.665572,0.473,0.475875,1.436483,0.673349,0.100896,0.212171,0.269952,,,,,,,0.9,0.89954,0.88279,0.74036,0.5,3.99149,0.01,0.0005,64,0.5,0.289,,results/logits/M0_mlp-6be0a0e9f1.npz,4225688,9f9bb01aee1b,
M1_gcn-bc7a9dfa81,sbm,M1_gcn,train,none,5,3,0.0,,,,13,1.0,1.0,1.176438,0.553358,0.995,0.994868,1.15223,0.541087,0.669896,0.187567,0.898106,,,,,,,0.9,0.89954,0.88279,0.74036,0.5,3.99149,0.005,0.001,64,0.5,1.978,,results/logits/M1_gcn-bc7a9dfa81.npz,4225688,9f9bb01aee1b,
LP-ca35e49128,sbm,LP,closed_form,label_prop,5,3,,,,,,0.878,0.879024,1.529721,0.712156,0.913,0.907077,1.516738,0.707359,0.687008,0.157299,0.819463,,,,,,,0.9,0.89954,0.88279,0.74036,0.5,3.99149,,,,,,,,4225688,9f9bb01aee1b,uses train labels as inference-time evidence
M2_lap-ca6ddc90cf,sbm,M2_lap,train,none,5,3,0.001,,,,13,1.0,1.0,1.176441,0.55336,0.995,0.994868,1.152233,0.541089,0.669898,0.187566,0.898106,,,,,,,0.9,0.89954,0.88279,0.74036,0.5,3.99149,0.005,0.001,64,0.5,1.896,,,4225688,9f9bb01aee1b,
M2_lap-930846842e,sbm,M2_lap,train,none,5,3,0.01,,,,13,1.0,1.0,1.176465,0.553373,0.995,0.994868,1.152261,0.541104,0.669909,0.18756,0.898106,,,,,,,0.9,0.89954,0.88279,0.74036,0.5,3.99149,0.005,0.001,64,0.5,1.904,,,4225688,9f9bb01aee1b,
M2_lap-fbaf31cd4d,sbm,M2_lap,train,none,5,3,0.1,,,,13,1.0,1.0,1.176689,0.553498,0.995,0.994868,1.152525,0.541249,0.670016,0.187497,0.898106,,,,,,,0.9,0.89954,0.88279,0.74036,0.5,3.99149,0.005,0.001,64,0.5,1.988,,,4225688,9f9bb01aee1b,
M2_lap-4a585cd4ff,sbm,M2_lap,train,none,5,3,0.5,,,,13,1.0,1.0,1.177776,0.554108,0.995,0.994868,1.153817,0.541961,0.670532,0.187201,0.898106,,,,,,,0.9,0.89954,0.88279,0.74036,0.5,3.99149,0.005,0.001,64,0.5,1.86,,,4225688,9f9bb01aee1b,
M2_lap-36d5cd5bf7,sbm,M2_lap,train,none,5,3,1.0,,,,13,1.0,1.0,1.179162,0.554887,0.995,0.994868,1.155461,0.542868,0.671193,0.186821,0.898106,,,,,,,0.9,0.89954,0.88279,0.74036,0.5,3.99149,0.005,0.001,64,0.5,1.908,,,4225688,9f9bb01aee1b,
M2_lap-bad1ea258b,sbm,M2_lap,train,none,5,3,5.0,,,,13,1.0,1.0,1.191463,0.561621,0.995,0.994868,1.169691,0.550569,0.676677,0.18382,0.898106,,,,,,,0.9,0.89954,0.88279,0.74036,0.5,3.99149,0.005,0.001,64,0.5,2.267,,,4225688,9f9bb01aee1b,
M4_mrf_gcn-a4c8101114,sbm,M4_mrf_gcn,tuned_grid,mf,5,3,,0.05,,0,,1.0,1.0,1.122976,0.525769,0.995,0.994868,1.095711,0.511581,0.649435,0.19867,0.898106,1,5,,,,,0.9,0.89954,0.88279,0.74036,0.5,3.99149,,,,,,0.0332,,4225688,9f9bb01aee1b,flip=0.0000
M4_mrf_mlp-5fd3cf84f4,sbm,M4_mrf_mlp,tuned_grid,mf,5,3,,0.05,,0,,0.524,0.522052,1.391162,0.641571,0.495,0.497919,1.373358,0.64835,0.085008,0.224078,0.288805,1,5,,,,,0.9,0.89954,0.88279,0.74036,0.5,3.99149,,,,,,0.034,,4225688,9f9bb01aee1b,flip=0.0270
M4_mrf_gcn-93d85a9b6e,sbm,M4_mrf_gcn,tuned_grid,mf,5,3,,0.1,,0,,1.0,1.0,1.058128,0.491552,0.995,0.994868,1.027144,0.475008,0.622753,0.21501,0.898285,1,7,,,,,0.9,0.89954,0.88279,0.74036,0.5,3.99149,,,,,,0.0485,,4225688,9f9bb01aee1b,flip=0.0000
M4_mrf_mlp-ce86bbb52c,sbm,M4_mrf_mlp,tuned_grid,mf,5,3,,0.1,,0,,0.546,0.544298,1.322177,0.614089,0.519,0.522062,1.303946,0.619803,0.070941,0.238375,0.31062,1,6,,,,,0.9,0.89954,0.88279,0.74036,0.5,3.99149,,,,,,0.0575,,4225688,9f9bb01aee1b,flip=0.0580
M4_mrf_gcn-11c4347e4b,sbm,M4_mrf_gcn,tuned_grid,mf,5,3,,0.25,,0,,1.0,1.0,0.756572,0.329501,0.994,0.99387,0.712218,0.304864,0.473587,0.337888,0.898375,1,13,,,,,0.9,0.89954,0.88279,0.74036,0.5,3.99149,,,,,,0.1365,,4225688,9f9bb01aee1b,flip=0.0010
M4_mrf_mlp-56ab0f4d4a,sbm,M4_mrf_mlp,tuned_grid,mf,5,3,,0.25,,0,,0.646,0.643325,1.05981,0.500805,0.62,0.622603,1.040458,0.503129,0.041959,0.306325,0.421223,1,10,,,,,0.9,0.89954,0.88279,0.74036,0.5,3.99149,,,,,,0.0875,,4225688,9f9bb01aee1b,flip=0.1610
M4_mrf_gcn-8eaa1639b3,sbm,M4_mrf_gcn,tuned_grid,mf,5,3,,0.5,,0,,1.0,1.0,0.183768,0.051408,0.997,0.997019,0.180177,0.05318,0.142968,0.733996,0.899542,1,13,,,,,0.9,0.89954,0.88279,0.74036,0.5,3.99149,,,,,,0.1145,,4225688,9f9bb01aee1b,flip=0.0020
M4_mrf_mlp-2b6cd54a20,sbm,M4_mrf_mlp,tuned_grid,mf,5,3,,0.5,,0,,0.868,0.867391,0.459047,0.218303,0.864,0.864446,0.434038,0.205218,0.073285,0.576341,0.727085,1,17,,,,,0.9,0.89954,0.88279,0.74036,0.5,3.99149,,,,,,0.1587,,4225688,9f9bb01aee1b,flip=0.3990
M4_mrf_gcn-d4295062db,sbm,M4_mrf_gcn,tuned_grid,mf,5,3,,1.0,,0,,1.0,1.0,0.027504,0.005292,0.998,0.998101,0.037402,0.01087,0.028264,0.880145,0.899632,1,10,,,,,0.9,0.89954,0.88279,0.74036,0.5,3.99149,,,,,,0.0639,,4225688,9f9bb01aee1b,flip=0.0030
M4_mrf_mlp-2b22403bd8,sbm,M4_mrf_mlp,tuned_grid,mf,5,3,,1.0,,0,,0.984,0.983627,0.058615,0.023753,0.983,0.98312,0.064402,0.027745,0.023025,0.857675,0.887063,1,13,,,,,0.9,0.89954,0.88279,0.74036,0.5,3.99149,,,,,,0.1169,,4225688,9f9bb01aee1b,flip=0.5120
M4_mrf_gcn-aecdd89541,sbm,M4_mrf_gcn,tuned_grid,mf,5,3,,2.0,,0,,1.0,1.0,0.003918,0.000876,0.998,0.998101,0.010074,0.003651,0.004771,0.897873,0.899632,1,9,,,,,0.9,0.89954,0.88279,0.74036,0.5,3.99149,,,,,,0.1101,,4225688,9f9bb01aee1b,flip=0.0030
M4_mrf_mlp-2b6d0039cd,sbm,M4_mrf_mlp,tuned_grid,mf,5,3,,2.0,,0,,0.998,0.997801,0.005771,0.002741,0.997,0.997009,0.009882,0.003779,0.004413,0.896328,0.898555,1,9,,,,,0.9,0.89954,0.88279,0.74036,0.5,3.99149,,,,,,0.0647,,4225688,9f9bb01aee1b,flip=0.5250
OF-1c0eb827b2,sbm,Oracle_F,oracle,closed_form,5,3,,,,,,0.702,,,,0.719,,,,,,,,,,,,,0.9,0.89954,0.88279,0.74036,0.5,3.99149,,,,,,,,4225688,9f9bb01aee1b,"feature-only Bayes rule, known generative parameters"
OG-74f801a479,sbm,Oracle_G,oracle,mf,5,3,,3.99149,,,,1.0,1.0,2.8e-05,0.0,0.999,0.99905,0.002894,0.00189,0.000122,0.899382,0.899363,1,4,,,,,0.9,0.89954,0.88279,0.74036,0.5,3.99149,,,,,,,,4225688,9f9bb01aee1b,true Gaussian unaries + generator-implied coupling
M0_mlp-be9d2f7b02,sbm,M0_mlp,train,none,20,3,0.0,,,,67,0.604,0.603052,1.447101,0.607956,0.573,0.573376,1.50165,0.619729,0.205592,0.326124,0.368345,,,,,,,0.9,0.89954,0.88279,0.74036,0.5,3.99149,0.01,0.0005,64,0.5,0.486,,results/logits/M0_mlp-be9d2f7b02.npz,4225688,9f9bb01aee1b,
M1_gcn-e64768be44,sbm,M1_gcn,train,none,20,3,0.0,,,,14,0.998,0.997873,1.045761,0.48754,0.996,0.995947,1.056767,0.493484,0.639636,0.204311,0.899273,,,,,,,0.9,0.89954,0.88279,0.74036,0.5,3.99149,0.005,0.001,64,0.5,1.776,,results/logits/M1_gcn-e64768be44.npz,4225688,9f9bb01aee1b,
LP-1811ba7012,sbm,LP,closed_form,label_prop,20,3,,,,,,0.996,0.996021,0.912906,0.417523,0.995,0.994958,0.917505,0.420728,0.58883,0.244849,0.897388,,,,,,,0.9,0.89954,0.88279,0.74036,0.5,3.99149,,,,,,,,4225688,9f9bb01aee1b,uses train labels as inference-time evidence
M2_lap-8465bbc8c0,sbm,M2_lap,train,none,20,3,0.001,,,,14,0.998,0.997873,1.045764,0.487542,0.996,0.995947,1.05677,0.493486,0.639637,0.20431,0.899273,,,,,,,0.9,0.89954,0.88279,0.74036,0.5,3.99149,0.005,0.001,64,0.5,1.864,,,4225688,9f9bb01aee1b,
M2_lap-8ae21d5899,sbm,M2_lap,train,none,20,3,0.01,,,,14,0.998,0.997873,1.045794,0.487558,0.996,0.995947,1.056797,0.493502,0.63965,0.204302,0.899273,,,,,,,0.9,0.89954,0.88279,0.74036,0.5,3.99149,0.005,0.001,64,0.5,1.86,,,4225688,9f9bb01aee1b,
M2_lap-7e6b6cab45,sbm,M2_lap,train,none,20,3,0.1,,,,14,0.998,0.997873,1.046085,0.487721,0.996,0.995947,1.057074,0.493657,0.63977,0.20422,0.899273,,,,,,,0.9,0.89954,0.88279,0.74036,0.5,3.99149,0.005,0.001,64,0.5,1.876,,,4225688,9f9bb01aee1b,
M2_lap-ba0b601c8e,sbm,M2_lap,train,none,20,3,0.5,,,,14,0.998,0.997873,1.047554,0.488558,0.996,0.995947,1.058385,0.494407,0.64037,0.203784,0.899273,,,,,,,0.9,0.89954,0.88279,0.74036,0.5,3.99149,0.005,0.001,64,0.5,2.199,,,4225688,9f9bb01aee1b,
M2_lap-a57aa5adff,sbm,M2_lap,train,none,20,3,1.0,,,,14,0.998,0.997873,1.049281,0.489523,0.995,0.994951,1.060013,0.495319,0.640071,0.203313,0.898824,,,,,,,0.9,0.89954,0.88279,0.74036,0.5,3.99149,0.005,0.001,64,0.5,1.937,,,4225688,9f9bb01aee1b,
M2_lap-bb0f0afe44,sbm,M2_lap,train,none,20,3,5.0,,,,12,0.998,0.997873,1.185748,0.559453,0.994,0.9939,1.196295,0.564759,0.685537,0.180397,0.898196,,,,,,,0.9,0.89954,0.88279,0.74036,0.5,3.99149,0.005,0.001,64,0.5,1.783,,,4225688,9f9bb01aee1b,
M4_mrf_gcn-147306f8ae,sbm,M4_mrf_gcn,tuned_grid,mf,20,3,,0.05,,0,,0.996,0.995969,0.982589,0.453418,0.996,0.995947,0.993707,0.459517,0.614957,0.220056,0.899183,1,5,,,,,0.9,0.89954,0.88279,0.74036,0.5,3.99149,,,,,,0.0546,,4225688,9f9bb01aee1b,flip=0.0000
M4_mrf_mlp-7ea62fe13b,sbm,M4_mrf_mlp,tuned_grid,mf,20,3,,0.05,,0,,0.618,0.616742,1.369383,0.581034,0.595,0.59513,1.421084,0.593018,0.188594,0.345019,0.387737,1,5,,,,,0.9,0.89954,0.88279,0.74036,0.5,3.99149,,,,,,0.0392,,4225688,9f9bb01aee1b,flip=0.0220
M4_mrf_gcn-cb506e257e,sbm,M4_mrf_gcn,tuned_grid,mf,20,3,,0.1,,0,,0.996,0.995969,0.906205,0.411529,0.996,0.995947,0.917593,0.417872,0.582859,0.24312,0.899183,1,7,,,,,0.9,0.89954,0.88279,0.74036,0.5,3.99149,,,,,,0.0421,,4225688,9f9bb01aee1b,flip=0.0000
M4_mrf_mlp-ade4ee8246,sbm,M4_mrf_mlp,tuned_grid,mf,20,3,,0.1,,0,,0.634,0.632549,1.28958,0.552867,0.61,0.609662,1.338086,0.564592,0.179375,0.365642,0.405512,1,5,,,,,0.9,0.89954,0.88279,0.74036,0.5,3.99149,,,,,,0.0338,,4225688,9f9bb01aee1b,flip=0.0390
M4_mrf_gcn-769fdf9d88,sbm,M4_mrf_gcn,tuned_grid,mf,20,3,,0.25,,0,,0.998,0.998108,0.573693,0.230578,0.997,0.996998,0.586488,0.238103,0.416023,0.401484,0.899452,1,14,,,,,0.9,0.89954,0.88279,0.74036,0.5,3.99149,,,,,,0.1192,,4225688,9f9bb01aee1b,flip=0.0010
M4_mrf_mlp-16fc8b2052,sbm,M4_mrf_mlp,tuned_grid,mf,20,3,,0.25,,0,,0.706,0.705155,1.039914,0.462692,0.679,0.678118,1.076329,0.468933,0.134085,0.439334,0.491965,1,8,,,,,0.9,0.89954,0.88279,0.74036,0.5,3.99149,,,,,,0.0615,,4225688,9f9bb01aee1b,flip=0.1090
M4_mrf_gcn-fb3b16a6ea,sbm,M4_mrf_gcn,tuned_grid,mf,20,3,,0.5,,0,,1.0,1.0,0.154013,0.042067,0.998,0.998002,0.15824,0.044396,0.128674,0.759555,0.899632,1,11,,,,,0.9,0.89954,0.88279,0.74036,0.5,3.99149,,,,,,0.0967,,4225688,9f9bb01aee1b,flip=0.0020
M4_mrf_mlp-de166c832c,sbm,M4_mrf_mlp,tuned_grid,mf,20,3,,0.5,,0,,0.792,0.790717,0.633616,0.302507,0.799,0.797491,0.647197,0.295227,0.069958,0.596359,0.650777,1,11,,,,,0.9,0.89954,0.88279,0.74036,0.5,3.99149,,,,,,0.0911,,4225688,9f9bb01aee1b,flip=0.2290
M4_mrf_gcn-f4bf18ee68,sbm,M4_mrf_gcn,tuned_grid,mf,20,3,,1.0,,0,,1.0,1.0,0.031026,0.007949,0.998,0.998002,0.03284,0.008888,0.024982,0.882278,0.899632,1,10,,,,,0.9,0.89954,0.88279,0.74036,0.5,3.99149,,,,,,0.0763,,4225688,9f9bb01aee1b,flip=0.0020
M4_mrf_mlp-08bb9fa3c4,sbm,M4_mrf_mlp,tuned_grid,mf,20,3,,1.0,,0,,0.954,0.952908,0.178666,0.081233,0.94,0.93959,0.173723,0.091869,0.017088,0.813232,0.838585,1,15,,,,,0.9,0.89954,0.88279,0.74036,0.5,3.99149,,,,,,0.1598,,4225688,9f9bb01aee1b,flip=0.3670
M4_mrf_gcn-1be0f84b74,sbm,M4_mrf_gcn,tuned_grid,mf,20,3,,2.0,,0,,1.0,1.0,0.00672,0.002037,0.998,0.998002,0.009027,0.003551,0.003792,0.898024,0.899632,1,9,,,,,0.9,0.89954,0.88279,0.74036,0.5,3.99149,,,,,,0.0544,,4225688,9f9bb01aee1b,flip=0.0020
M4_mrf_mlp-afd441bc77,sbm,M4_mrf_mlp,tuned_grid,mf,20,3,,2.0,,0,,0.99,0.989609,0.028288,0.015983,0.995,0.995011,0.017939,0.008118,0.001746,0.891182,0.894335,1,10,,,,,0.9,0.89954,0.88279,0.74036,0.5,3.99149,,,,,,0.1362,,4225688,9f9bb01aee1b,flip=0.4220
OF-192b7dec63,sbm,Oracle_F,oracle,closed_form,20,3,,,,,,0.734,,,,0.719,,,,,,,,,,,,,0.9,0.89954,0.88279,0.74036,0.5,3.99149,,,,,,,,4225688,9f9bb01aee1b,"feature-only Bayes rule, known generative parameters"
OG-8805251d11,sbm,Oracle_G,oracle,mf,20,3,,3.99149,,,,1.0,1.0,0.0003,2.5e-05,1.0,1.0,0.000979,0.00045,0.000788,0.899382,0.899363,1,4,,,,,0.9,0.89954,0.88279,0.74036,0.5,3.99149,,,,,,,,4225688,9f9bb01aee1b,true Gaussian unaries + generator-implied coupling
M0_mlp-ccb11578da,sbm,M0_mlp,train,none,1,4,0.0,,,,134,0.364,0.351671,1.992352,0.859019,0.363,0.353529,2.039961,0.870547,0.24947,0.184467,0.212248,,,,,,,0.9,0.90168,0.88529,0.74461,0.5,3.99149,0.01,0.0005,64,0.5,0.646,,results/logits/M0_mlp-ccb11578da.npz,4225688,9f9bb01aee1b,
M1_gcn-56f2bf656f,sbm,M1_gcn,train,none,1,4,0.0,,,,27,0.992,0.992122,0.667867,0.281048,0.997,0.996965,0.663448,0.279513,0.467026,0.331192,0.899982,,,,,,,0.9,0.90168,0.88529,0.74461,0.5,3.99149,0.005,0.001,64,0.5,1.938,,results/logits/M1_gcn-56f2bf656f.npz,4225688,9f9bb01aee1b,
LP-be33fb66be,sbm,LP,closed_form,label_prop,1,4,,,,,,0.304,0.233185,1.833702,0.822393,0.27,0.217523,1.845363,0.826155,0.280747,0.146888,0.916028,,,,,,,0.9,0.90168,0.88529,0.74461,0.5,3.99149,,,,,,,,4225688,9f9bb01aee1b,uses train labels as inference-time evidence
M2_lap-f49be0bff7,sbm,M2_lap,train,none,1,4,0.001,,,,27,0.992,0.992122,0.667885,0.281058,0.997,0.996965,0.663465,0.279522,0.467035,0.331183,0.899982,,,,,,,0.9,0.90168,0.88529,0.74461,0.5,3.99149,0.005,0.001,64,0.5,2.482,,,4225688,9f9bb01aee1b,
M2_lap-1a53ffa50a,sbm,M2_lap,train,none,1,4,0.01,,,,27,0.992,0.992122,0.668074,0.281162,0.997,0.996965,0.663653,0.279625,0.467136,0.331087,0.899982,,,,,,,0.9,0.90168,0.88529,0.74461,0.5,3.99149,0.005,0.001,64,0.5,2.353,,,4225688,9f9bb01aee1b,
M2_lap-ea126e41a6,sbm,M2_lap,train,none,1,4,0.1,,,,27,0.992,0.992122,0.669625,0.282015,0.997,0.996965,0.665182,0.280461,0.467965,0.330285,0.899982,,,,,,,0.9,0.90168,0.88529,0.74461,0.5,3.99149,0.005,0.001,64,0.5,2.242,,,4225688,9f9bb01aee1b,
M2_lap-eaef9e2068,sbm,M2_lap,train,none,1,4,0.5,,,,27,0.992,0.992122,0.677822,0.286522,0.997,0.996965,0.673188,0.28484,0.472274,0.326151,0.899982,,,,,,,0.9,0.90168,0.88529,0.74461,0.5,3.99149,0.005,0.001,64,0.5,2.198,,,4225688,9f9bb01aee1b,
M2_lap-33fe1f9545,sbm,M2_lap,train,none,1,4,1.0,,,,26,0.992,0.992122,0.727195,0.313979,0.997,0.996965,0.722387,0.312111,0.497463,0.303865,0.899982,,,,,,,0.9,0.90168,0.88529,0.74461,0.5,3.99149,0.005,0.001,64,0.5,2.197,,,4225688,9f9bb01aee1b,
M2_lap-032a869b3e,sbm,M2_lap,train,none,1,4,5.0,,,,23,0.992,0.992122,0.908079,0.414523,0.997,0.996965,0.903149,0.412285,0.581374,0.238666,0.899982,,,,,,,0.9,0.90168,0.88529,0.74461,0.5,3.99149,0.005,0.001,64,0.5,2.077,,,4225688,9f9bb01aee1b,
M4_mrf_gcn-8e971b2043,sbm,M4_mrf_gcn,tuned_grid,mf,1,4,,0.05,,0,,0.992,0.992122,0.59242,0.239582,0.998,0.998042,0.586322,0.237273,0.424808,0.375508,0.900517,1,5,,,,,0.9,0.90168,0.88529,0.74461,0.5,3.99149,,,,,,0.109,,4225688,9f9bb01aee1b,flip=0.0010
M4_mrf_mlp-4ade2bbdf8,sbm,M4_mrf_mlp,tuned_grid,mf,1,4,,0.05,,0,,0.368,0.355034,1.952258,0.845024,0.374,0.364062,1.997971,0.856242,0.244476,0.192647,0.221252,1,5,,,,,0.9,0.90168,0.88529,0.74461,0.5,3.99149,,,,,,0.0363,,4225688,9f9bb01aee1b,flip=0.0150
M4_mrf_gcn-e16d5cdf67,sbm,M4_mrf_gcn,tuned_grid,mf,1,4,,0.1,,0,,0.992,0.992122,0.510338,0.196071,0.998,0.998042,0.502476,0.192979,0.374531,0.431744,0.900874,1,7,,,,,0.9,0.90168,0.88529,0.74461,0.5,3.99149,,,,,,0.0549,,4225688,9f9bb01aee1b,flip=0.0010
M4_mrf_mlp-dee6e4ba24,sbm,M4_mrf_mlp,tuned_grid,mf,1,4,,0.1,,0,,0.384,0.366769,1.909416,0.829343,0.386,0.375656,1.95324,0.840427,0.244317,0.202091,0.238723,1,6,,,,,0.9,0.90168,0.88529,0.74461,0.5,3.99149,,,,,,0.0507,,4225688,9f9bb01aee1b,flip=0.0340
M4_mrf_gcn-413eb2f8d3,sbm,M4_mrf_gcn,tuned_grid,mf,1,4,,0.25,,0,,0.994,0.993942,0.275809,0.086505,0.999,0.999035,0.263896,0.081644,0.213608,0.638335,0.901319,1,9,,,,,0.9,0.90168,0.88529,0.74461,0.5,3.99149,,,,,,0.0964,,4225688,9f9bb01aee1b,flip=0.0020
M4_mrf_mlp-ac52f84fc9,sbm,M4_mrf_mlp,tuned_grid,mf,1,4,,0.25,,0,,0.428,0.406435,1.756838,0.767294,0.435,0.418699,1.795454,0.780406,0.205299,0.242081,0.29212,1,10,,,,,0.9,0.90168,0.88529,0.74461,0.5,3.99149,,,,,,0.0768,,4225688,9f9bb01aee1b,flip=0.0940
M4_mrf_gcn-f437fa2a3b,sbm,M4_mrf_gcn,tuned_grid,mf,1,4,,0.5,,0,,0.996,0.995763,0.095984,0.024229,0.999,0.999035,0.08603,0.020273,0.073409,0.826345,0.901765,1,9,,,,,0.9,0.90168,0.88529,0.74461,0.5,3.99149,,,,,,0.1172,,4225688,9f9bb01aee1b,flip=0.0020
M4_mrf_mlp-2eee181992,sbm,M4_mrf_mlp,tuned_grid,mf,1,4,,0.5,,0,,0.582,0.543592,1.418468,0.60279,0.557,0.526182,1.424089,0.617241,0.155854,0.383203,0.474684,1,29,,,,,0.9,0.90168,0.88529,0.74461,0.5,3.99149,,,,,,0.4932,,4225688,9f9bb01aee1b,flip=0.2540
M4_mrf_gcn-7095070ba9,sbm,M4_mrf_gcn,tuned_grid,mf,1,4,,1.0,,0,,0.996,0.995763,0.025372,0.007826,0.998,0.998,0.019336,0.004506,0.014683,0.890923,0.901854,1,8,,,,,0.9,0.90168,0.88529,0.74461,0.5,3.99149,,,,,,0.093,,4225688,9f9bb01aee1b,flip=0.0030
M4_mrf_mlp-021b26b1ed,sbm,M4_mrf_mlp,tuned_grid,mf,1,4,,1.0,,0,,0.704,0.664444,2.159133,0.545233,0.711,0.660699,1.949311,0.51595,0.21982,0.821557,0.861918,1,26,,,,,0.9,0.90168,0.88529,0.74461,0.5,3.99149,,,,,,0.3266,,4225688,9f9bb01aee1b,flip=0.5850
M4_mrf_gcn-f304310ac7,sbm,M4_mrf_gcn,tuned_grid,mf,1,4,,2.0,,0,,0.996,0.995763,0.011171,0.005818,0.998,0.998,0.0052,0.002189,0.001267,0.90078,0.901854,1,6,,,,,0.9,0.90168,0.88529,0.74461,0.5,3.99149,,,,,,0.0432,,4225688,9f9bb01aee1b,flip=0.0030
M4_mrf_mlp-81764370ce,sbm,M4_mrf_mlp,tuned_grid,mf,1,4,,2.0,,0,,0.71,0.663866,4.20078,0.567714,0.728,0.673545,3.894257,0.536889,0.263381,0.900278,0.904439,1,20,,,,,0.9,0.90168,0.88529,0.74461,0.5,3.99149,,,,,,0.2515,,4225688,9f9bb01aee1b,flip=0.6370
OF-70a422f0e7,sbm,Oracle_F,oracle,closed_form,1,4,,,,,,0.738,,,,0.723,,,,,,,,,,,,,0.9,0.90168,0.88529,0.74461,0.5,3.99149,,,,,,,,4225688,9f9bb01aee1b,"feature-only Bayes rule, known generative parameters"
OG-65b15936b7,sbm,Oracle_G,oracle,mf,1,4,,3.99149,,,,0.998,0.998011,0.00583,0.003515,1.0,1.0,9.3e-05,5e-06,9.2e-05,0.901725,0.901765,1,4,,,,,0.9,0.90168,0.88529,0.74461,0.5,3.99149,,,,,,,,4225688,9f9bb01aee1b,true Gaussian unaries + generator-implied coupling
M0_mlp-7e1ea450d5,sbm,M0_mlp,train,none,5,4,0.0,,,,38,0.452,0.455648,1.701747,0.741834,0.445,0.446206,1.69486,0.761987,0.203603,0.22589,0.266625,,,,,,,0.9,0.90168,0.88529,0.74461,0.5,3.99149,0.01,0.0005,64,0.5,0.315,,results/logits/M0_mlp-7e1ea450d5.npz,4225688,9f9bb01aee1b,
M1_gcn-e472ebaf37,sbm,M1_gcn,train,none,5,4,0.0,,,,19,0.998,0.997879,0.812409,0.361523,0.994,0.994077,0.820467,0.366211,0.541246,0.266461,0.900695,,,,,,,0.9,0.90168,0.88529,0.74461,0.5,3.99149,0.005,0.001,64,0.5,1.794,,results/logits/M1_gcn-e472ebaf37.npz,4225688,9f9bb01aee1b,
LP-ce5153074c,sbm,LP,closed_form,label_prop,5,4,,,,,,0.956,0.95656,1.483722,0.694945,0.975,0.974614,1.48764,0.69609,0.744072,0.158281,0.878945,,,,,,,0.9,0.90168,0.88529,0.74461,0.5,3.99149,,,,,,,,4225688,9f9bb01aee1b,uses train labels as inference-time evidence
M2_lap-47314354c7,sbm,M2_lap,train,none,5,4,0.001,,,,19,0.998,0.997879,0.812415,0.361527,0.994,0.994077,0.820474,0.366215,0.54125,0.266458,0.900695,,,,,,,0.9,0.90168,0.88529,0.74461,0.5,3.99149,0.005,0.001,64,0.5,2.0,,,4225688,9f9bb01aee1b,
M2_lap-c7fe1f94e4,sbm,M2_lap,train,none,5,4,0.01,,,,19,0.998,0.997879,0.812476,0.36156,0.994,0.994077,0.820536,0.36625,0.541281,0.266433,0.900695,,,,,,,0.9,0.90168,0.88529,0.74461,0.5,3.99149,0.005,0.001,64,0.5,2.02,,,4225688,9f9bb01aee1b,
M2_lap-5e97ddaf55,sbm,M2_lap,train,none,5,4,0.1,,,,19,0.998,0.997879,0.813099,0.361906,0.994,0.994077,0.82118,0.366606,0.541593,0.266176,0.900695,,,,,,,0.9,0.90168,0.88529,0.74461,0.5,3.99149,0.005,0.001,64,0.5,1.987,,,4225688,9f9bb01aee1b,
M2_lap-ab94911a41,sbm,M2_lap,train,none,5,4,0.5,,,,19,0.998,0.997879,0.815832,0.363428,0.994,0.994077,0.82399,0.368163,0.542946,0.265084,0.900695,,,,,,,0.9,0.90168,0.88529,0.74461,0.5,3.99149,0.005,0.001,64,0.5,2.03,,,4225688,9f9bb01aee1b,
M2_lap-4cffc98d54,sbm,M2_lap,train,none,5,4,1.0,,,,19,0.998,0.997879,0.819435,0.365432,0.994,0.994077,0.827708,0.37022,0.544732,0.263645,0.900695,,,,,,,0.9,0.90168,0.88529,0.74461,0.5,3.99149,0.005,0.001,64,0.5,2.097,,,4225688,9f9bb01aee1b,
M2_lap-b6cf76d978,sbm,M2_lap,train,none,5,4,5.0,,,,22,0.998,0.997879,0.711608,0.304702,0.995,0.995052,0.723158,0.311604,0.496701,0.302298,0.901319,,,,,,,0.9,0.90168,0.88529,0.74461,0.5,3.99149,0.005,0.001,64,0.5,2.083,,,4225688,9f9bb01aee1b,
M4_mrf_gcn-10ab0f99ac,sbm,M4_mrf_gcn,tuned_grid,mf,5,4,,0.05,,0,,0.998,0.997879,0.735678,0.318119,0.994,0.994077,0.745026,0.323741,0.50429,0.298252,0.900963,1,5,,,,,0.9,0.90168,0.88529,0.74461,0.5,3.99149,,,,,,0.0776,,4225688,9f9bb01aee1b,flip=0.0000
M4_mrf_mlp-6a74831c78,sbm,M4_mrf_mlp,tuned_grid,mf,5,4,,0.05,,0,,0.454,0.45798,1.634093,0.718052,0.455,0.455822,1.630875,0.739725,0.198682,0.238859,0.281779,1,5,,,,,0.9,0.90168,0.88529,0.74461,0.5,3.99149,,,,,,0.0429,,4225688,9f9bb01aee1b,flip=0.0140
M4_mrf_gcn-8ff02c4737,sbm,M4_mrf_gcn,tuned_grid,mf,5,4,,0.1,,0,,0.998,0.997879,0.647045,0.268593,0.995,0.995052,0.657881,0.275301,0.459189,0.342577,0.901319,1,7,,,,,0.9,0.90168,0.88529,0.74461,0.5,3.99149,,,,,,0.0571,,4225688,9f9bb01aee1b,flip=0.0010
M4_mrf_mlp-223ffa9494,sbm,M4_mrf_mlp,tuned_grid,mf,5,4,,0.1,,0,,0.476,0.480622,1.561732,0.691691,0.477,0.477565,1.562419,0.714975,0.182991,0.253888,0.308522,1,6,,,,,0.9,0.90168,0.88529,0.74461,0.5,3.99149,,,,,,0.0453,,4225688,9f9bb01aee1b,flip=0.0390
M4_mrf_gcn-5381025eef,sbm,M4_mrf_gcn,tuned_grid,mf,5,4,,0.25,,0,,0.998,0.997879,0.349508,0.117813,0.996,0.996034,0.364637,0.126389,0.278833,0.556923,0.901408,1,11,,,,,0.9,0.90168,0.88529,0.74461,0.5,3.99149,,,,,,0.11,,4225688,9f9bb01aee1b,flip=0.0020
M4_mrf_mlp-e93d09f407,sbm,M4_mrf_mlp,tuned_grid,mf,5,4,,0.25,,0,,0.562,0.563642,1.306949,0.592267,0.539,0.540668,1.320938,0.621034,0.148954,0.316379,0.388215,1,9,,,,,0.9,0.90168,0.88529,0.74461,0.5,3.99149,,,,,,0.1078,,4225688,9f9bb01aee1b,flip=0.1130
M4_mrf_gcn-4417bd71fc,sbm,M4_mrf_gcn,tuned_grid,mf,5,4,,0.5,,0,,0.998,0.997879,0.107465,0.028702,0.997,0.997012,0.115045,0.030161,0.093183,0.804826,0.901765,1,10,,,,,0.9,0.90168,0.88529,0.74461,0.5,3.99149,,,,,,0.1002,,4225688,9f9bb01aee1b,flip=0.0030
M4_mrf_mlp-21e003b705,sbm,M4_mrf_mlp,tuned_grid,mf,5,4,,0.5,,0,,0.76,0.760105,0.734704,0.344765,0.732,0.732476,0.764532,0.372681,0.05013,0.508826,0.601801,1,22,,,,,0.9,0.90168,0.88529,0.74461,0.5,3.99149,,,,,,0.2004,,4225688,9f9bb01aee1b,flip=0.3030
M4_mrf_gcn-9a49a87ce6,sbm,M4_mrf_gcn,tuned_grid,mf,5,4,,1.0,,0,,0.998,0.997879,0.02633,0.007679,0.996,0.996034,0.027043,0.007759,0.017306,0.888522,0.901854,1,8,,,,,0.9,0.90168,0.88529,0.74461,0.5,3.99149,,,,,,0.0913,,4225688,9f9bb01aee1b,flip=0.0040
M4_mrf_mlp-305ba4923e,sbm,M4_mrf_mlp,tuned_grid,mf,5,4,,1.0,,0,,0.958,0.958087,0.125025,0.05956,0.962,0.961518,0.131019,0.062108,0.017038,0.829044,0.864593,1,26,,,,,0.9,0.90168,0.88529,0.74461,0.5,3.99149,,,,,,0.2217,,4225688,9f9bb01aee1b,flip=0.5200
M4_mrf_gcn-025f1894bb,sbm,M4_mrf_gcn,tuned_grid,mf,5,4,,2.0,,0,,0.998,0.997879,0.007986,0.003247,0.996,0.996034,0.009661,0.004848,0.001498,0.900592,0.901854,1,7,,,,,0.9,0.90168,0.88529,0.74461,0.5,3.99149,,,,,,0.1256,,4225688,9f9bb01aee1b,flip=0.0040
M4_mrf_mlp-55cc8f0c11,sbm,M4_mrf_mlp,tuned_grid,mf,5,4,,2.0,,0,,0.996,0.995914,0.014702,0.007266,0.995,0.995006,0.017645,0.008958,0.003767,0.895991,0.899447,1,8,,,,,0.9,0.90168,0.88529,0.74461,0.5,3.99149,,,,,,0.0668,,4225688,9f9bb01aee1b,flip=0.5520
OF-05a353d569,sbm,Oracle_F,oracle,closed_form,5,4,,,,,,0.72,,,,0.733,,,,,,,,,,,,,0.9,0.90168,0.88529,0.74461,0.5,3.99149,,,,,,,,4225688,9f9bb01aee1b,"feature-only Bayes rule, known generative parameters"
OG-7c48dce4b1,sbm,Oracle_G,oracle,mf,5,4,,3.99149,,,,1.0,1.0,0.000222,1e-05,1.0,1.0,0.000369,6e-05,0.000352,0.901725,0.901765,1,4,,,,,0.9,0.90168,0.88529,0.74461,0.5,3.99149,,,,,,,,4225688,9f9bb01aee1b,true Gaussian unaries + generator-implied coupling
M0_mlp-ccc05bca80,sbm,M0_mlp,train,none,20,4,0.0,,,,28,0.646,0.64654,1.02194,0.493937,0.628,0.627619,1.042977,0.502708,0.070407,0.308242,0.400606,,,,,,,0.9,0.90168,0.88529,0.74461,0.5,3.99149,0.01,0.0005,64,0.5,0.264,,results/logits/M0_mlp-ccc05bca80.npz,4225688,9f9bb01aee1b,
M1_gcn-b0086f791e,sbm,M1_gcn,train,none,20,4,0.0,,,,28,1.0,1.0,0.325245,0.103454,0.995,0.99495,0.326712,0.10428,0.259371,0.55582,0.90123,,,,,,,0.9,0.90168,0.88529,0.74461,0.5,3.99149,0.005,0.001,64,0.5,1.968,,results/logits/M1_gcn-b0086f791e.npz,4225688,9f9bb01aee1b,
LP-47f3dfd7dd,sbm,LP,closed_form,label_prop,20,4,,,,,,0.986,0.985771,0.898933,0.410356,0.993,0.992979,0.897322,0.408957,0.577953,0.248603,0.899626,,,,,,,0.9,0.90168,0.88529,0.74461,0.5,3.99149,,,,,,,,4225688,9f9bb01aee1b,uses train labels as inference-time evidence
M2_lap-c2d23fa142,sbm,M2_lap,train,none,20,4,0.001,,,,28,1.0,1.0,0.325258,0.10346,0.995,0.99495,0.326724,0.104286,0.25938,0.555809,0.90123,,,,,,,0.9,0.90168,0.88529,0.74461,0.5,3.99149,0.005,0.001,64,0.5,2.226,,,4225688,9f9bb01aee1b,
M2_lap-9c4474d516,sbm,M2_lap,train,none,20,4,0.01,,,,28,1.0,1.0,0.325373,0.10351,0.995,0.99495,0.326837,0.104335,0.259461,0.555705,0.90123,,,,,,,0.9,0.90168,0.88529,0.74461,0.5,3.99149,0.005,0.001,64,0.5,2.584,,,4225688,9f9bb01aee1b,
M2_lap-dc0dbfa224,sbm,M2_lap,train,none,20,4,0.1,,,,28,1.0,1.0,0.326532,0.10402,0.995,0.99495,0.327979,0.104836,0.260284,0.554655,0.90123,,,,,,,0.9,0.90168,0.88529,0.74461,0.5,3.99149,0.005,0.001,64,0.5,2.275,,,4225688,9f9bb01aee1b,
M2_lap-334c582d3d,sbm,M2_lap,train,none,20,4,0.5,,,,28,1.0,1.0,0.331991,0.106439,0.995,0.99495,0.333322,0.107195,0.264123,0.549756,0.90123,,,,,,,0.9,0.90168,0.88529,0.74461,0.5,3.99149,0.005,0.001,64,0.5,2.22,,,4225688,9f9bb01aee1b,
M2_lap-6bd109301c,sbm,M2_lap,train,none,20,4,1.0,,,,28,1.0,1.0,0.339306,0.109708,0.995,0.99495,0.340501,0.110394,0.269252,0.543253,0.90123,,,,,,,0.9,0.90168,0.88529,0.74461,0.5,3.99149,0.005,0.001,64,0.5,2.212,,,4225688,9f9bb01aee1b,
M2_lap-b9b681cc7c,sbm,M2_lap,train,none,20,4,5.0,,,,26,1.0,1.0,0.485917,0.181516,0.995,0.99495,0.486238,0.181749,0.366232,0.428611,0.90123,,,,,,,0.9,0.90168,0.88529,0.74461,0.5,3.99149,0.005,0.001,64,0.5,2.239,,,4225688,9f9bb01aee1b,
M4_mrf_gcn-bbbad86046,sbm,M4_mrf_gcn,tuned_grid,mf,20,4,,0.05,,0,,1.0,1.0,0.269604,0.080132,0.995,0.99495,0.271286,0.080897,0.218238,0.613017,0.90123,1,5,,,,,0.9,0.90168,0.88529,0.74461,0.5,3.99149,,,,,,0.0566,,4225688,9f9bb01aee1b,flip=0.0000
M4_mrf_mlp-347c0710e6,sbm,M4_mrf_mlp,tuned_grid,mf,20,4,,0.05,,0,,0.662,0.662565,0.944277,0.459963,0.656,0.656019,0.963698,0.467653,0.055037,0.334292,0.431806,1,5,,,,,0.9,0.90168,0.88529,0.74461,0.5,3.99149,,,,,,0.0556,,4225688,9f9bb01aee1b,flip=0.0310
M4_mrf_gcn-9f6ebce015,sbm,M4_mrf_gcn,tuned_grid,mf,20,4,,0.1,,0,,1.0,1.0,0.219872,0.061261,0.995,0.99495,0.221533,0.06189,0.179807,0.667914,0.90123,1,5,,,,,0.9,0.90168,0.88529,0.74461,0.5,3.99149,,,,,,0.0416,,4225688,9f9bb01aee1b,flip=0.0000
M4_mrf_mlp-6b1d589412,sbm,M4_mrf_mlp,tuned_grid,mf,20,4,,0.1,,0,,0.694,0.693825,0.862508,0.422948,0.691,0.690784,0.880115,0.429563,0.047634,0.364789,0.478338,1,6,,,,,0.9,0.90168,0.88529,0.74461,0.5,3.99149,,,,,,0.0455,,4225688,9f9bb01aee1b,flip=0.0670
M4_mrf_gcn-a21a55a4f5,sbm,M4_mrf_gcn,tuned_grid,mf,20,4,,0.25,,0,,1.0,1.0,0.116778,0.02826,0.996,0.995938,0.117924,0.028932,0.096334,0.789053,0.901498,1,6,,,,,0.9,0.90168,0.88529,0.74461,0.5,3.99149,,,,,,0.0485,,4225688,9f9bb01aee1b,flip=0.0010
M4_mrf_mlp-614a43d4ba,sbm,M4_mrf_mlp,tuned_grid,mf,20,4,,0.25,,0,,0.786,0.785247,0.601337,0.298529,0.781,0.780099,0.610642,0.299813,0.035938,0.486718,0.607238,1,9,,,,,0.9,0.90168,0.88529,0.74461,0.5,3.99149,,,,,,0.0963,,4225688,9f9bb01aee1b,flip=0.1570
M4_mrf_gcn-b9e3ee539f,sbm,M4_mrf_gcn,tuned_grid,mf,20,4,,0.5,,0,,1.0,1.0,0.047205,0.010266,0.998,0.997943,0.049163,0.012507,0.038892,0.867053,0.901765,1,7,,,,,0.9,0.90168,0.88529,0.74461,0.5,3.99149,,,,,,0.0783,,4225688,9f9bb01aee1b,flip=0.0030
M4_mrf_mlp-10fe24c110,sbm,M4_mrf_mlp,tuned_grid,mf,20,4,,0.5,,0,,0.908,0.906445,0.25076,0.124387,0.929,0.928721,0.250275,0.117046,0.048069,0.715599,0.808611,1,12,,,,,0.9,0.90168,0.88529,0.74461,0.5,3.99149,,,,,,0.081,,4225688,9f9bb01aee1b,flip=0.3030
M4_mrf_gcn-84a1eab448,sbm,M4_mrf_gcn,tuned_grid,mf,20,4,,1.0,,0,,1.0,1.0,0.013135,0.002609,0.997,0.996958,0.018189,0.006613,0.010207,0.895924,0.901854,1,6,,,,,0.9,0.90168,0.88529,0.74461,0.5,3.99149,,,,,,0.0561,,4225688,9f9bb01aee1b,flip=0.0040
M4_mrf_mlp-f924f0b566,sbm,M4_mrf_mlp,tuned_grid,mf,20,4,,1.0,,0,,0.988,0.988032,0.043853,0.019085,0.987,0.987046,0.04628,0.020609,0.013441,0.873455,0.893831,1,11,,,,,0.9,0.90168,0.88529,0.74461,0.5,3.99149,,,,,,0.1074,,4225688,9f9bb01aee1b,flip=0.3590
M4_mrf_gcn-fe77607f18,sbm,M4_mrf_gcn,tuned_grid,mf,20,4,,2.0,,0,,1.0,1.0,0.002544,0.00037,0.997,0.996958,0.010475,0.00559,0.001943,0.901148,0.901854,1,6,,,,,0.9,0.90168,0.88529,0.74461,0.5,3.99149,,,,,,0.0525,,4225688,9f9bb01aee1b,flip=0.0040
M4_mrf_mlp-92226784ba,sbm,M4_mrf_mlp,tuned_grid,mf,20,4,,2.0,,0,,1.0,1.0,0.005421,0.001691,0.997,0.996906,0.007843,0.004147,0.000997,0.899878,0.901319,1,7,,,,,0.9,0.90168,0.88529,0.74461,0.5,3.99149,,,,,,0.0699,,4225688,9f9bb01aee1b,flip=0.3700
OF-f0933a23d2,sbm,Oracle_F,oracle,closed_form,20,4,,,,,,0.76,,,,0.74,,,,,,,,,,,,,0.9,0.90168,0.88529,0.74461,0.5,3.99149,,,,,,,,4225688,9f9bb01aee1b,"feature-only Bayes rule, known generative parameters"
OG-f237e4957f,sbm,Oracle_G,oracle,mf,20,4,,3.99149,,,,1.0,1.0,0.00025,1.5e-05,0.999,0.998953,0.003176,0.001815,0.000498,0.901725,0.901765,1,4,,,,,0.9,0.90168,0.88529,0.74461,0.5,3.99149,,,,,,,,4225688,9f9bb01aee1b,true Gaussian unaries + generator-implied coupling
M0_mlp-942cca2e1a,sbm,M0_mlp,train,none,1,5,0.0,,,,21,0.302,0.298164,1.835628,0.822449,0.313,0.308454,1.751645,0.799305,0.086164,0.160241,0.203414,,,,,,,0.9,0.90243,0.88616,0.74607,0.5,3.99149,0.01,0.0005,64,0.5,0.227,,results/logits/M0_mlp-942cca2e1a.npz,4225688,9f9bb01aee1b,
M1_gcn-10a602c311,sbm,M1_gcn,train,none,1,5,0.0,,,,26,0.998,0.997796,0.648921,0.270759,0.999,0.999001,0.657089,0.275659,0.467624,0.330204,0.902252,,,,,,,0.9,0.90243,0.88616,0.74607,0.5,3.99149,0.005,0.001,64,0.5,2.363,,results/logits/M1_gcn-10a602c311.npz,4225688,9f9bb01aee1b,
LP-4577dc101b,sbm,LP,closed_form,label_prop,1,5,,,,,,0.678,0.625141,1.830863,0.821542,0.679,0.614438,1.85216,0.820048,0.524712,0.145242,0.794739,,,,,,,0.9,0.90243,0.88616,0.74607,0.5,3.99149,,,,,,,,4225688,9f9bb01aee1b,uses train labels as inference-time evidence
M2_lap-d8ddd6bc41,sbm,M2_lap,train,none,1,5,0.001,,,,26,0.998,0.997796,0.648937,0.270768,0.999,0.999001,0.657105,0.275669,0.467634,0.330196,0.902252,,,,,,,0.9,0.90243,0.88616,0.74607,0.5,3.99149,0.005,0.001,64,0.5,2.595,,,4225688,9f9bb01aee1b,
M2_lap-b9ebdc541b,sbm,M2_lap,train,none,1,5,0.01,,,,26,0.998,0.997796,0.649083,0.270849,0.999,0.999001,0.657257,0.275753,0.467715,0.330121,0.902252,,,,,,,0.9,0.90243,0.88616,0.74607,0.5,3.99149,0.005,0.001,64,0.5,3.009,,,4225688,9f9bb01aee1b,
M2_lap-4242141e34,sbm,M2_lap,train,none,1,5,0.1,,,,26,0.998,0.997796,0.650646,0.27172,0.999,0.999001,0.658862,0.276645,0.468581,0.329326,0.902252,,,,,,,0.9,0.90243,0.88616,0.74607,0.5,3.99149,0.005,0.001,64,0.5,3.227,,,4225688,9f9bb01aee1b,
M2_lap-2a1e726920,sbm,M2_lap,train,none,1,5,0.5,,,,26,0.998,0.997796,0.657791,0.275706,0.998,0.998051,0.666179,0.280716,0.4715,0.325762,0.902164,,,,,,,0.9,0.90243,0.88616,0.74607,0.5,3.99149,0.005,0.001,64,0.5,3.246,,,4225688,9f9bb01aee1b,
M2_lap-d6323aacf1,sbm,M2_lap,train,none,1,5,1.0,,,,25,0.998,0.997796,0.710429,0.305201,0.998,0.998051,0.718144,0.309703,0.49808,0.302505,0.9019,,,,,,,0.9,0.90243,0.88616,0.74607,0.5,3.99149,0.005,0.001,64,0.5,3.32,,,4225688,9f9bb01aee1b,
M2_lap-f40f1f2356,sbm,M2_lap,train,none,1,5,5.0,,,,22,0.998,0.997796,0.895623,0.408592,0.998,0.998051,0.902554,0.41232,0.583237,0.23756,0.901636,,,,,,,0.9,0.90243,0.88616,0.74607,0.5,3.99149,0.005,0.001,64,0.5,3.358,,,4225688,9f9bb01aee1b,
M4_mrf_gcn-4998e0d40a,sbm,M4_mrf_gcn,tuned_grid,mf,1,5,,0.05,,0,,0.998,0.997796,0.570712,0.227566,0.999,0.999001,0.578294,0.232144,0.423356,0.375528,0.902252,1,5,,,,,0.9,0.90243,0.88616,0.74607,0.5,3.99149,,,,,,0.0591,,4225688,9f9bb01aee1b,flip=0.0000
M4_mrf_mlp-acd2963dc0,sbm,M4_mrf_mlp,tuned_grid,mf,1,5,,0.05,,0,,0.31,0.304531,1.809522,0.813338,0.326,0.32093,1.72601,0.790634,0.078314,0.164034,0.217843,1,5,,,,,0.9,0.90243,0.88616,0.74607,0.5,3.99149,,,,,,0.042,,4225688,9f9bb01aee1b,flip=0.0240
M4_mrf_gcn-7b365991d2,sbm,M4_mrf_gcn,tuned_grid,mf,1,5,,0.1,,0,,0.998,0.997796,0.485623,0.182364,0.999,0.999001,0.492694,0.186641,0.371609,0.433713,0.90234,1,7,,,,,0.9,0.90243,0.88616,0.74607,0.5,3.99149,,,,,,0.0581,,4225688,9f9bb01aee1b,flip=0.0000
M4_mrf_mlp-9d7888dea0,sbm,M4_mrf_mlp,tuned_grid,mf,1,5,,0.1,,0,,0.32,0.314815,1.780386,0.802696,0.339,0.332806,1.697503,0.780577,0.075266,0.168554,0.229632,1,6,,,,,0.9,0.90243,0.88616,0.74607,0.5,3.99149,,,,,,0.1004,,4225688,9f9bb01aee1b,flip=0.0500
M4_mrf_gcn-7746583a38,sbm,M4_mrf_gcn,tuned_grid,mf,1,5,,0.25,,0,,0.998,0.997796,0.246994,0.072168,0.999,0.998983,0.254108,0.076575,0.206723,0.647863,0.902516,1,9,,,,,0.9,0.90243,0.88616,0.74607,0.5,3.99149,,,,,,0.0808,,4225688,9f9bb01aee1b,flip=0.0010
M4_mrf_mlp-23d01637f8,sbm,M4_mrf_mlp,tuned_grid,mf,1,5,,0.25,,0,,0.384,0.372341,1.658127,0.752345,0.404,0.393149,1.578338,0.733374,0.062509,0.192035,0.305736,1,12,,,,,0.9,0.90243,0.88616,0.74607,0.5,3.99149,,,,,,0.1816,,4225688,9f9bb01aee1b,flip=0.1620
M4_mrf_gcn-5e979c9f18,sbm,M4_mrf_gcn,tuned_grid,mf,1,5,,0.5,,0,,0.998,0.997796,0.077441,0.017073,0.999,0.998983,0.086288,0.021603,0.071902,0.832764,0.902516,1,8,,,,,0.9,0.90243,0.88616,0.74607,0.5,3.99149,,,,,,0.098,,4225688,9f9bb01aee1b,flip=0.0010
M4_mrf_mlp-4f074d90ce,sbm,M4_mrf_mlp,tuned_grid,mf,1,5,,0.5,,0,,0.686,0.623066,1.074448,0.456141,0.723,0.68775,0.974372,0.422734,0.074404,0.468392,0.708605,1,99,,,,,0.9,0.90243,0.88616,0.74607,0.5,3.99149,,,,,,1.4819,,4225688,9f9bb01aee1b,flip=0.5230
M4_mrf_gcn-2da5bc981b,sbm,M4_mrf_gcn,tuned_grid,mf,1,5,,1.0,,0,,0.998,0.997796,0.016728,0.003882,0.999,0.998983,0.024692,0.007265,0.018169,0.892496,0.902604,1,7,,,,,0.9,0.90243,0.88616,0.74607,0.5,3.99149,,,,,,0.0685,,4225688,9f9bb01aee1b,flip=0.0010
M4_mrf_mlp-ec2830e4a6,sbm,M4_mrf_mlp,tuned_grid,mf,1,5,,1.0,,0,,0.706,0.607596,2.276928,0.563673,0.72,0.628479,2.128234,0.537798,0.237637,0.87787,0.910259,1,17,,,,,0.9,0.90243,0.88616,0.74607,0.5,3.99149,,,,,,0.2622,,4225688,9f9bb01aee1b,flip=0.7010
M4_mrf_gcn-7ad75bb752,sbm,M4_mrf_gcn,tuned_grid,mf,1,5,,2.0,,0,,0.998,0.997796,0.003908,0.001553,0.999,0.998983,0.011424,0.004753,0.004925,0.901531,0.902604,1,7,,,,,0.9,0.90243,0.88616,0.74607,0.5,3.99149,,,,,,0.0418,,4225688,9f9bb01aee1b,flip=0.0010
M4_mrf_mlp-71cdeaa2f2,sbm,M4_mrf_mlp,tuned_grid,mf,1,5,,2.0,,0,,0.71,0.609965,4.460904,0.574165,0.719,0.623207,4.301419,0.556294,0.272747,0.910398,0.912634,1,13,,,,,0.9,0.90243,0.88616,0.74607,0.5,3.99149,,,,,,0.1916,,4225688,9f9bb01aee1b,flip=0.7070
OF-1176398041,sbm,Oracle_F,oracle,closed_form,1,5,,,,,,0.734,,,,0.729,,,,,,,,,,,,,0.9,0.90243,0.88616,0.74607,0.5,3.99149,,,,,,,,4225688,9f9bb01aee1b,"feature-only Bayes rule, known generative parameters"
OG-bc2d82051e,sbm,Oracle_G,oracle,mf,1,5,,3.99149,,,,1.0,1.0,0.000455,0.000139,0.999,0.998983,0.006937,0.002355,0.000153,0.902524,0.902604,1,4,,,,,0.9,0.90243,0.88616,0.74607,0.5,3.99149,,,,,,,,4225688,9f9bb01aee1b,true Gaussian unaries + generator-implied coupling
M0_mlp-a3999894a0,sbm,M0_mlp,train,none,5,5,0.0,,,,26,0.46,0.454861,1.475155,0.694604,0.433,0.434611,1.585061,0.7236,0.081291,0.189283,0.255851,,,,,,,0.9,0.90243,0.88616,0.74607,0.5,3.99149,0.01,0.0005,64,0.5,0.42,,results/logits/M0_mlp-a3999894a0.npz,4225688,9f9bb01aee1b,
M1_gcn-069f953534,sbm,M1_gcn,train,none,5,5,0.0,,,,27,1.0,1.0,0.406294,0.139571,0.996,0.996035,0.42324,0.149986,0.325632,0.478547,0.90234,,,,,,,0.9,0.90243,0.88616,0.74607,0.5,3.99149,0.005,0.001,64,0.5,3.325,,results/logits/M1_gcn-069f953534.npz,4225688,9f9bb01aee1b,
LP-dadfb72595,sbm,LP,closed_form,label_prop,5,5,,,,,,0.93,0.928121,1.494685,0.698835,0.913,0.91264,1.532078,0.703087,0.683997,0.15924,0.828084,,,,,,,0.9,0.90243,0.88616,0.74607,0.5,3.99149,,,,,,,,4225688,9f9bb01aee1b,uses train labels as inference-time evidence
M2_lap-8804ba2d11,sbm,M2_lap,train,none,5,5,0.001,,,,27,1.0,1.0,0.406309,0.139579,0.996,0.996035,0.423255,0.149994,0.325643,0.478535,0.90234,,,,,,,0.9,0.90243,0.88616,0.74607,0.5,3.99149,0.005,0.001,64,0.5,3.563,,,4225688,9f9bb01aee1b,
M2_lap-088a4ecda2,sbm,M2_lap,train,none,5,5,0.01,,,,27,1.0,1.0,0.406444,0.139644,0.996,0.996035,0.423392,0.15006,0.325735,0.478425,0.90234,,,,,,,0.9,0.90243,0.88616,0.74607,0.5,3.99149,0.005,0.001,64,0.5,3.294,,,4225688,9f9bb01aee1b,
M2_lap-e55f1d37f7,sbm,M2_lap,train,none,5,5,0.1,,,,27,1.0,1.0,0.407802,0.140309,0.996,0.996035,0.424774,0.15073,0.326662,0.477327,0.90234,,,,,,,0.9,0.90243,0.88616,0.74607,0.5,3.99149,0.005,0.001,64,0.5,3.45,,,4225688,9f9bb01aee1b,
M2_lap-0fb6b58504,sbm,M2_lap,train,none,5,5,0.5,,,,28,1.0,1.0,0.377649,0.125313,0.996,0.996035,0.395172,0.136102,0.307241,0.500418,0.90234,,,,,,,0.9,0.90243,0.88616,0.74607,0.5,3.99149,0.005,0.001,64,0.5,3.946,,,4225688,9f9bb01aee1b,
M2_lap-23f4a2fd74,sbm,M2_lap,train,none,5,5,1.0,,,,28,1.0,1.0,0.386565,0.129605,0.996,0.996035,0.404179,0.140399,0.31337,0.49302,0.90234,,,,,,,0.9,0.90243,0.88616,0.74607,0.5,3.99149,0.005,0.001,64,0.5,3.455,,,4225688,9f9bb01aee1b,
M2_lap-0f75fa8ac0,sbm,M2_lap,train,none,5,5,5.0,,,,14,0.998,0.997859,1.134047,0.535405,0.995,0.995029,1.141702,0.538489,0.670021,0.186817,0.901724,,,,,,,0.9,0.90243,0.88616,0.74607,0.5,3.99149,0.005,0.001,64,0.5,2.911,,,4225688,9f9bb01aee1b,
M4_mrf_gcn-9b0b25bf7e,sbm,M4_mrf_gcn,tuned_grid,mf,5,5,,0.05,,0,,1.0,1.0,0.338057,0.106962,0.996,0.996035,0.356784,0.118494,0.279947,0.53833,0.902428,1,5,,,,,0.9,0.90243,0.88616,0.74607,0.5,3.99149,,,,,,0.1335,,4225688,9f9bb01aee1b,flip=0.0000
M4_mrf_mlp-5ea93e63fd,sbm,M4_mrf_mlp,tuned_grid,mf,5,5,,0.05,,0,,0.466,0.460457,1.421331,0.672992,0.441,0.44243,1.532008,0.703452,0.07718,0.198468,0.270456,1,5,,,,,0.9,0.90243,0.88616,0.74607,0.5,3.99149,,,,,,0.0418,,4225688,9f9bb01aee1b,flip=0.0100
M4_mrf_gcn-840645a507,sbm,M4_mrf_gcn,tuned_grid,mf,5,5,,0.1,,0,,1.0,1.0,0.273245,0.078662,0.996,0.996035,0.293657,0.090995,0.234265,0.60112,0.902428,1,6,,,,,0.9,0.90243,0.88616,0.74607,0.5,3.99149,,,,,,0.108,,4225688,9f9bb01aee1b,flip=0.0000
M4_mrf_mlp-66d6dee21b,sbm,M4_mrf_mlp,tuned_grid,mf,5,5,,0.1,,0,,0.49,0.483502,1.36083,0.647769,0.467,0.468061,1.472438,0.679828,0.062703,0.209722,0.298962,1,6,,,,,0.9,0.90243,0.88616,0.74607,0.5,3.99149,,,,,,0.0558,,4225688,9f9bb01aee1b,flip=0.0410
M4_mrf_gcn-448cd429c9,sbm,M4_mrf_gcn,tuned_grid,mf,5,5,,0.25,,0,,1.0,1.0,0.131377,0.028447,0.997,0.996999,0.153867,0.040203,0.126233,0.756805,0.902604,1,7,,,,,0.9,0.90243,0.88616,0.74607,0.5,3.99149,,,,,,0.0971,,4225688,9f9bb01aee1b,flip=0.0010
M4_mrf_mlp-a72b5d1e32,sbm,M4_mrf_mlp,tuned_grid,mf,5,5,,0.25,,0,,0.608,0.596256,1.110365,0.533888,0.582,0.581669,1.226732,0.572526,0.045265,0.268835,0.420113,1,13,,,,,0.9,0.90243,0.88616,0.74607,0.5,3.99149,,,,,,0.2052,,4225688,9f9bb01aee1b,flip=0.1690
M4_mrf_gcn-e9a4843b1c,sbm,M4_mrf_gcn,tuned_grid,mf,5,5,,0.5,,0,,1.0,1.0,0.042818,0.007409,0.997,0.996999,0.061481,0.015553,0.048432,0.860297,0.902604,1,7,,,,,0.9,0.90243,0.88616,0.74607,0.5,3.99149,,,,,,0.0684,,4225688,9f9bb01aee1b,flip=0.0010
M4_mrf_mlp-77ea37e53e,sbm,M4_mrf_mlp,tuned_grid,mf,5,5,,0.5,,0,,0.88,0.863058,0.447062,0.196533,0.822,0.816076,0.568661,0.253176,0.065601,0.583842,0.74846,1,24,,,,,0.9,0.90243,0.88616,0.74607,0.5,3.99149,,,,,,0.3426,,4225688,9f9bb01aee1b,flip=0.4050
M4_mrf_gcn-8a19c20134,sbm,M4_mrf_gcn,tuned_grid,mf,5,5,,1.0,,0,,1.0,1.0,0.009535,0.001763,0.997,0.996999,0.020892,0.006688,0.013289,0.895765,0.902604,1,7,,,,,0.9,0.90243,0.88616,0.74607,0.5,3.99149,,,,,,0.07,,4225688,9f9bb01aee1b,flip=0.0010
M4_mrf_mlp-5d23e8cd73,sbm,M4_mrf_mlp,tuned_grid,mf,5,5,,1.0,,0,,0.994,0.994073,0.041386,0.013665,0.983,0.983283,0.081347,0.035218,0.0303,0.86478,0.895654,1,16,,,,,0.9,0.90243,0.88616,0.74607,0.5,3.99149,,,,,,0.272,,4225688,9f9bb01aee1b,flip=0.5530
M4_mrf_gcn-bb1d51e6ed,sbm,M4_mrf_gcn,tuned_grid,mf,5,5,,2.0,,0,,1.0,1.0,0.002019,0.000366,0.997,0.996999,0.009186,0.004311,0.003211,0.901811,0.902604,1,7,,,,,0.9,0.90243,0.88616,0.74607,0.5,3.99149,,,,,,0.0912,,4225688,9f9bb01aee1b,flip=0.0010
M4_mrf_mlp-66565d494d,sbm,M4_mrf_mlp,tuned_grid,mf,5,5,,2.0,,0,,0.998,0.99803,0.006428,0.002934,0.996,0.996027,0.017587,0.008031,0.005501,0.899688,0.902164,1,12,,,,,0.9,0.90243,0.88616,0.74607,0.5,3.99149,,,,,,0.1726,,4225688,9f9bb01aee1b,flip=0.5640
OF-bbf87fc80f,sbm,Oracle_F,oracle,closed_form,5,5,,,,,,0.758,,,,0.726,,,,,,,,,,,,,0.9,0.90243,0.88616,0.74607,0.5,3.99149,,,,,,,,4225688,9f9bb01aee1b,"feature-only Bayes rule, known generative parameters"
OG-59bae0b663,sbm,Oracle_G,oracle,mf,5,5,,3.99149,,,,1.0,1.0,9.5e-05,2e-06,1.0,1.0,0.001561,0.000561,0.001369,0.902524,0.902604,1,4,,,,,0.9,0.90243,0.88616,0.74607,0.5,3.99149,,,,,,,,4225688,9f9bb01aee1b,true Gaussian unaries + generator-implied coupling
M0_mlp-e818b68c67,sbm,M0_mlp,train,none,20,5,0.0,,,,21,0.614,0.616212,1.133943,0.55324,0.598,0.597948,1.11213,0.540623,0.054783,0.237672,0.372339,,,,,,,0.9,0.90243,0.88616,0.74607,0.5,3.99149,0.01,0.0005,64,0.5,0.347,,results/logits/M0_mlp-e818b68c67.npz,4225688,9f9bb01aee1b,
M1_gcn-0d9de338f9,sbm,M1_gcn,train,none,20,5,0.0,,,,15,0.994,0.99383,0.998392,0.462875,0.998,0.997964,0.99144,0.459549,0.618373,0.214965,0.902252,,,,,,,0.9,0.90243,0.88616,0.74607,0.5,3.99149,0.005,0.001,64,0.5,2.444,,results/logits/M1_gcn-0d9de338f9.npz,4225688,9f9bb01aee1b,
LP-37e6a7ab11,sbm,LP,closed_form,label_prop,20,5,,,,,,0.99,0.989763,0.999019,0.436523,0.992,0.991891,0.932752,0.428304,0.591051,0.24036,0.899965,,,,,,,0.9,0.90243,0.88616,0.74607,0.5,3.99149,,,,,,,,4225688,9f9bb01aee1b,uses train labels as inference-time evidence
M2_lap-cfca29d7b8,sbm,M2_lap,train,none,20,5,0.001,,,,15,0.994,0.99383,0.998395,0.462876,0.998,0.997964,0.991444,0.459551,0.618375,0.214964,0.902252,,,,,,,0.9,0.90243,0.88616,0.74607,0.5,3.99149,0.005,0.001,64,0.5,3.01,,,4225688,9f9bb01aee1b,
M2_lap-e29fee3a45,sbm,M2_lap,train,none,20,5,0.01,,,,15,0.994,0.99383,0.99843,0.462896,0.998,0.997964,0.991479,0.45957,0.61839,0.214953,0.902252,,,,,,,0.9,0.90243,0.88616,0.74607,0.5,3.99149,0.005,0.001,64,0.5,2.949,,,4225688,9f9bb01aee1b,
M2_lap-30c466b20b,sbm,M2_lap,train,none,20,5,0.1,,,,15,0.994,0.99383,0.9989,0.463154,0.998,0.997964,0.991977,0.459847,0.61861,0.214803,0.902252,,,,,,,0.9,0.90243,0.88616,0.74607,0.5,3.99149,0.005,0.001,64,0.5,2.806,,,4225688,9f9bb01aee1b,
M2_lap-6c59d5c690,sbm,M2_lap,train,none,20,5,0.5,,,,15,0.994,0.99383,1.000233,0.463892,0.998,0.997964,0.993322,0.460597,0.619202,0.214401,0.902252,,,,,,,0.9,0.90243,0.88616,0.74607,0.5,3.99149,0.005,0.001,64,0.5,2.732,,,4225688,9f9bb01aee1b,
M2_lap-fddea9269d,sbm,M2_lap,train,none,20,5,1.0,,,,16,0.994,0.99383,0.938934,0.430756,0.998,0.997964,0.931655,0.427206,0.594747,0.229279,0.90234,,,,,,,0.9,0.90243,0.88616,0.74607,0.5,3.99149,0.005,0.001,64,0.5,3.181,,,4225688,9f9bb01aee1b,
M2_lap-362df45f88,sbm,M2_lap,train,none,20,5,5.0,,,,23,0.994,0.99383,0.601102,0.243213,0.998,0.997992,0.5893,0.23665,0.431058,0.360507,0.902516,,,,,,,0.9,0.90243,0.88616,0.74607,0.5,3.99149,0.005,0.001,64,0.5,3.144,,,4225688,9f9bb01aee1b,
M4_mrf_gcn-6a92603dcc,sbm,M4_mrf_gcn,tuned_grid,mf,20,5,,0.05,,0,,0.994,0.99383,0.929771,0.425192,0.998,0.997964,0.922192,0.42146,0.589723,0.233978,0.902252,1,5,,,,,0.9,0.90243,0.88616,0.74607,0.5,3.99149,,,,,,0.0798,,4225688,9f9bb01aee1b,flip=0.0000
M4_mrf_mlp-692bdc11b9,sbm,M4_mrf_mlp,tuned_grid,mf,20,5,,0.05,,0,,0.656,0.658182,1.060949,0.519279,0.632,0.632284,1.038368,0.507612,0.079121,0.256623,0.416681,1,5,,,,,0.9,0.90243,0.88616,0.74607,0.5,3.99149,,,,,,0.0373,,4225688,9f9bb01aee1b,flip=0.0370
M4_mrf_gcn-654597c4ab,sbm,M4_mrf_gcn,tuned_grid,mf,20,5,,0.1,,0,,0.994,0.99383,0.84685,0.379123,0.999,0.998953,0.838462,0.374857,0.553275,0.26205,0.902428,1,7,,,,,0.9,0.90243,0.88616,0.74607,0.5,3.99149,,,,,,0.0467,,4225688,9f9bb01aee1b,flip=0.0010
M4_mrf_mlp-876821ce23,sbm,M4_mrf_mlp,tuned_grid,mf,20,5,,0.1,,0,,0.672,0.673656,0.978773,0.479789,0.672,0.672019,0.955491,0.468972,0.096319,0.280817,0.466743,1,6,,,,,0.9,0.90243,0.88616,0.74607,0.5,3.99149,,,,,,0.1472,,4225688,9f9bb01aee1b,flip=0.0800
M4_mrf_gcn-fee07c0733,sbm,M4_mrf_gcn,tuned_grid,mf,20,5,,0.25,,0,,0.994,0.99383,0.500184,0.192042,0.998,0.997936,0.488083,0.185228,0.361779,0.452018,0.902604,1,13,,,,,0.9,0.90243,0.88616,0.74607,0.5,3.99149,,,,,,0.2109,,4225688,9f9bb01aee1b,flip=0.0020
M4_mrf_mlp-69238bc60c,sbm,M4_mrf_mlp,tuned_grid,mf,20,5,,0.25,,0,,0.804,0.804379,0.663123,0.319895,0.806,0.806351,0.638301,0.309389,0.14351,0.409478,0.641211,1,11,,,,,0.9,0.90243,0.88616,0.74607,0.5,3.99149,,,,,,0.1251,,4225688,9f9bb01aee1b,flip=0.2120
M4_mrf_gcn-119fe086ea,sbm,M4_mrf_gcn,tuned_grid,mf,20,5,,0.5,,0,,0.994,0.99383,0.145802,0.042226,0.998,0.997936,0.134619,0.036814,0.109121,0.782911,0.902604,1,10,,,,,0.9,0.90243,0.88616,0.74607,0.5,3.99149,,,,,,0.1798,,4225688,9f9bb01aee1b,flip=0.0020
M4_mrf_mlp-d272045d74,sbm,M4_mrf_mlp,tuned_grid,mf,20,5,,0.5,,0,,0.956,0.955977,0.200506,0.082542,0.972,0.972115,0.182475,0.071689,0.103923,0.734007,0.869787,1,11,,,,,0.9,0.90243,0.88616,0.74607,0.5,3.99149,,,,,,0.0632,,4225688,9f9bb01aee1b,flip=0.3760
M4_mrf_gcn-9ad03eb16b,sbm,M4_mrf_gcn,tuned_grid,mf,20,5,,1.0,,0,,0.994,0.99383,0.037271,0.011775,0.999,0.998953,0.031289,0.008856,0.023377,0.887572,0.902604,1,8,,,,,0.9,0.90243,0.88616,0.74607,0.5,3.99149,,,,,,0.0785,,4225688,9f9bb01aee1b,flip=0.0010
M4_mrf_mlp-082e5dbd81,sbm,M4_mrf_mlp,tuned_grid,mf,20,5,,1.0,,0,,0.996,0.996113,0.036241,0.013293,1.0,1.0,0.027147,0.007252,0.023577,0.883481,0.900141,1,8,,,,,0.9,0.90243,0.88616,0.74607,0.5,3.99149,,,,,,0.1746,,4225688,9f9bb01aee1b,flip=0.4020
M4_mrf_gcn-929e6fe25b,sbm,M4_mrf_gcn,tuned_grid,mf,20,5,,2.0,,0,,0.994,0.99383,0.012913,0.005538,0.999,0.998953,0.012021,0.004862,0.0051,0.901217,0.902604,1,8,,,,,0.9,0.90243,0.88616,0.74607,0.5,3.99149,,,,,,0.0618,,4225688,9f9bb01aee1b,flip=0.0010
M4_mrf_mlp-20dc6cb70c,sbm,M4_mrf_mlp,tuned_grid,mf,20,5,,2.0,,0,,1.0,1.0,0.007952,0.002647,0.999,0.998953,0.004299,0.001416,0.002055,0.901095,0.902516,1,6,,,,,0.9,0.90243,0.88616,0.74607,0.5,3.99149,,,,,,0.1088,,4225688,9f9bb01aee1b,flip=0.4030
OF-ae86dab841,sbm,Oracle_F,oracle,closed_form,20,5,,,,,,0.754,,,,0.746,,,,,,,,,,,,,0.9,0.90243,0.88616,0.74607,0.5,3.99149,,,,,,,,4225688,9f9bb01aee1b,"feature-only Bayes rule, known generative parameters"
OG-73accdef8d,sbm,Oracle_G,oracle,mf,20,5,,3.99149,,,,1.0,1.0,0.001362,0.000324,0.999,0.998953,0.006209,0.002006,0.000767,0.902524,0.902604,1,4,,,,,0.9,0.90243,0.88616,0.74607,0.5,3.99149,,,,,,,,4225688,9f9bb01aee1b,true Gaussian unaries + generator-implied coupling
M0_mlp-af092872ff,sbm,M0_mlp,train,none,1,6,0.0,,,,104,0.326,0.321575,2.070576,0.902464,0.352,0.34745,1.989479,0.86962,0.250957,0.190841,0.221298,,,,,,,0.9,0.89961,0.88287,0.74076,0.5,3.99149,0.01,0.0005,64,0.5,0.807,,results/logits/M0_mlp-af092872ff.npz,4225688,9f9bb01aee1b,
M1_gcn-ceb9e8eac4,sbm,M1_gcn,train,none,1,6,0.0,,,,35,0.998,0.998228,0.401328,0.140538,0.998,0.99803,0.402728,0.141677,0.314488,0.490607,0.898992,,,,,,,0.9,0.89961,0.88287,0.74076,0.5,3.99149,0.005,0.001,64,0.5,3.191,,results/logits/M1_gcn-ceb9e8eac4.npz,4225688,9f9bb01aee1b,
LP-9173672275,sbm,LP,closed_form,label_prop,1,6,,,,,,0.14,0.067085,1.926835,0.837545,0.155,0.060704,1.857573,0.831284,0.269426,0.151974,0.971608,,,,,,,0.9,0.89961,0.88287,0.74076,0.5,3.99149,,,,,,,,4225688,9f9bb01aee1b,uses train labels as inference-time evidence
M2_lap-c1aae34e35,sbm,M2_lap,train,none,1,6,0.001,,,,35,0.998,0.998228,0.401359,0.140553,0.998,0.99803,0.402758,0.141692,0.314508,0.490583,0.898992,,,,,,,0.9,0.89961,0.88287,0.74076,0.5,3.99149,0.005,0.001,64,0.5,4.294,,,4225688,9f9bb01aee1b,
M2_lap-8e0a5019d8,sbm,M2_lap,train,none,1,6,0.01,,,,35,0.998,0.998228,0.401632,0.140689,0.998,0.99803,0.40302,0.141821,0.314682,0.490376,0.898992,,,,,,,0.9,0.89961,0.88287,0.74076,0.5,3.99149,0.005,0.001,64,0.5,3.785,,,4225688,9f9bb01aee1b,
M2_lap-0becbdb213,sbm,M2_lap,train,none,1,6,0.1,,,,36,0.998,0.998228,0.380919,0.130558,0.998,0.99803,0.382193,0.13165,0.300774,0.506801,0.898992,,,,,,,0.9,0.89961,0.88287,0.74076,0.5,3.99149,0.005,0.001,64,0.5,3.568,,,4225688,9f9bb01aee1b,
M2_lap-7ddf047c41,sbm,M2_lap,train,none,1,6,0.5,,,,40,0.998,0.998228,0.319731,0.102172,0.998,0.99803,0.320432,0.103089,0.257706,0.559741,0.899257,,,,,,,0.9,0.89961,0.88287,0.74076,0.5,3.99149,0.005,0.001,64,0.5,3.943,,,4225688,9f9bb01aee1b,
M2_lap-b344ac8b6c,sbm,M2_lap,train,none,1,6,1.0,,,,18,0.996,0.995769,1.091229,0.513681,0.995,0.99482,1.094369,0.515103,0.651424,0.199584,0.895896,,,,,,,0.9,0.89961,0.88287,0.74076,0.5,3.99149,0.005,0.001,64,0.5,3.246,,,4225688,9f9bb01aee1b,
M2_lap-9b6bd6ede5,sbm,M2_lap,train,none,1,6,5.0,,,,17,0.994,0.993825,1.159884,0.54865,0.995,0.99482,1.162316,0.549687,0.674975,0.187598,0.895542,,,,,,,0.9,0.89961,0.88287,0.74076,0.5,3.99149,0.005,0.001,64,0.5,3.059,,,4225688,9f9bb01aee1b,
M4_mrf_gcn-1b472d9886,sbm,M4_mrf_gcn,tuned_grid,mf,1,6,,0.05,,0,,0.998,0.998228,0.337066,0.110125,0.998,0.99803,0.338194,0.11115,0.269876,0.548293,0.899169,1,5,,,,,0.9,0.89961,0.88287,0.74076,0.5,3.99149,,,,,,0.1413,,4225688,9f9bb01aee1b,flip=0.0000
M4_mrf_mlp-fac27d15f5,sbm,M4_mrf_mlp,tuned_grid,mf,1,6,,0.05,,0,,0.334,0.328954,2.035244,0.890721,0.358,0.353145,1.95466,0.858551,0.248837,0.199362,0.235892,1,5,,,,,0.9,0.89961,0.88287,0.74076,0.5,3.99149,,,,,,0.0369,,4225688,9f9bb01aee1b,flip=0.0210
M4_mrf_gcn-9127468331,sbm,M4_mrf_gcn,tuned_grid,mf,1,6,,0.1,,0,,0.998,0.998228,0.276136,0.083643,0.998,0.99803,0.276947,0.084436,0.225413,0.608437,0.899257,1,6,,,,,0.9,0.89961,0.88287,0.74076,0.5,3.99149,,,,,,0.1066,,4225688,9f9bb01aee1b,flip=0.0000
M4_mrf_mlp-12496ed07c,sbm,M4_mrf_mlp,tuned_grid,mf,1,6,,0.1,,0,,0.344,0.337622,1.998505,0.87797,0.372,0.366794,1.918022,0.846442,0.23976,0.209099,0.249956,1,6,,,,,0.9,0.89961,0.88287,0.74076,0.5,3.99149,,,,,,0.0591,,4225688,9f9bb01aee1b,flip=0.0400
M4_mrf_gcn-c98c9f47a4,sbm,M4_mrf_gcn,tuned_grid,mf,1,6,,0.25,,0,,0.998,0.998228,0.141373,0.035162,0.999,0.998993,0.140932,0.034666,0.120069,0.757406,0.899611,1,7,,,,,0.9,0.89961,0.88287,0.74076,0.5,3.99149,,,,,,0.0642,,4225688,9f9bb01aee1b,flip=0.0010
M4_mrf_mlp-854583fecc,sbm,M4_mrf_mlp,tuned_grid,mf,1,6,,0.25,,0,,0.384,0.373126,1.875874,0.830697,0.409,0.400541,1.792321,0.800998,0.226017,0.249514,0.310455,1,10,,,,,0.9,0.89961,0.88287,0.74076,0.5,3.99149,,,,,,0.2219,,4225688,9f9bb01aee1b,flip=0.1000
M4_mrf_gcn-207b47fa07,sbm,M4_mrf_gcn,tuned_grid,mf,1,6,,0.5,,0,,0.998,0.998228,0.053413,0.012527,0.999,0.998993,0.050829,0.010612,0.04369,0.858409,0.899611,1,7,,,,,0.9,0.89961,0.88287,0.74076,0.5,3.99149,,,,,,0.0769,,4225688,9f9bb01aee1b,flip=0.0010
M4_mrf_mlp-ae780f816c,sbm,M4_mrf_mlp,tuned_grid,mf,1,6,,0.5,,0,,0.492,0.473131,1.641376,0.71091,0.509,0.494615,1.538629,0.68806,0.204666,0.385021,0.461171,1,27,,,,,0.9,0.89961,0.88287,0.74076,0.5,3.99149,,,,,,0.4874,,4225688,9f9bb01aee1b,flip=0.2460
M4_mrf_gcn-cf35d8dbce,sbm,M4_mrf_gcn,tuned_grid,mf,1,6,,1.0,,0,,1.0,1.0,0.017306,0.005387,1.0,1.0,0.012882,0.002867,0.011258,0.893488,0.899876,1,6,,,,,0.9,0.89961,0.88287,0.74076,0.5,3.99149,,,,,,0.0493,,4225688,9f9bb01aee1b,flip=0.0020
M4_mrf_mlp-f2c121ca1d,sbm,M4_mrf_mlp,tuned_grid,mf,1,6,,1.0,,0,,0.692,0.661995,2.212558,0.565195,0.697,0.649624,2.14958,0.559851,0.247265,0.829015,0.869715,1,37,,,,,0.9,0.89961,0.88287,0.74076,0.5,3.99149,,,,,,0.687,,4225688,9f9bb01aee1b,flip=0.5860
M4_mrf_gcn-38e66fcfe0,sbm,M4_mrf_gcn,tuned_grid,mf,1,6,,2.0,,0,,1.0,1.0,0.007758,0.003342,1.0,1.0,0.003092,0.000969,0.002627,0.899212,0.899965,1,8,,,,,0.9,0.89961,0.88287,0.74076,0.5,3.99149,,,,,,0.1822,,4225688,9f9bb01aee1b,flip=0.0020
M4_mrf_mlp-37ce623cc8,sbm,M4_mrf_mlp,tuned_grid,mf,1,6,,2.0,,0,,0.694,0.65824,4.443952,0.605561,0.711,0.660529,4.344565,0.570896,0.280925,0.897324,0.899965,1,12,,,,,0.9,0.89961,0.88287,0.74076,0.5,3.99149,,,,,,0.1996,,4225688,9f9bb01aee1b,flip=0.6180
OF-df5a098928,sbm,Oracle_F,oracle,closed_form,1,6,,,,,,0.768,,,,0.723,,,,,,,,,,,,,0.9,0.89961,0.88287,0.74076,0.5,3.99149,,,,,,,,4225688,9f9bb01aee1b,"feature-only Bayes rule, known generative parameters"
OG-82d89d890b,sbm,Oracle_G,oracle,mf,1,6,,3.99149,,,,1.0,1.0,0.001195,0.00033,0.999,0.999031,0.00285,0.001458,0.000337,0.89954,0.899611,1,4,,,,,0.9,0.89961,0.88287,0.74076,0.5,3.99149,,,,,,,,4225688,9f9bb01aee1b,true Gaussian unaries + generator-implied coupling
M0_mlp-9a2108d159,sbm,M0_mlp,train,none,5,6,0.0,,,,18,0.472,0.470836,1.417948,0.665855,0.49,0.488857,1.413846,0.661482,0.080502,0.176635,0.273837,,,,,,,0.9,0.89961,0.88287,0.74076,0.5,3.99149,0.01,0.0005,64,0.5,0.382,,results/logits/M0_mlp-9a2108d159.npz,4225688,9f9bb01aee1b,
M1_gcn-fc28b391c0,sbm,M1_gcn,train,none,5,6,0.0,,,,17,0.998,0.99797,0.976301,0.452648,0.997,0.996962,0.972177,0.450578,0.609989,0.222573,0.898107,,,,,,,0.9,0.89961,0.88287,0.74076,0.5,3.99149,0.005,0.001,64,0.5,2.733,,results/logits/M1_gcn-fc28b391c0.npz,4225688,9f9bb01aee1b,
LP-e19720ae60,sbm,LP,closed_form,label_prop,5,6,,,,,,0.824,0.800734,1.540815,0.717413,0.847,0.835252,1.531435,0.712589,0.621952,0.159347,0.785158,,,,,,,0.9,0.89961,0.88287,0.74076,0.5,3.99149,,,,,,,,4225688,9f9bb01aee1b,uses train labels as inference-time evidence
M2_lap-87d8aa9ff7,sbm,M2_lap,train,none,5,6,0.001,,,,17,0.998,0.99797,0.976305,0.45265,0.997,0.996962,0.972181,0.45058,0.609991,0.222571,0.898107,,,,,,,0.9,0.89961,0.88287,0.74076,0.5,3.99149,0.005,0.001,64,0.5,3.146,,,4225688,9f9bb01aee1b,
M2_lap-41c076f957,sbm,M2_lap,train,none,5,6,0.01,,,,17,0.998,0.99797,0.976347,0.452673,0.997,0.996962,0.972225,0.450604,0.610009,0.222559,0.898107,,,,,,,0.9,0.89961,0.88287,0.74076,0.5,3.99149,0.005,0.001,64,0.5,3.313,,,4225688,9f9bb01aee1b,
M2_lap-96548b3e7a,sbm,M2_lap,train,none,5,6,0.1,,,,17,0.998,0.99797,0.976761,0.452902,0.997,0.996962,0.972661,0.450845,0.610194,0.222436,0.898107,,,,,,,0.9,0.89961,0.88287,0.74076,0.5,3.99149,0.005,0.001,64,0.5,3.132,,,4225688,9f9bb01aee1b,
M2_lap-fcec4da648,sbm,M2_lap,train,none,5,6,0.5,,,,17,0.998,0.99797,0.978833,0.45405,0.997,0.996962,0.974812,0.452035,0.611104,0.221831,0.898107,,,,,,,0.9,0.89961,0.88287,0.74076,0.5,3.99149,0.005,0.001,64,0.5,3.064,,,4225688,9f9bb01aee1b,
M2_lap-4eda8ebfdc,sbm,M2_lap,train,none,5,6,1.0,,,,17,0.998,0.99797,0.981356,0.455438,0.997,0.996962,0.977456,0.453487,0.61222,0.221087,0.898107,,,,,,,0.9,0.89961,0.88287,0.74076,0.5,3.99149,0.005,0.001,64,0.5,3.417,,,4225688,9f9bb01aee1b,
M2_lap-8df31ad674,sbm,M2_lap,train,none,5,6,5.0,,,,16,0.998,0.99797,1.056889,0.49581,0.997,0.996962,1.053918,0.494334,0.641529,0.203769,0.898107,,,,,,,0.9,0.89961,0.88287,0.74076,0.5,3.99149,0.005,0.001,64,0.5,2.692,,,4225688,9f9bb01aee1b,
M4_mrf_gcn-435fa38d00,sbm,M4_mrf_gcn,tuned_grid,mf,5,6,,0.05,,0,,0.998,0.99797,0.907752,0.414778,0.997,0.996962,0.903121,0.412437,0.581019,0.242785,0.898373,1,5,,,,,0.9,0.89961,0.88287,0.74076,0.5,3.99149,,,,,,0.0633,,4225688,9f9bb01aee1b,flip=0.0000
M4_mrf_mlp-9e4e91903f,sbm,M4_mrf_mlp,tuned_grid,mf,5,6,,0.05,,0,,0.502,0.500848,1.366391,0.644061,0.51,0.508815,1.364512,0.640968,0.094915,0.183947,0.301698,1,5,,,,,0.9,0.89961,0.88287,0.74076,0.5,3.99149,,,,,,0.0419,,4225688,9f9bb01aee1b,flip=0.0240
M4_mrf_gcn-ec1a3dec0a,sbm,M4_mrf_gcn,tuned_grid,mf,5,6,,0.1,,0,,0.996,0.996113,0.825315,0.368689,0.999,0.998999,0.820076,0.366036,0.545386,0.272167,0.899434,1,7,,,,,0.9,0.89961,0.88287,0.74076,0.5,3.99149,,,,,,0.1215,,4225688,9f9bb01aee1b,flip=0.0020
M4_mrf_mlp-4c7b86a5d0,sbm,M4_mrf_mlp,tuned_grid,mf,5,6,,0.1,,0,,0.536,0.535529,1.306876,0.617962,0.541,0.539601,1.307136,0.616316,0.112037,0.193352,0.334955,1,6,,,,,0.9,0.89961,0.88287,0.74076,0.5,3.99149,,,,,,0.0983,,4225688,9f9bb01aee1b,flip=0.0580
M4_mrf_gcn-2b0d177fef,sbm,M4_mrf_gcn,tuned_grid,mf,5,6,,0.25,,0,,0.996,0.996113,0.485265,0.183808,1.0,1.0,0.478916,0.181025,0.359396,0.460579,0.899611,1,13,,,,,0.9,0.89961,0.88287,0.74076,0.5,3.99149,,,,,,0.0991,,4225688,9f9bb01aee1b,flip=0.0030
M4_mrf_mlp-dd14a6ee0b,sbm,M4_mrf_mlp,tuned_grid,mf,5,6,,0.25,,0,,0.674,0.668576,1.041593,0.492115,0.676,0.673518,1.047536,0.495968,0.188664,0.251738,0.498408,1,12,,,,,0.9,0.89961,0.88287,0.74076,0.5,3.99149,,,,,,0.2021,,4225688,9f9bb01aee1b,flip=0.2020
M4_mrf_gcn-b4a6b239b4,sbm,M4_mrf_gcn,tuned_grid,mf,5,6,,0.5,,0,,0.998,0.998143,0.133426,0.034904,1.0,1.0,0.129372,0.03346,0.109612,0.781668,0.899699,1,10,,,,,0.9,0.89961,0.88287,0.74076,0.5,3.99149,,,,,,0.1169,,4225688,9f9bb01aee1b,flip=0.0030
M4_mrf_mlp-b7bf97b309,sbm,M4_mrf_mlp,tuned_grid,mf,5,6,,0.5,,0,,0.974,0.973855,0.28589,0.109483,0.963,0.963011,0.289316,0.112407,0.165193,0.645487,0.867327,1,20,,,,,0.9,0.89961,0.88287,0.74076,0.5,3.99149,,,,,,0.2176,,4225688,9f9bb01aee1b,flip=0.4730
M4_mrf_gcn-f7da915274,sbm,M4_mrf_gcn,tuned_grid,mf,5,6,,1.0,,0,,0.998,0.998143,0.028002,0.007353,1.0,1.0,0.02368,0.004927,0.02095,0.885536,0.899876,1,8,,,,,0.9,0.89961,0.88287,0.74076,0.5,3.99149,,,,,,0.2375,,4225688,9f9bb01aee1b,flip=0.0030
M4_mrf_mlp-2a926285f4,sbm,M4_mrf_mlp,tuned_grid,mf,5,6,,1.0,,0,,1.0,1.0,0.034557,0.008724,0.997,0.996978,0.036508,0.0104,0.027426,0.875325,0.898903,1,10,,,,,0.9,0.89961,0.88287,0.74076,0.5,3.99149,,,,,,0.1049,,4225688,9f9bb01aee1b,flip=0.5070
M4_mrf_gcn-23a4bcfadb,sbm,M4_mrf_gcn,tuned_grid,mf,5,6,,2.0,,0,,0.998,0.998143,0.010132,0.00379,1.0,1.0,0.003918,0.001057,0.003368,0.898701,0.899965,1,12,,,,,0.9,0.89961,0.88287,0.74076,0.5,3.99149,,,,,,0.2249,,4225688,9f9bb01aee1b,flip=0.0030
M4_mrf_mlp-541ea65413,sbm,M4_mrf_mlp,tuned_grid,mf,5,6,,2.0,,0,,1.0,1.0,0.004743,0.001292,1.0,1.0,0.004038,0.000824,0.003662,0.898261,0.899699,1,8,,,,,0.9,0.89961,0.88287,0.74076,0.5,3.99149,,,,,,0.0728,,4225688,9f9bb01aee1b,flip=0.5100
OF-c857dfe27c,sbm,Oracle_F,oracle,closed_form,5,6,,,,,,0.736,,,,0.743,,,,,,,,,,,,,0.9,0.89961,0.88287,0.74076,0.5,3.99149,,,,,,,,4225688,9f9bb01aee1b,"feature-only Bayes rule, known generative parameters"
OG-98dc08a9a7,sbm,Oracle_G,oracle,mf,5,6,,3.99149,,,,1.0,1.0,0.002122,0.001124,1.0,1.0,0.000191,1.6e-05,0.000185,0.89954,0.899611,1,4,,,,,0.9,0.89961,0.88287,0.74076,0.5,3.99149,,,,,,,,4225688,9f9bb01aee1b,true Gaussian unaries + generator-implied coupling
M0_mlp-4996c6783f,sbm,M0_mlp,train,none,20,6,0.0,,,,15,0.602,0.598671,1.232358,0.581348,0.589,0.584144,1.245997,0.593759,0.180715,0.18948,0.370953,,,,,,,0.9,0.89961,0.88287,0.74076,0.5,3.99149,0.01,0.0005,64,0.5,0.302,,results/logits/M0_mlp-4996c6783f.npz,4225688,9f9bb01aee1b,
M1_gcn-caf63954a0,sbm,M1_gcn,train,none,20,6,0.0,,,,23,1.0,1.0,0.555068,0.218824,0.999,0.998939,0.56424,0.22429,0.41658,0.37886,0.899611,,,,,,,0.9,0.89961,0.88287,0.74076,0.5,3.99149,0.005,0.001,64,0.5,2.809,,results/logits/M1_gcn-caf63954a0.npz,4225688,9f9bb01aee1b,
LP-357bf4efc4,sbm,LP,closed_form,label_prop,20,6,,,,,,0.994,0.994241,0.961569,0.443754,0.992,0.992175,0.990612,0.446758,0.604619,0.231723,0.897134,,,,,,,0.9,0.89961,0.88287,0.74076,0.5,3.99149,,,,,,,,4225688,9f9bb01aee1b,uses train labels as inference-time evidence
M2_lap-c73c4b83a2,sbm,M2_lap,train,none,20,6,0.001,,,,23,1.0,1.0,0.555077,0.218829,0.999,0.998939,0.564249,0.224295,0.416585,0.378855,0.899611,,,,,,,0.9,0.89961,0.88287,0.74076,0.5,3.99149,0.005,0.001,64,0.5,3.267,,,4225688,9f9bb01aee1b,
M2_lap-dff0511c2d,sbm,M2_lap,train,none,20,6,0.01,,,,23,1.0,1.0,0.555161,0.218874,0.999,0.998939,0.564335,0.224341,0.416637,0.378799,0.899611,,,,,,,0.9,0.89961,0.88287,0.74076,0.5,3.99149,0.005,0.001,64,0.5,3.147,,,4225688,9f9bb01aee1b,
M2_lap-72b43eb7b8,sbm,M2_lap,train,none,20,6,0.1,,,,23,1.0,1.0,0.556045,0.219346,0.999,0.998939,0.565228,0.224813,0.417173,0.378225,0.899611,,,,,,,0.9,0.89961,0.88287,0.74076,0.5,3.99149,0.005,0.001,64,0.5,3.462,,,4225688,9f9bb01aee1b,
M2_lap-1fad84e54f,sbm,M2_lap,train,none,20,6,0.5,,,,23,1.0,1.0,0.560095,0.221516,0.999,0.998939,0.569308,0.226983,0.41961,0.375621,0.899522,,,,,,,0.9,0.89961,0.88287,0.74076,0.5,3.99149,0.005,0.001,64,0.5,2.957,,,4225688,9f9bb01aee1b,
M2_lap-98c4feed7f,sbm,M2_lap,train,none,20,6,1.0,,,,23,1.0,1.0,0.565413,0.224376,0.999,0.998939,0.574668,0.229842,0.422794,0.372244,0.899522,,,,,,,0.9,0.89961,0.88287,0.74076,0.5,3.99149,0.005,0.001,64,0.5,3.097,,,4225688,9f9bb01aee1b,
M2_lap-e34a5a66a3,sbm,M2_lap,train,none,20,6,5.0,,,,31,1.0,1.0,0.387713,0.131529,0.999,0.998939,0.398431,0.137547,0.314761,0.489396,0.899522,,,,,,,0.9,0.89961,0.88287,0.74076,0.5,3.99149,0.005,0.001,64,0.5,4.174,,,4225688,9f9bb01aee1b,
M4_mrf_gcn-c9c70ce076,sbm,M4_mrf_gcn,tuned_grid,mf,20,6,,0.05,,0,,1.0,1.0,0.479379,0.178558,0.999,0.998939,0.488452,0.184051,0.370476,0.430811,0.899611,1,5,,,,,0.9,0.89961,0.88287,0.74076,0.5,3.99149,,,,,,0.0462,,4225688,9f9bb01aee1b,flip=0.0000
M4_mrf_mlp-063e6dc60d,sbm,M4_mrf_mlp,tuned_grid,mf,20,6,,0.05,,0,,0.626,0.622726,1.174454,0.554831,0.63,0.625889,1.187244,0.566686,0.210428,0.200068,0.415266,1,5,,,,,0.9,0.89961,0.88287,0.74076,0.5,3.99149,,,,,,0.1065,,4225688,9f9bb01aee1b,flip=0.0450
M4_mrf_gcn-c806d9fea8,sbm,M4_mrf_gcn,tuned_grid,mf,20,6,,0.1,,0,,1.0,1.0,0.40098,0.139188,0.999,0.998939,0.409705,0.144485,0.319356,0.493042,0.899611,1,6,,,,,0.9,0.89961,0.88287,0.74076,0.5,3.99149,,,,,,0.1074,,4225688,9f9bb01aee1b,flip=0.0000
M4_mrf_mlp-ed1f5104bf,sbm,M4_mrf_mlp,tuned_grid,mf,20,6,,0.1,,0,,0.654,0.650579,1.106852,0.522912,0.666,0.661815,1.118608,0.533923,0.231068,0.214269,0.455599,1,6,,,,,0.9,0.89961,0.88287,0.74076,0.5,3.99149,,,,,,0.0526,,4225688,9f9bb01aee1b,flip=0.0820
M4_mrf_gcn-e62b82afa6,sbm,M4_mrf_gcn,tuned_grid,mf,20,6,,0.25,,0,,1.0,1.0,0.202348,0.054707,0.999,0.998939,0.209441,0.058671,0.174254,0.688291,0.899611,1,8,,,,,0.9,0.89961,0.88287,0.74076,0.5,3.99149,,,,,,0.127,,4225688,9f9bb01aee1b,flip=0.0000
M4_mrf_mlp-1c116f45dc,sbm,M4_mrf_mlp,tuned_grid,mf,20,6,,0.25,,0,,0.81,0.808556,0.805177,0.371911,0.814,0.811884,0.812409,0.377641,0.284632,0.307928,0.662834,1,13,,,,,0.9,0.89961,0.88287,0.74076,0.5,3.99149,,,,,,0.2156,,4225688,9f9bb01aee1b,flip=0.2300
M4_mrf_gcn-6dd20272a3,sbm,M4_mrf_gcn,tuned_grid,mf,20,6,,0.5,,0,,0.996,0.996004,0.067478,0.014743,1.0,1.0,0.071898,0.016207,0.062871,0.840631,0.899965,1,7,,,,,0.9,0.89961,0.88287,0.74076,0.5,3.99149,,,,,,0.0531,,4225688,9f9bb01aee1b,flip=0.0010
M4_mrf_mlp-58a5f7661f,sbm,M4_mrf_mlp,tuned_grid,mf,20,6,,0.5,,0,,0.986,0.986338,0.204537,0.07056,0.989,0.988904,0.204958,0.06982,0.146609,0.709109,0.888112,1,13,,,,,0.9,0.89961,0.88287,0.74076,0.5,3.99149,,,,,,0.1873,,4225688,9f9bb01aee1b,flip=0.4010
M4_mrf_gcn-04acdde837,sbm,M4_mrf_gcn,tuned_grid,mf,20,6,,1.0,,0,,0.996,0.996004,0.019095,0.005723,1.0,1.0,0.017227,0.003571,0.015382,0.891468,0.899965,1,7,,,,,0.9,0.89961,0.88287,0.74076,0.5,3.99149,,,,,,0.208,,4225688,9f9bb01aee1b,flip=0.0010
M4_mrf_mlp-19879507eb,sbm,M4_mrf_mlp,tuned_grid,mf,20,6,,1.0,,0,,0.996,0.996132,0.029446,0.007965,0.999,0.998965,0.030538,0.007633,0.024941,0.880505,0.899169,1,9,,,,,0.9,0.89961,0.88287,0.74076,0.5,3.99149,,,,,,0.0636,,4225688,9f9bb01aee1b,flip=0.4100
M4_mrf_gcn-1052f7d464,sbm,M4_mrf_gcn,tuned_grid,mf,20,6,,2.0,,0,,0.996,0.996004,0.011714,0.005308,1.0,1.0,0.003631,0.000831,0.003258,0.899083,0.899965,1,9,,,,,0.9,0.89961,0.88287,0.74076,0.5,3.99149,,,,,,0.1778,,4225688,9f9bb01aee1b,flip=0.0010
M4_mrf_mlp-e4e82feb36,sbm,M4_mrf_mlp,tuned_grid,mf,20,6,,2.0,,0,,1.0,1.0,0.00594,0.002046,1.0,1.0,0.004184,0.000859,0.00373,0.898482,0.899788,1,7,,,,,0.9,0.89961,0.88287,0.74076,0.5,3.99149,,,,,,0.0506,,4225688,9f9bb01aee1b,flip=0.4110
OF-ac8c054d4d,sbm,Oracle_F,oracle,closed_form,20,6,,,,,,0.754,,,,0.73,,,,,,,,,,,,,0.9,0.89961,0.88287,0.74076,0.5,3.99149,,,,,,,,4225688,9f9bb01aee1b,"feature-only Bayes rule, known generative parameters"
OG-5373dfcba5,sbm,Oracle_G,oracle,mf,20,6,,3.99149,,,,1.0,1.0,0.000562,6.3e-05,1.0,1.0,0.001144,0.00057,0.000802,0.89954,0.899611,1,4,,,,,0.9,0.89961,0.88287,0.74076,0.5,3.99149,,,,,,,,4225688,9f9bb01aee1b,true Gaussian unaries + generator-implied coupling
M0_mlp-d061cb6add,sbm,M0_mlp,train,none,1,7,0.0,,,,157,0.286,0.284431,2.28359,0.972894,0.239,0.240767,2.299781,0.995395,0.342377,0.16799,0.187068,,,,,,,0.9,0.89933,0.88254,0.7398,0.5,3.99149,0.01,0.0005,64,0.5,1.193,,results/logits/M0_mlp-d061cb6add.npz,4225688,9f9bb01aee1b,
M1_gcn-8b60753070,sbm,M1_gcn,train,none,1,7,0.0,,,,40,0.994,0.994105,0.390762,0.138687,0.995,0.994954,0.383163,0.136169,0.294959,0.515396,0.897286,,,,,,,0.9,0.89933,0.88254,0.7398,0.5,3.99149,0.005,0.001,64,0.5,3.485,,results/logits/M1_gcn-8b60753070.npz,4225688,9f9bb01aee1b,
LP-27209d0732,sbm,LP,closed_form,label_prop,1,7,,,,,,0.178,0.089537,1.957932,0.82976,0.178,0.100072,1.882382,0.829708,0.254811,0.147423,0.953965,,,,,,,0.9,0.89933,0.88254,0.7398,0.5,3.99149,,,,,,,,4225688,9f9bb01aee1b,uses train labels as inference-time evidence
M2_lap-6cb8741a4b,sbm,M2_lap,train,none,1,7,0.001,,,,40,0.994,0.994105,0.390899,0.138756,0.995,0.994954,0.383322,0.136249,0.295061,0.515292,0.897286,,,,,,,0.9,0.89933,0.88254,0.7398,0.5,3.99149,0.005,0.001,64,0.5,3.949,,,4225688,9f9bb01aee1b,
M2_lap-f6778be06c,sbm,M2_lap,train,none,1,7,0.01,,,,40,0.994,0.994105,0.391274,0.13894,0.995,0.994954,0.383702,0.136433,0.295318,0.514981,0.897286,,,,,,,0.9,0.89933,0.88254,0.7398,0.5,3.99149,0.005,0.001,64,0.5,3.745,,,4225688,9f9bb01aee1b,
M2_lap-b2d1968174,sbm,M2_lap,train,none,1,7,0.1,,,,40,0.994,0.994105,0.395118,0.140819,0.995,0.994954,0.387559,0.138304,0.297928,0.511831,0.897286,,,,,,,0.9,0.89933,0.88254,0.7398,0.5,3.99149,0.005,0.001,64,0.5,3.584,,,4225688,9f9bb01aee1b,
M2_lap-769e0aa794,sbm,M2_lap,train,none,1,7,0.5,,,,38,0.992,0.991853,0.453769,0.170083,0.995,0.994954,0.444973,0.16674,0.335524,0.467802,0.897375,,,,,,,0.9,0.89933,0.88254,0.7398,0.5,3.99149,0.005,0.001,64,0.5,3.247,,,4225688,9f9bb01aee1b,
M2_lap-8eb6502b01,sbm,M2_lap,train,none,1,7,1.0,,,,37,0.992,0.991853,0.496849,0.192418,0.995,0.994954,0.487556,0.18864,0.362351,0.437732,0.897375,,,,,,,0.9,0.89933,0.88254,0.7398,0.5,3.99149,0.005,0.001,64,0.5,3.764,,,4225688,9f9bb01aee1b,
M2_lap-5308c488eb,sbm,M2_lap,train,none,1,7,5.0,,,,28,0.994,0.993823,0.85435,0.388097,0.991,0.99096,0.838827,0.379732,0.544651,0.264844,0.896754,,,,,,,0.9,0.89933,0.88254,0.7398,0.5,3.99149,0.005,0.001,64,0.5,3.171,,,4225688,9f9bb01aee1b,
M4_mrf_gcn-1f0fb9a201,sbm,M4_mrf_gcn,tuned_grid,mf,1,7,,0.05,,0,,0.994,0.994105,0.330302,0.110307,0.995,0.994954,0.323265,0.108279,0.252921,0.570822,0.898173,1,5,,,,,0.9,0.89933,0.88254,0.7398,0.5,3.99149,,,,,,0.0672,,4225688,9f9bb01aee1b,flip=0.0000
M4_mrf_mlp-4b1d4330ca,sbm,M4_mrf_mlp,tuned_grid,mf,1,7,,0.05,,0,,0.29,0.287794,2.261499,0.967163,0.245,0.246578,2.278567,0.990456,0.33795,0.173181,0.194873,1,4,,,,,0.9,0.89933,0.88254,0.7398,0.5,3.99149,,,,,,0.034,,4225688,9f9bb01aee1b,flip=0.0110
M4_mrf_gcn-61d8014068,sbm,M4_mrf_gcn,tuned_grid,mf,1,7,,0.1,,0,,0.994,0.994105,0.273344,0.085588,0.995,0.994954,0.266885,0.083892,0.211628,0.627159,0.898439,1,6,,,,,0.9,0.89933,0.88254,0.7398,0.5,3.99149,,,,,,0.0489,,4225688,9f9bb01aee1b,flip=0.0000
M4_mrf_mlp-2e100b4620,sbm,M4_mrf_mlp,tuned_grid,mf,1,7,,0.1,,0,,0.29,0.2887,2.239513,0.961354,0.253,0.254168,2.257531,0.985463,0.332231,0.178884,0.202945,1,5,,,,,0.9,0.89933,0.88254,0.7398,0.5,3.99149,,,,,,0.0971,,4225688,9f9bb01aee1b,flip=0.0290
M4_mrf_gcn-e3fbfcdd55,sbm,M4_mrf_gcn,tuned_grid,mf,1,7,,0.25,,0,,0.994,0.994105,0.146583,0.039361,0.996,0.996019,0.141213,0.037682,0.114308,0.764144,0.899148,1,7,,,,,0.9,0.89933,0.88254,0.7398,0.5,3.99149,,,,,,0.0447,,4225688,9f9bb01aee1b,flip=0.0030
M4_mrf_mlp-921db15435,sbm,M4_mrf_mlp,tuned_grid,mf,1,7,,0.25,,0,,0.304,0.301758,2.173537,0.943047,0.27,0.269829,2.194411,0.96946,0.327065,0.200765,0.236739,1,9,,,,,0.9,0.89933,0.88254,0.7398,0.5,3.99149,,,,,,0.1518,,4225688,9f9bb01aee1b,flip=0.0800
M4_mrf_gcn-a511645c0d,sbm,M4_mrf_gcn,tuned_grid,mf,1,7,,0.5,,0,,0.996,0.996075,0.060227,0.015764,0.996,0.996019,0.055967,0.014149,0.042509,0.857922,0.899326,1,8,,,,,0.9,0.89933,0.88254,0.7398,0.5,3.99149,,,,,,0.0686,,4225688,9f9bb01aee1b,flip=0.0030
M4_mrf_mlp-86f3abe2a9,sbm,M4_mrf_mlp,tuned_grid,mf,1,7,,0.5,,0,,0.356,0.350288,2.105205,0.913528,0.331,0.323854,2.112985,0.935418,0.324066,0.291755,0.371031,1,36,,,,,0.9,0.89933,0.88254,0.7398,0.5,3.99149,,,,,,0.4194,,4225688,9f9bb01aee1b,flip=0.2530
M4_mrf_gcn-1b3524e03e,sbm,M4_mrf_gcn,tuned_grid,mf,1,7,,1.0,,0,,0.996,0.996075,0.021339,0.007212,0.996,0.99603,0.018894,0.006194,0.009606,0.89235,0.899503,1,8,,,,,0.9,0.89933,0.88254,0.7398,0.5,3.99149,,,,,,0.1428,,4225688,9f9bb01aee1b,flip=0.0040
M4_mrf_mlp-82b885809f,sbm,M4_mrf_mlp,tuned_grid,mf,1,7,,1.0,,0,,0.42,0.374917,4.072075,1.070812,0.419,0.377537,4.102335,1.070337,0.508045,0.822388,0.869966,1,29,,,,,0.9,0.89933,0.88254,0.7398,0.5,3.99149,,,,,,0.4631,,4225688,9f9bb01aee1b,flip=0.6810
M4_mrf_gcn-0f2cf3bcb5,sbm,M4_mrf_gcn,tuned_grid,mf,1,7,,2.0,,0,,0.996,0.996075,0.010412,0.005464,0.996,0.99603,0.010426,0.005014,0.000625,0.898674,0.899503,1,8,,,,,0.9,0.89933,0.88254,0.7398,0.5,3.99149,,,,,,0.0755,,4225688,9f9bb01aee1b,flip=0.0040
M4_mrf_mlp-08d0e3937d,sbm,M4_mrf_mlp,tuned_grid,mf,1,7,,2.0,,0,,0.418,0.367848,8.22081,1.144898,0.431,0.382382,8.344107,1.125901,0.558076,0.901772,0.905446,1,16,,,,,0.9,0.89933,0.88254,0.7398,0.5,3.99149,,,,,,0.2311,,4225688,9f9bb01aee1b,flip=0.7190
OF-e9d49c0482,sbm,Oracle_F,oracle,closed_form,1,7,,,,,,0.684,,,,0.73,,,,,,,,,,,,,0.9,0.89933,0.88254,0.7398,0.5,3.99149,,,,,,,,4225688,9f9bb01aee1b,"feature-only Bayes rule, known generative parameters"
OG-3ca1755853,sbm,Oracle_G,oracle,mf,1,7,,3.99149,,,,0.998,0.997958,0.006254,0.004114,0.999,0.999034,0.001885,0.001201,0.000333,0.899352,0.899415,1,5,,,,,0.9,0.89933,0.88254,0.7398,0.5,3.99149,,,,,,,,4225688,9f9bb01aee1b,true Gaussian unaries + generator-implied coupling
M0_mlp-e075388dbb,sbm,M0_mlp,train,none,5,7,0.0,,,,14,0.464,0.450343,1.496651,0.700193,0.443,0.438958,1.544853,0.717609,0.107954,0.160733,0.267518,,,,,,,0.9,0.89933,0.88254,0.7398,0.5,3.99149,0.01,0.0005,64,0.5,0.343,,results/logits/M0_mlp-e075388dbb.npz,4225688,9f9bb01aee1b,
M1_gcn-61a25af115,sbm,M1_gcn,train,none,5,7,0.0,,,,25,1.0,1.0,0.60843,0.249886,0.993,0.993015,0.596356,0.24265,0.422166,0.374567,0.898705,,,,,,,0.9,0.89933,0.88254,0.7398,0.5,3.99149,0.005,0.001,64,0.5,2.816,,results/logits/M1_gcn-61a25af115.npz,4225688,9f9bb01aee1b,
LP-39a0a8e63f,sbm,LP,closed_form,label_prop,5,7,,,,,,0.952,0.951385,1.524725,0.710156,0.968,0.967895,1.519059,0.707754,0.743662,0.156105,0.870498,,,,,,,0.9,0.89933,0.88254,0.7398,0.5,3.99149,,,,,,,,4225688,9f9bb01aee1b,uses train labels as inference-time evidence
M2_lap-aeaa334b16,sbm,M2_lap,train,none,5,7,0.001,,,,25,1.0,1.0,0.608441,0.249892,0.993,0.993015,0.596367,0.242656,0.422173,0.374559,0.898705,,,,,,,0.9,0.89933,0.88254,0.7398,0.5,3.99149,0.005,0.001,64,0.5,2.985,,,4225688,9f9bb01aee1b,
M2_lap-88714786a8,sbm,M2_lap,train,none,5,7,0.01,,,,25,1.0,1.0,0.608545,0.249947,0.993,0.993015,0.596472,0.24271,0.422239,0.374483,0.898705,,,,,,,0.9,0.89933,0.88254,0.7398,0.5,3.99149,0.005,0.001,64,0.5,2.835,,,4225688,9f9bb01aee1b,
M2_lap-cf21bfa349,sbm,M2_lap,train,none,5,7,0.1,,,,24,1.0,1.0,0.656305,0.275823,0.992,0.992038,0.644065,0.268467,0.447317,0.349323,0.898528,,,,,,,0.9,0.89933,0.88254,0.7398,0.5,3.99149,0.005,0.001,64,0.5,2.727,,,4225688,9f9bb01aee1b,
M2_lap-76c760146a,sbm,M2_lap,train,none,5,7,0.5,,,,24,1.0,1.0,0.660895,0.278274,0.993,0.993015,0.648721,0.27094,0.451143,0.346255,0.898705,,,,,,,0.9,0.89933,0.88254,0.7398,0.5,3.99149,0.005,0.001,64,0.5,2.68,,,4225688,9f9bb01aee1b,
M2_lap-01521b991d,sbm,M2_lap,train,none,5,7,1.0,,,,23,1.0,1.0,0.714472,0.307608,0.992,0.992038,0.70226,0.300243,0.478444,0.320101,0.898528,,,,,,,0.9,0.89933,0.88254,0.7398,0.5,3.99149,0.005,0.001,64,0.5,3.148,,,4225688,9f9bb01aee1b,
M2_lap-5b90e5334f,sbm,M2_lap,train,none,5,7,5.0,,,,17,1.0,1.0,1.0548,0.493055,0.991,0.991,1.043757,0.486882,0.628826,0.208199,0.898439,,,,,,,0.9,0.89933,0.88254,0.7398,0.5,3.99149,0.005,0.001,64,0.5,2.743,,,4225688,9f9bb01aee1b,
M4_mrf_gcn-4e2b389a1e,sbm,M4_mrf_gcn,tuned_grid,mf,5,7,,0.05,,0,,1.0,1.0,0.535388,0.211258,0.993,0.993015,0.523328,0.204265,0.378226,0.42392,0.898705,1,5,,,,,0.9,0.89933,0.88254,0.7398,0.5,3.99149,,,,,,0.0502,,4225688,9f9bb01aee1b,flip=0.0000
M4_mrf_mlp-7a7d6b7836,sbm,M4_mrf_mlp,tuned_grid,mf,5,7,,0.05,,0,,0.488,0.472759,1.461581,0.685881,0.457,0.453451,1.507909,0.703003,0.117177,0.16468,0.291201,1,5,,,,,0.9,0.89933,0.88254,0.7398,0.5,3.99149,,,,,,0.0322,,4225688,9f9bb01aee1b,flip=0.0190
M4_mrf_gcn-714312782e,sbm,M4_mrf_gcn,tuned_grid,mf,5,7,,0.1,,0,,1.0,1.0,0.458678,0.172464,0.993,0.993008,0.447321,0.166185,0.329848,0.481976,0.898971,1,7,,,,,0.9,0.89933,0.88254,0.7398,0.5,3.99149,,,,,,0.0895,,4225688,9f9bb01aee1b,flip=0.0010
M4_mrf_mlp-e8f0440fe3,sbm,M4_mrf_mlp,tuned_grid,mf,5,7,,0.1,,0,,0.518,0.503076,1.420576,0.668566,0.475,0.470681,1.464953,0.685434,0.129575,0.169716,0.316835,1,6,,,,,0.9,0.89933,0.88254,0.7398,0.5,3.99149,,,,,,0.0572,,4225688,9f9bb01aee1b,flip=0.0430
M4_mrf_gcn-2c5509c2af,sbm,M4_mrf_gcn,tuned_grid,mf,5,7,,0.25,,0,,1.0,1.0,0.248348,0.07735,0.994,0.994007,0.242809,0.075713,0.187757,0.669778,0.89906,1,10,,,,,0.9,0.89933,0.88254,0.7398,0.5,3.99149,,,,,,0.1037,,4225688,9f9bb01aee1b,flip=0.0020
M4_mrf_mlp-625fdecca2,sbm,M4_mrf_mlp,tuned_grid,mf,5,7,,0.25,,0,,0.632,0.613347,1.229273,0.580576,0.598,0.589504,1.265703,0.59663,0.211506,0.20166,0.451126,1,12,,,,,0.9,0.89933,0.88254,0.7398,0.5,3.99149,,,,,,0.1778,,4225688,9f9bb01aee1b,flip=0.1760
M4_mrf_gcn-1490cc2041,sbm,M4_mrf_gcn,tuned_grid,mf,5,7,,0.5,,0,,1.0,1.0,0.086609,0.021435,0.996,0.996005,0.090699,0.025254,0.069642,0.832745,0.899503,1,9,,,,,0.9,0.89933,0.88254,0.7398,0.5,3.99149,,,,,,0.0634,,4225688,9f9bb01aee1b,flip=0.0040
M4_mrf_mlp-43d5a6d5e1,sbm,M4_mrf_mlp,tuned_grid,mf,5,7,,0.5,,0,,0.978,0.978106,0.333911,0.127513,0.969,0.96896,0.339255,0.130219,0.210962,0.617471,0.878038,1,44,,,,,0.9,0.89933,0.88254,0.7398,0.5,3.99149,,,,,,0.5981,,4225688,9f9bb01aee1b,flip=0.5300
M4_mrf_gcn-47b3d4a14b,sbm,M4_mrf_gcn,tuned_grid,mf,5,7,,1.0,,0,,1.0,1.0,0.022512,0.00605,0.996,0.996009,0.029329,0.009705,0.017759,0.889318,0.899503,1,8,,,,,0.9,0.89933,0.88254,0.7398,0.5,3.99149,,,,,,0.0732,,4225688,9f9bb01aee1b,flip=0.0030
M4_mrf_mlp-21a393d918,sbm,M4_mrf_mlp,tuned_grid,mf,5,7,,1.0,,0,,0.99,0.99039,0.050725,0.016763,0.993,0.993042,0.056645,0.019571,0.033671,0.871871,0.898705,1,11,,,,,0.9,0.89933,0.88254,0.7398,0.5,3.99149,,,,,,0.1145,,4225688,9f9bb01aee1b,flip=0.5550
M4_mrf_gcn-0ddb7f27ed,sbm,M4_mrf_gcn,tuned_grid,mf,5,7,,2.0,,0,,1.0,1.0,0.007312,0.00318,0.996,0.996009,0.014084,0.006529,0.003975,0.898443,0.899503,1,9,,,,,0.9,0.89933,0.88254,0.7398,0.5,3.99149,,,,,,0.1144,,4225688,9f9bb01aee1b,flip=0.0030
M4_mrf_mlp-6deef00f40,sbm,M4_mrf_mlp,tuned_grid,mf,5,7,,2.0,,0,,0.994,0.994271,0.017119,0.008826,0.996,0.996032,0.018155,0.008415,0.006943,0.897149,0.899415,1,10,,,,,0.9,0.89933,0.88254,0.7398,0.5,3.99149,,,,,,0.0966,,4225688,9f9bb01aee1b,flip=0.5560
OF-90b954eb93,sbm,Oracle_F,oracle,closed_form,5,7,,,,,,0.716,,,,0.723,,,,,,,,,,,,,0.9,0.89933,0.88254,0.7398,0.5,3.99149,,,,,,,,4225688,9f9bb01aee1b,"feature-only Bayes rule, known generative parameters"
OG-d611c7ad06,sbm,Oracle_G,oracle,mf,5,7,,3.99149,,,,1.0,1.0,0.000661,0.000226,0.996,0.996021,0.008216,0.005556,0.002078,0.899352,0.899415,1,5,,,,,0.9,0.89933,0.88254,0.7398,0.5,3.99149,,,,,,,,4225688,9f9bb01aee1b,true Gaussian unaries + generator-implied coupling
M0_mlp-882ed09fe4,sbm,M0_mlp,train,none,20,7,0.0,,,,21,0.602,0.598341,1.136972,0.542559,0.597,0.59879,1.122623,0.537128,0.046962,0.24507,0.379546,,,,,,,0.9,0.89933,0.88254,0.7398,0.5,3.99149,0.01,0.0005,64,0.5,0.328,,results/logits/M0_mlp-882ed09fe4.npz,4225688,9f9bb01aee1b,
M1_gcn-51901f0226,sbm,M1_gcn,train,none,20,7,0.0,,,,21,1.0,1.0,0.753144,0.328986,0.997,0.996824,0.71081,0.30525,0.487452,0.314038,0.898616,,,,,,,0.9,0.89933,0.88254,0.7398,0.5,3.99149,0.005,0.001,64,0.5,2.383,,results/logits/M1_gcn-51901f0226.npz,4225688,9f9bb01aee1b,
LP-28e99e6703,sbm,LP,closed_form,label_prop,20,7,,,,,,0.992,0.992,0.982917,0.427995,0.993,0.99315,0.952054,0.42473,0.588881,0.242862,0.897375,,,,,,,0.9,0.89933,0.88254,0.7398,0.5,3.99149,,,,,,,,4225688,9f9bb01aee1b,uses train labels as inference-time evidence
M2_lap-c0dc1130f7,sbm,M2_lap,train,none,20,7,0.001,,,,21,1.0,1.0,0.75315,0.328989,0.997,0.996824,0.710818,0.305254,0.487456,0.314034,0.898616,,,,,,,0.9,0.89933,0.88254,0.7398,0.5,3.99149,0.005,0.001,64,0.5,2.669,,,4225688,9f9bb01aee1b,
M2_lap-02418cfbae,sbm,M2_lap,train,none,20,7,0.01,,,,21,1.0,1.0,0.753205,0.32902,0.997,0.996824,0.710885,0.305291,0.487497,0.313992,0.898616,,,,,,,0.9,0.89933,0.88254,0.7398,0.5,3.99149,0.005,0.001,64,0.5,3.096,,,4225688,9f9bb01aee1b,
M2_lap-e9c0cb5792,sbm,M2_lap,train,none,20,7,0.1,,,,21,1.0,1.0,0.753729,0.329309,0.997,0.996824,0.711523,0.305641,0.487885,0.313595,0.898616,,,,,,,0.9,0.89933,0.88254,0.7398,0.5,3.99149,0.005,0.001,64,0.5,2.651,,,4225688,9f9bb01aee1b,
M2_lap-ef9fa406c1,sbm,M2_lap,train,none,20,7,0.5,,,,21,1.0,1.0,0.756241,0.330693,0.997,0.996824,0.714567,0.307309,0.489719,0.311731,0.898616,,,,,,,0.9,0.89933,0.88254,0.7398,0.5,3.99149,0.005,0.001,64,0.5,2.707,,,4225688,9f9bb01aee1b,
M2_lap-9470bd8cc2,sbm,M2_lap,train,none,20,7,1.0,,,,21,1.0,1.0,0.759553,0.332529,0.997,0.996824,0.718538,0.309495,0.492091,0.309343,0.898616,,,,,,,0.9,0.89933,0.88254,0.7398,0.5,3.99149,0.005,0.001,64,0.5,2.746,,,4225688,9f9bb01aee1b,
M2_lap-79c767d54b,sbm,M2_lap,train,none,20,7,5.0,,,,18,1.0,1.0,0.951622,0.437648,0.996,0.995911,0.913768,0.417062,0.582469,0.238097,0.898616,,,,,,,0.9,0.89933,0.88254,0.7398,0.5,3.99149,0.005,0.001,64,0.5,2.47,,,4225688,9f9bb01aee1b,
M4_mrf_gcn-880b2c6ffe,sbm,M4_mrf_gcn,tuned_grid,mf,20,7,,0.05,,0,,1.0,1.0,0.679511,0.288791,0.997,0.996913,0.63614,0.2646,0.446627,0.35474,0.898882,1,5,,,,,0.9,0.89933,0.88254,0.7398,0.5,3.99149,,,,,,0.048,,4225688,9f9bb01aee1b,flip=0.0010
M4_mrf_mlp-28452425e2,sbm,M4_mrf_mlp,tuned_grid,mf,20,7,,0.05,,0,,0.62,0.616322,1.060942,0.508214,0.615,0.616553,1.048867,0.504141,0.072056,0.265463,0.407752,1,5,,,,,0.9,0.89933,0.88254,0.7398,0.5,3.99149,,,,,,0.0761,,4225688,9f9bb01aee1b,flip=0.0180
M4_mrf_gcn-c88346d1e8,sbm,M4_mrf_gcn,tuned_grid,mf,20,7,,0.1,,0,,1.0,1.0,0.598045,0.245456,0.997,0.996913,0.554408,0.221499,0.399037,0.406269,0.898971,1,7,,,,,0.9,0.89933,0.88254,0.7398,0.5,3.99149,,,,,,0.1229,,4225688,9f9bb01aee1b,flip=0.0010
M4_mrf_mlp-e17e41f066,sbm,M4_mrf_mlp,tuned_grid,mf,20,7,,0.1,,0,,0.654,0.650103,0.976511,0.468773,0.67,0.671115,0.966823,0.46612,0.084717,0.291227,0.464254,1,6,,,,,0.9,0.89933,0.88254,0.7398,0.5,3.99149,,,,,,0.0661,,4225688,9f9bb01aee1b,flip=0.0750
M4_mrf_gcn-61053cdb1b,sbm,M4_mrf_gcn,tuned_grid,mf,20,7,,0.25,,0,,1.0,1.0,0.338898,0.117895,0.997,0.996913,0.305957,0.102209,0.237686,0.604647,0.898971,1,11,,,,,0.9,0.89933,0.88254,0.7398,0.5,3.99149,,,,,,0.1802,,4225688,9f9bb01aee1b,flip=0.0010
M4_mrf_mlp-efc790ea42,sbm,M4_mrf_mlp,tuned_grid,mf,20,7,,0.25,,0,,0.808,0.806836,0.665256,0.313833,0.794,0.794362,0.664256,0.317256,0.125663,0.419289,0.641387,1,10,,,,,0.9,0.89933,0.88254,0.7398,0.5,3.99149,,,,,,0.1869,,4225688,9f9bb01aee1b,flip=0.2020
M4_mrf_gcn-a9fe5ee9d7,sbm,M4_mrf_gcn,tuned_grid,mf,20,7,,0.5,,0,,1.0,1.0,0.110203,0.02904,0.999,0.998966,0.100747,0.026154,0.083982,0.815378,0.899503,1,10,,,,,0.9,0.89933,0.88254,0.7398,0.5,3.99149,,,,,,0.0742,,4225688,9f9bb01aee1b,flip=0.0020
M4_mrf_mlp-e0b3846faf,sbm,M4_mrf_mlp,tuned_grid,mf,20,7,,0.5,,0,,0.956,0.956375,0.215073,0.087458,0.944,0.943781,0.222129,0.095153,0.080844,0.722,0.850985,1,13,,,,,0.9,0.89933,0.88254,0.7398,0.5,3.99149,,,,,,0.2036,,4225688,9f9bb01aee1b,flip=0.3510
M4_mrf_gcn-1a9755451e,sbm,M4_mrf_gcn,tuned_grid,mf,20,7,,1.0,,0,,1.0,1.0,0.026513,0.006855,0.999,0.998966,0.02432,0.006216,0.019439,0.887382,0.899503,1,8,,,,,0.9,0.89933,0.88254,0.7398,0.5,3.99149,,,,,,0.0651,,4225688,9f9bb01aee1b,flip=0.0020
M4_mrf_mlp-87818fa239,sbm,M4_mrf_mlp,tuned_grid,mf,20,7,,1.0,,0,,0.992,0.992256,0.039701,0.014444,0.991,0.990963,0.042652,0.016586,0.021252,0.876873,0.895867,1,10,,,,,0.9,0.89933,0.88254,0.7398,0.5,3.99149,,,,,,0.1684,,4225688,9f9bb01aee1b,flip=0.3960
M4_mrf_gcn-98ae8147dc,sbm,M4_mrf_gcn,tuned_grid,mf,20,7,,2.0,,0,,1.0,1.0,0.007059,0.00212,0.999,0.998966,0.007888,0.00328,0.004829,0.898303,0.899503,1,9,,,,,0.9,0.89933,0.88254,0.7398,0.5,3.99149,,,,,,0.1375,,4225688,9f9bb01aee1b,flip=0.0020
M4_mrf_mlp-921edf2504,sbm,M4_mrf_mlp,tuned_grid,mf,20,7,,2.0,,0,,1.0,1.0,0.006891,0.001845,0.997,0.99704,0.008947,0.004303,0.002518,0.897652,0.899415,1,9,,,,,0.9,0.89933,0.88254,0.7398,0.5,3.99149,,,,,,0.0595,,4225688,9f9bb01aee1b,flip=0.4010
OF-4f7db0d4cd,sbm,Oracle_F,oracle,closed_form,20,7,,,,,,0.726,,,,0.708,,,,,,,,,,,,,0.9,0.89933,0.88254,0.7398,0.5,3.99149,,,,,,,,4225688,9f9bb01aee1b,"feature-only Bayes rule, known generative parameters"
OG-c2ece207e5,sbm,Oracle_G,oracle,mf,20,7,,3.99149,,,,1.0,1.0,0.000631,0.000111,0.999,0.998966,0.002668,0.001691,0.000266,0.899352,0.899415,1,5,,,,,0.9,0.89933,0.88254,0.7398,0.5,3.99149,,,,,,,,4225688,9f9bb01aee1b,true Gaussian unaries + generator-implied coupling
M0_mlp-a26ea2a4a6,sbm,M0_mlp,train,none,1,8,0.0,,,,46,0.334,0.327252,1.912624,0.853457,0.321,0.315012,1.905324,0.859592,0.209805,0.170774,0.202739,,,,,,,0.9,0.90106,0.88456,0.7434,0.5,3.99149,0.01,0.0005,64,0.5,0.511,,results/logits/M0_mlp-a26ea2a4a6.npz,4225688,9f9bb01aee1b,
M1_gcn-aebb6ea4de,sbm,M1_gcn,train,none,1,8,0.0,,,,19,0.996,0.995906,0.953335,0.438902,0.996,0.995958,0.963865,0.444887,0.606097,0.221311,0.899712,,,,,,,0.9,0.90106,0.88456,0.7434,0.5,3.99149,0.005,0.001,64,0.5,2.538,,results/logits/M1_gcn-aebb6ea4de.npz,4225688,9f9bb01aee1b,
LP-b30a48e5cb,sbm,LP,closed_form,label_prop,1,8,,,,,,0.176,0.074023,1.848504,0.824761,0.173,0.089007,1.920222,0.836766,0.279434,0.157885,0.960443,,,,,,,0.9,0.90106,0.88456,0.7434,0.5,3.99149,,,,,,,,4225688,9f9bb01aee1b,uses train labels as inference-time evidence
M2_lap-2a4fa1f3ac,sbm,M2_lap,train,none,1,8,0.001,,,,19,0.996,0.995906,0.953342,0.438906,0.996,0.995958,0.963872,0.444891,0.6061,0.221309,0.899712,,,,,,,0.9,0.90106,0.88456,0.7434,0.5,3.99149,0.005,0.001,64,0.5,2.864,,,4225688,9f9bb01aee1b,
M2_lap-56b9b42478,sbm,M2_lap,train,none,1,8,0.01,,,,19,0.996,0.995906,0.953408,0.438942,0.996,0.995958,0.963937,0.444926,0.606126,0.221293,0.899712,,,,,,,0.9,0.90106,0.88456,0.7434,0.5,3.99149,0.005,0.001,64,0.5,2.857,,,4225688,9f9bb01aee1b,
M2_lap-baa353c5fb,sbm,M2_lap,train,none,1,8,0.1,,,,19,0.996,0.995906,0.953977,0.439252,0.996,0.995958,0.964502,0.445232,0.606349,0.221156,0.899712,,,,,,,0.9,0.90106,0.88456,0.7434,0.5,3.99149,0.005,0.001,64,0.5,3.083,,,4225688,9f9bb01aee1b,
M2_lap-c9cfb4f654,sbm,M2_lap,train,none,1,8,0.5,,,,19,0.996,0.995906,0.956931,0.440863,0.996,0.995958,0.96739,0.446801,0.607499,0.22044,0.899712,,,,,,,0.9,0.90106,0.88456,0.7434,0.5,3.99149,0.005,0.001,64,0.5,2.918,,,4225688,9f9bb01aee1b,
M2_lap-eeb187dfd1,sbm,M2_lap,train,none,1,8,1.0,,,,20,0.996,0.995906,0.910495,0.415416,0.997,0.996993,0.920466,0.421208,0.58949,0.23239,0.900252,,,,,,,0.9,0.90106,0.88456,0.7434,0.5,3.99149,0.005,0.001,64,0.5,2.871,,,4225688,9f9bb01aee1b,
M2_lap-905472f070,sbm,M2_lap,train,none,1,8,5.0,,,,21,0.996,0.995906,0.9043,0.41203,0.996,0.995958,0.913057,0.417193,0.585466,0.234191,0.900072,,,,,,,0.9,0.90106,0.88456,0.7434,0.5,3.99149,0.005,0.001,64,0.5,2.732,,,4225688,9f9bb01aee1b,
M4_mrf_gcn-55b29435f9,sbm,M4_mrf_gcn,tuned_grid,mf,1,8,,0.05,,0,,0.996,0.995906,0.88322,0.39991,0.997,0.996993,0.895005,0.40668,0.578036,0.241789,0.900252,1,5,,,,,0.9,0.90106,0.88456,0.7434,0.5,3.99149,,,,,,0.0546,,4225688,9f9bb01aee1b,flip=0.0010
M4_mrf_mlp-5e6804fe9c,sbm,M4_mrf_mlp,tuned_grid,mf,1,8,,0.05,,0,,0.342,0.334627,1.882065,0.842653,0.329,0.323019,1.871054,0.848041,0.204818,0.176511,0.21175,1,5,,,,,0.9,0.90106,0.88456,0.7434,0.5,3.99149,,,,,,0.0446,,4225688,9f9bb01aee1b,flip=0.0140
M4_mrf_gcn-ddf7dff147,sbm,M4_mrf_gcn,tuned_grid,mf,1,8,,0.1,,0,,0.996,0.995906,0.799239,0.3528,0.998,0.998035,0.812425,0.360397,0.541317,0.271828,0.900342,1,7,,,,,0.9,0.90106,0.88456,0.7434,0.5,3.99149,,,,,,0.0745,,4225688,9f9bb01aee1b,flip=0.0020
M4_mrf_mlp-e49f37a8db,sbm,M4_mrf_mlp,tuned_grid,mf,1,8,,0.1,,0,,0.35,0.342411,1.848984,0.83055,0.337,0.33043,1.834126,0.835088,0.200714,0.183073,0.22067,1,6,,,,,0.9,0.90106,0.88456,0.7434,0.5,3.99149,,,,,,0.0669,,4225688,9f9bb01aee1b,flip=0.0250
M4_mrf_gcn-588a7845e3,sbm,M4_mrf_gcn,tuned_grid,mf,1,8,,0.25,,0,,0.996,0.995906,0.466529,0.173913,0.998,0.998035,0.480939,0.181611,0.357756,0.462982,0.900973,1,12,,,,,0.9,0.90106,0.88456,0.7434,0.5,3.99149,,,,,,0.0932,,4225688,9f9bb01aee1b,flip=0.0020
M4_mrf_mlp-f8e7484706,sbm,M4_mrf_mlp,tuned_grid,mf,1,8,,0.25,,0,,0.388,0.373936,1.723034,0.780982,0.388,0.37695,1.695148,0.781596,0.169282,0.211357,0.27113,1,11,,,,,0.9,0.90106,0.88456,0.7434,0.5,3.99149,,,,,,0.1608,,4225688,9f9bb01aee1b,flip=0.1000
M4_mrf_gcn-167056fa3c,sbm,M4_mrf_gcn,tuned_grid,mf,1,8,,0.5,,0,,0.996,0.995906,0.133294,0.034471,0.999,0.998973,0.140949,0.038402,0.116294,0.777507,0.901153,1,10,,,,,0.9,0.90106,0.88456,0.7434,0.5,3.99149,,,,,,0.1771,,4225688,9f9bb01aee1b,flip=0.0030
M4_mrf_mlp-5964710b82,sbm,M4_mrf_mlp,tuned_grid,mf,1,8,,0.5,,0,,0.582,0.546379,1.253301,0.568397,0.589,0.558756,1.198875,0.554274,0.072102,0.366272,0.489728,1,34,,,,,0.9,0.90106,0.88456,0.7434,0.5,3.99149,,,,,,0.4373,,4225688,9f9bb01aee1b,flip=0.3210
M4_mrf_gcn-00e697229e,sbm,M4_mrf_gcn,tuned_grid,mf,1,8,,1.0,,0,,0.998,0.997947,0.027568,0.006787,0.999,0.998973,0.029444,0.007492,0.023701,0.885291,0.901243,1,9,,,,,0.9,0.90106,0.88456,0.7434,0.5,3.99149,,,,,,0.0957,,4225688,9f9bb01aee1b,flip=0.0030
M4_mrf_mlp-343ac2f3f4,sbm,M4_mrf_mlp,tuned_grid,mf,1,8,,1.0,,0,,0.836,0.789713,1.201372,0.308491,0.85,0.792103,1.007564,0.278461,0.097225,0.84219,0.887187,1,20,,,,,0.9,0.90106,0.88456,0.7434,0.5,3.99149,,,,,,0.1835,,4225688,9f9bb01aee1b,flip=0.6480
M4_mrf_gcn-1d2378b2a6,sbm,M4_mrf_gcn,tuned_grid,mf,1,8,,2.0,,0,,0.998,0.997947,0.009531,0.003624,0.999,0.998973,0.007033,0.00248,0.004437,0.899821,0.901243,1,13,,,,,0.9,0.90106,0.88456,0.7434,0.5,3.99149,,,,,,0.0757,,4225688,9f9bb01aee1b,flip=0.0030
M4_mrf_mlp-0bae2eb54b,sbm,M4_mrf_mlp,tuned_grid,mf,1,8,,2.0,,0,,0.854,0.805663,2.256791,0.290745,0.868,0.808462,1.895622,0.260958,0.122004,0.902019,0.904938,1,17,,,,,0.9,0.90106,0.88456,0.7434,0.5,3.99149,,,,,,0.2514,,4225688,9f9bb01aee1b,flip=0.6670
OF-c9f997e50b,sbm,Oracle_F,oracle,closed_form,1,8,,,,,,0.728,,,,0.715,,,,,,,,,,,,,0.9,0.90106,0.88456,0.7434,0.5,3.99149,,,,,,,,4225688,9f9bb01aee1b,"feature-only Bayes rule, known generative parameters"
OG-21e4b2a04b,sbm,Oracle_G,oracle,mf,1,8,,3.99149,,,,0.998,0.998156,0.004541,0.002554,1.0,1.0,0.001509,0.000563,0.001299,0.901043,0.901063,1,4,,,,,0.9,0.90106,0.88456,0.7434,0.5,3.99149,,,,,,,,4225688,9f9bb01aee1b,true Gaussian unaries + generator-implied coupling
M0_mlp-08623e7fbf,sbm,M0_mlp,train,none,5,8,0.0,,,,39,0.452,0.450637,1.80358,0.770198,0.414,0.409819,1.84777,0.797384,0.230799,0.204531,0.233285,,,,,,,0.9,0.90106,0.88456,0.7434,0.5,3.99149,0.01,0.0005,64,0.5,0.366,,results/logits/M0_mlp-08623e7fbf.npz,4225688,9f9bb01aee1b,
M1_gcn-4e581230cc,sbm,M1_gcn,train,none,5,8,0.0,,,,10,1.0,1.0,1.327105,0.628625,0.994,0.99395,1.328601,0.628879,0.725634,0.16406,0.899712,,,,,,,0.9,0.90106,0.88456,0.7434,0.5,3.99149,0.005,0.001,64,0.5,2.464,,results/logits/M1_gcn-4e581230cc.npz,4225688,9f9bb01aee1b,
LP-87e6c6a754,sbm,LP,closed_form,label_prop,5,8,,,,,,0.988,0.987696,1.493956,0.699454,0.982,0.982035,1.482976,0.694291,0.750894,0.156946,0.885475,,,,,,,0.9,0.90106,0.88456,0.7434,0.5,3.99149,,,,,,,,4225688,9f9bb01aee1b,uses train labels as inference-time evidence
M2_lap-f723c5e136,sbm,M2_lap,train,none,5,8,0.001,,,,10,1.0,1.0,1.327106,0.628626,0.994,0.99395,1.328602,0.62888,0.725635,0.16406,0.899712,,,,,,,0.9,0.90106,0.88456,0.7434,0.5,3.99149,0.005,0.001,64,0.5,2.421,,,4225688,9f9bb01aee1b,
M2_lap-467be4879e,sbm,M2_lap,train,none,5,8,0.01,,,,10,1.0,1.0,1.327123,0.628633,0.994,0.99395,1.328619,0.628887,0.72564,0.164058,0.899712,,,,,,,0.9,0.90106,0.88456,0.7434,0.5,3.99149,0.005,0.001,64,0.5,2.342,,,4225688,9f9bb01aee1b,
M2_lap-0cac31d2f6,sbm,M2_lap,train,none,5,8,0.1,,,,10,1.0,1.0,1.327275,0.628704,0.994,0.99395,1.32877,0.628957,0.725683,0.164042,0.899712,,,,,,,0.9,0.90106,0.88456,0.7434,0.5,3.99149,0.005,0.001,64,0.5,2.202,,,4225688,9f9bb01aee1b,
M2_lap-ebdeac6b3d,sbm,M2_lap,train,none,5,8,0.5,,,,10,1.0,1.0,1.328146,0.629102,0.995,0.994966,1.329632,0.629352,0.726928,0.163954,0.899892,,,,,,,0.9,0.90106,0.88456,0.7434,0.5,3.99149,0.005,0.001,64,0.5,2.275,,,4225688,9f9bb01aee1b,
M2_lap-a108344418,sbm,M2_lap,train,none,5,8,1.0,,,,9,1.0,1.0,1.385898,0.655062,0.994,0.99395,1.387399,0.655327,0.74131,0.159368,0.899531,,,,,,,0.9,0.90106,0.88456,0.7434,0.5,3.99149,0.005,0.001,64,0.5,2.91,,,4225688,9f9bb01aee1b,
M2_lap-8053608b74,sbm,M2_lap,train,none,5,8,5.0,,,,9,1.0,1.0,1.392293,0.657887,0.994,0.99395,1.393748,0.658139,0.743024,0.158803,0.899712,,,,,,,0.9,0.90106,0.88456,0.7434,0.5,3.99149,0.005,0.001,64,0.5,2.328,,,4225688,9f9bb01aee1b,
M4_mrf_gcn-7b83832359,sbm,M4_mrf_gcn,tuned_grid,mf,5,8,,0.05,,0,,1.0,1.0,1.283938,0.608282,0.996,0.995949,1.285792,0.608682,0.715302,0.168583,0.900252,1,5,,,,,0.9,0.90106,0.88456,0.7434,0.5,3.99149,,,,,,0.0551,,4225688,9f9bb01aee1b,flip=0.0020
M4_mrf_mlp-fc522c2e90,sbm,M4_mrf_mlp,tuned_grid,mf,5,8,,0.05,,0,,0.47,0.469157,1.746472,0.750721,0.427,0.422604,1.789798,0.777944,0.22178,0.215001,0.248964,1,5,,,,,0.9,0.90106,0.88456,0.7434,0.5,3.99149,,,,,,0.123,,4225688,9f9bb01aee1b,flip=0.0140
M4_mrf_gcn-0409cceb98,sbm,M4_mrf_gcn,tuned_grid,mf,5,8,,0.1,,0,,1.0,1.0,1.231391,0.582728,0.997,0.996945,1.233562,0.583266,0.700386,0.17509,0.900433,1,6,,,,,0.9,0.90106,0.88456,0.7434,0.5,3.99149,,,,,,0.0404,,4225688,9f9bb01aee1b,flip=0.0030
M4_mrf_mlp-c21b07a16a,sbm,M4_mrf_mlp,tuned_grid,mf,5,8,,0.1,,0,,0.484,0.482832,1.685165,0.729145,0.442,0.437066,1.727635,0.756451,0.211744,0.227046,0.272211,1,6,,,,,0.9,0.90106,0.88456,0.7434,0.5,3.99149,,,,,,0.0705,,4225688,9f9bb01aee1b,flip=0.0350
M4_mrf_gcn-03608a6c37,sbm,M4_mrf_gcn,tuned_grid,mf,5,8,,0.25,,0,,1.0,1.0,0.954315,0.436912,0.998,0.997977,0.956571,0.437682,0.599124,0.235298,0.900973,1,15,,,,,0.9,0.90106,0.88456,0.7434,0.5,3.99149,,,,,,0.2654,,4225688,9f9bb01aee1b,flip=0.0050
M4_mrf_mlp-4ab0507214,sbm,M4_mrf_mlp,tuned_grid,mf,5,8,,0.25,,0,,0.552,0.547136,1.465988,0.646429,0.506,0.499413,1.504636,0.674126,0.171047,0.277964,0.345107,1,9,,,,,0.9,0.90106,0.88456,0.7434,0.5,3.99149,,,,,,0.0516,,4225688,9f9bb01aee1b,flip=0.1150
M4_mrf_gcn-377c347249,sbm,M4_mrf_gcn,tuned_grid,mf,5,8,,0.5,,0,,1.0,1.0,0.22615,0.069955,0.998,0.998017,0.231604,0.072351,0.182486,0.695728,0.901153,1,13,,,,,0.9,0.90106,0.88456,0.7434,0.5,3.99149,,,,,,0.2133,,4225688,9f9bb01aee1b,flip=0.0060
M4_mrf_mlp-152384a492,sbm,M4_mrf_mlp,tuned_grid,mf,5,8,,0.5,,0,,0.694,0.690142,0.928686,0.430614,0.683,0.672434,0.953175,0.446715,0.081107,0.451102,0.538475,1,21,,,,,0.9,0.90106,0.88456,0.7434,0.5,3.99149,,,,,,0.2826,,4225688,9f9bb01aee1b,flip=0.2860
M4_mrf_gcn-c3b1b9e621,sbm,M4_mrf_gcn,tuned_grid,mf,5,8,,1.0,,0,,1.0,1.0,0.037256,0.009005,0.999,0.998989,0.039168,0.009889,0.031133,0.877998,0.901243,1,10,,,,,0.9,0.90106,0.88456,0.7434,0.5,3.99149,,,,,,0.1027,,4225688,9f9bb01aee1b,flip=0.0050
M4_mrf_mlp-1437ae5445,sbm,M4_mrf_mlp,tuned_grid,mf,5,8,,1.0,,0,,0.946,0.945094,0.154011,0.077887,0.946,0.945692,0.154021,0.074018,0.012365,0.81848,0.856821,1,18,,,,,0.9,0.90106,0.88456,0.7434,0.5,3.99149,,,,,,0.2492,,4225688,9f9bb01aee1b,flip=0.5330
M4_mrf_gcn-c0577021ef,sbm,M4_mrf_gcn,tuned_grid,mf,5,8,,2.0,,0,,1.0,1.0,0.005623,0.001082,0.999,0.998989,0.008761,0.002978,0.004372,0.899335,0.901243,1,18,,,,,0.9,0.90106,0.88456,0.7434,0.5,3.99149,,,,,,0.282,,4225688,9f9bb01aee1b,flip=0.0050
M4_mrf_mlp-d703873f42,sbm,M4_mrf_mlp,tuned_grid,mf,5,8,,2.0,,0,,0.996,0.99581,0.017729,0.007943,0.992,0.991917,0.026553,0.01161,0.001419,0.894669,0.897819,1,16,,,,,0.9,0.90106,0.88456,0.7434,0.5,3.99149,,,,,,0.2185,,4225688,9f9bb01aee1b,flip=0.5800
OF-cd849befae,sbm,Oracle_F,oracle,closed_form,5,8,,,,,,0.74,,,,0.734,,,,,,,,,,,,,0.9,0.90106,0.88456,0.7434,0.5,3.99149,,,,,,,,4225688,9f9bb01aee1b,"feature-only Bayes rule, known generative parameters"
OG-e82ea6eda7,sbm,Oracle_G,oracle,mf,5,8,,3.99149,,,,1.0,1.0,0.000203,1.3e-05,0.999,0.998995,0.002601,0.001346,0.000298,0.901043,0.901063,1,4,,,,,0.9,0.90106,0.88456,0.7434,0.5,3.99149,,,,,,,,4225688,9f9bb01aee1b,true Gaussian unaries + generator-implied coupling
M0_mlp-81e86f15bb,sbm,M0_mlp,train,none,20,8,0.0,,,,18,0.618,0.617933,1.156405,0.552441,0.614,0.614398,1.157345,0.549006,0.134287,0.210917,0.383042,,,,,,,0.9,0.90106,0.88456,0.7434,0.5,3.99149,0.01,0.0005,64,0.5,0.356,,results/logits/M0_mlp-81e86f15bb.npz,4225688,9f9bb01aee1b,
M1_gcn-2aaff29961,sbm,M1_gcn,train,none,20,8,0.0,,,,12,0.998,0.998047,1.17035,0.553601,0.999,0.999021,1.166093,0.551549,0.682597,0.182938,0.900703,,,,,,,0.9,0.90106,0.88456,0.7434,0.5,3.99149,0.005,0.001,64,0.5,2.456,,results/logits/M1_gcn-2aaff29961.npz,4225688,9f9bb01aee1b,
LP-d8e3cb5120,sbm,LP,closed_form,label_prop,20,8,,,,,,0.988,0.988033,0.928256,0.426483,0.992,0.991922,0.922726,0.423253,0.587571,0.241681,0.898721,,,,,,,0.9,0.90106,0.88456,0.7434,0.5,3.99149,,,,,,,,4225688,9f9bb01aee1b,uses train labels as inference-time evidence
M2_lap-a6283dbc3f,sbm,M2_lap,train,none,20,8,0.001,,,,12,0.998,0.998047,1.170352,0.553602,0.999,0.999021,1.166095,0.55155,0.682597,0.182938,0.900703,,,,,,,0.9,0.90106,0.88456,0.7434,0.5,3.99149,0.005,0.001,64,0.5,2.731,,,4225688,9f9bb01aee1b,
M2_lap-e1dc730c1f,sbm,M2_lap,train,none,20,8,0.01,,,,12,0.998,0.998047,1.170368,0.55361,0.999,0.999021,1.166112,0.551558,0.682603,0.182934,0.900703,,,,,,,0.9,0.90106,0.88456,0.7434,0.5,3.99149,0.005,0.001,64,0.5,2.943,,,4225688,9f9bb01aee1b,
M2_lap-b0fb7b3998,sbm,M2_lap,train,none,20,8,0.1,,,,12,0.998,0.998047,1.170532,0.553693,0.999,0.999021,1.166289,0.551649,0.682665,0.182903,0.900703,,,,,,,0.9,0.90106,0.88456,0.7434,0.5,3.99149,0.005,0.001,64,0.5,2.604,,,4225688,9f9bb01aee1b,
M2_lap-e63cb61d36,sbm,M2_lap,train,none,20,8,0.5,,,,12,0.998,0.998047,1.171307,0.554087,0.999,0.999021,1.167109,0.552069,0.682952,0.182755,0.900703,,,,,,,0.9,0.90106,0.88456,0.7434,0.5,3.99149,0.005,0.001,64,0.5,2.67,,,4225688,9f9bb01aee1b,
M2_lap-569b072f8f,sbm,M2_lap,train,none,20,8,1.0,,,,12,0.998,0.998047,1.17225,0.554561,0.999,0.999021,1.168123,0.552583,0.683304,0.182574,0.900703,,,,,,,0.9,0.90106,0.88456,0.7434,0.5,3.99149,0.005,0.001,64,0.5,2.536,,,4225688,9f9bb01aee1b,
M2_lap-989ea86bc4,sbm,M2_lap,train,none,20,8,5.0,,,,11,0.998,0.998047,1.241625,0.588591,0.999,0.999021,1.238389,0.587127,0.705284,0.173407,0.900433,,,,,,,0.9,0.90106,0.88456,0.7434,0.5,3.99149,0.005,0.001,64,0.5,2.432,,,4225688,9f9bb01aee1b,
M4_mrf_gcn-e3d35396f5,sbm,M4_mrf_gcn,tuned_grid,mf,20,8,,0.05,,0,,0.998,0.998047,1.115278,0.52526,0.999,0.998975,1.111061,0.523141,0.663809,0.192479,0.900793,1,5,,,,,0.9,0.90106,0.88456,0.7434,0.5,3.99149,,,,,,0.0492,,4225688,9f9bb01aee1b,flip=0.0010
M4_mrf_mlp-a461b2b1cc,sbm,M4_mrf_mlp,tuned_grid,mf,20,8,,0.05,,0,,0.638,0.638184,1.088951,0.5212,0.636,0.63598,1.090475,0.51839,0.146807,0.226259,0.417463,1,5,,,,,0.9,0.90106,0.88456,0.7434,0.5,3.99149,,,,,,0.0567,,4225688,9f9bb01aee1b,flip=0.0230
M4_mrf_gcn-b6467ceab6,sbm,M4_mrf_gcn,tuned_grid,mf,20,8,,0.1,,0,,0.998,0.998047,1.047733,0.489484,0.999,0.998975,1.04353,0.487275,0.639094,0.206631,0.900973,1,7,,,,,0.9,0.90106,0.88456,0.7434,0.5,3.99149,,,,,,0.109,,4225688,9f9bb01aee1b,flip=0.0010
M4_mrf_mlp-3d90aaad38,sbm,M4_mrf_mlp,tuned_grid,mf,20,8,,0.1,,0,,0.67,0.669778,1.010966,0.483736,0.667,0.667009,1.013618,0.48206,0.157828,0.246522,0.459542,1,6,,,,,0.9,0.90106,0.88456,0.7434,0.5,3.99149,,,,,,0.0762,,4225688,9f9bb01aee1b,flip=0.0540
M4_mrf_gcn-d5b393a7f2,sbm,M4_mrf_gcn,tuned_grid,mf,20,8,,0.25,,0,,0.996,0.996246,0.710677,0.303532,0.999,0.998975,0.707912,0.302018,0.486973,0.330791,0.900973,1,14,,,,,0.9,0.90106,0.88456,0.7434,0.5,3.99149,,,,,,0.1601,,4225688,9f9bb01aee1b,flip=0.0010
M4_mrf_mlp-6a03ec6d09,sbm,M4_mrf_mlp,tuned_grid,mf,20,8,,0.25,,0,,0.836,0.836978,0.688116,0.317344,0.817,0.817641,0.699137,0.324711,0.215594,0.365973,0.665255,1,11,,,,,0.9,0.90106,0.88456,0.7434,0.5,3.99149,,,,,,0.1415,,4225688,9f9bb01aee1b,flip=0.2060
M4_mrf_gcn-df5d566cb2,sbm,M4_mrf_gcn,tuned_grid,mf,20,8,,0.5,,0,,0.996,0.996246,0.184934,0.054302,0.998,0.998002,0.186039,0.05437,0.149601,0.737036,0.901243,1,11,,,,,0.9,0.90106,0.88456,0.7434,0.5,3.99149,,,,,,0.1697,,4225688,9f9bb01aee1b,flip=0.0020
M4_mrf_mlp-48eb95e5f9,sbm,M4_mrf_mlp,tuned_grid,mf,20,8,,0.5,,0,,0.98,0.980094,0.183944,0.063549,0.981,0.980966,0.194107,0.069305,0.127239,0.724322,0.882411,1,11,,,,,0.9,0.90106,0.88456,0.7434,0.5,3.99149,,,,,,0.0794,,4225688,9f9bb01aee1b,flip=0.3700
M4_mrf_gcn-4cb641a43b,sbm,M4_mrf_gcn,tuned_grid,mf,20,8,,1.0,,0,,0.996,0.996246,0.037474,0.010436,0.998,0.998002,0.03551,0.009245,0.027776,0.881459,0.901243,1,9,,,,,0.9,0.90106,0.88456,0.7434,0.5,3.99149,,,,,,0.1458,,4225688,9f9bb01aee1b,flip=0.0020
M4_mrf_mlp-c219861e8d,sbm,M4_mrf_mlp,tuned_grid,mf,20,8,,1.0,,0,,0.996,0.996039,0.030315,0.009218,0.998,0.997946,0.030339,0.008733,0.023159,0.881955,0.900883,1,8,,,,,0.9,0.90106,0.88456,0.7434,0.5,3.99149,,,,,,0.0808,,4225688,9f9bb01aee1b,flip=0.3850
M4_mrf_gcn-dce6d8f67f,sbm,M4_mrf_gcn,tuned_grid,mf,20,8,,2.0,,0,,0.996,0.996246,0.009337,0.003673,0.999,0.998975,0.007828,0.002822,0.00534,0.899563,0.901243,1,15,,,,,0.9,0.90106,0.88456,0.7434,0.5,3.99149,,,,,,0.1481,,4225688,9f9bb01aee1b,flip=0.0010
M4_mrf_mlp-bae44cd84f,sbm,M4_mrf_mlp,tuned_grid,mf,20,8,,2.0,,0,,1.0,1.0,0.006779,0.002738,0.999,0.998975,0.005477,0.001804,0.00353,0.899802,0.901243,1,6,,,,,0.9,0.90106,0.88456,0.7434,0.5,3.99149,,,,,,0.1936,,4225688,9f9bb01aee1b,flip=0.3850
OF-2aadf993a6,sbm,Oracle_F,oracle,closed_form,20,8,,,,,,0.758,,,,0.738,,,,,,,,,,,,,0.9,0.90106,0.88456,0.7434,0.5,3.99149,,,,,,,,4225688,9f9bb01aee1b,"feature-only Bayes rule, known generative parameters"
OG-70da9fb80d,sbm,Oracle_G,oracle,mf,20,8,,3.99149,,,,1.0,1.0,0.001113,0.000329,1.0,1.0,0.000758,0.000261,0.000673,0.901043,0.901063,1,4,,,,,0.9,0.90106,0.88456,0.7434,0.5,3.99149,,,,,,,,4225688,9f9bb01aee1b,true Gaussian unaries + generator-implied coupling
M0_mlp-86a1baaad8,sbm,M0_mlp,train,none,1,9,0.0,,,,30,0.27,0.264788,2.107485,0.913714,0.267,0.249563,2.200222,0.927358,0.215669,0.160419,0.196618,,,,,,,0.9,0.90218,0.88587,0.74578,0.5,3.99149,0.01,0.0005,64,0.5,0.458,,results/logits/M0_mlp-86a1baaad8.npz,4225688,9f9bb01aee1b,
M1_gcn-82ab77f3f1,sbm,M1_gcn,train,none,1,9,0.0,,,,24,0.996,0.995938,0.948011,0.437044,0.995,0.995018,0.948692,0.436899,0.594655,0.234338,0.89951,,,,,,,0.9,0.90218,0.88587,0.74578,0.5,3.99149,0.005,0.001,64,0.5,2.824,,results/logits/M1_gcn-82ab77f3f1.npz,4225688,9f9bb01aee1b,
LP-420362c766,sbm,LP,closed_form,label_prop,1,9,,,,,,0.15,0.06824,1.862599,0.833896,0.149,0.061625,1.864215,0.833891,0.281175,0.158766,0.969648,,,,,,,0.9,0.90218,0.88587,0.74578,0.5,3.99149,,,,,,,,4225688,9f9bb01aee1b,uses train labels as inference-time evidence
M2_lap-b88bd1b21b,sbm,M2_lap,train,none,1,9,0.001,,,,24,0.996,0.995938,0.94802,0.437049,0.995,0.995018,0.948702,0.436904,0.594659,0.234335,0.89951,,,,,,,0.9,0.90218,0.88587,0.74578,0.5,3.99149,0.005,0.001,64,0.5,3.181,,,4225688,9f9bb01aee1b,
M2_lap-0aa7ea9185,sbm,M2_lap,train,none,1,9,0.01,,,,24,0.996,0.995938,0.948106,0.437097,0.995,0.995018,0.948792,0.436954,0.594699,0.234306,0.89951,,,,,,,0.9,0.90218,0.88587,0.74578,0.5,3.99149,0.005,0.001,64,0.5,3.133,,,4225688,9f9bb01aee1b,
M2_lap-d9a1380513,sbm,M2_lap,train,none,1,9,0.1,,,,24,0.996,0.995938,0.94899,0.437586,0.995,0.995018,0.949709,0.43746,0.595106,0.234013,0.89951,,,,,,,0.9,0.90218,0.88587,0.74578,0.5,3.99149,0.005,0.001,64,0.5,3.448,,,4225688,9f9bb01aee1b,
M2_lap-2469492a75,sbm,M2_lap,train,none,1,9,0.5,,,,24,0.996,0.995938,0.952796,0.4397,0.994,0.994022,0.953663,0.439653,0.595868,0.232745,0.900133,,,,,,,0.9,0.90218,0.88587,0.74578,0.5,3.99149,0.005,0.001,64,0.5,3.319,,,4225688,9f9bb01aee1b,
M2_lap-9b139f26e4,sbm,M2_lap,train,none,1,9,1.0,,,,24,0.996,0.995938,0.957875,0.442496,0.993,0.993028,0.958932,0.442548,0.597152,0.231135,0.899866,,,,,,,0.9,0.90218,0.88587,0.74578,0.5,3.99149,0.005,0.001,64,0.5,3.437,,,4225688,9f9bb01aee1b,
M2_lap-629287e021,sbm,M2_lap,train,none,1,9,5.0,,,,22,0.994,0.993909,1.086838,0.511064,0.991,0.990997,1.087935,0.511083,0.645072,0.200641,0.899866,,,,,,,0.9,0.90218,0.88587,0.74578,0.5,3.99149,0.005,0.001,64,0.5,3.207,,,4225688,9f9bb01aee1b,
M4_mrf_gcn-da769b8668,sbm,M4_mrf_gcn,tuned_grid,mf,1,9,,0.05,,0,,0.994,0.993851,0.878258,0.398427,0.995,0.995018,0.8803,0.399107,0.5646,0.257312,0.90049,1,5,,,,,0.9,0.90218,0.88587,0.74578,0.5,3.99149,,,,,,0.1015,,4225688,9f9bb01aee1b,flip=0.0000
M4_mrf_mlp-f32a01adb3,sbm,M4_mrf_mlp,tuned_grid,mf,1,9,,0.05,,0,,0.268,0.262896,2.091297,0.908629,0.269,0.25103,2.186496,0.922125,0.210781,0.16478,0.206142,1,5,,,,,0.9,0.90218,0.88587,0.74578,0.5,3.99149,,,,,,0.0376,,4225688,9f9bb01aee1b,flip=0.0140
M4_mrf_gcn-2f6bc132cd,sbm,M4_mrf_gcn,tuned_grid,mf,1,9,,0.1,,0,,0.994,0.993851,0.795369,0.352301,0.994,0.993986,0.799203,0.354144,0.525205,0.290113,0.900579,1,7,,,,,0.9,0.90218,0.88587,0.74578,0.5,3.99149,,,,,,0.0586,,4225688,9f9bb01aee1b,flip=0.0010
M4_mrf_mlp-4786a1345d,sbm,M4_mrf_mlp,tuned_grid,mf,1,9,,0.1,,0,,0.272,0.265712,2.074212,0.902978,0.275,0.254894,2.171795,0.916289,0.208493,0.169815,0.217,1,6,,,,,0.9,0.90218,0.88587,0.74578,0.5,3.99149,,,,,,0.0769,,4225688,9f9bb01aee1b,flip=0.0330
M4_mrf_gcn-6c09527ec4,sbm,M4_mrf_gcn,tuned_grid,mf,1,9,,0.25,,0,,0.996,0.995921,0.470612,0.1792,0.998,0.997972,0.48346,0.18648,0.35378,0.47723,0.901736,1,14,,,,,0.9,0.90218,0.88587,0.74578,0.5,3.99149,,,,,,0.2045,,4225688,9f9bb01aee1b,flip=0.0050
M4_mrf_mlp-5504aeecc8,sbm,M4_mrf_mlp,tuned_grid,mf,1,9,,0.25,,0,,0.292,0.27677,2.011096,0.878954,0.302,0.276571,2.114946,0.891678,0.204045,0.192724,0.26729,1,11,,,,,0.9,0.90218,0.88587,0.74578,0.5,3.99149,,,,,,0.1967,,4225688,9f9bb01aee1b,flip=0.0960
M4_mrf_gcn-7c17491ca7,sbm,M4_mrf_gcn,tuned_grid,mf,1,9,,0.5,,0,,0.998,0.997913,0.125959,0.033449,0.997,0.996952,0.138883,0.038265,0.11128,0.785791,0.90227,1,10,,,,,0.9,0.90218,0.88587,0.74578,0.5,3.99149,,,,,,0.0896,,4225688,9f9bb01aee1b,flip=0.0040
M4_mrf_mlp-0e8bbde5a4,sbm,M4_mrf_mlp,tuned_grid,mf,1,9,,0.5,,0,,0.404,0.34916,1.84901,0.791774,0.398,0.343549,1.946583,0.799477,0.21455,0.334581,0.465688,1,41,,,,,0.9,0.90218,0.88587,0.74578,0.5,3.99149,,,,,,0.6522,,4225688,9f9bb01aee1b,flip=0.2640
M4_mrf_gcn-6a525aeb39,sbm,M4_mrf_gcn,tuned_grid,mf,1,9,,1.0,,0,,0.998,0.997927,0.029257,0.008677,0.997,0.996952,0.032703,0.009651,0.022695,0.887761,0.902359,1,11,,,,,0.9,0.90218,0.88587,0.74578,0.5,3.99149,,,,,,0.1354,,4225688,9f9bb01aee1b,flip=0.0040
M4_mrf_mlp-5bacb99515,sbm,M4_mrf_mlp,tuned_grid,mf,1,9,,1.0,,0,,0.424,0.311886,4.276478,1.088261,0.429,0.313548,4.244144,1.072496,0.51096,0.856723,0.900846,1,24,,,,,0.9,0.90218,0.88587,0.74578,0.5,3.99149,,,,,,0.2858,,4225688,9f9bb01aee1b,flip=0.6370
M4_mrf_gcn-276c5e22ee,sbm,M4_mrf_gcn,tuned_grid,mf,1,9,,2.0,,0,,0.996,0.996083,0.013526,0.007118,0.996,0.995945,0.012303,0.00567,0.003247,0.900994,0.902448,1,21,,,,,0.9,0.90218,0.88587,0.74578,0.5,3.99149,,,,,,0.2477,,4225688,9f9bb01aee1b,flip=0.0050
M4_mrf_mlp-a5015945c0,sbm,M4_mrf_mlp,tuned_grid,mf,1,9,,2.0,,0,,0.428,0.310633,8.683016,1.137851,0.432,0.312445,8.448119,1.125335,0.557875,0.915661,0.919181,1,17,,,,,0.9,0.90218,0.88587,0.74578,0.5,3.99149,,,,,,0.2286,,4225688,9f9bb01aee1b,flip=0.6600
OF-ab45c6c5cf,sbm,Oracle_F,oracle,closed_form,1,9,,,,,,0.736,,,,0.738,,,,,,,,,,,,,0.9,0.90218,0.88587,0.74578,0.5,3.99149,,,,,,,,4225688,9f9bb01aee1b,"feature-only Bayes rule, known generative parameters"
OG-91497b3827,sbm,Oracle_G,oracle,mf,1,9,,3.99149,,,,1.0,1.0,0.000461,4.3e-05,1.0,1.0,0.000955,0.000166,0.0009,0.902126,0.902181,1,4,,,,,0.9,0.90218,0.88587,0.74578,0.5,3.99149,,,,,,,,4225688,9f9bb01aee1b,true Gaussian unaries + generator-implied coupling
M0_mlp-eaf8236c0c,sbm,M0_mlp,train,none,5,9,0.0,,,,23,0.41,0.406251,1.618843,0.75059,0.401,0.395227,1.572024,0.726989,0.059409,0.173916,0.232132,,,,,,,0.9,0.90218,0.88587,0.74578,0.5,3.99149,0.01,0.0005,64,0.5,0.475,,results/logits/M0_mlp-eaf8236c0c.npz,4225688,9f9bb01aee1b,
M1_gcn-15b92a5e0e,sbm,M1_gcn,train,none,5,9,0.0,,,,16,1.0,1.0,1.15988,0.546267,0.989,0.988848,1.1601,0.546036,0.665851,0.188822,0.900401,,,,,,,0.9,0.90218,0.88587,0.74578,0.5,3.99149,0.005,0.001,64,0.5,2.554,,results/logits/M1_gcn-15b92a5e0e.npz,4225688,9f9bb01aee1b,
LP-47697a6ba7,sbm,LP,closed_form,label_prop,5,9,,,,,,0.958,0.957657,1.515566,0.708448,0.949,0.947897,1.505572,0.70441,0.721891,0.157355,0.858033,,,,,,,0.9,0.90218,0.88587,0.74578,0.5,3.99149,,,,,,,,4225688,9f9bb01aee1b,uses train labels as inference-time evidence
M2_lap-80d7cae0e0,sbm,M2_lap,train,none,5,9,0.001,,,,16,1.0,1.0,1.159884,0.546269,0.989,0.988848,1.160104,0.546038,0.665852,0.188821,0.900401,,,,,,,0.9,0.90218,0.88587,0.74578,0.5,3.99149,0.005,0.001,64,0.5,2.73,,,4225688,9f9bb01aee1b,
M2_lap-ade250de2b,sbm,M2_lap,train,none,5,9,0.01,,,,16,1.0,1.0,1.159919,0.546288,0.989,0.988848,1.16014,0.546058,0.665867,0.188811,0.900401,,,,,,,0.9,0.90218,0.88587,0.74578,0.5,3.99149,0.005,0.001,64,0.5,2.741,,,4225688,9f9bb01aee1b,
M2_lap-e8de11d311,sbm,M2_lap,train,none,5,9,0.1,,,,16,1.0,1.0,1.160257,0.546467,0.989,0.988848,1.160478,0.546238,0.666012,0.188715,0.900401,,,,,,,0.9,0.90218,0.88587,0.74578,0.5,3.99149,0.005,0.001,64,0.5,2.8,,,4225688,9f9bb01aee1b,
M2_lap-448c0b65b1,sbm,M2_lap,train,none,5,9,0.5,,,,15,1.0,1.0,1.218663,0.575255,0.989,0.988848,1.219071,0.575067,0.685092,0.179881,0.900401,,,,,,,0.9,0.90218,0.88587,0.74578,0.5,3.99149,0.005,0.001,64,0.5,3.231,,,4225688,9f9bb01aee1b,
M2_lap-079d7c1d3a,sbm,M2_lap,train,none,5,9,1.0,,,,15,1.0,1.0,1.220564,0.576233,0.989,0.988848,1.220976,0.57605,0.685814,0.179468,0.900401,,,,,,,0.9,0.90218,0.88587,0.74578,0.5,3.99149,0.005,0.001,64,0.5,2.629,,,4225688,9f9bb01aee1b,
M2_lap-f405701117,sbm,M2_lap,train,none,5,9,5.0,,,,14,1.0,1.0,1.289992,0.609713,0.99,0.989801,1.29054,0.609593,0.708599,0.170099,0.900668,,,,,,,0.9,0.90218,0.88587,0.74578,0.5,3.99149,0.005,0.001,64,0.5,2.721,,,4225688,9f9bb01aee1b,
M4_mrf_gcn-28181691b7,sbm,M4_mrf_gcn,tuned_grid,mf,5,9,,0.05,,0,,1.0,1.0,1.10433,0.517601,0.99,0.989814,1.104727,0.517521,0.646903,0.200061,0.900579,1,5,,,,,0.9,0.90218,0.88587,0.74578,0.5,3.99149,,,,,,0.1287,,4225688,9f9bb01aee1b,flip=0.0010
M4_mrf_mlp-2b514f8081,sbm,M4_mrf_mlp,tuned_grid,mf,5,9,,0.05,,0,,0.43,0.424669,1.576102,0.734261,0.417,0.40976,1.528476,0.710433,0.054235,0.180575,0.253316,1,5,,,,,0.9,0.90218,0.88587,0.74578,0.5,3.99149,,,,,,0.0292,,4225688,9f9bb01aee1b,flip=0.0190
M4_mrf_gcn-04db48023d,sbm,M4_mrf_gcn,tuned_grid,mf,5,9,,0.1,,0,,1.0,1.0,1.036996,0.482121,0.991,0.990766,1.037709,0.482332,0.622107,0.216353,0.900757,1,7,,,,,0.9,0.90218,0.88587,0.74578,0.5,3.99149,,,,,,0.1112,,4225688,9f9bb01aee1b,flip=0.0020
M4_mrf_mlp-024fdbec8b,sbm,M4_mrf_mlp,tuned_grid,mf,5,9,,0.1,,0,,0.444,0.438156,1.527699,0.715078,0.44,0.433843,1.479386,0.691082,0.061509,0.188798,0.27263,1,6,,,,,0.9,0.90218,0.88587,0.74578,0.5,3.99149,,,,,,0.0609,,4225688,9f9bb01aee1b,flip=0.0470
M4_mrf_gcn-28a93e3328,sbm,M4_mrf_gcn,tuned_grid,mf,5,9,,0.25,,0,,1.0,1.0,0.716555,0.308958,0.992,0.991789,0.718747,0.310231,0.477784,0.336793,0.901291,1,15,,,,,0.9,0.90218,0.88587,0.74578,0.5,3.99149,,,,,,0.2402,,4225688,9f9bb01aee1b,flip=0.0050
M4_mrf_mlp-9e84bde0a1,sbm,M4_mrf_mlp,tuned_grid,mf,5,9,,0.25,,0,,0.534,0.526415,1.322786,0.627499,0.528,0.521164,1.275259,0.604187,0.049651,0.233084,0.374277,1,11,,,,,0.9,0.90218,0.88587,0.74578,0.5,3.99149,,,,,,0.0658,,4225688,9f9bb01aee1b,flip=0.1440
M4_mrf_gcn-a3370ebb7c,sbm,M4_mrf_gcn,tuned_grid,mf,5,9,,0.5,,0,,0.998,0.998013,0.178807,0.052895,0.994,0.993811,0.179534,0.052815,0.139205,0.743392,0.902359,1,12,,,,,0.9,0.90218,0.88587,0.74578,0.5,3.99149,,,,,,0.2272,,4225688,9f9bb01aee1b,flip=0.0090
M4_mrf_mlp-817afc1ad2,sbm,M4_mrf_mlp,tuned_grid,mf,5,9,,0.5,,0,,0.842,0.839785,0.525155,0.243048,0.873,0.871629,0.502709,0.226692,0.142932,0.53835,0.754339,1,41,,,,,0.9,0.90218,0.88587,0.74578,0.5,3.99149,,,,,,0.5672,,4225688,9f9bb01aee1b,flip=0.4770
M4_mrf_gcn-88da86c61c,sbm,M4_mrf_gcn,tuned_grid,mf,5,9,,1.0,,0,,0.998,0.998013,0.037096,0.010473,0.994,0.993861,0.036512,0.01092,0.022611,0.884129,0.902359,1,10,,,,,0.9,0.90218,0.88587,0.74578,0.5,3.99149,,,,,,0.0999,,4225688,9f9bb01aee1b,flip=0.0090
M4_mrf_mlp-e54be0d349,sbm,M4_mrf_mlp,tuned_grid,mf,5,9,,1.0,,0,,0.986,0.985922,0.064143,0.023465,0.99,0.98998,0.063105,0.024879,0.033244,0.865276,0.896662,1,11,,,,,0.9,0.90218,0.88587,0.74578,0.5,3.99149,,,,,,0.1558,,4225688,9f9bb01aee1b,flip=0.5890
M4_mrf_gcn-8cc066e9fa,sbm,M4_mrf_gcn,tuned_grid,mf,5,9,,2.0,,0,,0.998,0.998013,0.010812,0.004147,0.994,0.993861,0.014114,0.006955,0.001011,0.900793,0.902448,1,11,,,,,0.9,0.90218,0.88587,0.74578,0.5,3.99149,,,,,,0.1456,,4225688,9f9bb01aee1b,flip=0.0090
M4_mrf_mlp-0e8b62e108,sbm,M4_mrf_mlp,tuned_grid,mf,5,9,,2.0,,0,,0.996,0.995957,0.014663,0.006201,1.0,1.0,0.009811,0.003601,0.008052,0.899283,0.901736,1,8,,,,,0.9,0.90218,0.88587,0.74578,0.5,3.99149,,,,,,0.0824,,4225688,9f9bb01aee1b,flip=0.5990
OF-3623b7097d,sbm,Oracle_F,oracle,closed_form,5,9,,,,,,0.72,,,,0.755,,,,,,,,,,,,,0.9,0.90218,0.88587,0.74578,0.5,3.99149,,,,,,,,4225688,9f9bb01aee1b,"feature-only Bayes rule, known generative parameters"
OG-a3c33553e9,sbm,Oracle_G,oracle,mf,5,9,,3.99149,,,,1.0,1.0,0.000474,4.8e-05,1.0,1.0,0.000669,0.000107,0.000638,0.902126,0.902181,1,4,,,,,0.9,0.90218,0.88587,0.74578,0.5,3.99149,,,,,,,,4225688,9f9bb01aee1b,true Gaussian unaries + generator-implied coupling
M0_mlp-4fbfa5c5c9,sbm,M0_mlp,train,none,20,9,0.0,,,,50,0.586,0.586834,1.381692,0.600015,0.608,0.607258,1.326739,0.574669,0.163756,0.33108,0.390031,,,,,,,0.9,0.90218,0.88587,0.74578,0.5,3.99149,0.01,0.0005,64,0.5,0.485,,results/logits/M0_mlp-4fbfa5c5c9.npz,4225688,9f9bb01aee1b,
M1_gcn-cdfcc3bd24,sbm,M1_gcn,train,none,20,9,0.0,,,,20,0.996,0.996116,0.845469,0.380095,0.998,0.997967,0.828211,0.370724,0.547754,0.263069,0.901825,,,,,,,0.9,0.90218,0.88587,0.74578,0.5,3.99149,0.005,0.001,64,0.5,2.598,,results/logits/M1_gcn-cdfcc3bd24.npz,4225688,9f9bb01aee1b,
LP-bd6bb0799c,sbm,LP,closed_form,label_prop,20,9,,,,,,0.994,0.994221,0.948196,0.437004,0.989,0.989082,0.959403,0.443283,0.598405,0.235008,0.899599,,,,,,,0.9,0.90218,0.88587,0.74578,0.5,3.99149,,,,,,,,4225688,9f9bb01aee1b,uses train labels as inference-time evidence
M2_lap-4d7c3cb51d,sbm,M2_lap,train,none,20,9,0.001,,,,20,0.996,0.996116,0.845475,0.380098,0.998,0.997967,0.828218,0.370727,0.547758,0.263066,0.901825,,,,,,,0.9,0.90218,0.88587,0.74578,0.5,3.99149,0.005,0.001,64,0.5,3.539,,,4225688,9f9bb01aee1b,
M2_lap-0df115333c,sbm,M2_lap,train,none,20,9,0.01,,,,20,0.996,0.996116,0.845532,0.380129,0.998,0.997967,0.828277,0.370759,0.547789,0.263038,0.901825,,,,,,,0.9,0.90218,0.88587,0.74578,0.5,3.99149,0.005,0.001,64,0.5,3.306,,,4225688,9f9bb01aee1b,
M2_lap-31c992a0dc,sbm,M2_lap,train,none,20,9,0.1,,,,20,0.996,0.996116,0.84618,0.380482,0.998,0.997967,0.828955,0.37113,0.548137,0.262738,0.901825,,,,,,,0.9,0.90218,0.88587,0.74578,0.5,3.99149,0.005,0.001,64,0.5,3.556,,,4225688,9f9bb01aee1b,
M2_lap-1d892e0766,sbm,M2_lap,train,none,20,9,0.5,,,,19,0.996,0.996116,0.907365,0.413774,0.998,0.997967,0.89127,0.405291,0.57561,0.243211,0.901825,,,,,,,0.9,0.90218,0.88587,0.74578,0.5,3.99149,0.005,0.001,64,0.5,3.335,,,4225688,9f9bb01aee1b,
M2_lap-597e11cead,sbm,M2_lap,train,none,20,9,1.0,,,,17,0.996,0.996116,1.029631,0.479034,0.998,0.997967,1.015964,0.472354,0.625902,0.21172,0.901825,,,,,,,0.9,0.90218,0.88587,0.74578,0.5,3.99149,0.005,0.001,64,0.5,3.639,,,4225688,9f9bb01aee1b,
M2_lap-227664a76c,sbm,M2_lap,train,none,20,9,5.0,,,,16,0.996,0.996116,1.108267,0.520203,0.998,0.997967,1.096562,0.514768,0.656343,0.194574,0.901825,,,,,,,0.9,0.90218,0.88587,0.74578,0.5,3.99149,0.005,0.001,64,0.5,3.159,,,4225688,9f9bb01aee1b,
M4_mrf_gcn-dc9ae82212,sbm,M4_mrf_gcn,tuned_grid,mf,20,9,,0.05,,0,,0.996,0.996116,0.773483,0.340325,0.998,0.997967,0.753806,0.329356,0.511837,0.292868,0.901825,1,5,,,,,0.9,0.90218,0.88587,0.74578,0.5,3.99149,,,,,,0.0504,,4225688,9f9bb01aee1b,flip=0.0000
M4_mrf_mlp-301841ce5b,sbm,M4_mrf_mlp,tuned_grid,mf,20,9,,0.05,,0,,0.61,0.609931,1.301179,0.571766,0.624,0.623372,1.246829,0.547716,0.156657,0.352329,0.409346,1,5,,,,,0.9,0.90218,0.88587,0.74578,0.5,3.99149,,,,,,0.0526,,4225688,9f9bb01aee1b,flip=0.0170
M4_mrf_gcn-c89c8dc302,sbm,M4_mrf_gcn,tuned_grid,mf,20,9,,0.1,,0,,0.996,0.996116,0.690112,0.294494,0.998,0.997967,0.667802,0.281817,0.467308,0.33364,0.901825,1,7,,,,,0.9,0.90218,0.88587,0.74578,0.5,3.99149,,,,,,0.1024,,4225688,9f9bb01aee1b,flip=0.0000
M4_mrf_mlp-0b943238e8,sbm,M4_mrf_mlp,tuned_grid,mf,20,9,,0.1,,0,,0.628,0.627779,1.217959,0.541725,0.636,0.635232,1.164869,0.519282,0.153437,0.375805,0.428749,1,5,,,,,0.9,0.90218,0.88587,0.74578,0.5,3.99149,,,,,,0.0603,,4225688,9f9bb01aee1b,flip=0.0290
M4_mrf_gcn-13d5ae1a8f,sbm,M4_mrf_gcn,tuned_grid,mf,20,9,,0.25,,0,,0.996,0.996116,0.392637,0.140273,0.998,0.997967,0.366098,0.126166,0.284118,0.540467,0.902092,1,11,,,,,0.9,0.90218,0.88587,0.74578,0.5,3.99149,,,,,,0.1013,,4225688,9f9bb01aee1b,flip=0.0000
M4_mrf_mlp-3584fe6e21,sbm,M4_mrf_mlp,tuned_grid,mf,20,9,,0.25,,0,,0.694,0.694641,0.953717,0.441645,0.701,0.70067,0.908068,0.423867,0.116804,0.461031,0.520694,1,8,,,,,0.9,0.90218,0.88587,0.74578,0.5,3.99149,,,,,,0.1608,,4225688,9f9bb01aee1b,flip=0.0960
M4_mrf_gcn-2af011632f,sbm,M4_mrf_gcn,tuned_grid,mf,20,9,,0.5,,0,,0.996,0.996116,0.122956,0.032775,0.999,0.999011,0.10772,0.027204,0.090131,0.804179,0.902359,1,9,,,,,0.9,0.90218,0.88587,0.74578,0.5,3.99149,,,,,,0.1794,,4225688,9f9bb01aee1b,flip=0.0010
M4_mrf_mlp-53b8230529,sbm,M4_mrf_mlp,tuned_grid,mf,20,9,,0.5,,0,,0.812,0.811304,0.521564,0.260163,0.832,0.831453,0.493177,0.24567,0.044397,0.637169,0.69595,1,14,,,,,0.9,0.90218,0.88587,0.74578,0.5,3.99149,,,,,,0.2301,,4225688,9f9bb01aee1b,flip=0.2240
M4_mrf_gcn-a3fc57444d,sbm,M4_mrf_gcn,tuned_grid,mf,20,9,,1.0,,0,,0.996,0.996116,0.029651,0.008572,0.998,0.998014,0.024889,0.007022,0.018465,0.889581,0.902359,1,10,,,,,0.9,0.90218,0.88587,0.74578,0.5,3.99149,,,,,,0.0552,,4225688,9f9bb01aee1b,flip=0.0020
M4_mrf_mlp-3482b5cc81,sbm,M4_mrf_mlp,tuned_grid,mf,20,9,,1.0,,0,,0.958,0.957331,0.119368,0.064385,0.963,0.963028,0.114826,0.057057,0.008405,0.842965,0.866044,1,13,,,,,0.9,0.90218,0.88587,0.74578,0.5,3.99149,,,,,,0.221,,4225688,9f9bb01aee1b,flip=0.3560
M4_mrf_gcn-526afee60c,sbm,M4_mrf_gcn,tuned_grid,mf,20,9,,2.0,,0,,0.996,0.996116,0.010202,0.004864,0.997,0.997018,0.010515,0.005137,0.002282,0.901167,0.902448,1,13,,,,,0.9,0.90218,0.88587,0.74578,0.5,3.99149,,,,,,0.1735,,4225688,9f9bb01aee1b,flip=0.0030
M4_mrf_mlp-5352585a95,sbm,M4_mrf_mlp,tuned_grid,mf,20,9,,2.0,,0,,1.0,1.0,0.00802,0.002886,0.995,0.994934,0.016351,0.00826,0.000531,0.898216,0.900757,1,36,,,,,0.9,0.90218,0.88587,0.74578,0.5,3.99149,,,,,,0.6375,,4225688,9f9bb01aee1b,flip=0.3870
OF-4f1a29a386,sbm,Oracle_F,oracle,closed_form,20,9,,,,,,0.732,,,,0.73,,,,,,,,,,,,,0.9,0.90218,0.88587,0.74578,0.5,3.99149,,,,,,,,4225688,9f9bb01aee1b,"feature-only Bayes rule, known generative parameters"
OG-a18e33b21d,sbm,Oracle_G,oracle,mf,20,9,,3.99149,,,,1.0,1.0,0.000875,0.000148,1.0,1.0,0.000561,8.4e-05,0.000531,0.902126,0.902181,1,4,,,,,0.9,0.90218,0.88587,0.74578,0.5,3.99149,,,,,,,,4225688,9f9bb01aee1b,true Gaussian unaries + generator-implied coupling
