run_id,dataset,model,regime,inference_method,label_per_class,split_seed,lambda,beta,weighted_prior,clamped,best_epoch,val_acc,val_f1,val_nll,val_brier,test_acc,test_f1,test_nll,test_brier,ece,rule_score,edge_agreement,converged,iters,final_residual,ess_min,ess_median,rhat_max,target_h,empirical_h,adjusted_h,label_informativeness,sigma_x,beta_gen,lr,weight_decay,hidden,dropout,train_seconds,infer_seconds,logits_path,git_commit,protocol_hash,notes
M0_mlp-baafb726d4,sbm,M0_mlp,train,none,1,0,0.0,,,,16,0.278,0.265642,1.837748,0.825275,0.271,0.253415,1.822019,0.819812,0.057838,0.14783,0.16812,,,,,,,0.05,0.05053,-0.10776,0.02326,0.5,-1.15018,0.01,0.0005,64,0.5,0.432,,results/logits/M0_mlp-baafb726d4.npz,4225688,9f9bb01aee1b,
M1_gcn-3d5bc1ff02,sbm,M1_gcn,train,none,1,0,0.0,,,,7,0.18,0.135417,1.941482,0.855887,0.174,0.123385,1.941718,0.855943,0.044076,0.143841,0.418143,,,,,,,0.05,0.05053,-0.10776,0.02326,0.5,-1.15018,0.005,0.001,64,0.5,1.864,,results/logits/M1_gcn-3d5bc1ff02.npz,4225688,9f9bb01aee1b,
LP-e61fe5366e,sbm,LP,closed_form,label_prop,1,0,,,,,,0.164,0.040675,1.986791,0.867409,0.137,0.036379,2.016152,0.875016,0.092085,0.160134,0.974917,,,,,,,0.05,0.05053,-0.10776,0.02326,0.5,-1.15018,,,,,,,,4225688,9f9bb01aee1b,uses train labels as inference-time evidence
M2_lap-cb69a0e2e3,sbm,M2_lap,train,none,1,0,0.001,,,,7,0.18,0.135417,1.941482,0.855887,0.174,0.123385,1.941718,0.855943,0.044076,0.143841,0.418143,,,,,,,0.05,0.05053,-0.10776,0.02326,0.5,-1.15018,0.005,0.001,64,0.5,2.343,,,4225688,9f9bb01aee1b,
M2_lap-ab7a23c244,sbm,M2_lap,train,none,1,0,0.01,,,,7,0.18,0.135417,1.941482,0.855887,0.174,0.123385,1.941718,0.855943,0.044076,0.143841,0.418143,,,,,,,0.05,0.05053,-0.10776,0.02326,0.5,-1.15018,0.005,0.001,64,0.5,2.142,,,4225688,9f9bb01aee1b,
M2_lap-f74414dce4,sbm,M2_lap,train,none,1,0,0.1,,,,7,0.18,0.135417,1.94148,0.855887,0.174,0.123385,1.941716,0.855943,0.044078,0.143839,0.418143,,,,,,,0.05,0.05053,-0.10776,0.02326,0.5,-1.15018,0.005,0.001,64,0.5,2.111,,,4225688,9f9bb01aee1b,
M2_lap-9a4098c920,sbm,M2_lap,train,none,1,0,0.5,,,,7,0.178,0.134167,1.941476,0.855886,0.173,0.122793,1.941697,0.855938,0.047273,0.143834,0.417963,,,,,,,0.05,0.05053,-0.10776,0.02326,0.5,-1.15018,0.005,0.001,64,0.5,2.111,,,4225688,9f9bb01aee1b,
M2_lap-724537a96c,sbm,M2_lap,train,none,1,0,1.0,,,,7,0.178,0.134167,1.941456,0.85588,0.174,0.123966,1.941668,0.85593,0.050284,0.143827,0.417603,,,,,,,0.05,0.05053,-0.10776,0.02326,0.5,-1.15018,0.005,0.001,64,0.5,2.168,,,4225688,9f9bb01aee1b,
M2_lap-f02c501b45,sbm,M2_lap,train,none,1,0,5.0,,,,7,0.176,0.132647,1.941445,0.855876,0.172,0.123026,1.941617,0.855916,0.041547,0.143768,0.415356,,,,,,,0.05,0.05053,-0.10776,0.02326,0.5,-1.15018,0.005,0.001,64,0.5,1.392,,,4225688,9f9bb01aee1b,
M4_mrf_gcn-9d6653d334,sbm,M4_mrf_gcn,tuned_grid,mf,1,0,,0.05,,0,,0.176,0.133138,1.941911,0.856011,0.174,0.123431,1.942181,0.856075,0.033312,0.143967,0.429291,1,4,,,,,0.05,0.05053,-0.10776,0.02326,0.5,-1.15018,,,,,,0.0441,,4225688,9f9bb01aee1b,flip=0.0130
M4_mrf_mlp-95fec0947d,sbm,M4_mrf_mlp,tuned_grid,mf,1,0,,0.05,,0,,0.278,0.26397,1.8412,0.826303,0.27,0.251929,1.825714,0.820903,0.048536,0.149513,0.17738,1,4,,,,,0.05,0.05053,-0.10776,0.02326,0.5,-1.15018,,,,,,0.0297,,4225688,9f9bb01aee1b,flip=0.0120
M4_mrf_gcn-8155a0c4d0,sbm,M4_mrf_gcn,tuned_grid,mf,1,0,,0.1,,0,,0.17,0.124507,1.942413,0.856155,0.173,0.121499,1.942726,0.856229,0.030053,0.144119,0.439,1,5,,,,,0.05,0.05053,-0.10776,0.02326,0.5,-1.15018,,,,,,0.0371,,4225688,9f9bb01aee1b,flip=0.0250
M4_mrf_mlp-cd52549545,sbm,M4_mrf_mlp,tuned_grid,mf,1,0,,0.1,,0,,0.28,0.2649,1.845391,0.827594,0.265,0.245453,1.83021,0.822292,0.055103,0.151468,0.187899,1,6,,,,,0.05,0.05053,-0.10776,0.02326,0.5,-1.15018,,,,,,0.0427,,4225688,9f9bb01aee1b,flip=0.0370
M4_mrf_gcn-978891c7e8,sbm,M4_mrf_gcn,tuned_grid,mf,1,0,,0.25,,0,,0.164,0.117349,1.944677,0.856801,0.17,0.114295,1.945207,0.856928,0.028021,0.144825,0.471456,1,7,,,,,0.05,0.05053,-0.10776,0.02326,0.5,-1.15018,,,,,,0.0454,,4225688,9f9bb01aee1b,flip=0.0920
M4_mrf_mlp-82df018b29,sbm,M4_mrf_mlp,tuned_grid,mf,1,0,,0.25,,0,,0.276,0.254358,1.866213,0.834547,0.256,0.230578,1.852645,0.829983,0.078963,0.160959,0.247955,1,10,,,,,0.05,0.05053,-0.10776,0.02326,0.5,-1.15018,,,,,,0.0747,,4225688,9f9bb01aee1b,flip=0.1430
M4_mrf_gcn-9bb0459da9,sbm,M4_mrf_gcn,tuned_grid,mf,1,0,,0.5,,0,,0.158,0.102807,1.957756,0.86051,0.167,0.103543,1.959341,0.860868,0.038266,0.148862,0.540412,1,23,,,,,0.05,0.05053,-0.10776,0.02326,0.5,-1.15018,,,,,,0.1813,,4225688,9f9bb01aee1b,flip=0.2040
M4_mrf_mlp-c8f7453f3d,sbm,M4_mrf_mlp,tuned_grid,mf,1,0,,0.5,,0,,0.156,0.049698,2.983232,1.287024,0.161,0.052149,3.009993,1.293355,0.602257,0.669956,0.98121,1,22,,,,,0.05,0.05053,-0.10776,0.02326,0.5,-1.15018,,,,,,0.1952,,4225688,9f9bb01aee1b,flip=0.6900
M4_mrf_gcn-9ac354eed2,sbm,M4_mrf_gcn,tuned_grid,mf,1,0,,1.0,,0,,0.128,0.032421,6.847166,1.694084,0.138,0.034647,6.873123,1.67525,0.836142,0.976238,1.0,1,11,,,,,0.05,0.05053,-0.10776,0.02326,0.5,-1.15018,,,,,,0.0818,,4225688,9f9bb01aee1b,flip=0.6510
M4_mrf_mlp-d6f7b7110c,sbm,M4_mrf_mlp,tuned_grid,mf,1,0,,1.0,,0,,0.152,0.037698,6.626474,1.649222,0.154,0.038128,6.757223,1.64187,0.82097,0.975906,0.99964,1,9,,,,,0.05,0.05053,-0.10776,0.02326,0.5,-1.15018,,,,,,0.0655,,4225688,9f9bb01aee1b,flip=0.7100
M4_mrf_gcn-608bfe2898,sbm,M4_mrf_gcn,tuned_grid,mf,1,0,,2.0,,0,,0.128,0.032421,13.683005,1.738629,0.138,0.034647,13.763894,1.718374,0.859156,0.998598,1.0,1,7,,,,,0.05,0.05053,-0.10776,0.02326,0.5,-1.15018,,,,,,0.0519,,4225688,9f9bb01aee1b,flip=0.6510
M4_mrf_mlp-633bfb49f8,sbm,M4_mrf_mlp,tuned_grid,mf,1,0,,2.0,,0,,0.152,0.037698,13.262839,1.692398,0.154,0.038128,13.544348,1.687762,0.843926,0.998707,1.0,1,6,,,,,0.05,0.05053,-0.10776,0.02326,0.5,-1.15018,,,,,,0.0541,,4225688,9f9bb01aee1b,flip=0.7100
OF-026dc980a7,sbm,Oracle_F,oracle,closed_form,1,0,,,,,,0.758,,,,0.748,,,,,,,,,,,,,0.05,0.05053,-0.10776,0.02326,0.5,-1.15018,,,,,,,,4225688,9f9bb01aee1b,"feature-only Bayes rule, known generative parameters"
OG-e01ee11860,sbm,Oracle_G,oracle,mf,1,0,,-1.15018,,,,0.81,0.808939,0.544306,0.269598,0.77,0.770167,0.629264,0.318011,0.033552,0.058365,0.044143,1,26,,,,,0.05,0.05053,-0.10776,0.02326,0.5,-1.15018,,,,,,,,4225688,9f9bb01aee1b,true Gaussian unaries + generator-implied coupling
M0_mlp-93fbdd47e5,sbm,M0_mlp,train,none,5,0,0.0,,,,136,0.47,0.467088,1.990303,0.829337,0.446,0.445446,2.095375,0.823091,0.311209,0.135192,0.132338,,,,,,,0.05,0.05053,-0.10776,0.02326,0.5,-1.15018,0.01,0.0005,64,0.5,0.696,,results/logits/M0_mlp-93fbdd47e5.npz,4225688,9f9bb01aee1b,
M1_gcn-92a0de4d5f,sbm,M1_gcn,train,none,5,0,0.0,,,,85,0.26,0.257485,2.065333,0.896361,0.25,0.245094,2.095177,0.896306,0.200784,0.194167,0.288232,,,,,,,0.05,0.05053,-0.10776,0.02326,0.5,-1.15018,0.005,0.001,64,0.5,3.123,,results/logits/M1_gcn-92a0de4d5f.npz,4225688,9f9bb01aee1b,
LP-5b5a9793dc,sbm,LP,closed_form,label_prop,5,0,,,,,,0.132,0.074034,1.984808,0.869457,0.144,0.067241,1.976124,0.867149,0.056496,0.151219,0.720129,,,,,,,0.05,0.05053,-0.10776,0.02326,0.5,-1.15018,,,,,,,,4225688,9f9bb01aee1b,uses train labels as inference-time evidence
M2_lap-55db7de440,sbm,M2_lap,train,none,5,0,0.001,,,,85,0.26,0.257485,2.065279,0.896347,0.25,0.245094,2.095103,0.896288,0.200723,0.194153,0.288232,,,,,,,0.05,0.05053,-0.10776,0.02326,0.5,-1.15018,0.005,0.001,64,0.5,3.582,,,4225688,9f9bb01aee1b,
M2_lap-afefab7dc0,sbm,M2_lap,train,none,5,0,0.01,,,,85,0.26,0.257485,2.064396,0.89608,0.25,0.245094,2.094225,0.896044,0.200225,0.194032,0.288232,,,,,,,0.05,0.05053,-0.10776,0.02326,0.5,-1.15018,0.005,0.001,64,0.5,3.504,,,4225688,9f9bb01aee1b,
M2_lap-a280c5add8,sbm,M2_lap,train,none,5,0,0.1,,,,85,0.26,0.257503,2.056112,0.893729,0.251,0.246363,2.084595,0.893634,0.19419,0.192847,0.287512,,,,,,,0.05,0.05053,-0.10776,0.02326,0.5,-1.15018,0.005,0.001,64,0.5,3.962,,,4225688,9f9bb01aee1b,
M2_lap-8cac5b6414,sbm,M2_lap,train,none,5,0,0.5,,,,86,0.26,0.257778,2.028983,0.88583,0.249,0.244331,2.053815,0.885539,0.177634,0.18872,0.287243,,,,,,,0.05,0.05053,-0.10776,0.02326,0.5,-1.15018,0.005,0.001,64,0.5,3.698,,,4225688,9f9bb01aee1b,
M2_lap-e3ebf5bb1a,sbm,M2_lap,train,none,5,0,1.0,,,,82,0.256,0.255366,1.97372,0.869825,0.249,0.246678,1.992949,0.870237,0.143697,0.180266,0.282208,,,,,,,0.05,0.05053,-0.10776,0.02326,0.5,-1.15018,0.005,0.001,64,0.5,3.559,,,4225688,9f9bb01aee1b,
M2_lap-8c1f8ab6e7,sbm,M2_lap,train,none,5,0,5.0,,,,40,0.252,0.247248,1.86114,0.832743,0.248,0.246022,1.864831,0.832759,0.057098,0.148646,0.285085,,,,,,,0.05,0.05053,-0.10776,0.02326,0.5,-1.15018,0.005,0.001,64,0.5,2.416,,,4225688,9f9bb01aee1b,
M4_mrf_gcn-b45dac24ec,sbm,M4_mrf_gcn,tuned_grid,mf,5,0,,0.05,,0,,0.254,0.250209,2.086292,0.903173,0.25,0.245151,2.116592,0.903401,0.207425,0.198692,0.296143,1,4,,,,,0.05,0.05053,-0.10776,0.02326,0.5,-1.15018,,,,,,0.0328,,4225688,9f9bb01aee1b,flip=0.0220
M4_mrf_mlp-e34a8db0b8,sbm,M4_mrf_mlp,tuned_grid,mf,5,0,,0.05,,0,,0.464,0.460675,1.999674,0.831822,0.443,0.442606,2.104797,0.825883,0.314085,0.138383,0.137553,1,4,,,,,0.05,0.05053,-0.10776,0.02326,0.5,-1.15018,,,,,,0.0352,,4225688,9f9bb01aee1b,flip=0.0120
M4_mrf_gcn-5dbeab808a,sbm,M4_mrf_gcn,tuned_grid,mf,5,0,,0.1,,0,,0.254,0.249984,2.109396,0.910782,0.247,0.242237,2.140224,0.911288,0.21799,0.203539,0.306752,1,5,,,,,0.05,0.05053,-0.10776,0.02326,0.5,-1.15018,,,,,,0.0497,,4225688,9f9bb01aee1b,flip=0.0300
M4_mrf_mlp-e6e8857d58,sbm,M4_mrf_mlp,tuned_grid,mf,5,0,,0.1,,0,,0.462,0.458062,2.010081,0.834462,0.442,0.441625,2.115427,0.828941,0.315302,0.141659,0.140969,1,5,,,,,0.05,0.05053,-0.10776,0.02326,0.5,-1.15018,,,,,,0.0378,,4225688,9f9bb01aee1b,flip=0.0210
M4_mrf_gcn-f1a3cf8b87,sbm,M4_mrf_gcn,tuned_grid,mf,5,0,,0.25,,0,,0.252,0.247396,2.195018,0.939389,0.24,0.234032,2.227908,0.940749,0.253628,0.220757,0.334802,1,8,,,,,0.05,0.05053,-0.10776,0.02326,0.5,-1.15018,,,,,,0.0498,,4225688,9f9bb01aee1b,flip=0.0810
M4_mrf_mlp-87db142a24,sbm,M4_mrf_mlp,tuned_grid,mf,5,0,,0.25,,0,,0.454,0.449281,2.047954,0.843428,0.433,0.432236,2.155258,0.839901,0.325917,0.152078,0.151578,1,7,,,,,0.05,0.05053,-0.10776,0.02326,0.5,-1.15018,,,,,,0.0494,,4225688,9f9bb01aee1b,flip=0.0420
M4_mrf_gcn-8e94a33c34,sbm,M4_mrf_gcn,tuned_grid,mf,5,0,,0.5,,0,,0.228,0.221638,2.431529,1.016012,0.219,0.209457,2.469198,1.018951,0.346842,0.265897,0.386137,1,26,,,,,0.05,0.05053,-0.10776,0.02326,0.5,-1.15018,,,,,,0.3483,,4225688,9f9bb01aee1b,flip=0.1770
M4_mrf_mlp-9b2eb42e82,sbm,M4_mrf_mlp,tuned_grid,mf,5,0,,0.5,,0,,0.448,0.442099,2.136884,0.863028,0.429,0.428283,2.253634,0.864976,0.336776,0.171811,0.174593,1,11,,,,,0.05,0.05053,-0.10776,0.02326,0.5,-1.15018,,,,,,0.1176,,4225688,9f9bb01aee1b,flip=0.0840
M4_mrf_gcn-415da27b85,sbm,M4_mrf_gcn,tuned_grid,mf,5,0,,1.0,,0,,0.15,0.056097,6.226161,1.602046,0.157,0.061884,6.169959,1.585546,0.779378,0.916831,0.963229,1,102,,,,,0.05,0.05053,-0.10776,0.02326,0.5,-1.15018,,,,,,1.0131,,4225688,9f9bb01aee1b,flip=0.7800
M4_mrf_mlp-066a3bbea0,sbm,M4_mrf_mlp,tuned_grid,mf,5,0,,1.0,,0,,0.406,0.398129,2.467649,0.933906,0.4,0.398315,2.653665,0.952342,0.400955,0.227778,0.24328,1,54,,,,,0.05,0.05053,-0.10776,0.02326,0.5,-1.15018,,,,,,0.5398,,4225688,9f9bb01aee1b,flip=0.2020
M4_mrf_gcn-c7c657d297,sbm,M4_mrf_gcn,tuned_grid,mf,5,0,,2.0,,0,,0.14,0.042633,13.316418,1.712294,0.135,0.035803,13.305028,1.716925,0.858368,0.99465,0.997662,1,49,,,,,0.05,0.05053,-0.10776,0.02326,0.5,-1.15018,,,,,,0.4814,,4225688,9f9bb01aee1b,flip=0.7890
M4_mrf_mlp-a93171d758,sbm,M4_mrf_mlp,tuned_grid,mf,5,0,,2.0,,0,,0.182,0.084335,10.505177,1.599013,0.169,0.073324,11.007829,1.622289,0.807757,0.955491,0.966016,1,35,,,,,0.05,0.05053,-0.10776,0.02326,0.5,-1.15018,,,,,,0.3037,,4225688,9f9bb01aee1b,flip=0.7730
OF-1decf789b5,sbm,Oracle_F,oracle,closed_form,5,0,,,,,,0.744,,,,0.74,,,,,,,,,,,,,0.05,0.05053,-0.10776,0.02326,0.5,-1.15018,,,,,,,,4225688,9f9bb01aee1b,"feature-only Bayes rule, known generative parameters"
OG-383f91f657,sbm,Oracle_G,oracle,mf,5,0,,-1.15018,,,,0.802,0.800399,0.587354,0.289694,0.768,0.767345,0.625153,0.317044,0.04252,0.058365,0.044143,1,26,,,,,0.05,0.05053,-0.10776,0.02326,0.5,-1.15018,,,,,,,,4225688,9f9bb01aee1b,true Gaussian unaries + generator-implied coupling
M0_mlp-be1f296956,sbm,M0_mlp,train,none,20,0,0.0,,,,31,0.624,0.623889,1.059765,0.521975,0.656,0.655237,1.041533,0.490473,0.075812,0.122927,0.114178,,,,,,,0.05,0.05053,-0.10776,0.02326,0.5,-1.15018,0.01,0.0005,64,0.5,0.292,,results/logits/M0_mlp-be1f296956.npz,4225688,9f9bb01aee1b,
M1_gcn-03e77397f2,sbm,M1_gcn,train,none,20,0,0.0,,,,80,0.34,0.340267,1.788505,0.798659,0.332,0.332142,1.769932,0.802729,0.088016,0.181002,0.264587,,,,,,,0.05,0.05053,-0.10776,0.02326,0.5,-1.15018,0.005,0.001,64,0.5,3.199,,results/logits/M1_gcn-03e77397f2.npz,4225688,9f9bb01aee1b,
LP-9572a9284a,sbm,LP,closed_form,label_prop,20,0,,,,,,0.136,0.112613,1.992874,0.875642,0.133,0.116164,1.993413,0.874843,0.09127,0.15682,0.425425,,,,,,,0.05,0.05053,-0.10776,0.02326,0.5,-1.15018,,,,,,,,4225688,9f9bb01aee1b,uses train labels as inference-time evidence
M2_lap-e67f4f1cc4,sbm,M2_lap,train,none,20,0,0.001,,,,80,0.34,0.340267,1.788409,0.798624,0.332,0.332142,1.769903,0.802722,0.087946,0.180985,0.264587,,,,,,,0.05,0.05053,-0.10776,0.02326,0.5,-1.15018,0.005,0.001,64,0.5,3.64,,,4225688,9f9bb01aee1b,
M2_lap-5361ce1233,sbm,M2_lap,train,none,20,0,0.01,,,,78,0.34,0.340319,1.782659,0.797605,0.332,0.332151,1.761621,0.800251,0.086071,0.179682,0.264047,,,,,,,0.05,0.05053,-0.10776,0.02326,0.5,-1.15018,0.005,0.001,64,0.5,3.733,,,4225688,9f9bb01aee1b,
M2_lap-534349a452,sbm,M2_lap,train,none,20,0,0.1,,,,78,0.34,0.340192,1.778653,0.796526,0.331,0.331232,1.759093,0.799354,0.080936,0.178418,0.264137,,,,,,,0.05,0.05053,-0.10776,0.02326,0.5,-1.15018,0.005,0.001,64,0.5,3.54,,,4225688,9f9bb01aee1b,
M2_lap-73493e5f5c,sbm,M2_lap,train,none,20,0,0.5,,,,79,0.342,0.342381,1.766593,0.793365,0.328,0.328308,1.753436,0.797093,0.059969,0.173622,0.265396,,,,,,,0.05,0.05053,-0.10776,0.02326,0.5,-1.15018,0.005,0.001,64,0.5,3.529,,,4225688,9f9bb01aee1b,
M2_lap-85e4bf0ff2,sbm,M2_lap,train,none,20,0,1.0,,,,78,0.334,0.334792,1.758993,0.792624,0.327,0.327348,1.747497,0.794822,0.045178,0.167686,0.265486,,,,,,,0.05,0.05053,-0.10776,0.02326,0.5,-1.15018,0.005,0.001,64,0.5,3.769,,,4225688,9f9bb01aee1b,
M2_lap-7549d7abd4,sbm,M2_lap,train,none,20,0,5.0,,,,47,0.326,0.324725,1.795698,0.809991,0.325,0.325727,1.787627,0.808492,0.103582,0.148429,0.264497,,,,,,,0.05,0.05053,-0.10776,0.02326,0.5,-1.15018,0.005,0.001,64,0.5,2.713,,,4225688,9f9bb01aee1b,
M4_mrf_gcn-4d6d4f609c,sbm,M4_mrf_gcn,tuned_grid,mf,20,0,,0.05,,0,,0.332,0.331831,1.803232,0.804201,0.326,0.326219,1.786169,0.808995,0.101152,0.184521,0.273757,1,4,,,,,0.05,0.05053,-0.10776,0.02326,0.5,-1.15018,,,,,,0.0316,,4225688,9f9bb01aee1b,flip=0.0150
M4_mrf_mlp-2dcd9d2d43,sbm,M4_mrf_mlp,tuned_grid,mf,20,0,,0.05,,0,,0.624,0.624116,1.070043,0.525745,0.649,0.648069,1.051276,0.49448,0.070209,0.126051,0.119392,1,4,,,,,0.05,0.05053,-0.10776,0.02326,0.5,-1.15018,,,,,,0.031,,4225688,9f9bb01aee1b,flip=0.0120
M4_mrf_gcn-318088ca41,sbm,M4_mrf_gcn,tuned_grid,mf,20,0,,0.1,,0,,0.318,0.317683,1.819237,0.810257,0.318,0.318166,1.803742,0.815812,0.106877,0.188276,0.282837,1,5,,,,,0.05,0.05053,-0.10776,0.02326,0.5,-1.15018,,,,,,0.0346,,4225688,9f9bb01aee1b,flip=0.0350
M4_mrf_mlp-0edb391c28,sbm,M4_mrf_mlp,tuned_grid,mf,20,0,,0.1,,0,,0.612,0.612165,1.081035,0.529761,0.641,0.639794,1.061808,0.498816,0.073216,0.129251,0.123348,1,5,,,,,0.05,0.05053,-0.10776,0.02326,0.5,-1.15018,,,,,,0.0363,,4225688,9f9bb01aee1b,flip=0.0220
M4_mrf_gcn-a741df7bca,sbm,M4_mrf_gcn,tuned_grid,mf,20,0,,0.25,,0,,0.29,0.290167,1.877402,0.832437,0.296,0.296239,1.867011,0.840475,0.151709,0.201497,0.310797,1,8,,,,,0.05,0.05053,-0.10776,0.02326,0.5,-1.15018,,,,,,0.0563,,4225688,9f9bb01aee1b,flip=0.0830
M4_mrf_mlp-30ff372cbe,sbm,M4_mrf_mlp,tuned_grid,mf,20,0,,0.25,,0,,0.594,0.594653,1.118845,0.543461,0.623,0.622253,1.098699,0.514043,0.085285,0.139413,0.139171,1,7,,,,,0.05,0.05053,-0.10776,0.02326,0.5,-1.15018,,,,,,0.053,,4225688,9f9bb01aee1b,flip=0.0570
M4_mrf_gcn-dab4886718,sbm,M4_mrf_gcn,tuned_grid,mf,20,0,,0.5,,0,,0.28,0.279652,2.033204,0.89157,0.269,0.269544,2.032561,0.90344,0.239732,0.234499,0.356828,1,21,,,,,0.05,0.05053,-0.10776,0.02326,0.5,-1.15018,,,,,,0.1963,,4225688,9f9bb01aee1b,flip=0.1730
M4_mrf_mlp-ca955c6662,sbm,M4_mrf_mlp,tuned_grid,mf,20,0,,0.5,,0,,0.586,0.586109,1.203367,0.573574,0.604,0.604032,1.183646,0.549195,0.116183,0.159383,0.165243,1,13,,,,,0.05,0.05053,-0.10776,0.02326,0.5,-1.15018,,,,,,0.0882,,4225688,9f9bb01aee1b,flip=0.1030
M4_mrf_gcn-6eabe86260,sbm,M4_mrf_gcn,tuned_grid,mf,20,0,,1.0,,0,,0.138,0.071581,5.795082,1.608142,0.149,0.059904,5.741135,1.573037,0.777359,0.908643,0.965117,1,72,,,,,0.05,0.05053,-0.10776,0.02326,0.5,-1.15018,,,,,,0.6668,,4225688,9f9bb01aee1b,flip=0.8090
M4_mrf_mlp-5afc750850,sbm,M4_mrf_mlp,tuned_grid,mf,20,0,,1.0,,0,,0.316,0.309345,3.488818,1.210884,0.293,0.277792,3.679344,1.235006,0.58933,0.712579,0.764452,1,67,,,,,0.05,0.05053,-0.10776,0.02326,0.5,-1.15018,,,,,,0.6391,,4225688,9f9bb01aee1b,flip=0.6530
M4_mrf_gcn-3e417d8253,sbm,M4_mrf_gcn,tuned_grid,mf,20,0,,2.0,,0,,0.122,0.037422,12.724402,1.740556,0.138,0.034769,12.749905,1.709029,0.854724,0.994421,0.997842,1,27,,,,,0.05,0.05053,-0.10776,0.02326,0.5,-1.15018,,,,,,0.2789,,4225688,9f9bb01aee1b,flip=0.8400
M4_mrf_mlp-5a6d67e10d,sbm,M4_mrf_mlp,tuned_grid,mf,20,0,,2.0,,0,,0.172,0.073413,10.491282,1.629683,0.156,0.060667,11.07704,1.656079,0.829748,0.982296,0.988582,1,18,,,,,0.05,0.05053,-0.10776,0.02326,0.5,-1.15018,,,,,,0.1266,,4225688,9f9bb01aee1b,flip=0.8240
OF-62f1f5b077,sbm,Oracle_F,oracle,closed_form,20,0,,,,,,0.742,,,,0.764,,,,,,,,,,,,,0.05,0.05053,-0.10776,0.02326,0.5,-1.15018,,,,,,,,4225688,9f9bb01aee1b,"feature-only Bayes rule, known generative parameters"
OG-d6f1463dc3,sbm,Oracle_G,oracle,mf,20,0,,-1.15018,,,,0.77,0.768832,0.643667,0.319373,0.782,0.78167,0.626734,0.305742,0.033138,0.058365,0.044143,1,26,,,,,0.05,0.05053,-0.10776,0.02326,0.5,-1.15018,,,,,,,,4225688,9f9bb01aee1b,true Gaussian unaries + generator-implied coupling
M0_mlp-5a8259d7e1,sbm,M0_mlp,train,none,1,1,0.0,,,,26,0.324,0.311996,1.932261,0.859138,0.259,0.255475,2.02803,0.890752,0.192857,0.14408,0.139977,,,,,,,0.05,0.04868,-0.1099,0.02452,0.5,-1.15018,0.01,0.0005,64,0.5,0.31,,results/logits/M0_mlp-5a8259d7e1.npz,4225688,9f9bb01aee1b,
M1_gcn-7599d703a1,sbm,M1_gcn,train,none,1,1,0.0,,,,39,0.192,0.179808,1.93659,0.854308,0.16,0.150757,1.963421,0.861925,0.061493,0.152219,0.318426,,,,,,,0.05,0.04868,-0.1099,0.02452,0.5,-1.15018,0.005,0.001,64,0.5,2.271,,results/logits/M1_gcn-7599d703a1.npz,4225688,9f9bb01aee1b,
LP-fd21844aa8,sbm,LP,closed_form,label_prop,1,1,,,,,,0.168,0.045123,1.958088,0.860793,0.125,0.032204,1.977684,0.867101,0.079636,0.150402,0.970068,,,,,,,0.05,0.04868,-0.1099,0.02452,0.5,-1.15018,,,,,,,,4225688,9f9bb01aee1b,uses train labels as inference-time evidence
M2_lap-be8972de5a,sbm,M2_lap,train,none,1,1,0.001,,,,39,0.192,0.179808,1.93659,0.854308,0.16,0.150757,1.963421,0.861925,0.061491,0.152219,0.318426,,,,,,,0.05,0.04868,-0.1099,0.02452,0.5,-1.15018,0.005,0.001,64,0.5,2.763,,,4225688,9f9bb01aee1b,
M2_lap-c279575736,sbm,M2_lap,train,none,1,1,0.01,,,,39,0.192,0.179808,1.936573,0.854302,0.161,0.151839,1.96337,0.861909,0.061341,0.152208,0.318162,,,,,,,0.05,0.04868,-0.1099,0.02452,0.5,-1.15018,0.005,0.001,64,0.5,2.585,,,4225688,9f9bb01aee1b,
M2_lap-f7204bec57,sbm,M2_lap,train,none,1,1,0.1,,,,17,0.19,0.140657,1.932663,0.853457,0.173,0.130266,1.943853,0.856394,0.036794,0.145454,0.425125,,,,,,,0.05,0.04868,-0.1099,0.02452,0.5,-1.15018,0.005,0.001,64,0.5,1.873,,,4225688,9f9bb01aee1b,
M2_lap-837ea08043,sbm,M2_lap,train,none,1,1,0.5,,,,66,0.196,0.173192,2.077162,0.8916,0.163,0.147781,2.122679,0.905172,0.158636,0.180261,0.375649,,,,,,,0.05,0.04868,-0.1099,0.02452,0.5,-1.15018,0.005,0.001,64,0.5,3.187,,,4225688,9f9bb01aee1b,
M2_lap-fbb46bafea,sbm,M2_lap,train,none,1,1,1.0,,,,39,0.192,0.180215,1.936981,0.854366,0.164,0.155523,1.963134,0.861862,0.056583,0.152057,0.315169,,,,,,,0.05,0.04868,-0.1099,0.02452,0.5,-1.15018,0.005,0.001,64,0.5,2.466,,,4225688,9f9bb01aee1b,
M2_lap-9306bffa07,sbm,M2_lap,train,none,1,1,5.0,,,,17,0.196,0.157745,1.932339,0.853362,0.173,0.137594,1.94323,0.856258,0.033555,0.145102,0.404173,,,,,,,0.05,0.04868,-0.1099,0.02452,0.5,-1.15018,0.005,0.001,64,0.5,2.086,,,4225688,9f9bb01aee1b,
M4_mrf_gcn-632e04f9d4,sbm,M4_mrf_gcn,tuned_grid,mf,1,1,,0.05,,0,,0.184,0.16993,1.940009,0.855196,0.162,0.151326,1.967981,0.863194,0.061989,0.153107,0.329342,1,4,,,,,0.05,0.04868,-0.1099,0.02452,0.5,-1.15018,,,,,,0.0877,,4225688,9f9bb01aee1b,flip=0.0210
M4_mrf_mlp-4964461fc8,sbm,M4_mrf_mlp,tuned_grid,mf,1,1,,0.05,,0,,0.316,0.303357,1.935522,0.859525,0.258,0.253619,2.032916,0.89208,0.193421,0.146231,0.146052,1,4,,,,,0.05,0.04868,-0.1099,0.02452,0.5,-1.15018,,,,,,0.0507,,4225688,9f9bb01aee1b,flip=0.0130
M4_mrf_gcn-047fc6501a,sbm,M4_mrf_gcn,tuned_grid,mf,1,1,,0.1,,0,,0.18,0.167092,1.943899,0.856206,0.164,0.153125,1.973064,0.864614,0.064103,0.15411,0.33929,1,5,,,,,0.05,0.04868,-0.1099,0.02452,0.5,-1.15018,,,,,,0.0329,,4225688,9f9bb01aee1b,flip=0.0360
M4_mrf_mlp-21de1423a3,sbm,M4_mrf_mlp,tuned_grid,mf,1,1,,0.1,,0,,0.32,0.30754,1.939725,0.860202,0.257,0.251923,2.038835,0.893722,0.194757,0.148486,0.15239,1,5,,,,,0.05,0.04868,-0.1099,0.02452,0.5,-1.15018,,,,,,0.034,,4225688,9f9bb01aee1b,flip=0.0280
M4_mrf_gcn-83316955fa,sbm,M4_mrf_gcn,tuned_grid,mf,1,1,,0.25,,0,,0.18,0.16157,1.959618,0.860332,0.161,0.148373,1.992975,0.870284,0.07905,0.158198,0.375913,1,9,,,,,0.05,0.04868,-0.1099,0.02452,0.5,-1.15018,,,,,,0.073,,4225688,9f9bb01aee1b,flip=0.1170
M4_mrf_mlp-ef0b660326,sbm,M4_mrf_mlp,tuned_grid,mf,1,1,,0.25,,0,,0.318,0.303884,1.959176,0.864309,0.252,0.245347,2.064126,0.900886,0.203774,0.156275,0.173871,1,8,,,,,0.05,0.04868,-0.1099,0.02452,0.5,-1.15018,,,,,,0.0564,,4225688,9f9bb01aee1b,flip=0.0640
M4_mrf_gcn-3709fc1e92,sbm,M4_mrf_gcn,tuned_grid,mf,1,1,,0.5,,0,,0.17,0.048509,3.141464,1.316032,0.128,0.034336,3.222189,1.365502,0.631323,0.676393,0.991901,1,27,,,,,0.05,0.04868,-0.1099,0.02452,0.5,-1.15018,,,,,,0.2382,,4225688,9f9bb01aee1b,flip=0.7030
M4_mrf_mlp-8356fdd8c3,sbm,M4_mrf_mlp,tuned_grid,mf,1,1,,0.5,,0,,0.286,0.26758,2.035825,0.884289,0.249,0.234394,2.152327,0.925586,0.228457,0.178885,0.228365,1,25,,,,,0.05,0.04868,-0.1099,0.02452,0.5,-1.15018,,,,,,0.234,,4225688,9f9bb01aee1b,flip=0.1800
M4_mrf_gcn-87d2b1d035,sbm,M4_mrf_gcn,tuned_grid,mf,1,1,,1.0,,0,,0.166,0.040746,6.998981,1.631288,0.128,0.03245,7.116695,1.701781,0.848326,0.977616,0.999648,1,10,,,,,0.05,0.04868,-0.1099,0.02452,0.5,-1.15018,,,,,,0.0853,,4225688,9f9bb01aee1b,flip=0.7120
M4_mrf_mlp-3195fa8751,sbm,M4_mrf_mlp,tuned_grid,mf,1,1,,1.0,,0,,0.136,0.047617,6.690607,1.656571,0.15,0.041094,6.425553,1.619019,0.803098,0.945792,0.989964,1,15,,,,,0.05,0.04868,-0.1099,0.02452,0.5,-1.15018,,,,,,0.1206,,4225688,9f9bb01aee1b,flip=0.7860
M4_mrf_gcn-277f169232,sbm,M4_mrf_gcn,tuned_grid,mf,1,1,,2.0,,0,,0.166,0.040676,13.877954,1.6651,0.128,0.03245,14.163373,1.740299,0.86989,0.998953,0.999912,1,9,,,,,0.05,0.04868,-0.1099,0.02452,0.5,-1.15018,,,,,,0.0851,,4225688,9f9bb01aee1b,flip=0.7120
M4_mrf_mlp-96fb8c960d,sbm,M4_mrf_mlp,tuned_grid,mf,1,1,,2.0,,0,,0.128,0.032479,13.975361,1.735492,0.149,0.037083,13.374657,1.696341,0.847661,0.997421,0.999648,1,10,,,,,0.05,0.04868,-0.1099,0.02452,0.5,-1.15018,,,,,,0.0764,,4225688,9f9bb01aee1b,flip=0.7950
OF-9165e4ac5c,sbm,Oracle_F,oracle,closed_form,1,1,,,,,,0.746,,,,0.741,,,,,,,,,,,,,0.05,0.04868,-0.1099,0.02452,0.5,-1.15018,,,,,,,,4225688,9f9bb01aee1b,"feature-only Bayes rule, known generative parameters"
OG-bc9611c658,sbm,Oracle_G,oracle,mf,1,1,,-1.15018,,,,0.774,0.772372,0.614107,0.305592,0.761,0.760594,0.694709,0.343438,0.048274,0.057875,0.043842,1,32,,,,,0.05,0.04868,-0.1099,0.02452,0.5,-1.15018,,,,,,,,4225688,9f9bb01aee1b,true Gaussian unaries + generator-implied coupling
M0_mlp-6f6b56ceeb,sbm,M0_mlp,train,none,5,1,0.0,,,,29,0.474,0.470873,1.463824,0.6863,0.494,0.492388,1.414307,0.666242,0.082151,0.144507,0.143322,,,,,,,0.05,0.04868,-0.1099,0.02452,0.5,-1.15018,0.01,0.0005,64,0.5,0.258,,results/logits/M0_mlp-6f6b56ceeb.npz,4225688,9f9bb01aee1b,
M1_gcn-28d497a486,sbm,M1_gcn,train,none,5,1,0.0,,,,19,0.238,0.224901,1.910579,0.846929,0.246,0.23493,1.906496,0.845657,0.082203,0.14379,0.298178,,,,,,,0.05,0.04868,-0.1099,0.02452,0.5,-1.15018,0.005,0.001,64,0.5,1.644,,results/logits/M1_gcn-28d497a486.npz,4225688,9f9bb01aee1b,
LP-10df94e911,sbm,LP,closed_form,label_prop,5,1,,,,,,0.14,0.080415,1.968357,0.864814,0.131,0.08503,1.963023,0.863218,0.04741,0.147701,0.586319,,,,,,,0.05,0.04868,-0.1099,0.02452,0.5,-1.15018,,,,,,,,4225688,9f9bb01aee1b,uses train labels as inference-time evidence
M2_lap-7ecbd0f0df,sbm,M2_lap,train,none,5,1,0.001,,,,19,0.238,0.224901,1.91058,0.846929,0.246,0.23493,1.906497,0.845657,0.082204,0.14379,0.298178,,,,,,,0.05,0.04868,-0.1099,0.02452,0.5,-1.15018,0.005,0.001,64,0.5,1.924,,,4225688,9f9bb01aee1b,
M2_lap-4a9fe421fb,sbm,M2_lap,train,none,5,1,0.01,,,,19,0.238,0.224901,1.910584,0.846931,0.247,0.235814,1.906501,0.845658,0.07921,0.14379,0.297737,,,,,,,0.05,0.04868,-0.1099,0.02452,0.5,-1.15018,0.005,0.001,64,0.5,1.889,,,4225688,9f9bb01aee1b,
M2_lap-bbebfe130d,sbm,M2_lap,train,none,5,1,0.1,,,,14,0.236,0.217304,1.92007,0.849664,0.241,0.221913,1.917216,0.848795,0.078631,0.143447,0.334448,,,,,,,0.05,0.04868,-0.1099,0.02452,0.5,-1.15018,0.005,0.001,64,0.5,1.782,,,4225688,9f9bb01aee1b,
M2_lap-2b88f67675,sbm,M2_lap,train,none,5,1,0.5,,,,14,0.236,0.217304,1.920172,0.849696,0.242,0.223609,1.917311,0.848825,0.079738,0.143439,0.334096,,,,,,,0.05,0.04868,-0.1099,0.02452,0.5,-1.15018,0.005,0.001,64,0.5,2.135,,,4225688,9f9bb01aee1b,
M2_lap-308005b987,sbm,M2_lap,train,none,5,1,1.0,,,,18,0.236,0.221223,1.912927,0.847614,0.249,0.237204,1.909184,0.846454,0.083232,0.143671,0.299498,,,,,,,0.05,0.04868,-0.1099,0.02452,0.5,-1.15018,0.005,0.001,64,0.5,1.868,,,4225688,9f9bb01aee1b,
M2_lap-f4a0be592f,sbm,M2_lap,train,none,5,1,5.0,,,,18,0.248,0.236184,1.914563,0.848103,0.249,0.239158,1.910666,0.846918,0.086877,0.143563,0.294744,,,,,,,0.05,0.04868,-0.1099,0.02452,0.5,-1.15018,0.005,0.001,64,0.5,1.92,,,4225688,9f9bb01aee1b,
M4_mrf_gcn-49791e50f2,sbm,M4_mrf_gcn,tuned_grid,mf,5,1,,0.05,,0,,0.232,0.21799,1.911219,0.847111,0.241,0.229504,1.906959,0.845789,0.073082,0.143889,0.311119,1,4,,,,,0.05,0.04868,-0.1099,0.02452,0.5,-1.15018,,,,,,0.046,,4225688,9f9bb01aee1b,flip=0.0230
M4_mrf_mlp-1bf2e11c5a,sbm,M4_mrf_mlp,tuned_grid,mf,5,1,,0.05,,0,,0.468,0.465218,1.477738,0.69134,0.484,0.48269,1.425476,0.671441,0.084462,0.148966,0.151422,1,5,,,,,0.05,0.04868,-0.1099,0.02452,0.5,-1.15018,,,,,,0.047,,4225688,9f9bb01aee1b,flip=0.0130
M4_mrf_gcn-bf599a8e26,sbm,M4_mrf_gcn,tuned_grid,mf,5,1,,0.1,,0,,0.226,0.213,1.911858,0.847291,0.237,0.225297,1.90743,0.845922,0.070419,0.144002,0.320715,1,5,,,,,0.05,0.04868,-0.1099,0.02452,0.5,-1.15018,,,,,,0.0407,,4225688,9f9bb01aee1b,flip=0.0360
M4_mrf_mlp-0cdd795e25,sbm,M4_mrf_mlp,tuned_grid,mf,5,1,,0.1,,0,,0.466,0.462899,1.493777,0.697227,0.48,0.479297,1.438338,0.677441,0.092455,0.153927,0.158289,1,5,,,,,0.05,0.04868,-0.1099,0.02452,0.5,-1.15018,,,,,,0.0293,,4225688,9f9bb01aee1b,flip=0.0260
M4_mrf_gcn-f0a386d9ad,sbm,M4_mrf_gcn,tuned_grid,mf,5,1,,0.25,,0,,0.214,0.195241,1.913938,0.847869,0.224,0.2098,1.909074,0.84638,0.063019,0.144473,0.356369,1,7,,,,,0.05,0.04868,-0.1099,0.02452,0.5,-1.15018,,,,,,0.0472,,4225688,9f9bb01aee1b,flip=0.1090
M4_mrf_mlp-3a8fef467b,sbm,M4_mrf_mlp,tuned_grid,mf,5,1,,0.25,,0,,0.44,0.437812,1.562412,0.723252,0.467,0.465101,1.493494,0.703368,0.111129,0.174479,0.195,1,9,,,,,0.05,0.04868,-0.1099,0.02452,0.5,-1.15018,,,,,,0.0831,,4225688,9f9bb01aee1b,flip=0.0830
M4_mrf_gcn-2c14d467d2,sbm,M4_mrf_gcn,tuned_grid,mf,5,1,,0.5,,0,,0.202,0.162185,1.921413,0.849921,0.204,0.17444,1.917092,0.848704,0.041032,0.147151,0.48411,1,30,,,,,0.05,0.04868,-0.1099,0.02452,0.5,-1.15018,,,,,,0.1997,,4225688,9f9bb01aee1b,flip=0.3050
M4_mrf_mlp-3185c5e11e,sbm,M4_mrf_mlp,tuned_grid,mf,5,1,,0.5,,0,,0.29,0.286964,2.174372,0.983136,0.328,0.32152,2.033949,0.946755,0.347115,0.387185,0.524254,1,38,,,,,0.05,0.04868,-0.1099,0.02452,0.5,-1.15018,,,,,,0.4207,,4225688,9f9bb01aee1b,flip=0.4010
M4_mrf_gcn-5ce936b59a,sbm,M4_mrf_gcn,tuned_grid,mf,5,1,,1.0,,0,,0.138,0.034647,7.012023,1.676505,0.145,0.036182,6.907159,1.667882,0.830925,0.977429,1.0,1,11,,,,,0.05,0.04868,-0.1099,0.02452,0.5,-1.15018,,,,,,0.0776,,4225688,9f9bb01aee1b,flip=0.7620
M4_mrf_mlp-c97563e502,sbm,M4_mrf_mlp,tuned_grid,mf,5,1,,1.0,,0,,0.14,0.055778,6.459807,1.652163,0.158,0.052115,6.087416,1.597226,0.799779,0.953008,0.986354,1,15,,,,,0.05,0.04868,-0.1099,0.02452,0.5,-1.15018,,,,,,0.1241,,4225688,9f9bb01aee1b,flip=0.7360
M4_mrf_gcn-e09e658c7c,sbm,M4_mrf_gcn,tuned_grid,mf,5,1,,2.0,,0,,0.138,0.034647,14.047276,1.718711,0.145,0.036182,13.852309,1.706593,0.853185,0.99899,1.0,1,9,,,,,0.05,0.04868,-0.1099,0.02452,0.5,-1.15018,,,,,,0.0845,,4225688,9f9bb01aee1b,flip=0.7620
M4_mrf_mlp-9e97c130d6,sbm,M4_mrf_mlp,tuned_grid,mf,5,1,,2.0,,0,,0.128,0.032421,13.673587,1.736002,0.152,0.039601,13.024336,1.690763,0.845249,0.997874,0.999736,1,8,,,,,0.05,0.04868,-0.1099,0.02452,0.5,-1.15018,,,,,,0.0599,,4225688,9f9bb01aee1b,flip=0.7480
OF-ef3f34adeb,sbm,Oracle_F,oracle,closed_form,5,1,,,,,,0.744,,,,0.726,,,,,,,,,,,,,0.05,0.04868,-0.1099,0.02452,0.5,-1.15018,,,,,,,,4225688,9f9bb01aee1b,"feature-only Bayes rule, known generative parameters"
OG-dbe2b1603c,sbm,Oracle_G,oracle,mf,5,1,,-1.15018,,,,0.752,0.750818,0.689441,0.331838,0.745,0.744923,0.710447,0.357342,0.0419,0.057875,0.043842,1,32,,,,,0.05,0.04868,-0.1099,0.02452,0.5,-1.15018,,,,,,,,4225688,9f9bb01aee1b,true Gaussian unaries + generator-implied coupling
M0_mlp-831b1d1232,sbm,M0_mlp,train,none,20,1,0.0,,,,30,0.666,0.665103,1.086194,0.494177,0.592,0.593058,1.112793,0.536672,0.095878,0.124274,0.114183,,,,,,,0.05,0.04868,-0.1099,0.02452,0.5,-1.15018,0.01,0.0005,64,0.5,0.29,,results/logits/M0_mlp-831b1d1232.npz,4225688,9f9bb01aee1b,
M1_gcn-62542ed72a,sbm,M1_gcn,train,none,20,1,0.0,,,,87,0.364,0.361328,1.74611,0.791828,0.332,0.331913,1.754616,0.79693,0.096299,0.181779,0.253808,,,,,,,0.05,0.04868,-0.1099,0.02452,0.5,-1.15018,0.005,0.001,64,0.5,3.463,,results/logits/M1_gcn-62542ed72a.npz,4225688,9f9bb01aee1b,
LP-4dd3718bde,sbm,LP,closed_form,label_prop,20,1,,,,,,0.11,0.105325,1.997145,0.876422,0.125,0.119993,1.991956,0.874483,0.095615,0.1559,0.394489,,,,,,,0.05,0.04868,-0.1099,0.02452,0.5,-1.15018,,,,,,,,4225688,9f9bb01aee1b,uses train labels as inference-time evidence
M2_lap-33d582bf7c,sbm,M2_lap,train,none,20,1,0.001,,,,87,0.364,0.361328,1.745994,0.791768,0.331,0.330856,1.754534,0.796906,0.095268,0.181769,0.253896,,,,,,,0.05,0.04868,-0.1099,0.02452,0.5,-1.15018,0.005,0.001,64,0.5,4.142,,,4225688,9f9bb01aee1b,
M2_lap-42140d5bfb,sbm,M2_lap,train,none,20,1,0.01,,,,87,0.364,0.361328,1.745647,0.791727,0.332,0.331913,1.754077,0.796772,0.093583,0.181622,0.254072,,,,,,,0.05,0.04868,-0.1099,0.02452,0.5,-1.15018,0.005,0.001,64,0.5,3.783,,,4225688,9f9bb01aee1b,
M2_lap-a3e40091d2,sbm,M2_lap,train,none,20,1,0.1,,,,17,0.352,0.33607,1.872387,0.835433,0.294,0.284883,1.883928,0.83905,0.125799,0.1436,0.272735,,,,,,,0.05,0.04868,-0.1099,0.02452,0.5,-1.15018,0.005,0.001,64,0.5,1.8,,,4225688,9f9bb01aee1b,
M2_lap-f7ca2573bc,sbm,M2_lap,train,none,20,1,0.5,,,,17,0.358,0.34497,1.87298,0.835614,0.293,0.283912,1.884414,0.839198,0.125101,0.143581,0.272823,,,,,,,0.05,0.04868,-0.1099,0.02452,0.5,-1.15018,0.005,0.001,64,0.5,1.855,,,4225688,9f9bb01aee1b,
M2_lap-ce2e618bab,sbm,M2_lap,train,none,20,1,1.0,,,,17,0.36,0.347887,1.873682,0.835831,0.295,0.285776,1.884982,0.839371,0.127437,0.143562,0.271063,,,,,,,0.05,0.04868,-0.1099,0.02452,0.5,-1.15018,0.005,0.001,64,0.5,1.868,,,4225688,9f9bb01aee1b,
M2_lap-e58439e30b,sbm,M2_lap,train,none,20,1,5.0,,,,15,0.36,0.351097,1.887692,0.840078,0.285,0.278868,1.89666,0.842857,0.129776,0.143309,0.272911,,,,,,,0.05,0.04868,-0.1099,0.02452,0.5,-1.15018,0.005,0.001,64,0.5,2.232,,,4225688,9f9bb01aee1b,
M4_mrf_gcn-c668c0ce51,sbm,M4_mrf_gcn,tuned_grid,mf,20,1,,0.05,,0,,0.35,0.347948,1.76463,0.798941,0.327,0.327156,1.770269,0.802891,0.104127,0.185505,0.2649,1,4,,,,,0.05,0.04868,-0.1099,0.02452,0.5,-1.15018,,,,,,0.027,,4225688,9f9bb01aee1b,flip=0.0160
M4_mrf_mlp-9d522ec607,sbm,M4_mrf_mlp,tuned_grid,mf,20,1,,0.05,,0,,0.654,0.65325,1.097006,0.498578,0.589,0.59004,1.12445,0.541966,0.094128,0.12765,0.121137,1,4,,,,,0.05,0.04868,-0.1099,0.02452,0.5,-1.15018,,,,,,0.0284,,4225688,9f9bb01aee1b,flip=0.0070
M4_mrf_gcn-e1945011a0,sbm,M4_mrf_gcn,tuned_grid,mf,20,1,,0.1,,0,,0.338,0.33634,1.784645,0.806676,0.323,0.323239,1.787244,0.809416,0.115833,0.189458,0.277313,1,5,,,,,0.05,0.04868,-0.1099,0.02452,0.5,-1.15018,,,,,,0.0316,,4225688,9f9bb01aee1b,flip=0.0390
M4_mrf_mlp-0cf6a347a4,sbm,M4_mrf_mlp,tuned_grid,mf,20,1,,0.1,,0,,0.648,0.646471,1.108661,0.503359,0.586,0.586995,1.137027,0.547673,0.087424,0.131149,0.126067,1,5,,,,,0.05,0.04868,-0.1099,0.02452,0.5,-1.15018,,,,,,0.0338,,4225688,9f9bb01aee1b,flip=0.0160
M4_mrf_gcn-896eb94a19,sbm,M4_mrf_gcn,tuned_grid,mf,20,1,,0.25,,0,,0.316,0.312758,1.85645,0.834604,0.316,0.315861,1.848619,0.833367,0.1456,0.203228,0.305044,1,8,,,,,0.05,0.04868,-0.1099,0.02452,0.5,-1.15018,,,,,,0.0501,,4225688,9f9bb01aee1b,flip=0.0950
M4_mrf_mlp-3249e6393f,sbm,M4_mrf_mlp,tuned_grid,mf,20,1,,0.25,,0,,0.63,0.628649,1.149704,0.520366,0.576,0.577008,1.18152,0.56783,0.09735,0.142639,0.139009,1,7,,,,,0.05,0.04868,-0.1099,0.02452,0.5,-1.15018,,,,,,0.0424,,4225688,9f9bb01aee1b,flip=0.0440
M4_mrf_gcn-9e6c5762e6,sbm,M4_mrf_gcn,tuned_grid,mf,20,1,,0.5,,0,,0.284,0.278874,2.041426,0.904368,0.288,0.288114,2.013437,0.897509,0.229217,0.237269,0.351703,1,23,,,,,0.05,0.04868,-0.1099,0.02452,0.5,-1.15018,,,,,,0.1946,,4225688,9f9bb01aee1b,flip=0.1850
M4_mrf_mlp-79c54c9ca0,sbm,M4_mrf_mlp,tuned_grid,mf,20,1,,0.5,,0,,0.604,0.601431,1.251767,0.562724,0.544,0.545929,1.295943,0.619261,0.135288,0.16875,0.171582,1,16,,,,,0.05,0.04868,-0.1099,0.02452,0.5,-1.15018,,,,,,0.2028,,4225688,9f9bb01aee1b,flip=0.1140
M4_mrf_gcn-85977ceb79,sbm,M4_mrf_gcn,tuned_grid,mf,20,1,,1.0,,0,,0.166,0.072099,5.649739,1.540443,0.156,0.072972,5.98174,1.57482,0.772685,0.913171,0.964962,1,61,,,,,0.05,0.04868,-0.1099,0.02452,0.5,-1.15018,,,,,,0.6117,,4225688,9f9bb01aee1b,flip=0.8140
M4_mrf_mlp-4bb575e634,sbm,M4_mrf_mlp,tuned_grid,mf,20,1,,1.0,,0,,0.22,0.165614,4.493267,1.420731,0.202,0.130965,4.911756,1.455333,0.725251,0.862391,0.91751,1,33,,,,,0.05,0.04868,-0.1099,0.02452,0.5,-1.15018,,,,,,0.3039,,4225688,9f9bb01aee1b,flip=0.7340
M4_mrf_gcn-b08595b6f4,sbm,M4_mrf_gcn,tuned_grid,mf,20,1,,2.0,,0,,0.154,0.042294,12.589876,1.678459,0.138,0.036392,13.138275,1.710862,0.856118,0.995107,0.998591,1,27,,,,,0.05,0.04868,-0.1099,0.02452,0.5,-1.15018,,,,,,0.2393,,4225688,9f9bb01aee1b,flip=0.8530
M4_mrf_mlp-b850aa3930,sbm,M4_mrf_mlp,tuned_grid,mf,20,1,,2.0,,0,,0.156,0.046155,11.536425,1.667801,0.157,0.045848,12.116455,1.668115,0.83483,0.992952,0.997095,1,12,,,,,0.05,0.04868,-0.1099,0.02452,0.5,-1.15018,,,,,,0.1216,,4225688,9f9bb01aee1b,flip=0.7940
OF-b3bcd90272,sbm,Oracle_F,oracle,closed_form,20,1,,,,,,0.762,,,,0.716,,,,,,,,,,,,,0.05,0.04868,-0.1099,0.02452,0.5,-1.15018,,,,,,,,4225688,9f9bb01aee1b,"feature-only Bayes rule, known generative parameters"
OG-409379d408,sbm,Oracle_G,oracle,mf,20,1,,-1.15018,,,,0.78,0.779734,0.631175,0.317097,0.747,0.746561,0.71083,0.355183,0.049285,0.057875,0.043842,1,32,,,,,0.05,0.04868,-0.1099,0.02452,0.5,-1.15018,,,,,,,,4225688,9f9bb01aee1b,true Gaussian unaries + generator-implied coupling
M0_mlp-d06e78e2fe,sbm,M0_mlp,train,none,1,2,0.0,,,,12,0.256,0.226566,1.869372,0.831336,0.284,0.263434,1.857035,0.827128,0.04387,0.145468,0.189325,,,,,,,0.05,0.04735,-0.11144,0.02523,0.5,-1.15018,0.01,0.0005,64,0.5,0.202,,results/logits/M0_mlp-d06e78e2fe.npz,4225688,9f9bb01aee1b,
M1_gcn-402f387601,sbm,M1_gcn,train,none,1,2,0.0,,,,6,0.17,0.154668,1.94476,0.856824,0.165,0.143259,1.943608,0.856503,0.031008,0.143197,0.337766,,,,,,,0.05,0.04735,-0.11144,0.02523,0.5,-1.15018,0.005,0.001,64,0.5,1.386,,results/logits/M1_gcn-402f387601.npz,4225688,9f9bb01aee1b,
LP-e4350ffa9e,sbm,LP,closed_form,label_prop,1,2,,,,,,0.138,0.058863,2.046808,0.88324,0.143,0.054584,2.012768,0.876267,0.071379,0.162085,0.809327,,,,,,,0.05,0.04735,-0.11144,0.02523,0.5,-1.15018,,,,,,,,4225688,9f9bb01aee1b,uses train labels as inference-time evidence
M2_lap-f119bbd81d,sbm,M2_lap,train,none,1,2,0.001,,,,6,0.17,0.154668,1.94476,0.856824,0.165,0.143259,1.943608,0.856503,0.031008,0.143197,0.337766,,,,,,,0.05,0.04735,-0.11144,0.02523,0.5,-1.15018,0.005,0.001,64,0.5,1.627,,,4225688,9f9bb01aee1b,
M2_lap-3a08782ddb,sbm,M2_lap,train,none,1,2,0.01,,,,6,0.17,0.154668,1.94476,0.856824,0.165,0.143259,1.943608,0.856503,0.031008,0.143197,0.337766,,,,,,,0.05,0.04735,-0.11144,0.02523,0.5,-1.15018,0.005,0.001,64,0.5,1.729,,,4225688,9f9bb01aee1b,
M2_lap-15b666c242,sbm,M2_lap,train,none,1,2,0.1,,,,6,0.168,0.153097,1.944762,0.856825,0.165,0.143259,1.943608,0.856504,0.030595,0.143197,0.337676,,,,,,,0.05,0.04735,-0.11144,0.02523,0.5,-1.15018,0.005,0.001,64,0.5,1.592,,,4225688,9f9bb01aee1b,
M2_lap-23ae1247f5,sbm,M2_lap,train,none,1,2,0.5,,,,6,0.168,0.15327,1.944771,0.856827,0.163,0.141778,1.94361,0.856504,0.032592,0.143196,0.338755,,,,,,,0.05,0.04735,-0.11144,0.02523,0.5,-1.15018,0.005,0.001,64,0.5,1.727,,,4225688,9f9bb01aee1b,
M2_lap-422641b2cc,sbm,M2_lap,train,none,1,2,1.0,,,,6,0.168,0.153362,1.944777,0.856829,0.161,0.14033,1.943603,0.856502,0.031471,0.143196,0.339743,,,,,,,0.05,0.04735,-0.11144,0.02523,0.5,-1.15018,0.005,0.001,64,0.5,1.649,,,4225688,9f9bb01aee1b,
M2_lap-5a457e4980,sbm,M2_lap,train,none,1,2,5.0,,,,8,0.166,0.14596,1.944796,0.856854,0.158,0.129457,1.943293,0.856436,0.032986,0.143352,0.379818,,,,,,,0.05,0.04735,-0.11144,0.02523,0.5,-1.15018,0.005,0.001,64,0.5,1.66,,,4225688,9f9bb01aee1b,
M4_mrf_gcn-bd29504237,sbm,M4_mrf_gcn,tuned_grid,mf,1,2,,0.05,,0,,0.166,0.151462,1.945032,0.856901,0.164,0.141265,1.943737,0.856543,0.04124,0.143235,0.34756,1,4,,,,,0.05,0.04735,-0.11144,0.02523,0.5,-1.15018,,,,,,0.0448,,4225688,9f9bb01aee1b,flip=0.0250
M4_mrf_mlp-d92bf5aa29,sbm,M4_mrf_mlp,tuned_grid,mf,1,2,,0.05,,0,,0.25,0.218501,1.871616,0.832054,0.283,0.25981,1.860065,0.828086,0.045199,0.146323,0.199748,1,4,,,,,0.05,0.04735,-0.11144,0.02523,0.5,-1.15018,,,,,,0.0343,,4225688,9f9bb01aee1b,flip=0.0220
M4_mrf_gcn-765e2dfdd9,sbm,M4_mrf_gcn,tuned_grid,mf,1,2,,0.1,,0,,0.168,0.151678,1.945339,0.856988,0.162,0.138773,1.94388,0.856587,0.033292,0.143279,0.360859,1,4,,,,,0.05,0.04735,-0.11144,0.02523,0.5,-1.15018,,,,,,0.036,,4225688,9f9bb01aee1b,flip=0.0460
M4_mrf_mlp-a88815f53f,sbm,M4_mrf_mlp,tuned_grid,mf,1,2,,0.1,,0,,0.244,0.21221,1.874213,0.832892,0.277,0.252293,1.863499,0.829184,0.03115,0.147306,0.214215,1,5,,,,,0.05,0.04735,-0.11144,0.02523,0.5,-1.15018,,,,,,0.0457,,4225688,9f9bb01aee1b,flip=0.0450
M4_mrf_gcn-ce2b6277ac,sbm,M4_mrf_gcn,tuned_grid,mf,1,2,,0.25,,0,,0.174,0.153253,1.946604,0.857343,0.153,0.125863,1.94446,0.856765,0.039316,0.143472,0.395543,1,7,,,,,0.05,0.04735,-0.11144,0.02523,0.5,-1.15018,,,,,,0.0597,,4225688,9f9bb01aee1b,flip=0.1090
M4_mrf_mlp-9f10b54a5c,sbm,M4_mrf_mlp,tuned_grid,mf,1,2,,0.25,,0,,0.238,0.201998,1.885882,0.836809,0.263,0.23375,1.878277,0.834134,0.039972,0.151834,0.260311,1,9,,,,,0.05,0.04735,-0.11144,0.02523,0.5,-1.15018,,,,,,0.0669,,4225688,9f9bb01aee1b,flip=0.1200
M4_mrf_gcn-b5e7e272a1,sbm,M4_mrf_gcn,tuned_grid,mf,1,2,,0.5,,0,,0.166,0.135996,1.95194,0.858807,0.15,0.108093,1.947289,0.857596,0.040904,0.14441,0.464822,1,15,,,,,0.05,0.04735,-0.11144,0.02523,0.5,-1.15018,,,,,,0.1457,,4225688,9f9bb01aee1b,flip=0.2280
M4_mrf_mlp-dbc96f7f68,sbm,M4_mrf_mlp,tuned_grid,mf,1,2,,0.5,,0,,0.15,0.041117,2.991909,1.302929,0.148,0.047504,3.043816,1.319921,0.606194,0.6681,0.98778,1,24,,,,,0.05,0.04735,-0.11144,0.02523,0.5,-1.15018,,,,,,0.2641,,4225688,9f9bb01aee1b,flip=0.6720
M4_mrf_gcn-13c45e0527,sbm,M4_mrf_gcn,tuned_grid,mf,1,2,,1.0,,0,,0.138,0.034647,6.651574,1.674903,0.138,0.034647,6.769718,1.678231,0.833698,0.976022,1.0,1,12,,,,,0.05,0.04735,-0.11144,0.02523,0.5,-1.15018,,,,,,0.1145,,4225688,9f9bb01aee1b,flip=0.7500
M4_mrf_mlp-0ebe4bac29,sbm,M4_mrf_mlp,tuned_grid,mf,1,2,,1.0,,0,,0.152,0.037698,6.658348,1.654531,0.143,0.035746,6.804638,1.665407,0.830219,0.976499,0.999461,1,9,,,,,0.05,0.04735,-0.11144,0.02523,0.5,-1.15018,,,,,,0.0696,,4225688,9f9bb01aee1b,flip=0.6900
M4_mrf_gcn-d342952a1e,sbm,M4_mrf_gcn,tuned_grid,mf,1,2,,2.0,,0,,0.138,0.034647,13.345812,1.715661,0.138,0.034647,13.587885,1.719274,0.858273,0.998621,1.0,1,10,,,,,0.05,0.04735,-0.11144,0.02523,0.5,-1.15018,,,,,,0.1491,,4225688,9f9bb01aee1b,flip=0.7500
M4_mrf_mlp-e8d6a46473,sbm,M4_mrf_mlp,tuned_grid,mf,1,2,,2.0,,0,,0.152,0.037698,13.332215,1.692965,0.143,0.035746,13.632172,1.707843,0.853915,0.998687,1.0,1,7,,,,,0.05,0.04735,-0.11144,0.02523,0.5,-1.15018,,,,,,0.0433,,4225688,9f9bb01aee1b,flip=0.6900
OF-da0c9a202f,sbm,Oracle_F,oracle,closed_form,1,2,,,,,,0.714,,,,0.751,,,,,,,,,,,,,0.05,0.04735,-0.11144,0.02523,0.5,-1.15018,,,,,,,,4225688,9f9bb01aee1b,"feature-only Bayes rule, known generative parameters"
OG-f31a622561,sbm,Oracle_G,oracle,mf,1,2,,-1.15018,,,,0.766,0.765663,0.64538,0.327765,0.778,0.777797,0.641049,0.314819,0.038392,0.058295,0.044029,1,35,,,,,0.05,0.04735,-0.11144,0.02523,0.5,-1.15018,,,,,,,,4225688,9f9bb01aee1b,true Gaussian unaries + generator-implied coupling
M0_mlp-53a51e78e1,sbm,M0_mlp,train,none,5,2,0.0,,,,73,0.434,0.429414,2.048586,0.843257,0.433,0.431864,2.225335,0.862314,0.30354,0.140293,0.139815,,,,,,,0.05,0.04735,-0.11144,0.02523,0.5,-1.15018,0.01,0.0005,64,0.5,0.477,,results/logits/M0_mlp-53a51e78e1.npz,4225688,9f9bb01aee1b,
M1_gcn-5f92e12fc6,sbm,M1_gcn,train,none,5,2,0.0,,,,42,0.224,0.214473,1.896492,0.842725,0.201,0.194145,1.921405,0.850075,0.043547,0.152362,0.310001,,,,,,,0.05,0.04735,-0.11144,0.02523,0.5,-1.15018,0.005,0.001,64,0.5,2.292,,results/logits/M1_gcn-5f92e12fc6.npz,4225688,9f9bb01aee1b,
LP-d86172ecf1,sbm,LP,closed_form,label_prop,5,2,,,,,,0.148,0.056966,1.980949,0.868028,0.127,0.046641,1.997958,0.872201,0.070732,0.152924,0.81975,,,,,,,0.05,0.04735,-0.11144,0.02523,0.5,-1.15018,,,,,,,,4225688,9f9bb01aee1b,uses train labels as inference-time evidence
M2_lap-342ba23f5a,sbm,M2_lap,train,none,5,2,0.001,,,,42,0.224,0.214416,1.896488,0.842722,0.201,0.19399,1.921411,0.850072,0.041558,0.152368,0.309821,,,,,,,0.05,0.04735,-0.11144,0.02523,0.5,-1.15018,0.005,0.001,64,0.5,2.975,,,4225688,9f9bb01aee1b,
M2_lap-9331d20e02,sbm,M2_lap,train,none,5,2,0.01,,,,42,0.226,0.216251,1.896484,0.842721,0.201,0.19399,1.921389,0.850068,0.043527,0.152358,0.309821,,,,,,,0.05,0.04735,-0.11144,0.02523,0.5,-1.15018,0.005,0.001,64,0.5,2.634,,,4225688,9f9bb01aee1b,
M2_lap-91d7ff78b4,sbm,M2_lap,train,none,5,2,0.1,,,,42,0.222,0.21278,1.896565,0.842719,0.2,0.193463,1.921334,0.85003,0.040976,0.1523,0.310001,,,,,,,0.05,0.04735,-0.11144,0.02523,0.5,-1.15018,0.005,0.001,64,0.5,2.588,,,4225688,9f9bb01aee1b,
M2_lap-41451d0c38,sbm,M2_lap,train,none,5,2,0.5,,,,41,0.224,0.214234,1.895569,0.842486,0.202,0.19517,1.919934,0.849604,0.043858,0.151455,0.308294,,,,,,,0.05,0.04735,-0.11144,0.02523,0.5,-1.15018,0.005,0.001,64,0.5,2.66,,,4225688,9f9bb01aee1b,
M2_lap-f7db7e0c8e,sbm,M2_lap,train,none,5,2,1.0,,,,39,0.222,0.212872,1.895048,0.842468,0.196,0.187612,1.918207,0.84911,0.037782,0.150165,0.308743,,,,,,,0.05,0.04735,-0.11144,0.02523,0.5,-1.15018,0.005,0.001,64,0.5,2.538,,,4225688,9f9bb01aee1b,
M2_lap-6715eca970,sbm,M2_lap,train,none,5,2,5.0,,,,23,0.214,0.204804,1.913852,0.848141,0.189,0.178097,1.926559,0.85165,0.037138,0.14472,0.333184,,,,,,,0.05,0.04735,-0.11144,0.02523,0.5,-1.15018,0.005,0.001,64,0.5,2.42,,,4225688,9f9bb01aee1b,
M4_mrf_gcn-bac6fff7ed,sbm,M4_mrf_gcn,tuned_grid,mf,5,2,,0.05,,0,,0.224,0.214961,1.899536,0.843664,0.202,0.195157,1.925351,0.851283,0.055118,0.153273,0.320784,1,4,,,,,0.05,0.04735,-0.11144,0.02523,0.5,-1.15018,,,,,,0.0406,,4225688,9f9bb01aee1b,flip=0.0260
M4_mrf_mlp-4adc052785,sbm,M4_mrf_mlp,tuned_grid,mf,5,2,,0.05,,0,,0.424,0.41941,2.060216,0.846788,0.431,0.429982,2.235333,0.864681,0.305559,0.143496,0.143858,1,4,,,,,0.05,0.04735,-0.11144,0.02523,0.5,-1.15018,,,,,,0.0394,,4225688,9f9bb01aee1b,flip=0.0040
M4_mrf_gcn-d54e342ef6,sbm,M4_mrf_gcn,tuned_grid,mf,5,2,,0.1,,0,,0.222,0.213924,1.902947,0.844719,0.2,0.193065,1.929767,0.852648,0.058584,0.154303,0.32932,1,5,,,,,0.05,0.04735,-0.11144,0.02523,0.5,-1.15018,,,,,,0.0302,,4225688,9f9bb01aee1b,flip=0.0470
M4_mrf_mlp-323445310b,sbm,M4_mrf_mlp,tuned_grid,mf,5,2,,0.1,,0,,0.418,0.413277,2.073168,0.850648,0.427,0.425813,2.246601,0.867288,0.309717,0.14679,0.148082,1,5,,,,,0.05,0.04735,-0.11144,0.02523,0.5,-1.15018,,,,,,0.0322,,4225688,9f9bb01aee1b,flip=0.0140
M4_mrf_gcn-d4e1e831c7,sbm,M4_mrf_gcn,tuned_grid,mf,5,2,,0.25,,0,,0.212,0.201554,1.916575,0.849027,0.19,0.180448,1.947224,0.858242,0.074532,0.158508,0.353401,1,9,,,,,0.05,0.04735,-0.11144,0.02523,0.5,-1.15018,,,,,,0.0584,,4225688,9f9bb01aee1b,flip=0.0970
M4_mrf_mlp-2bd8526b66,sbm,M4_mrf_mlp,tuned_grid,mf,5,2,,0.25,,0,,0.4,0.394236,2.120834,0.864372,0.423,0.422232,2.288668,0.876626,0.31537,0.15732,0.16138,1,7,,,,,0.05,0.04735,-0.11144,0.02523,0.5,-1.15018,,,,,,0.1072,,4225688,9f9bb01aee1b,flip=0.0400
M4_mrf_gcn-b305e5d523,sbm,M4_mrf_gcn,tuned_grid,mf,5,2,,0.5,,0,,0.16,0.073945,2.586554,1.148461,0.161,0.085539,2.591502,1.129616,0.429661,0.46402,0.899901,1,126,,,,,0.05,0.04735,-0.11144,0.02523,0.5,-1.15018,,,,,,1.2947,,4225688,9f9bb01aee1b,flip=0.6680
M4_mrf_mlp-cf5014b745,sbm,M4_mrf_mlp,tuned_grid,mf,5,2,,0.5,,0,,0.392,0.385489,2.237238,0.895107,0.411,0.410947,2.392034,0.897818,0.334402,0.177832,0.187348,1,11,,,,,0.05,0.04735,-0.11144,0.02523,0.5,-1.15018,,,,,,0.177,,4225688,9f9bb01aee1b,flip=0.0790
M4_mrf_gcn-18a203414b,sbm,M4_mrf_gcn,tuned_grid,mf,5,2,,1.0,,0,,0.148,0.041306,6.773359,1.651228,0.144,0.035996,6.60622,1.653573,0.82253,0.969208,0.999281,1,14,,,,,0.05,0.04735,-0.11144,0.02523,0.5,-1.15018,,,,,,0.0851,,4225688,9f9bb01aee1b,flip=0.7620
M4_mrf_mlp-104b44a5f6,sbm,M4_mrf_mlp,tuned_grid,mf,5,2,,1.0,,0,,0.362,0.350699,2.861515,1.02877,0.359,0.349853,2.9705,1.024175,0.435147,0.270698,0.294096,1,158,,,,,0.05,0.04735,-0.11144,0.02523,0.5,-1.15018,,,,,,1.7582,,4225688,9f9bb01aee1b,flip=0.2440
M4_mrf_gcn-f806e50bb0,sbm,M4_mrf_gcn,tuned_grid,mf,5,2,,2.0,,0,,0.148,0.036834,13.700366,1.699367,0.144,0.035996,13.358874,1.70512,0.852255,0.998048,0.99982,1,13,,,,,0.05,0.04735,-0.11144,0.02523,0.5,-1.15018,,,,,,0.1205,,4225688,9f9bb01aee1b,flip=0.7620
M4_mrf_mlp-53ca0516d4,sbm,M4_mrf_mlp,tuned_grid,mf,5,2,,2.0,,0,,0.156,0.053824,11.323105,1.647087,0.163,0.071685,11.136345,1.63711,0.815735,0.953833,0.964507,1,29,,,,,0.05,0.04735,-0.11144,0.02523,0.5,-1.15018,,,,,,0.3347,,4225688,9f9bb01aee1b,flip=0.7690
OF-28f1945e1a,sbm,Oracle_F,oracle,closed_form,5,2,,,,,,0.748,,,,0.743,,,,,,,,,,,,,0.05,0.04735,-0.11144,0.02523,0.5,-1.15018,,,,,,,,4225688,9f9bb01aee1b,"feature-only Bayes rule, known generative parameters"
OG-2980911aa7,sbm,Oracle_G,oracle,mf,5,2,,-1.15018,,,,0.782,0.777959,0.625854,0.311786,0.777,0.77657,0.646646,0.318452,0.034949,0.058295,0.044029,1,35,,,,,0.05,0.04735,-0.11144,0.02523,0.5,-1.15018,,,,,,,,4225688,9f9bb01aee1b,true Gaussian unaries + generator-implied coupling
M0_mlp-66f8317662,sbm,M0_mlp,train,none,20,2,0.0,,,,27,0.584,0.582487,1.173773,0.569995,0.604,0.603617,1.133291,0.530138,0.051787,0.129681,0.121125,,,,,,,0.05,0.04735,-0.11144,0.02523,0.5,-1.15018,0.01,0.0005,64,0.5,0.25,,results/logits/M0_mlp-66f8317662.npz,4225688,9f9bb01aee1b,
M1_gcn-808eab3562,sbm,M1_gcn,train,none,20,2,0.0,,,,88,0.31,0.303248,1.843839,0.824504,0.327,0.321748,1.842885,0.809176,0.105987,0.188755,0.270554,,,,,,,0.05,0.04735,-0.11144,0.02523,0.5,-1.15018,0.005,0.001,64,0.5,3.464,,results/logits/M1_gcn-808eab3562.npz,4225688,9f9bb01aee1b,
LP-7be5c3d392,sbm,LP,closed_form,label_prop,20,2,,,,,,0.118,0.106744,2.003636,0.878489,0.123,0.104025,1.99938,0.876901,0.100752,0.156565,0.423848,,,,,,,0.05,0.04735,-0.11144,0.02523,0.5,-1.15018,,,,,,,,4225688,9f9bb01aee1b,uses train labels as inference-time evidence
M2_lap-f0082d2912,sbm,M2_lap,train,none,20,2,0.001,,,,88,0.31,0.303248,1.843788,0.824487,0.327,0.321748,1.842827,0.809165,0.105889,0.188733,0.270465,,,,,,,0.05,0.04735,-0.11144,0.02523,0.5,-1.15018,0.005,0.001,64,0.5,4.399,,,4225688,9f9bb01aee1b,
M2_lap-d93e67bc16,sbm,M2_lap,train,none,20,2,0.01,,,,88,0.31,0.303219,1.843329,0.824299,0.327,0.321744,1.842184,0.809009,0.103191,0.188588,0.270375,,,,,,,0.05,0.04735,-0.11144,0.02523,0.5,-1.15018,0.005,0.001,64,0.5,4.159,,,4225688,9f9bb01aee1b,
M2_lap-bc35f294a7,sbm,M2_lap,train,none,20,2,0.1,,,,88,0.31,0.302922,1.83851,0.822517,0.329,0.3238,1.836144,0.807535,0.10088,0.187023,0.270105,,,,,,,0.05,0.04735,-0.11144,0.02523,0.5,-1.15018,0.005,0.001,64,0.5,4.151,,,4225688,9f9bb01aee1b,
M2_lap-5ce4b64bbd,sbm,M2_lap,train,none,20,2,0.5,,,,88,0.31,0.302914,1.824583,0.816326,0.327,0.322213,1.817261,0.80291,0.074022,0.180793,0.271094,,,,,,,0.05,0.04735,-0.11144,0.02523,0.5,-1.15018,0.005,0.001,64,0.5,4.402,,,4225688,9f9bb01aee1b,
M2_lap-6064d05608,sbm,M2_lap,train,none,20,2,1.0,,,,87,0.302,0.293242,1.814138,0.812361,0.325,0.321284,1.803384,0.800677,0.05397,0.174106,0.273699,,,,,,,0.05,0.04735,-0.11144,0.02523,0.5,-1.15018,0.005,0.001,64,0.5,3.976,,,4225688,9f9bb01aee1b,
M2_lap-037fff0496,sbm,M2_lap,train,none,20,2,5.0,,,,47,0.288,0.279937,1.813604,0.817505,0.31,0.306128,1.806723,0.81342,0.088543,0.150461,0.272801,,,,,,,0.05,0.04735,-0.11144,0.02523,0.5,-1.15018,0.005,0.001,64,0.5,2.876,,,4225688,9f9bb01aee1b,
M4_mrf_gcn-a67272aa71,sbm,M4_mrf_gcn,tuned_grid,mf,20,2,,0.05,,0,,0.302,0.295934,1.862358,0.831215,0.323,0.317505,1.861111,0.815488,0.115025,0.192807,0.280708,1,4,,,,,0.05,0.04735,-0.11144,0.02523,0.5,-1.15018,,,,,,0.0308,,4225688,9f9bb01aee1b,flip=0.0200
M4_mrf_mlp-45566557d5,sbm,M4_mrf_mlp,tuned_grid,mf,20,2,,0.05,,0,,0.578,0.576848,1.183704,0.573641,0.603,0.6029,1.143891,0.534389,0.051469,0.132878,0.125438,1,4,,,,,0.05,0.04735,-0.11144,0.02523,0.5,-1.15018,,,,,,0.0983,,4225688,9f9bb01aee1b,flip=0.0090
M4_mrf_gcn-ac05193395,sbm,M4_mrf_gcn,tuned_grid,mf,20,2,,0.1,,0,,0.294,0.288022,1.882622,0.838581,0.314,0.30847,1.880884,0.822407,0.131967,0.197134,0.292659,1,5,,,,,0.05,0.04735,-0.11144,0.02523,0.5,-1.15018,,,,,,0.0395,,4225688,9f9bb01aee1b,flip=0.0450
M4_mrf_mlp-e09e762626,sbm,M4_mrf_mlp,tuned_grid,mf,20,2,,0.1,,0,,0.576,0.57497,1.194354,0.577598,0.594,0.593948,1.155136,0.538944,0.057465,0.136162,0.1302,1,5,,,,,0.05,0.04735,-0.11144,0.02523,0.5,-1.15018,,,,,,0.0391,,4225688,9f9bb01aee1b,flip=0.0220
M4_mrf_gcn-ddd3466a77,sbm,M4_mrf_gcn,tuned_grid,mf,20,2,,0.25,,0,,0.278,0.272888,1.957149,0.865599,0.295,0.289431,1.952696,0.848025,0.171539,0.212546,0.324737,1,9,,,,,0.05,0.04735,-0.11144,0.02523,0.5,-1.15018,,,,,,0.0703,,4225688,9f9bb01aee1b,flip=0.1100
M4_mrf_mlp-4a2e44607c,sbm,M4_mrf_mlp,tuned_grid,mf,20,2,,0.25,,0,,0.566,0.565354,1.231285,0.591612,0.581,0.580693,1.193401,0.554694,0.068133,0.146715,0.147632,1,7,,,,,0.05,0.04735,-0.11144,0.02523,0.5,-1.15018,,,,,,0.0553,,4225688,9f9bb01aee1b,flip=0.0580
M4_mrf_gcn-990fa1c11f,sbm,M4_mrf_gcn,tuned_grid,mf,20,2,,0.5,,0,,0.254,0.242561,2.186705,0.948354,0.274,0.264147,2.172276,0.928993,0.269752,0.263162,0.393117,1,52,,,,,0.05,0.04735,-0.11144,0.02523,0.5,-1.15018,,,,,,0.552,,4225688,9f9bb01aee1b,flip=0.2330
M4_mrf_mlp-24a10fe972,sbm,M4_mrf_mlp,tuned_grid,mf,20,2,,0.5,,0,,0.536,0.533621,1.317151,0.625202,0.552,0.550902,1.279583,0.590729,0.103199,0.168462,0.182676,1,14,,,,,0.05,0.04735,-0.11144,0.02523,0.5,-1.15018,,,,,,0.1948,,4225688,9f9bb01aee1b,flip=0.1280
M4_mrf_gcn-3de420a9fe,sbm,M4_mrf_gcn,tuned_grid,mf,20,2,,1.0,,0,,0.166,0.063428,6.564769,1.60814,0.147,0.049279,6.561874,1.638725,0.815244,0.951774,0.985084,1,20,,,,,0.05,0.04735,-0.11144,0.02523,0.5,-1.15018,,,,,,0.1497,,4225688,9f9bb01aee1b,flip=0.8020
M4_mrf_mlp-e90038b296,sbm,M4_mrf_mlp,tuned_grid,mf,20,2,,1.0,,0,,0.208,0.141431,4.653183,1.436933,0.207,0.157438,4.643509,1.437578,0.703618,0.845218,0.90691,1,40,,,,,0.05,0.04735,-0.11144,0.02523,0.5,-1.15018,,,,,,0.4711,,4225688,9f9bb01aee1b,flip=0.7590
M4_mrf_gcn-bed3bc3ce1,sbm,M4_mrf_gcn,tuned_grid,mf,20,2,,2.0,,0,,0.156,0.041679,13.404366,1.680613,0.145,0.04141,13.594452,1.703349,0.850755,0.996187,0.998472,1,13,,,,,0.05,0.04735,-0.11144,0.02523,0.5,-1.15018,,,,,,0.1625,,4225688,9f9bb01aee1b,flip=0.8110
M4_mrf_mlp-36d7620891,sbm,M4_mrf_mlp,tuned_grid,mf,20,2,,2.0,,0,,0.158,0.04651,11.838915,1.664811,0.146,0.043549,11.969175,1.692382,0.846847,0.991305,0.995687,1,11,,,,,0.05,0.04735,-0.11144,0.02523,0.5,-1.15018,,,,,,0.1151,,4225688,9f9bb01aee1b,flip=0.8320
OF-11dc133b46,sbm,Oracle_F,oracle,closed_form,20,2,,,,,,0.742,,,,0.753,,,,,,,,,,,,,0.05,0.04735,-0.11144,0.02523,0.5,-1.15018,,,,,,,,4225688,9f9bb01aee1b,"feature-only Bayes rule, known generative parameters"
OG-4dd2e4e2b2,sbm,Oracle_G,oracle,mf,20,2,,-1.15018,,,,0.764,0.764304,0.629452,0.32506,0.787,0.787076,0.608844,0.298868,0.049825,0.058295,0.044029,1,35,,,,,0.05,0.04735,-0.11144,0.02523,0.5,-1.15018,,,,,,,,4225688,9f9bb01aee1b,true Gaussian unaries + generator-implied coupling
M0_mlp-10784c2a27,sbm,M0_mlp,train,none,1,3,0.0,,,,84,0.352,0.348027,2.052725,0.881246,0.344,0.34169,1.978904,0.86817,0.246905,0.153287,0.155213,,,,,,,0.05,0.05051,-0.10784,0.02317,0.5,-1.15018,0.01,0.0005,64,0.5,0.752,,results/logits/M0_mlp-10784c2a27.npz,4225688,9f9bb01aee1b,
M1_gcn-9597c42617,sbm,M1_gcn,train,none,1,3,0.0,,,,31,0.222,0.190974,1.913688,0.847472,0.233,0.211119,1.890757,0.840991,0.053677,0.150515,0.484927,,,,,,,0.05,0.05051,-0.10784,0.02317,0.5,-1.15018,0.005,0.001,64,0.5,2.202,,results/logits/M1_gcn-9597c42617.npz,4225688,9f9bb01aee1b,
LP-1df68627db,sbm,LP,closed_form,label_prop,1,3,,,,,,0.144,0.040036,1.988192,0.869543,0.139,0.036964,1.989784,0.869885,0.089947,0.155761,0.965728,,,,,,,0.05,0.05051,-0.10784,0.02317,0.5,-1.15018,,,,,,,,4225688,9f9bb01aee1b,uses train labels as inference-time evidence
M2_lap-5aa7d2c88e,sbm,M2_lap,train,none,1,3,0.001,,,,31,0.222,0.190974,1.913687,0.847471,0.233,0.211119,1.890756,0.840991,0.053678,0.150514,0.484927,,,,,,,0.05,0.05051,-0.10784,0.02317,0.5,-1.15018,0.005,0.001,64,0.5,2.426,,,4225688,9f9bb01aee1b,
M2_lap-90db7f2ef6,sbm,M2_lap,train,none,1,3,0.01,,,,31,0.222,0.190974,1.913684,0.84747,0.233,0.211119,1.890754,0.840989,0.053052,0.15051,0.484927,,,,,,,0.05,0.05051,-0.10784,0.02317,0.5,-1.15018,0.005,0.001,64,0.5,2.452,,,4225688,9f9bb01aee1b,
M2_lap-8f3adad807,sbm,M2_lap,train,none,1,3,0.1,,,,31,0.222,0.190974,1.913674,0.847464,0.232,0.2106,1.89074,0.840979,0.052037,0.150478,0.483312,,,,,,,0.05,0.05051,-0.10784,0.02317,0.5,-1.15018,0.005,0.001,64,0.5,2.466,,,4225688,9f9bb01aee1b,
M2_lap-62bed9094e,sbm,M2_lap,train,none,1,3,0.5,,,,30,0.22,0.186559,1.913998,0.847629,0.227,0.202946,1.89228,0.84146,0.04077,0.150009,0.500179,,,,,,,0.05,0.05051,-0.10784,0.02317,0.5,-1.15018,0.005,0.001,64,0.5,2.678,,,4225688,9f9bb01aee1b,
M2_lap-da2ae96350,sbm,M2_lap,train,none,1,3,1.0,,,,30,0.22,0.187726,1.913987,0.847612,0.227,0.204702,1.892327,0.84145,0.043287,0.149835,0.49354,,,,,,,0.05,0.05051,-0.10784,0.02317,0.5,-1.15018,0.005,0.001,64,0.5,2.464,,,4225688,9f9bb01aee1b,
M2_lap-ba58638669,sbm,M2_lap,train,none,1,3,5.0,,,,50,0.216,0.199352,1.93605,0.851614,0.249,0.234094,1.896994,0.840507,0.02627,0.15822,0.338148,,,,,,,0.05,0.05051,-0.10784,0.02317,0.5,-1.15018,0.005,0.001,64,0.5,2.891,,,4225688,9f9bb01aee1b,
M4_mrf_gcn-a74e42ee33,sbm,M4_mrf_gcn,tuned_grid,mf,1,3,,0.05,,0,,0.222,0.187435,1.916773,0.848525,0.222,0.197118,1.893735,0.842015,0.03851,0.151595,0.514534,1,5,,,,,0.05,0.05051,-0.10784,0.02317,0.5,-1.15018,,,,,,0.0542,,4225688,9f9bb01aee1b,flip=0.0330
M4_mrf_mlp-e5dbc5d117,sbm,M4_mrf_mlp,tuned_grid,mf,1,3,,0.05,,0,,0.348,0.344594,2.068512,0.885498,0.337,0.33454,1.990228,0.871577,0.254592,0.157441,0.16248,1,4,,,,,0.05,0.05051,-0.10784,0.02317,0.5,-1.15018,,,,,,0.0347,,4225688,9f9bb01aee1b,flip=0.0160
M4_mrf_gcn-65a1e87a03,sbm,M4_mrf_gcn,tuned_grid,mf,1,3,,0.1,,0,,0.212,0.174814,1.920501,0.849839,0.222,0.19332,1.897344,0.843299,0.040825,0.152975,0.545667,1,6,,,,,0.05,0.05051,-0.10784,0.02317,0.5,-1.15018,,,,,,0.0468,,4225688,9f9bb01aee1b,flip=0.0590
M4_mrf_mlp-4f1630dbde,sbm,M4_mrf_mlp,tuned_grid,mf,1,3,,0.1,,0,,0.34,0.336424,2.086454,0.890367,0.334,0.331321,2.003532,0.875572,0.258662,0.161886,0.169478,1,5,,,,,0.05,0.05051,-0.10784,0.02317,0.5,-1.15018,,,,,,0.0379,,4225688,9f9bb01aee1b,flip=0.0260
M4_mrf_gcn-8e9f81093d,sbm,M4_mrf_gcn,tuned_grid,mf,1,3,,0.25,,0,,0.186,0.138147,1.941032,0.857938,0.201,0.156955,1.917523,0.851396,0.071408,0.161823,0.667773,1,11,,,,,0.05,0.05051,-0.10784,0.02317,0.5,-1.15018,,,,,,0.0744,,4225688,9f9bb01aee1b,flip=0.1770
M4_mrf_mlp-eeaf5908ee,sbm,M4_mrf_mlp,tuned_grid,mf,1,3,,0.25,,0,,0.328,0.322729,2.156793,0.909567,0.325,0.320703,2.05874,0.892132,0.273809,0.177829,0.195765,1,8,,,,,0.05,0.05051,-0.10784,0.02317,0.5,-1.15018,,,,,,0.0756,,4225688,9f9bb01aee1b,flip=0.0700
M4_mrf_gcn-ab4eafaf5b,sbm,M4_mrf_gcn,tuned_grid,mf,1,3,,0.5,,0,,0.146,0.03985,3.355558,1.394978,0.139,0.034898,3.32804,1.397392,0.665927,0.744348,0.998564,1,16,,,,,0.05,0.05051,-0.10784,0.02317,0.5,-1.15018,,,,,,0.1409,,4225688,9f9bb01aee1b,flip=0.4500
M4_mrf_mlp-2e2bfaa8d6,sbm,M4_mrf_mlp,tuned_grid,mf,1,3,,0.5,,0,,0.298,0.281733,2.389536,0.971654,0.305,0.298277,2.262511,0.953866,0.321744,0.2301,0.275345,1,25,,,,,0.05,0.05051,-0.10784,0.02317,0.5,-1.15018,,,,,,0.2358,,4225688,9f9bb01aee1b,flip=0.1960
M4_mrf_gcn-6ea7470d23,sbm,M4_mrf_gcn,tuned_grid,mf,1,3,,1.0,,0,,0.146,0.0364,7.053625,1.669594,0.14,0.035088,7.015964,1.674044,0.83381,0.979326,1.0,1,9,,,,,0.05,0.05051,-0.10784,0.02317,0.5,-1.15018,,,,,,0.0612,,4225688,9f9bb01aee1b,flip=0.4520
M4_mrf_mlp-68d1207327,sbm,M4_mrf_mlp,tuned_grid,mf,1,3,,1.0,,0,,0.16,0.0677,6.306559,1.581396,0.144,0.059995,6.240754,1.605492,0.793998,0.918238,0.966535,1,19,,,,,0.05,0.05051,-0.10784,0.02317,0.5,-1.15018,,,,,,0.2358,,4225688,9f9bb01aee1b,flip=0.7210
M4_mrf_gcn-28c035adcb,sbm,M4_mrf_gcn,tuned_grid,mf,1,3,,2.0,,0,,0.146,0.0364,13.858833,1.702272,0.14,0.035088,13.84395,1.714445,0.856411,0.998523,1.0,1,6,,,,,0.05,0.05051,-0.10784,0.02317,0.5,-1.15018,,,,,,0.0411,,4225688,9f9bb01aee1b,flip=0.4520
M4_mrf_mlp-870e00ae75,sbm,M4_mrf_mlp,tuned_grid,mf,1,3,,2.0,,0,,0.144,0.03609,13.257865,1.697842,0.132,0.035296,13.239609,1.719869,0.859245,0.994703,0.997398,1,12,,,,,0.05,0.05051,-0.10784,0.02317,0.5,-1.15018,,,,,,0.0833,,4225688,9f9bb01aee1b,flip=0.7510
OF-8a4d1d89c0,sbm,Oracle_F,oracle,closed_form,1,3,,,,,,0.722,,,,0.722,,,,,,,,,,,,,0.05,0.05051,-0.10784,0.02317,0.5,-1.15018,,,,,,,,4225688,9f9bb01aee1b,"feature-only Bayes rule, known generative parameters"
OG-0366fc2db2,sbm,Oracle_G,oracle,mf,1,3,,-1.15018,,,,0.76,0.759311,0.709556,0.339092,0.747,0.746566,0.710024,0.349912,0.047278,0.058739,0.043065,1,31,,,,,0.05,0.05051,-0.10784,0.02317,0.5,-1.15018,,,,,,,,4225688,9f9bb01aee1b,true Gaussian unaries + generator-implied coupling
M0_mlp-f4d05b76af,sbm,M0_mlp,train,none,5,3,0.0,,,,29,0.508,0.506132,1.453826,0.665572,0.473,0.475875,1.436483,0.673349,0.100896,0.136047,0.130092,,,,,,,0.05,0.05051,-0.10784,0.02317,0.5,-1.15018,0.01,0.0005,64,0.5,0.311,,results/logits/M0_mlp-f4d05b76af.npz,4225688,9f9bb01aee1b,
M1_gcn-6fdaf075c3,sbm,M1_gcn,train,none,5,3,0.0,,,,23,0.288,0.27803,1.876112,0.835973,0.247,0.228161,1.879452,0.837653,0.06984,0.145283,0.303517,,,,,,,0.05,0.05051,-0.10784,0.02317,0.5,-1.15018,0.005,0.001,64,0.5,1.88,,results/logits/M1_gcn-6fdaf075c3.npz,4225688,9f9bb01aee1b,
LP-9a963a88fd,sbm,LP,closed_form,label_prop,5,3,,,,,,0.146,0.057661,1.962123,0.86335,0.119,0.050472,1.968431,0.865141,0.070188,0.148146,0.808631,,,,,,,0.05,0.05051,-0.10784,0.02317,0.5,-1.15018,,,,,,,,4225688,9f9bb01aee1b,uses train labels as inference-time evidence
M2_lap-5c6c56ad6a,sbm,M2_lap,train,none,5,3,0.001,,,,23,0.288,0.27803,1.876112,0.835973,0.247,0.228161,1.879453,0.837653,0.069841,0.145282,0.303517,,,,,,,0.05,0.05051,-0.10784,0.02317,0.5,-1.15018,0.005,0.001,64,0.5,2.472,,,4225688,9f9bb01aee1b,
M2_lap-c5c054f96e,sbm,M2_lap,train,none,5,3,0.01,,,,23,0.288,0.27803,1.876119,0.835976,0.247,0.228161,1.879466,0.837658,0.06985,0.145281,0.303517,,,,,,,0.05,0.05051,-0.10784,0.02317,0.5,-1.15018,0.005,0.001,64,0.5,2.094,,,4225688,9f9bb01aee1b,
M2_lap-3eb31a54b5,sbm,M2_lap,train,none,5,3,0.1,,,,23,0.29,0.279868,1.876167,0.835994,0.247,0.228191,1.879572,0.837691,0.072422,0.145274,0.303607,,,,,,,0.05,0.05051,-0.10784,0.02317,0.5,-1.15018,0.005,0.001,64,0.5,2.043,,,4225688,9f9bb01aee1b,
M2_lap-ca4dfd7ec7,sbm,M2_lap,train,none,5,3,0.5,,,,23,0.288,0.278344,1.876401,0.836087,0.247,0.228956,1.87994,0.837809,0.07178,0.145225,0.303607,,,,,,,0.05,0.05051,-0.10784,0.02317,0.5,-1.15018,0.005,0.001,64,0.5,2.153,,,4225688,9f9bb01aee1b,
M2_lap-c86b981d18,sbm,M2_lap,train,none,5,3,1.0,,,,25,0.288,0.279797,1.870242,0.834113,0.255,0.237505,1.874593,0.836221,0.075052,0.145715,0.300197,,,,,,,0.05,0.05051,-0.10784,0.02317,0.5,-1.15018,0.005,0.001,64,0.5,2.164,,,4225688,9f9bb01aee1b,
M2_lap-da9de4a9d2,sbm,M2_lap,train,none,5,3,5.0,,,,42,0.294,0.289787,1.830555,0.821461,0.246,0.241026,1.851837,0.830169,0.047583,0.150266,0.290239,,,,,,,0.05,0.05051,-0.10784,0.02317,0.5,-1.15018,0.005,0.001,64,0.5,3.027,,,4225688,9f9bb01aee1b,
M4_mrf_gcn-dadd431c9b,sbm,M4_mrf_gcn,tuned_grid,mf,5,3,,0.05,,0,,0.28,0.27037,1.876391,0.836039,0.246,0.227353,1.880255,0.837911,0.064763,0.145527,0.310784,1,4,,,,,0.05,0.05051,-0.10784,0.02317,0.5,-1.15018,,,,,,0.0292,,4225688,9f9bb01aee1b,flip=0.0200
M4_mrf_mlp-4229d9ee64,sbm,M4_mrf_mlp,tuned_grid,mf,5,3,,0.05,,0,,0.504,0.501872,1.46154,0.668406,0.472,0.475065,1.445691,0.677185,0.101907,0.139042,0.135385,1,4,,,,,0.05,0.05051,-0.10784,0.02317,0.5,-1.15018,,,,,,0.033,,4225688,9f9bb01aee1b,flip=0.0160
M4_mrf_gcn-364703cfe7,sbm,M4_mrf_gcn,tuned_grid,mf,5,3,,0.1,,0,,0.274,0.264117,1.87668,0.836104,0.241,0.222118,1.881101,0.838183,0.060536,0.145803,0.320025,1,5,,,,,0.05,0.05051,-0.10784,0.02317,0.5,-1.15018,,,,,,0.0457,,4225688,9f9bb01aee1b,flip=0.0330
M4_mrf_mlp-d9b7b9e21f,sbm,M4_mrf_mlp,tuned_grid,mf,5,3,,0.1,,0,,0.498,0.494758,1.469996,0.671511,0.469,0.471755,1.455874,0.681449,0.111391,0.14216,0.140409,1,5,,,,,0.05,0.05051,-0.10784,0.02317,0.5,-1.15018,,,,,,0.0457,,4225688,9f9bb01aee1b,flip=0.0270
M4_mrf_gcn-b33566888f,sbm,M4_mrf_gcn,tuned_grid,mf,5,3,,0.25,,0,,0.28,0.267498,1.877864,0.836369,0.23,0.208502,1.884248,0.839184,0.043225,0.146911,0.34712,1,7,,,,,0.05,0.05051,-0.10784,0.02317,0.5,-1.15018,,,,,,0.0586,,4225688,9f9bb01aee1b,flip=0.0910
M4_mrf_mlp-a165a60545,sbm,M4_mrf_mlp,tuned_grid,mf,5,3,,0.25,,0,,0.484,0.480298,1.500902,0.682942,0.449,0.451253,1.493823,0.697423,0.124809,0.152645,0.158353,1,8,,,,,0.05,0.05051,-0.10784,0.02317,0.5,-1.15018,,,,,,0.0689,,4225688,9f9bb01aee1b,flip=0.0690
M4_mrf_gcn-57a0306624,sbm,M4_mrf_gcn,tuned_grid,mf,5,3,,0.5,,0,,0.248,0.231325,1.886476,0.838743,0.206,0.180886,1.897443,0.843383,0.0329,0.151594,0.416113,1,27,,,,,0.05,0.05051,-0.10784,0.02317,0.5,-1.15018,,,,,,0.2746,,4225688,9f9bb01aee1b,flip=0.2180
M4_mrf_mlp-ecd41982b4,sbm,M4_mrf_mlp,tuned_grid,mf,5,3,,0.5,,0,,0.442,0.440108,1.589514,0.717911,0.424,0.426144,1.607368,0.745194,0.172204,0.180587,0.210479,1,19,,,,,0.05,0.05051,-0.10784,0.02317,0.5,-1.15018,,,,,,0.2186,,4225688,9f9bb01aee1b,flip=0.1530
M4_mrf_gcn-8d720b453a,sbm,M4_mrf_gcn,tuned_grid,mf,5,3,,1.0,,0,,0.128,0.032421,6.830513,1.699822,0.148,0.036834,6.624047,1.65179,0.821028,0.97477,0.99991,1,13,,,,,0.05,0.05051,-0.10784,0.02317,0.5,-1.15018,,,,,,0.0819,,4225688,9f9bb01aee1b,flip=0.7910
M4_mrf_mlp-215bb3446b,sbm,M4_mrf_mlp,tuned_grid,mf,5,3,,1.0,,0,,0.17,0.106161,5.433772,1.557817,0.182,0.096612,5.314159,1.518355,0.745455,0.893918,0.946618,1,23,,,,,0.05,0.05051,-0.10784,0.02317,0.5,-1.15018,,,,,,0.219,,4225688,9f9bb01aee1b,flip=0.7570
M4_mrf_gcn-c5efb2aee7,sbm,M4_mrf_gcn,tuned_grid,mf,5,3,,2.0,,0,,0.128,0.032421,13.756578,1.740716,0.148,0.036834,13.352321,1.69643,0.847192,0.998251,1.0,1,14,,,,,0.05,0.05051,-0.10784,0.02317,0.5,-1.15018,,,,,,0.1689,,4225688,9f9bb01aee1b,flip=0.7910
M4_mrf_mlp-49e763d0f1,sbm,M4_mrf_mlp,tuned_grid,mf,5,3,,2.0,,0,,0.136,0.041804,12.464558,1.714064,0.153,0.037979,12.233709,1.675624,0.838824,0.99394,0.997667,1,15,,,,,0.05,0.05051,-0.10784,0.02317,0.5,-1.15018,,,,,,0.1482,,4225688,9f9bb01aee1b,flip=0.8030
OF-fcc54f41de,sbm,Oracle_F,oracle,closed_form,5,3,,,,,,0.702,,,,0.719,,,,,,,,,,,,,0.05,0.05051,-0.10784,0.02317,0.5,-1.15018,,,,,,,,4225688,9f9bb01aee1b,"feature-only Bayes rule, known generative parameters"
OG-f87d79a031,sbm,Oracle_G,oracle,mf,5,3,,-1.15018,,,,0.73,0.727254,0.755388,0.370795,0.744,0.743162,0.699979,0.347925,0.044276,0.058739,0.043065,1,31,,,,,0.05,0.05051,-0.10784,0.02317,0.5,-1.15018,,,,,,,,4225688,9f9bb01aee1b,true Gaussian unaries + generator-implied coupling
M0_mlp-6664ea51f2,sbm,M0_mlp,train,none,20,3,0.0,,,,67,0.604,0.603052,1.447101,0.607956,0.573,0.573376,1.50165,0.619729,0.205592,0.12163,0.118159,,,,,,,0.05,0.05051,-0.10784,0.02317,0.5,-1.15018,0.01,0.0005,64,0.5,0.424,,results/logits/M0_mlp-6664ea51f2.npz,4225688,9f9bb01aee1b,
M1_gcn-5e0fc80e85,sbm,M1_gcn,train,none,20,3,0.0,,,,54,0.346,0.344664,1.769761,0.796602,0.345,0.343957,1.72508,0.78916,0.063031,0.159807,0.259465,,,,,,,0.05,0.05051,-0.10784,0.02317,0.5,-1.15018,0.005,0.001,64,0.5,2.661,,results/logits/M1_gcn-5e0fc80e85.npz,4225688,9f9bb01aee1b,
LP-d46083a6f4,sbm,LP,closed_form,label_prop,20,3,,,,,,0.144,0.129901,1.985501,0.872655,0.124,0.112916,2.019929,0.876642,0.09798,0.156767,0.41396,,,,,,,0.05,0.05051,-0.10784,0.02317,0.5,-1.15018,,,,,,,,4225688,9f9bb01aee1b,uses train labels as inference-time evidence
M2_lap-cafc0b22c0,sbm,M2_lap,train,none,20,3,0.001,,,,54,0.344,0.342759,1.769767,0.796606,0.345,0.343957,1.725069,0.789156,0.063037,0.159804,0.259645,,,,,,,0.05,0.05051,-0.10784,0.02317,0.5,-1.15018,0.005,0.001,64,0.5,2.971,,,4225688,9f9bb01aee1b,
M2_lap-573a880706,sbm,M2_lap,train,none,20,3,0.01,,,,54,0.346,0.344664,1.769736,0.79661,0.345,0.343947,1.725161,0.789185,0.063135,0.15977,0.258837,,,,,,,0.05,0.05051,-0.10784,0.02317,0.5,-1.15018,0.005,0.001,64,0.5,3.459,,,4225688,9f9bb01aee1b,
M2_lap-2dad51a9d9,sbm,M2_lap,train,none,20,3,0.1,,,,54,0.344,0.342214,1.770202,0.796829,0.346,0.345021,1.726093,0.789483,0.067971,0.159449,0.259196,,,,,,,0.05,0.05051,-0.10784,0.02317,0.5,-1.15018,0.005,0.001,64,0.5,3.12,,,4225688,9f9bb01aee1b,
M2_lap-ca670dd529,sbm,M2_lap,train,none,20,3,0.5,,,,54,0.34,0.33822,1.773219,0.798224,0.345,0.344059,1.730658,0.790942,0.065003,0.158046,0.257581,,,,,,,0.05,0.05051,-0.10784,0.02317,0.5,-1.15018,0.005,0.001,64,0.5,2.901,,,4225688,9f9bb01aee1b,
M2_lap-60d3564d92,sbm,M2_lap,train,none,20,3,1.0,,,,50,0.34,0.338232,1.780325,0.801582,0.348,0.345989,1.741964,0.794458,0.083952,0.154494,0.261349,,,,,,,0.05,0.05051,-0.10784,0.02317,0.5,-1.15018,0.005,0.001,64,0.5,2.879,,,4225688,9f9bb01aee1b,
M2_lap-73da42c330,sbm,M2_lap,train,none,20,3,5.0,,,,20,0.338,0.334319,1.878161,0.836905,0.324,0.319878,1.866785,0.833846,0.150722,0.143823,0.260901,,,,,,,0.05,0.05051,-0.10784,0.02317,0.5,-1.15018,0.005,0.001,64,0.5,2.098,,,4225688,9f9bb01aee1b,
M4_mrf_gcn-9f31726e57,sbm,M4_mrf_gcn,tuned_grid,mf,20,3,,0.05,,0,,0.336,0.334762,1.777317,0.799093,0.334,0.333218,1.730842,0.791331,0.049174,0.161403,0.271398,1,4,,,,,0.05,0.05051,-0.10784,0.02317,0.5,-1.15018,,,,,,0.0231,,4225688,9f9bb01aee1b,flip=0.0300
M4_mrf_mlp-7d7e349b86,sbm,M4_mrf_mlp,tuned_grid,mf,20,3,,0.05,,0,,0.602,0.600801,1.458455,0.611685,0.572,0.572376,1.512213,0.623097,0.205898,0.124526,0.120671,1,4,,,,,0.05,0.05051,-0.10784,0.02317,0.5,-1.15018,,,,,,0.0239,,4225688,9f9bb01aee1b,flip=0.0040
M4_mrf_gcn-38af8660c9,sbm,M4_mrf_gcn,tuned_grid,mf,20,3,,0.1,,0,,0.324,0.323115,1.785329,0.80176,0.332,0.331091,1.737008,0.793679,0.053684,0.163132,0.283779,1,5,,,,,0.05,0.05051,-0.10784,0.02317,0.5,-1.15018,,,,,,0.0358,,4225688,9f9bb01aee1b,flip=0.0450
M4_mrf_mlp-28b20c5049,sbm,M4_mrf_mlp,tuned_grid,mf,20,3,,0.1,,0,,0.602,0.600402,1.470656,0.615709,0.565,0.565422,1.523683,0.626774,0.212337,0.127511,0.124619,1,5,,,,,0.05,0.05051,-0.10784,0.02317,0.5,-1.15018,,,,,,0.0848,,4225688,9f9bb01aee1b,flip=0.0140
M4_mrf_gcn-29809c1907,sbm,M4_mrf_gcn,tuned_grid,mf,20,3,,0.25,,0,,0.318,0.317127,1.813591,0.811492,0.309,0.307553,1.759346,0.802428,0.037801,0.16955,0.311322,1,8,,,,,0.05,0.05051,-0.10784,0.02317,0.5,-1.15018,,,,,,0.046,,4225688,9f9bb01aee1b,flip=0.1100
M4_mrf_mlp-3b46608cf5,sbm,M4_mrf_mlp,tuned_grid,mf,20,3,,0.25,,0,,0.592,0.59061,1.512861,0.629661,0.561,0.561217,1.564147,0.639786,0.215972,0.137042,0.137269,1,6,,,,,0.05,0.05051,-0.10784,0.02317,0.5,-1.15018,,,,,,0.0399,,4225688,9f9bb01aee1b,flip=0.0380
M4_mrf_gcn-fa798d8119,sbm,M4_mrf_gcn,tuned_grid,mf,20,3,,0.5,,0,,0.3,0.298063,1.908768,0.851052,0.29,0.28231,1.83648,0.835531,0.114585,0.194456,0.376458,1,47,,,,,0.05,0.05051,-0.10784,0.02317,0.5,-1.15018,,,,,,0.5115,,4225688,9f9bb01aee1b,flip=0.2280
M4_mrf_mlp-029585f2df,sbm,M4_mrf_mlp,tuned_grid,mf,20,3,,0.5,,0,,0.58,0.580214,1.605492,0.659531,0.549,0.548993,1.656296,0.667959,0.231352,0.155145,0.156738,1,11,,,,,0.05,0.05051,-0.10784,0.02317,0.5,-1.15018,,,,,,0.1051,,4225688,9f9bb01aee1b,flip=0.0820
M4_mrf_gcn-b070248e30,sbm,M4_mrf_gcn,tuned_grid,mf,20,3,,1.0,,0,,0.16,0.04285,6.521274,1.622842,0.144,0.039727,6.305458,1.634428,0.814626,0.962001,0.996232,1,18,,,,,0.05,0.05051,-0.10784,0.02317,0.5,-1.15018,,,,,,0.1202,,4225688,9f9bb01aee1b,flip=0.8140
M4_mrf_mlp-cc71926466,sbm,M4_mrf_mlp,tuned_grid,mf,20,3,,1.0,,0,,0.528,0.525842,1.925139,0.752608,0.511,0.511512,2.003408,0.764248,0.293027,0.207673,0.212004,1,52,,,,,0.05,0.05051,-0.10784,0.02317,0.5,-1.15018,,,,,,0.6244,,4225688,9f9bb01aee1b,flip=0.1780
M4_mrf_gcn-0e35bb5ebc,sbm,M4_mrf_gcn,tuned_grid,mf,20,3,,2.0,,0,,0.16,0.039409,13.466099,1.674396,0.142,0.035558,13.148568,1.705623,0.852745,0.997197,0.999372,1,11,,,,,0.05,0.05051,-0.10784,0.02317,0.5,-1.15018,,,,,,0.0643,,4225688,9f9bb01aee1b,flip=0.8180
M4_mrf_mlp-01d9765081,sbm,M4_mrf_mlp,tuned_grid,mf,20,3,,2.0,,0,,0.176,0.088031,10.049106,1.603218,0.175,0.087519,10.172282,1.600293,0.801164,0.948234,0.960255,1,39,,,,,0.05,0.05051,-0.10784,0.02317,0.5,-1.15018,,,,,,0.3482,,4225688,9f9bb01aee1b,flip=0.7860
OF-7da19501a5,sbm,Oracle_F,oracle,closed_form,20,3,,,,,,0.734,,,,0.719,,,,,,,,,,,,,0.05,0.05051,-0.10784,0.02317,0.5,-1.15018,,,,,,,,4225688,9f9bb01aee1b,"feature-only Bayes rule, known generative parameters"
OG-e18e59067f,sbm,Oracle_G,oracle,mf,20,3,,-1.15018,,,,0.776,0.774555,0.60136,0.309771,0.738,0.737733,0.738823,0.364713,0.057108,0.058739,0.043065,1,31,,,,,0.05,0.05051,-0.10784,0.02317,0.5,-1.15018,,,,,,,,4225688,9f9bb01aee1b,true Gaussian unaries + generator-implied coupling
M0_mlp-72aff0937c,sbm,M0_mlp,train,none,1,4,0.0,,,,134,0.364,0.351671,1.992352,0.859019,0.363,0.353529,2.039961,0.870547,0.24947,0.142469,0.140729,,,,,,,0.05,0.04929,-0.10923,0.02398,0.5,-1.15018,0.01,0.0005,64,0.5,0.675,,results/logits/M0_mlp-72aff0937c.npz,4225688,9f9bb01aee1b,
M1_gcn-85fc6a8a37,sbm,M1_gcn,train,none,1,4,0.0,,,,115,0.248,0.206187,2.165775,0.92835,0.178,0.145277,2.398422,0.99738,0.294946,0.236973,0.410182,,,,,,,0.05,0.04929,-0.10923,0.02398,0.5,-1.15018,0.005,0.001,64,0.5,4.208,,results/logits/M1_gcn-85fc6a8a37.npz,4225688,9f9bb01aee1b,
LP-7bbcf640e4,sbm,LP,closed_form,label_prop,1,4,,,,,,0.154,0.038596,1.979903,0.865996,0.141,0.039724,2.001977,0.872266,0.066361,0.156062,0.965246,,,,,,,0.05,0.04929,-0.10923,0.02398,0.5,-1.15018,,,,,,,,4225688,9f9bb01aee1b,uses train labels as inference-time evidence
M2_lap-5a2feaf1a2,sbm,M2_lap,train,none,1,4,0.001,,,,115,0.248,0.206187,2.165472,0.928252,0.178,0.145277,2.398,0.997253,0.294794,0.236899,0.410182,,,,,,,0.05,0.04929,-0.10923,0.02398,0.5,-1.15018,0.005,0.001,64,0.5,4.967,,,4225688,9f9bb01aee1b,
M2_lap-1bd365b10a,sbm,M2_lap,train,none,1,4,0.01,,,,115,0.248,0.206309,2.163163,0.92757,0.178,0.145301,2.394612,0.996261,0.293579,0.236414,0.410543,,,,,,,0.05,0.04929,-0.10923,0.02398,0.5,-1.15018,0.005,0.001,64,0.5,4.71,,,4225688,9f9bb01aee1b,
M2_lap-c9c858da18,sbm,M2_lap,train,none,1,4,0.1,,,,114,0.244,0.205488,2.144608,0.922095,0.183,0.152038,2.364812,0.987306,0.277129,0.232658,0.417043,,,,,,,0.05,0.04929,-0.10923,0.02398,0.5,-1.15018,0.005,0.001,64,0.5,4.678,,,4225688,9f9bb01aee1b,
M2_lap-51b713c586,sbm,M2_lap,train,none,1,4,0.5,,,,78,0.232,0.192301,2.042496,0.885881,0.186,0.154999,2.209043,0.937131,0.211194,0.207644,0.419119,,,,,,,0.05,0.04929,-0.10923,0.02398,0.5,-1.15018,0.005,0.001,64,0.5,4.026,,,4225688,9f9bb01aee1b,
M2_lap-5b57eb0ea8,sbm,M2_lap,train,none,1,4,1.0,,,,40,0.228,0.184222,1.906378,0.843531,0.195,0.163817,1.975209,0.864111,0.064081,0.162454,0.436541,,,,,,,0.05,0.04929,-0.10923,0.02398,0.5,-1.15018,0.005,0.001,64,0.5,3.073,,,4225688,9f9bb01aee1b,
M2_lap-b66c1b655c,sbm,M2_lap,train,none,1,4,5.0,,,,88,0.236,0.155551,2.137107,0.894723,0.166,0.109619,2.254784,0.927471,0.167806,0.215926,0.541885,,,,,,,0.05,0.04929,-0.10923,0.02398,0.5,-1.15018,0.005,0.001,64,0.5,5.525,,,4225688,9f9bb01aee1b,
M4_mrf_gcn-1e1e26318d,sbm,M4_mrf_gcn,tuned_grid,mf,1,4,,0.05,,0,,0.24,0.197033,2.200222,0.940539,0.176,0.142729,2.440743,1.010961,0.309991,0.248435,0.43627,1,5,,,,,0.05,0.04929,-0.10923,0.02398,0.5,-1.15018,,,,,,0.1688,,4225688,9f9bb01aee1b,flip=0.0200
M4_mrf_mlp-88a872b9f5,sbm,M4_mrf_mlp,tuned_grid,mf,1,4,,0.05,,0,,0.358,0.344537,1.998632,0.860331,0.361,0.35188,2.045976,0.872371,0.2512,0.145763,0.145423,1,4,,,,,0.05,0.04929,-0.10923,0.02398,0.5,-1.15018,,,,,,0.0301,,4225688,9f9bb01aee1b,flip=0.0140
M4_mrf_gcn-1aeb74276b,sbm,M4_mrf_gcn,tuned_grid,mf,1,4,,0.1,,0,,0.232,0.185646,2.241724,0.955436,0.172,0.136676,2.490754,1.027055,0.329421,0.262085,0.461816,1,6,,,,,0.05,0.04929,-0.10923,0.02398,0.5,-1.15018,,,,,,0.0473,,4225688,9f9bb01aee1b,flip=0.0500
M4_mrf_mlp-3e51a032c8,sbm,M4_mrf_mlp,tuned_grid,mf,1,4,,0.1,,0,,0.352,0.338807,2.006218,0.861991,0.358,0.349326,2.053468,0.874599,0.254307,0.149208,0.152013,1,5,,,,,0.05,0.04929,-0.10923,0.02398,0.5,-1.15018,,,,,,0.0417,,4225688,9f9bb01aee1b,flip=0.0260
M4_mrf_gcn-fc6d66a373,sbm,M4_mrf_gcn,tuned_grid,mf,1,4,,0.25,,0,,0.21,0.147157,2.438023,1.02545,0.162,0.113949,2.714588,1.098254,0.4052,0.325178,0.539177,1,12,,,,,0.05,0.04929,-0.10923,0.02398,0.5,-1.15018,,,,,,0.2241,,4225688,9f9bb01aee1b,flip=0.1370
M4_mrf_mlp-f97c6639c0,sbm,M4_mrf_mlp,tuned_grid,mf,1,4,,0.25,,0,,0.352,0.337005,2.038187,0.869388,0.345,0.335214,2.086239,0.884158,0.269825,0.160876,0.170699,1,8,,,,,0.05,0.04929,-0.10923,0.02398,0.5,-1.15018,,,,,,0.0502,,4225688,9f9bb01aee1b,flip=0.0660
M4_mrf_gcn-a610ea9709,sbm,M4_mrf_gcn,tuned_grid,mf,1,4,,0.5,,0,,0.204,0.113535,3.50255,1.302789,0.153,0.07685,3.833455,1.381331,0.632561,0.635356,0.801679,1,39,,,,,0.05,0.04929,-0.10923,0.02398,0.5,-1.15018,,,,,,0.5245,,4225688,9f9bb01aee1b,flip=0.4060
M4_mrf_mlp-3a7154b891,sbm,M4_mrf_mlp,tuned_grid,mf,1,4,,0.5,,0,,0.35,0.327798,2.145712,0.895857,0.33,0.316155,2.198652,0.916122,0.300382,0.191977,0.217909,1,19,,,,,0.05,0.04929,-0.10923,0.02398,0.5,-1.15018,,,,,,0.237,,4225688,9f9bb01aee1b,flip=0.1420
M4_mrf_gcn-d65fd0d78b,sbm,M4_mrf_gcn,tuned_grid,mf,1,4,,1.0,,0,,0.164,0.052608,7.12154,1.608854,0.146,0.040771,7.593252,1.654645,0.82115,0.962333,0.988084,1,23,,,,,0.05,0.04929,-0.10923,0.02398,0.5,-1.15018,,,,,,0.2558,,4225688,9f9bb01aee1b,flip=0.5800
M4_mrf_mlp-14be4f1956,sbm,M4_mrf_mlp,tuned_grid,mf,1,4,,1.0,,0,,0.188,0.094618,5.704869,1.49458,0.178,0.087495,5.819615,1.526393,0.753109,0.895483,0.950442,1,28,,,,,0.05,0.04929,-0.10923,0.02398,0.5,-1.15018,,,,,,0.4399,,4225688,9f9bb01aee1b,flip=0.7490
M4_mrf_gcn-64769cebe0,sbm,M4_mrf_gcn,tuned_grid,mf,1,4,,2.0,,0,,0.158,0.038983,13.694689,1.674732,0.146,0.036495,14.47975,1.699212,0.848713,0.99699,0.999097,1,13,,,,,0.05,0.04929,-0.10923,0.02398,0.5,-1.15018,,,,,,0.1411,,4225688,9f9bb01aee1b,flip=0.5940
M4_mrf_mlp-4e9e31f67f,sbm,M4_mrf_mlp,tuned_grid,mf,1,4,,2.0,,0,,0.164,0.049165,12.488614,1.656871,0.16,0.045405,12.696734,1.663992,0.83081,0.992972,0.997292,1,11,,,,,0.05,0.04929,-0.10923,0.02398,0.5,-1.15018,,,,,,0.0991,,4225688,9f9bb01aee1b,flip=0.8010
OF-d4eed52f8c,sbm,Oracle_F,oracle,closed_form,1,4,,,,,,0.738,,,,0.723,,,,,,,,,,,,,0.05,0.04929,-0.10923,0.02398,0.5,-1.15018,,,,,,,,4225688,9f9bb01aee1b,"feature-only Bayes rule, known generative parameters"
OG-5d1df4cb5a,sbm,Oracle_G,oracle,mf,1,4,,-1.15018,,,,0.754,0.752586,0.670066,0.33951,0.764,0.763528,0.663501,0.328794,0.038944,0.058938,0.043239,1,45,,,,,0.05,0.04929,-0.10923,0.02398,0.5,-1.15018,,,,,,,,4225688,9f9bb01aee1b,true Gaussian unaries + generator-implied coupling
M0_mlp-9fb141eec7,sbm,M0_mlp,train,none,5,4,0.0,,,,38,0.452,0.455648,1.701747,0.741834,0.445,0.446206,1.69486,0.761987,0.203603,0.143402,0.146416,,,,,,,0.05,0.04929,-0.10923,0.02398,0.5,-1.15018,0.01,0.0005,64,0.5,0.41,,results/logits/M0_mlp-9fb141eec7.npz,4225688,9f9bb01aee1b,
M1_gcn-83dd9bf2a9,sbm,M1_gcn,train,none,5,4,0.0,,,,11,0.22,0.206129,1.916786,0.848913,0.225,0.217404,1.914606,0.848215,0.067175,0.143534,0.311789,,,,,,,0.05,0.04929,-0.10923,0.02398,0.5,-1.15018,0.005,0.001,64,0.5,2.673,,results/logits/M1_gcn-83dd9bf2a9.npz,4225688,9f9bb01aee1b,
LP-96058f9dc7,sbm,LP,closed_form,label_prop,5,4,,,,,,0.144,0.091108,1.965823,0.864029,0.125,0.077008,1.97273,0.86589,0.061969,0.149003,0.570771,,,,,,,0.05,0.04929,-0.10923,0.02398,0.5,-1.15018,,,,,,,,4225688,9f9bb01aee1b,uses train labels as inference-time evidence
M2_lap-0982fe16a9,sbm,M2_lap,train,none,5,4,0.001,,,,11,0.22,0.206129,1.916787,0.848913,0.225,0.217404,1.914606,0.848215,0.067175,0.143534,0.311789,,,,,,,0.05,0.04929,-0.10923,0.02398,0.5,-1.15018,0.005,0.001,64,0.5,2.82,,,4225688,9f9bb01aee1b,
M2_lap-94ae0a9fa9,sbm,M2_lap,train,none,5,4,0.01,,,,11,0.22,0.206129,1.916788,0.848913,0.225,0.217448,1.914608,0.848215,0.067177,0.143534,0.311879,,,,,,,0.05,0.04929,-0.10923,0.02398,0.5,-1.15018,0.005,0.001,64,0.5,2.646,,,4225688,9f9bb01aee1b,
M2_lap-2b30f6fc5f,sbm,M2_lap,train,none,5,4,0.1,,,,11,0.218,0.204232,1.916794,0.848915,0.225,0.217393,1.914612,0.848216,0.067172,0.143535,0.31206,,,,,,,0.05,0.04929,-0.10923,0.02398,0.5,-1.15018,0.005,0.001,64,0.5,2.76,,,4225688,9f9bb01aee1b,
M2_lap-fde9d33ce7,sbm,M2_lap,train,none,5,4,0.5,,,,11,0.22,0.205803,1.91683,0.848923,0.225,0.21738,1.914657,0.848228,0.069934,0.14353,0.311789,,,,,,,0.05,0.04929,-0.10923,0.02398,0.5,-1.15018,0.005,0.001,64,0.5,2.988,,,4225688,9f9bb01aee1b,
M2_lap-c463280fb5,sbm,M2_lap,train,none,5,4,1.0,,,,10,0.22,0.205978,1.919318,0.849641,0.224,0.217643,1.917358,0.849002,0.066717,0.143465,0.311609,,,,,,,0.05,0.04929,-0.10923,0.02398,0.5,-1.15018,0.005,0.001,64,0.5,2.561,,,4225688,9f9bb01aee1b,
M2_lap-a1e980e976,sbm,M2_lap,train,none,5,4,5.0,,,,12,0.22,0.199656,1.915244,0.848444,0.227,0.215528,1.913047,0.847755,0.064908,0.143554,0.318018,,,,,,,0.05,0.04929,-0.10923,0.02398,0.5,-1.15018,0.005,0.001,64,0.5,2.7,,,4225688,9f9bb01aee1b,
M4_mrf_gcn-ff67bf133e,sbm,M4_mrf_gcn,tuned_grid,mf,5,4,,0.05,,0,,0.22,0.204528,1.916949,0.848973,0.224,0.216357,1.914801,0.848278,0.067088,0.143606,0.320184,1,4,,,,,0.05,0.04929,-0.10923,0.02398,0.5,-1.15018,,,,,,0.1412,,4225688,9f9bb01aee1b,flip=0.0230
M4_mrf_mlp-39c5ca1801,sbm,M4_mrf_mlp,tuned_grid,mf,5,4,,0.05,,0,,0.444,0.44811,1.710156,0.744532,0.444,0.44527,1.705445,0.765846,0.204841,0.146972,0.150478,1,4,,,,,0.05,0.04929,-0.10923,0.02398,0.5,-1.15018,,,,,,0.0262,,4225688,9f9bb01aee1b,flip=0.0090
M4_mrf_gcn-391a8f021a,sbm,M4_mrf_gcn,tuned_grid,mf,5,4,,0.1,,0,,0.216,0.201191,1.917102,0.849033,0.228,0.218411,1.914998,0.848343,0.070573,0.143688,0.328579,1,5,,,,,0.05,0.04929,-0.10923,0.02398,0.5,-1.15018,,,,,,0.045,,4225688,9f9bb01aee1b,flip=0.0450
M4_mrf_mlp-964cb50d53,sbm,M4_mrf_mlp,tuned_grid,mf,5,4,,0.1,,0,,0.438,0.441633,1.71975,0.747607,0.439,0.440024,1.717336,0.770086,0.210375,0.150706,0.157971,1,5,,,,,0.05,0.04929,-0.10923,0.02398,0.5,-1.15018,,,,,,0.0715,,4225688,9f9bb01aee1b,flip=0.0250
M4_mrf_gcn-b52c2b5302,sbm,M4_mrf_gcn,tuned_grid,mf,5,4,,0.25,,0,,0.198,0.174622,1.917602,0.849233,0.214,0.203692,1.915729,0.848579,0.051675,0.144032,0.361166,1,7,,,,,0.05,0.04929,-0.10923,0.02398,0.5,-1.15018,,,,,,0.088,,4225688,9f9bb01aee1b,flip=0.1100
M4_mrf_mlp-3468253419,sbm,M4_mrf_mlp,tuned_grid,mf,5,4,,0.25,,0,,0.428,0.430538,1.756919,0.759596,0.438,0.43924,1.762399,0.785565,0.215572,0.16327,0.175934,1,7,,,,,0.05,0.04929,-0.10923,0.02398,0.5,-1.15018,,,,,,0.083,,4225688,9f9bb01aee1b,flip=0.0620
M4_mrf_gcn-04e00eb80a,sbm,M4_mrf_gcn,tuned_grid,mf,5,4,,0.5,,0,,0.192,0.157381,1.920358,0.85019,0.195,0.174216,1.919552,0.849721,0.040005,0.1456,0.4295,1,18,,,,,0.05,0.04929,-0.10923,0.02398,0.5,-1.15018,,,,,,0.1636,,4225688,9f9bb01aee1b,flip=0.2620
M4_mrf_mlp-15c77eafe5,sbm,M4_mrf_mlp,tuned_grid,mf,5,4,,0.5,,0,,0.412,0.41505,1.863936,0.795724,0.415,0.414736,1.887837,0.826286,0.255478,0.193335,0.212945,1,16,,,,,0.05,0.04929,-0.10923,0.02398,0.5,-1.15018,,,,,,0.1536,,4225688,9f9bb01aee1b,flip=0.1310
M4_mrf_gcn-62618a6491,sbm,M4_mrf_gcn,tuned_grid,mf,5,4,,1.0,,0,,0.15,0.037267,6.680024,1.660616,0.146,0.0364,6.630849,1.656055,0.824705,0.974946,1.0,1,12,,,,,0.05,0.04929,-0.10923,0.02398,0.5,-1.15018,,,,,,0.1834,,4225688,9f9bb01aee1b,flip=0.7140
M4_mrf_mlp-1c865f79dd,sbm,M4_mrf_mlp,tuned_grid,mf,5,4,,1.0,,0,,0.2,0.125887,5.133357,1.467437,0.187,0.114832,5.28485,1.488534,0.735983,0.856782,0.909821,1,35,,,,,0.05,0.04929,-0.10923,0.02398,0.5,-1.15018,,,,,,0.4686,,4225688,9f9bb01aee1b,flip=0.7290
M4_mrf_gcn-32be5e753a,sbm,M4_mrf_gcn,tuned_grid,mf,5,4,,2.0,,0,,0.15,0.037267,13.385777,1.695704,0.146,0.0364,13.336819,1.70312,0.851393,0.998632,1.0,1,7,,,,,0.05,0.04929,-0.10923,0.02398,0.5,-1.15018,,,,,,0.1669,,4225688,9f9bb01aee1b,flip=0.7140
M4_mrf_mlp-a98be72d57,sbm,M4_mrf_mlp,tuned_grid,mf,5,4,,2.0,,0,,0.158,0.046178,12.03202,1.667969,0.148,0.040437,12.316666,1.689448,0.846385,0.993124,0.997111,1,21,,,,,0.05,0.04929,-0.10923,0.02398,0.5,-1.15018,,,,,,0.2582,,4225688,9f9bb01aee1b,flip=0.7910
OF-8917f8b6b4,sbm,Oracle_F,oracle,closed_form,5,4,,,,,,0.72,,,,0.733,,,,,,,,,,,,,0.05,0.04929,-0.10923,0.02398,0.5,-1.15018,,,,,,,,4225688,9f9bb01aee1b,"feature-only Bayes rule, known generative parameters"
OG-b2340cdfe0,sbm,Oracle_G,oracle,mf,5,4,,-1.15018,,,,0.762,0.760754,0.705992,0.352121,0.775,0.77404,0.654026,0.323053,0.029735,0.058938,0.043239,1,45,,,,,0.05,0.04929,-0.10923,0.02398,0.5,-1.15018,,,,,,,,4225688,9f9bb01aee1b,true Gaussian unaries + generator-implied coupling
M0_mlp-e2c86f565e,sbm,M0_mlp,train,none,20,4,0.0,,,,28,0.646,0.64654,1.02194,0.493937,0.628,0.627619,1.042977,0.502708,0.070407,0.126339,0.117801,,,,,,,0.05,0.04929,-0.10923,0.02398,0.5,-1.15018,0.01,0.0005,64,0.5,0.419,,results/logits/M0_mlp-e2c86f565e.npz,4225688,9f9bb01aee1b,
M1_gcn-b5a34c0c25,sbm,M1_gcn,train,none,20,4,0.0,,,,70,0.31,0.31091,1.873024,0.832436,0.302,0.299102,1.776033,0.807143,0.083213,0.177615,0.270897,,,,,,,0.05,0.04929,-0.10923,0.02398,0.5,-1.15018,0.005,0.001,64,0.5,5.293,,results/logits/M1_gcn-b5a34c0c25.npz,4225688,9f9bb01aee1b,
LP-f510327176,sbm,LP,closed_form,label_prop,20,4,,,,,,0.128,0.118003,2.007629,0.879013,0.117,0.109658,1.993055,0.875672,0.091564,0.157257,0.416411,,,,,,,0.05,0.04929,-0.10923,0.02398,0.5,-1.15018,,,,,,,,4225688,9f9bb01aee1b,uses train labels as inference-time evidence
M2_lap-0d0e9fd4cd,sbm,M2_lap,train,none,20,4,0.001,,,,70,0.31,0.31091,1.872876,0.832383,0.302,0.299102,1.775945,0.807113,0.083121,0.177592,0.270897,,,,,,,0.05,0.04929,-0.10923,0.02398,0.5,-1.15018,0.005,0.001,64,0.5,5.21,,,4225688,9f9bb01aee1b,
M2_lap-8b5b74ff3f,sbm,M2_lap,train,none,20,4,0.01,,,,70,0.31,0.310971,1.872667,0.832358,0.301,0.298149,1.775741,0.807048,0.083699,0.177521,0.270988,,,,,,,0.05,0.04929,-0.10923,0.02398,0.5,-1.15018,0.005,0.001,64,0.5,5.24,,,4225688,9f9bb01aee1b,
M2_lap-a3615c104b,sbm,M2_lap,train,none,20,4,0.1,,,,96,0.308,0.307001,1.966771,0.858323,0.303,0.298526,1.846264,0.830553,0.146189,0.190246,0.266655,,,,,,,0.05,0.04929,-0.10923,0.02398,0.5,-1.15018,0.005,0.001,64,0.5,6.596,,,4225688,9f9bb01aee1b,
M2_lap-5a993479c5,sbm,M2_lap,train,none,20,4,0.5,,,,67,0.306,0.30804,1.846689,0.824357,0.302,0.300214,1.761538,0.802032,0.06926,0.170284,0.269363,,,,,,,0.05,0.04929,-0.10923,0.02398,0.5,-1.15018,0.005,0.001,64,0.5,4.828,,,4225688,9f9bb01aee1b,
M2_lap-678c94557c,sbm,M2_lap,train,none,20,4,1.0,,,,83,0.306,0.307637,1.865653,0.830161,0.293,0.290475,1.774586,0.806127,0.066104,0.171187,0.269995,,,,,,,0.05,0.04929,-0.10923,0.02398,0.5,-1.15018,0.005,0.001,64,0.5,5.867,,,4225688,9f9bb01aee1b,
M2_lap-eca96fed5e,sbm,M2_lap,train,none,20,4,5.0,,,,38,0.304,0.304408,1.849042,0.827723,0.293,0.288655,1.81514,0.818102,0.088032,0.147991,0.276223,,,,,,,0.05,0.04929,-0.10923,0.02398,0.5,-1.15018,0.005,0.001,64,0.5,3.697,,,4225688,9f9bb01aee1b,
M4_mrf_gcn-e239f72fe3,sbm,M4_mrf_gcn,tuned_grid,mf,20,4,,0.05,,0,,0.3,0.300699,1.889546,0.837958,0.3,0.296817,1.789571,0.812356,0.105632,0.180734,0.28191,1,4,,,,,0.05,0.04929,-0.10923,0.02398,0.5,-1.15018,,,,,,0.1095,,4225688,9f9bb01aee1b,flip=0.0130
M4_mrf_mlp-d4d59a298a,sbm,M4_mrf_mlp,tuned_grid,mf,20,4,,0.05,,0,,0.64,0.640684,1.033994,0.499111,0.627,0.626806,1.05314,0.506707,0.063612,0.129601,0.122044,1,4,,,,,0.05,0.04929,-0.10923,0.02398,0.5,-1.15018,,,,,,0.0302,,4225688,9f9bb01aee1b,flip=0.0070
M4_mrf_gcn-fa4b0a1391,sbm,M4_mrf_gcn,tuned_grid,mf,20,4,,0.1,,0,,0.292,0.292738,1.907459,0.844011,0.299,0.295828,1.804284,0.81805,0.105833,0.184094,0.291479,1,5,,,,,0.05,0.04929,-0.10923,0.02398,0.5,-1.15018,,,,,,0.0405,,4225688,9f9bb01aee1b,flip=0.0340
M4_mrf_mlp-4192104238,sbm,M4_mrf_mlp,tuned_grid,mf,20,4,,0.1,,0,,0.626,0.626709,1.046836,0.504609,0.626,0.625587,1.064066,0.511039,0.064267,0.132949,0.12737,1,5,,,,,0.05,0.04929,-0.10923,0.02398,0.5,-1.15018,,,,,,0.0549,,4225688,9f9bb01aee1b,flip=0.0160
M4_mrf_gcn-a59b8c6331,sbm,M4_mrf_gcn,tuned_grid,mf,20,4,,0.25,,0,,0.284,0.283906,1.972639,0.866589,0.291,0.287071,1.858136,0.839103,0.13034,0.196365,0.318559,1,9,,,,,0.05,0.04929,-0.10923,0.02398,0.5,-1.15018,,,,,,0.0563,,4225688,9f9bb01aee1b,flip=0.0870
M4_mrf_mlp-ae4793e3f0,sbm,M4_mrf_mlp,tuned_grid,mf,20,4,,0.25,,0,,0.616,0.616012,1.090876,0.523295,0.606,0.605851,1.102062,0.526274,0.078008,0.143638,0.140459,1,7,,,,,0.05,0.04929,-0.10923,0.02398,0.5,-1.15018,,,,,,0.1509,,4225688,9f9bb01aee1b,flip=0.0510
M4_mrf_gcn-751ab67891,sbm,M4_mrf_gcn,tuned_grid,mf,20,4,,0.5,,0,,0.256,0.254843,2.201366,0.952665,0.259,0.250389,2.055032,0.91966,0.244111,0.251074,0.405488,1,86,,,,,0.05,0.04929,-0.10923,0.02398,0.5,-1.15018,,,,,,1.2611,,4225688,9f9bb01aee1b,flip=0.2600
M4_mrf_mlp-95717884a6,sbm,M4_mrf_mlp,tuned_grid,mf,20,4,,0.5,,0,,0.582,0.583068,1.19018,0.563686,0.593,0.593415,1.189504,0.561589,0.099893,0.164778,0.170789,1,14,,,,,0.05,0.04929,-0.10923,0.02398,0.5,-1.15018,,,,,,0.1328,,4225688,9f9bb01aee1b,flip=0.1040
M4_mrf_gcn-daab3cd762,sbm,M4_mrf_gcn,tuned_grid,mf,20,4,,1.0,,0,,0.13,0.041909,6.672724,1.672467,0.156,0.058489,6.238179,1.608071,0.796059,0.949853,0.985647,1,31,,,,,0.05,0.04929,-0.10923,0.02398,0.5,-1.15018,,,,,,0.4349,,4225688,9f9bb01aee1b,flip=0.7960
M4_mrf_mlp-399e3df214,sbm,M4_mrf_mlp,tuned_grid,mf,20,4,,1.0,,0,,0.22,0.197714,4.243884,1.39326,0.251,0.226152,3.989329,1.335769,0.6443,0.787743,0.850515,1,52,,,,,0.05,0.04929,-0.10923,0.02398,0.5,-1.15018,,,,,,0.7488,,4225688,9f9bb01aee1b,flip=0.6910
M4_mrf_gcn-e88d8106a4,sbm,M4_mrf_gcn,tuned_grid,mf,20,4,,2.0,,0,,0.126,0.031972,13.764489,1.742705,0.146,0.036432,12.966412,1.694621,0.847694,0.996576,0.999458,1,13,,,,,0.05,0.04929,-0.10923,0.02398,0.5,-1.15018,,,,,,0.2031,,4225688,9f9bb01aee1b,flip=0.8170
M4_mrf_mlp-ec4912961e,sbm,M4_mrf_mlp,tuned_grid,mf,20,4,,2.0,,0,,0.134,0.046767,11.71902,1.716144,0.156,0.056426,11.067638,1.663235,0.831901,0.986033,0.991515,1,18,,,,,0.05,0.04929,-0.10923,0.02398,0.5,-1.15018,,,,,,0.2098,,4225688,9f9bb01aee1b,flip=0.8080
OF-d9d4147545,sbm,Oracle_F,oracle,closed_form,20,4,,,,,,0.76,,,,0.74,,,,,,,,,,,,,0.05,0.04929,-0.10923,0.02398,0.5,-1.15018,,,,,,,,4225688,9f9bb01aee1b,"feature-only Bayes rule, known generative parameters"
OG-a7868eb28c,sbm,Oracle_G,oracle,mf,20,4,,-1.15018,,,,0.804,0.803262,0.603279,0.297343,0.783,0.782607,0.64798,0.318407,0.021238,0.058938,0.043239,1,45,,,,,0.05,0.04929,-0.10923,0.02398,0.5,-1.15018,,,,,,,,4225688,9f9bb01aee1b,true Gaussian unaries + generator-implied coupling
M0_mlp-c1573152c9,sbm,M0_mlp,train,none,1,5,0.0,,,,21,0.302,0.298164,1.835628,0.822449,0.313,0.308454,1.751645,0.799305,0.086164,0.145605,0.151852,,,,,,,0.05,0.05175,-0.10632,0.02283,0.5,-1.15018,0.01,0.0005,64,0.5,0.357,,results/logits/M0_mlp-c1573152c9.npz,4225688,9f9bb01aee1b,
M1_gcn-445f5de88b,sbm,M1_gcn,train,none,1,5,0.0,,,,3,0.202,0.151681,1.934333,0.853843,0.211,0.157166,1.936152,0.854331,0.058764,0.14328,0.404252,,,,,,,0.05,0.05175,-0.10632,0.02283,0.5,-1.15018,0.005,0.001,64,0.5,1.918,,results/logits/M1_gcn-445f5de88b.npz,4225688,9f9bb01aee1b,
LP-c4282feb70,sbm,LP,closed_form,label_prop,1,5,,,,,,0.148,0.037028,2.010187,0.876646,0.14,0.03543,2.041875,0.87919,0.117621,0.165902,0.974975,,,,,,,0.05,0.05175,-0.10632,0.02283,0.5,-1.15018,,,,,,,,4225688,9f9bb01aee1b,uses train labels as inference-time evidence
M2_lap-5ba19008af,sbm,M2_lap,train,none,1,5,0.001,,,,3,0.202,0.151681,1.934333,0.853843,0.211,0.157166,1.936152,0.854331,0.058764,0.14328,0.404252,,,,,,,0.05,0.05175,-0.10632,0.02283,0.5,-1.15018,0.005,0.001,64,0.5,2.474,,,4225688,9f9bb01aee1b,
M2_lap-431419591b,sbm,M2_lap,train,none,1,5,0.01,,,,3,0.202,0.151681,1.934333,0.853843,0.211,0.157166,1.936152,0.854331,0.058764,0.14328,0.404252,,,,,,,0.05,0.05175,-0.10632,0.02283,0.5,-1.15018,0.005,0.001,64,0.5,2.385,,,4225688,9f9bb01aee1b,
M2_lap-7b723ff38a,sbm,M2_lap,train,none,1,5,0.1,,,,3,0.202,0.151681,1.934335,0.853843,0.211,0.157166,1.936153,0.854331,0.058767,0.143279,0.404252,,,,,,,0.05,0.05175,-0.10632,0.02283,0.5,-1.15018,0.005,0.001,64,0.5,2.208,,,4225688,9f9bb01aee1b,
M2_lap-0bfea9f241,sbm,M2_lap,train,none,1,5,0.5,,,,3,0.202,0.151681,1.93434,0.853845,0.21,0.15657,1.936149,0.85433,0.059784,0.143278,0.404431,,,,,,,0.05,0.05175,-0.10632,0.02283,0.5,-1.15018,0.005,0.001,64,0.5,2.231,,,4225688,9f9bb01aee1b,
M2_lap-a731accab9,sbm,M2_lap,train,none,1,5,1.0,,,,3,0.202,0.151681,1.934358,0.85385,0.21,0.156576,1.936163,0.854334,0.06165,0.143276,0.404252,,,,,,,0.05,0.05175,-0.10632,0.02283,0.5,-1.15018,0.005,0.001,64,0.5,2.229,,,4225688,9f9bb01aee1b,
M2_lap-a530523fe8,sbm,M2_lap,train,none,1,5,5.0,,,,3,0.2,0.150661,1.934464,0.85388,0.212,0.160035,1.936217,0.85435,0.066615,0.143264,0.404431,,,,,,,0.05,0.05175,-0.10632,0.02283,0.5,-1.15018,0.005,0.001,64,0.5,2.715,,,4225688,9f9bb01aee1b,
M4_mrf_gcn-9792ba6363,sbm,M4_mrf_gcn,tuned_grid,mf,1,5,,0.05,,0,,0.204,0.152792,1.934298,0.853834,0.212,0.156669,1.936196,0.854341,0.065104,0.143333,0.41654,1,4,,,,,0.05,0.05175,-0.10632,0.02283,0.5,-1.15018,,,,,,0.0685,,4225688,9f9bb01aee1b,flip=0.0160
M4_mrf_mlp-f4e5b8335e,sbm,M4_mrf_mlp,tuned_grid,mf,1,5,,0.05,,0,,0.298,0.292799,1.841102,0.824168,0.314,0.30963,1.755882,0.80048,0.086955,0.147592,0.159207,1,4,,,,,0.05,0.05175,-0.10632,0.02283,0.5,-1.15018,,,,,,0.0341,,4225688,9f9bb01aee1b,flip=0.0200
M4_mrf_gcn-86473ddb82,sbm,M4_mrf_gcn,tuned_grid,mf,1,5,,0.1,,0,,0.206,0.152742,1.934272,0.853829,0.207,0.151809,1.936247,0.854352,0.062355,0.143397,0.428648,1,5,,,,,0.05,0.05175,-0.10632,0.02283,0.5,-1.15018,,,,,,0.0402,,4225688,9f9bb01aee1b,flip=0.0430
M4_mrf_mlp-f2df51635f,sbm,M4_mrf_mlp,tuned_grid,mf,1,5,,0.1,,0,,0.292,0.286885,1.84748,0.826233,0.314,0.309397,1.760813,0.801922,0.086237,0.14976,0.16728,1,5,,,,,0.05,0.05175,-0.10632,0.02283,0.5,-1.15018,,,,,,0.04,,4225688,9f9bb01aee1b,flip=0.0340
M4_mrf_gcn-2a6101cd31,sbm,M4_mrf_gcn,tuned_grid,mf,1,5,,0.25,,0,,0.194,0.13811,1.934342,0.853857,0.196,0.139863,1.936526,0.854416,0.042591,0.143697,0.472778,1,7,,,,,0.05,0.05175,-0.10632,0.02283,0.5,-1.15018,,,,,,0.1228,,4225688,9f9bb01aee1b,flip=0.1100
M4_mrf_mlp-162e4c0c66,sbm,M4_mrf_mlp,tuned_grid,mf,1,5,,0.25,,0,,0.284,0.276348,1.874917,0.835733,0.311,0.304928,1.782032,0.808792,0.098455,0.158408,0.198942,1,9,,,,,0.05,0.05175,-0.10632,0.02283,0.5,-1.15018,,,,,,0.1187,,4225688,9f9bb01aee1b,flip=0.0830
M4_mrf_gcn-189b02d82c,sbm,M4_mrf_gcn,tuned_grid,mf,1,5,,0.5,,0,,0.18,0.10789,1.937937,0.854961,0.171,0.101391,1.940138,0.85541,0.031137,0.145773,0.675576,1,23,,,,,0.05,0.05175,-0.10632,0.02283,0.5,-1.15018,,,,,,0.2854,,4225688,9f9bb01aee1b,flip=0.3700
M4_mrf_mlp-f299f6d37a,sbm,M4_mrf_mlp,tuned_grid,mf,1,5,,0.5,,0,,0.184,0.130165,2.585242,1.129809,0.21,0.146811,2.427806,1.080974,0.42455,0.475222,0.787156,1,49,,,,,0.05,0.05175,-0.10632,0.02283,0.5,-1.15018,,,,,,0.7736,,4225688,9f9bb01aee1b,flip=0.6020
M4_mrf_gcn-c0a3084a18,sbm,M4_mrf_gcn,tuned_grid,mf,1,5,,1.0,,0,,0.152,0.037698,6.787749,1.652182,0.144,0.035996,6.709043,1.653664,0.822124,0.975831,1.0,1,13,,,,,0.05,0.05175,-0.10632,0.02283,0.5,-1.15018,,,,,,0.195,,4225688,9f9bb01aee1b,flip=0.6200
M4_mrf_mlp-40234d4906,sbm,M4_mrf_mlp,tuned_grid,mf,1,5,,1.0,,0,,0.138,0.038347,6.605546,1.661562,0.163,0.043843,6.308853,1.600999,0.794945,0.965893,0.997758,1,11,,,,,0.05,0.05175,-0.10632,0.02283,0.5,-1.15018,,,,,,0.0673,,4225688,9f9bb01aee1b,flip=0.7680
M4_mrf_gcn-4d7058b72a,sbm,M4_mrf_gcn,tuned_grid,mf,1,5,,2.0,,0,,0.152,0.037698,13.589755,1.692328,0.144,0.035996,13.408703,1.701801,0.850266,0.998469,1.0,1,9,,,,,0.05,0.05175,-0.10632,0.02283,0.5,-1.15018,,,,,,0.1433,,4225688,9f9bb01aee1b,flip=0.6200
M4_mrf_mlp-5f14845334,sbm,M4_mrf_mlp,tuned_grid,mf,1,5,,2.0,,0,,0.136,0.034205,13.464775,1.721686,0.162,0.041653,12.938805,1.666278,0.832137,0.997904,0.999821,1,8,,,,,0.05,0.05175,-0.10632,0.02283,0.5,-1.15018,,,,,,0.1574,,4225688,9f9bb01aee1b,flip=0.7740
OF-3e2c87407a,sbm,Oracle_F,oracle,closed_form,1,5,,,,,,0.734,,,,0.729,,,,,,,,,,,,,0.05,0.05175,-0.10632,0.02283,0.5,-1.15018,,,,,,,,4225688,9f9bb01aee1b,"feature-only Bayes rule, known generative parameters"
OG-143d9ce6a7,sbm,Oracle_G,oracle,mf,1,5,,-1.15018,,,,0.772,0.77154,0.60886,0.320133,0.758,0.757599,0.678376,0.337278,0.040076,0.059485,0.043143,1,26,,,,,0.05,0.05175,-0.10632,0.02283,0.5,-1.15018,,,,,,,,4225688,9f9bb01aee1b,true Gaussian unaries + generator-implied coupling
M0_mlp-5b0db99ffa,sbm,M0_mlp,train,none,5,5,0.0,,,,26,0.46,0.454861,1.475155,0.694604,0.433,0.434611,1.585061,0.7236,0.081291,0.140172,0.134452,,,,,,,0.05,0.05175,-0.10632,0.02283,0.5,-1.15018,0.01,0.0005,64,0.5,0.422,,results/logits/M0_mlp-5b0db99ffa.npz,4225688,9f9bb01aee1b,
M1_gcn-0b26d4db37,sbm,M1_gcn,train,none,5,5,0.0,,,,57,0.222,0.206174,1.962554,0.861523,0.195,0.188771,2.007735,0.873933,0.120373,0.171476,0.34299,,,,,,,0.05,0.05175,-0.10632,0.02283,0.5,-1.15018,0.005,0.001,64,0.5,4.19,,results/logits/M1_gcn-0b26d4db37.npz,4225688,9f9bb01aee1b,
LP-ba508b37c2,sbm,LP,closed_form,label_prop,5,5,,,,,,0.112,0.06458,2.017799,0.864929,0.135,0.08276,2.047639,0.865568,0.0658,0.149259,0.584895,,,,,,,0.05,0.05175,-0.10632,0.02283,0.5,-1.15018,,,,,,,,4225688,9f9bb01aee1b,uses train labels as inference-time evidence
M2_lap-eeb35421ab,sbm,M2_lap,train,none,5,5,0.001,,,,57,0.222,0.206174,1.962547,0.861523,0.195,0.188771,2.007734,0.873934,0.120366,0.171477,0.34299,,,,,,,0.05,0.05175,-0.10632,0.02283,0.5,-1.15018,0.005,0.001,64,0.5,4.98,,,4225688,9f9bb01aee1b,
M2_lap-ae2a8d4ad0,sbm,M2_lap,train,none,5,5,0.01,,,,50,0.222,0.20725,1.925173,0.849279,0.191,0.184298,1.961508,0.859569,0.088875,0.162924,0.344515,,,,,,,0.05,0.05175,-0.10632,0.02283,0.5,-1.15018,0.005,0.001,64,0.5,4.932,,,4225688,9f9bb01aee1b,
M2_lap-a29d07affe,sbm,M2_lap,train,none,5,5,0.1,,,,48,0.22,0.205652,1.915694,0.846847,0.191,0.185669,1.947734,0.855841,0.083116,0.160093,0.338954,,,,,,,0.05,0.05175,-0.10632,0.02283,0.5,-1.15018,0.005,0.001,64,0.5,4.529,,,4225688,9f9bb01aee1b,
M2_lap-e054e99d5f,sbm,M2_lap,train,none,5,5,0.5,,,,51,0.218,0.203138,1.929071,0.850362,0.192,0.184595,1.967327,0.861072,0.089913,0.163959,0.348282,,,,,,,0.05,0.05175,-0.10632,0.02283,0.5,-1.15018,0.005,0.001,64,0.5,4.776,,,4225688,9f9bb01aee1b,
M2_lap-c66de4ac76,sbm,M2_lap,train,none,5,5,1.0,,,,46,0.216,0.203378,1.907781,0.844754,0.197,0.191246,1.936547,0.852688,0.059477,0.157376,0.338326,,,,,,,0.05,0.05175,-0.10632,0.02283,0.5,-1.15018,0.005,0.001,64,0.5,4.039,,,4225688,9f9bb01aee1b,
M2_lap-576bc8e76f,sbm,M2_lap,train,none,5,5,5.0,,,,46,0.22,0.205937,1.90775,0.844865,0.2,0.192692,1.936797,0.852477,0.044227,0.155432,0.355189,,,,,,,0.05,0.05175,-0.10632,0.02283,0.5,-1.15018,0.005,0.001,64,0.5,3.797,,,4225688,9f9bb01aee1b,
M4_mrf_gcn-61a8d44262,sbm,M4_mrf_gcn,tuned_grid,mf,5,5,,0.05,,0,,0.214,0.196537,1.974206,0.865525,0.196,0.189005,2.021076,0.878506,0.125597,0.174853,0.364696,1,5,,,,,0.05,0.05175,-0.10632,0.02283,0.5,-1.15018,,,,,,0.0411,,4225688,9f9bb01aee1b,flip=0.0210
M4_mrf_mlp-a03fd74d85,sbm,M4_mrf_mlp,tuned_grid,mf,5,5,,0.05,,0,,0.454,0.448414,1.480725,0.69621,0.428,0.429497,1.592944,0.7265,0.077802,0.142711,0.139474,1,4,,,,,0.05,0.05175,-0.10632,0.02283,0.5,-1.15018,,,,,,0.0346,,4225688,9f9bb01aee1b,flip=0.0100
M4_mrf_gcn-1b148118cd,sbm,M4_mrf_gcn,tuned_grid,mf,5,5,,0.1,,0,,0.21,0.190722,1.987942,0.87042,0.197,0.188161,2.036628,0.884024,0.132239,0.179025,0.389093,1,6,,,,,0.05,0.05175,-0.10632,0.02283,0.5,-1.15018,,,,,,0.0493,,4225688,9f9bb01aee1b,flip=0.0500
M4_mrf_mlp-53bc7aa553,sbm,M4_mrf_mlp,tuned_grid,mf,5,5,,0.1,,0,,0.448,0.441795,1.486874,0.698042,0.42,0.421858,1.601654,0.729729,0.088709,0.145349,0.145753,1,5,,,,,0.05,0.05175,-0.10632,0.02283,0.5,-1.15018,,,,,,0.1422,,4225688,9f9bb01aee1b,flip=0.0300
M4_mrf_gcn-ca4bf93cdb,sbm,M4_mrf_gcn,tuned_grid,mf,5,5,,0.25,,0,,0.206,0.178494,2.057808,0.898512,0.176,0.155517,2.112823,0.914527,0.195032,0.20482,0.48103,1,13,,,,,0.05,0.05175,-0.10632,0.02283,0.5,-1.15018,,,,,,0.1519,,4225688,9f9bb01aee1b,flip=0.1870
M4_mrf_mlp-c10935603d,sbm,M4_mrf_mlp,tuned_grid,mf,5,5,,0.25,,0,,0.444,0.43723,1.509763,0.705371,0.414,0.415807,1.634178,0.74201,0.099273,0.154279,0.164678,1,8,,,,,0.05,0.05175,-0.10632,0.02283,0.5,-1.15018,,,,,,0.0683,,4225688,9f9bb01aee1b,flip=0.0660
M4_mrf_gcn-0dc2b3ef70,sbm,M4_mrf_gcn,tuned_grid,mf,5,5,,0.5,,0,,0.158,0.057022,3.445357,1.373153,0.143,0.051885,3.50769,1.399372,0.656524,0.725999,0.95901,1,18,,,,,0.05,0.05175,-0.10632,0.02283,0.5,-1.15018,,,,,,0.2375,,4225688,9f9bb01aee1b,flip=0.5950
M4_mrf_mlp-cbe4860faf,sbm,M4_mrf_mlp,tuned_grid,mf,5,5,,0.5,,0,,0.402,0.391945,1.58791,0.736187,0.374,0.374206,1.742565,0.785902,0.15801,0.183193,0.229348,1,30,,,,,0.05,0.05175,-0.10632,0.02283,0.5,-1.15018,,,,,,0.4592,,4225688,9f9bb01aee1b,flip=0.1940
M4_mrf_gcn-5ba72cf82b,sbm,M4_mrf_gcn,tuned_grid,mf,5,5,,1.0,,0,,0.15,0.037332,7.124515,1.656501,0.14,0.040729,7.220878,1.67464,0.832115,0.97531,0.997758,1,15,,,,,0.05,0.05175,-0.10632,0.02283,0.5,-1.15018,,,,,,0.2301,,4225688,9f9bb01aee1b,flip=0.6300
M4_mrf_mlp-22b07d7ef1,sbm,M4_mrf_mlp,tuned_grid,mf,5,5,,1.0,,0,,0.154,0.05572,5.818191,1.588783,0.153,0.059601,6.023765,1.613306,0.800819,0.941902,0.987981,1,16,,,,,0.05,0.05175,-0.10632,0.02283,0.5,-1.15018,,,,,,0.2231,,4225688,9f9bb01aee1b,flip=0.7840
M4_mrf_gcn-081ed174cb,sbm,M4_mrf_gcn,tuned_grid,mf,5,5,,2.0,,0,,0.15,0.037267,13.966071,1.695987,0.139,0.038658,14.06823,1.713946,0.855353,0.997891,0.999641,1,11,,,,,0.05,0.05175,-0.10632,0.02283,0.5,-1.15018,,,,,,0.1789,,4225688,9f9bb01aee1b,flip=0.6350
M4_mrf_mlp-71bf573d0e,sbm,M4_mrf_mlp,tuned_grid,mf,5,5,,2.0,,0,,0.146,0.039951,12.80853,1.698297,0.144,0.041543,12.953879,1.699743,0.849525,0.996605,0.999372,1,10,,,,,0.05,0.05175,-0.10632,0.02283,0.5,-1.15018,,,,,,0.1228,,4225688,9f9bb01aee1b,flip=0.7990
OF-a924d2b778,sbm,Oracle_F,oracle,closed_form,5,5,,,,,,0.758,,,,0.726,,,,,,,,,,,,,0.05,0.05175,-0.10632,0.02283,0.5,-1.15018,,,,,,,,4225688,9f9bb01aee1b,"feature-only Bayes rule, known generative parameters"
OG-4d6e26db6e,sbm,Oracle_G,oracle,mf,5,5,,-1.15018,,,,0.772,0.770441,0.618108,0.310459,0.769,0.768064,0.672601,0.330138,0.036038,0.059485,0.043143,1,26,,,,,0.05,0.05175,-0.10632,0.02283,0.5,-1.15018,,,,,,,,4225688,9f9bb01aee1b,true Gaussian unaries + generator-implied coupling
M0_mlp-f34e338015,sbm,M0_mlp,train,none,20,5,0.0,,,,21,0.614,0.616212,1.133943,0.55324,0.598,0.597948,1.11213,0.540623,0.054783,0.131152,0.114091,,,,,,,0.05,0.05175,-0.10632,0.02283,0.5,-1.15018,0.01,0.0005,64,0.5,0.292,,results/logits/M0_mlp-f34e338015.npz,4225688,9f9bb01aee1b,
M1_gcn-b8b5aa0a18,sbm,M1_gcn,train,none,20,5,0.0,,,,51,0.312,0.309769,1.762904,0.801312,0.294,0.29395,1.778332,0.803884,0.04021,0.158731,0.252579,,,,,,,0.05,0.05175,-0.10632,0.02283,0.5,-1.15018,0.005,0.001,64,0.5,4.065,,results/logits/M1_gcn-b8b5aa0a18.npz,4225688,9f9bb01aee1b,
LP-0a6daa343d,sbm,LP,closed_form,label_prop,20,5,,,,,,0.128,0.108937,2.004362,0.879069,0.116,0.103682,2.076514,0.876947,0.097098,0.156379,0.412145,,,,,,,0.05,0.05175,-0.10632,0.02283,0.5,-1.15018,,,,,,,,4225688,9f9bb01aee1b,uses train labels as inference-time evidence
M2_lap-73b0b971b2,sbm,M2_lap,train,none,20,5,0.001,,,,51,0.312,0.309769,1.76291,0.801314,0.295,0.294968,1.77834,0.803888,0.039208,0.158729,0.252399,,,,,,,0.05,0.05175,-0.10632,0.02283,0.5,-1.15018,0.005,0.001,64,0.5,4.344,,,4225688,9f9bb01aee1b,
M2_lap-d8cc780282,sbm,M2_lap,train,none,20,5,0.01,,,,48,0.31,0.307353,1.763971,0.801594,0.298,0.297342,1.777624,0.804144,0.046482,0.156161,0.253924,,,,,,,0.05,0.05175,-0.10632,0.02283,0.5,-1.15018,0.005,0.001,64,0.5,3.985,,,4225688,9f9bb01aee1b,
M2_lap-1981effa40,sbm,M2_lap,train,none,20,5,0.1,,,,51,0.314,0.312021,1.763685,0.801571,0.296,0.295994,1.778761,0.804057,0.038302,0.158519,0.252937,,,,,,,0.05,0.05175,-0.10632,0.02283,0.5,-1.15018,0.005,0.001,64,0.5,5.069,,,4225688,9f9bb01aee1b,
M2_lap-8e1febdc3d,sbm,M2_lap,train,none,20,5,0.5,,,,50,0.316,0.314638,1.766665,0.802486,0.297,0.297139,1.780148,0.804727,0.035447,0.156903,0.252399,,,,,,,0.05,0.05175,-0.10632,0.02283,0.5,-1.15018,0.005,0.001,64,0.5,4.474,,,4225688,9f9bb01aee1b,
M2_lap-4fe6f487f4,sbm,M2_lap,train,none,20,5,1.0,,,,53,0.316,0.315186,1.770643,0.80421,0.3,0.300169,1.782564,0.805778,0.042351,0.157799,0.254552,,,,,,,0.05,0.05175,-0.10632,0.02283,0.5,-1.15018,0.005,0.001,64,0.5,4.077,,,4225688,9f9bb01aee1b,
M2_lap-d5fff7f18d,sbm,M2_lap,train,none,20,5,5.0,,,,38,0.31,0.309501,1.822027,0.820155,0.294,0.294125,1.824313,0.820396,0.085636,0.147379,0.258499,,,,,,,0.05,0.05175,-0.10632,0.02283,0.5,-1.15018,0.005,0.001,64,0.5,3.835,,,4225688,9f9bb01aee1b,
M4_mrf_gcn-9d38b3a18e,sbm,M4_mrf_gcn,tuned_grid,mf,20,5,,0.05,,0,,0.308,0.305496,1.76965,0.803792,0.298,0.297649,1.785143,0.806232,0.044781,0.160247,0.261548,1,4,,,,,0.05,0.05175,-0.10632,0.02283,0.5,-1.15018,,,,,,0.1314,,4225688,9f9bb01aee1b,flip=0.0140
M4_mrf_mlp-c57e202292,sbm,M4_mrf_mlp,tuned_grid,mf,20,5,,0.05,,0,,0.608,0.610417,1.142451,0.556978,0.594,0.594194,1.120496,0.544292,0.05414,0.133723,0.117948,1,4,,,,,0.05,0.05175,-0.10632,0.02283,0.5,-1.15018,,,,,,0.0288,,4225688,9f9bb01aee1b,flip=0.0100
M4_mrf_gcn-56028546e6,sbm,M4_mrf_gcn,tuned_grid,mf,20,5,,0.1,,0,,0.308,0.305848,1.776919,0.806499,0.293,0.292648,1.792451,0.808769,0.044655,0.161882,0.274823,1,5,,,,,0.05,0.05175,-0.10632,0.02283,0.5,-1.15018,,,,,,0.0692,,4225688,9f9bb01aee1b,flip=0.0380
M4_mrf_mlp-153b494e36,sbm,M4_mrf_mlp,tuned_grid,mf,20,5,,0.1,,0,,0.61,0.611953,1.151391,0.560957,0.589,0.589386,1.129228,0.548157,0.051569,0.136347,0.122881,1,5,,,,,0.05,0.05175,-0.10632,0.02283,0.5,-1.15018,,,,,,0.0701,,4225688,9f9bb01aee1b,flip=0.0230
M4_mrf_gcn-ecd16bdcad,sbm,M4_mrf_gcn,tuned_grid,mf,20,5,,0.25,,0,,0.288,0.286086,1.803399,0.8167,0.272,0.271223,1.818776,0.818139,0.06142,0.167895,0.300475,1,8,,,,,0.05,0.05175,-0.10632,0.02283,0.5,-1.15018,,,,,,0.0968,,4225688,9f9bb01aee1b,flip=0.0920
M4_mrf_mlp-308d712911,sbm,M4_mrf_mlp,tuned_grid,mf,20,5,,0.25,,0,,0.59,0.592325,1.181446,0.574655,0.585,0.585367,1.158218,0.561197,0.058344,0.144711,0.137053,1,7,,,,,0.05,0.05175,-0.10632,0.02283,0.5,-1.15018,,,,,,0.1153,,4225688,9f9bb01aee1b,flip=0.0560
M4_mrf_gcn-67a43ad0b1,sbm,M4_mrf_gcn,tuned_grid,mf,20,5,,0.5,,0,,0.246,0.244013,1.894082,0.855869,0.253,0.250342,1.905565,0.8535,0.120292,0.191016,0.362364,1,44,,,,,0.05,0.05175,-0.10632,0.02283,0.5,-1.15018,,,,,,0.4917,,4225688,9f9bb01aee1b,flip=0.2130
M4_mrf_mlp-e57e46962c,sbm,M4_mrf_mlp,tuned_grid,mf,20,5,,0.5,,0,,0.56,0.560932,1.25092,0.607713,0.569,0.568907,1.223281,0.591048,0.049774,0.162282,0.17293,1,17,,,,,0.05,0.05175,-0.10632,0.02283,0.5,-1.15018,,,,,,0.3792,,4225688,9f9bb01aee1b,flip=0.1400
M4_mrf_gcn-006898ce5b,sbm,M4_mrf_gcn,tuned_grid,mf,20,5,,1.0,,0,,0.15,0.04962,6.400252,1.624029,0.143,0.044953,6.399504,1.64085,0.815536,0.961965,0.995784,1,16,,,,,0.05,0.05175,-0.10632,0.02283,0.5,-1.15018,,,,,,0.2452,,4225688,9f9bb01aee1b,flip=0.8130
M4_mrf_mlp-1b7cbb6cde,sbm,M4_mrf_mlp,tuned_grid,mf,20,5,,1.0,,0,,0.152,0.077772,5.284373,1.572228,0.188,0.095322,4.906981,1.499512,0.744436,0.912342,0.965827,1,26,,,,,0.05,0.05175,-0.10632,0.02283,0.5,-1.15018,,,,,,0.344,,4225688,9f9bb01aee1b,flip=0.8060
M4_mrf_gcn-153c4ce254,sbm,M4_mrf_gcn,tuned_grid,mf,20,5,,2.0,,0,,0.15,0.041582,13.281903,1.691093,0.14,0.038882,13.23223,1.711593,0.85494,0.997327,0.999552,1,11,,,,,0.05,0.05175,-0.10632,0.02283,0.5,-1.15018,,,,,,0.1829,,4225688,9f9bb01aee1b,flip=0.8200
M4_mrf_mlp-6a1e71c7cf,sbm,M4_mrf_mlp,tuned_grid,mf,20,5,,2.0,,0,,0.132,0.041608,12.209228,1.715625,0.142,0.041222,11.840188,1.696842,0.847959,0.993812,0.998027,1,13,,,,,0.05,0.05175,-0.10632,0.02283,0.5,-1.15018,,,,,,0.1374,,4225688,9f9bb01aee1b,flip=0.8440
OF-b6b8627682,sbm,Oracle_F,oracle,closed_form,20,5,,,,,,0.754,,,,0.746,,,,,,,,,,,,,0.05,0.05175,-0.10632,0.02283,0.5,-1.15018,,,,,,,,4225688,9f9bb01aee1b,"feature-only Bayes rule, known generative parameters"
OG-678e31df3c,sbm,Oracle_G,oracle,mf,20,5,,-1.15018,,,,0.78,0.781414,0.637928,0.316249,0.778,0.77754,0.635573,0.315164,0.033606,0.059485,0.043143,1,26,,,,,0.05,0.05175,-0.10632,0.02283,0.5,-1.15018,,,,,,,,4225688,9f9bb01aee1b,true Gaussian unaries + generator-implied coupling
M0_mlp-f5fd4206bd,sbm,M0_mlp,train,none,1,6,0.0,,,,104,0.326,0.321575,2.070576,0.902464,0.352,0.34745,1.989479,0.86962,0.250957,0.143041,0.139926,,,,,,,0.05,0.05183,-0.10621,0.02257,0.5,-1.15018,0.01,0.0005,64,0.5,0.804,,results/logits/M0_mlp-f5fd4206bd.npz,4225688,9f9bb01aee1b,
M1_gcn-dd832c3c9a,sbm,M1_gcn,train,none,1,6,0.0,,,,23,0.178,0.156502,1.946658,0.857372,0.184,0.152794,1.934361,0.853599,0.038283,0.146307,0.371307,,,,,,,0.05,0.05183,-0.10621,0.02257,0.5,-1.15018,0.005,0.001,64,0.5,2.671,,results/logits/M1_gcn-dd832c3c9a.npz,4225688,9f9bb01aee1b,
LP-e80fa10bc6,sbm,LP,closed_form,label_prop,1,6,,,,,,0.116,0.03024,1.965239,0.863195,0.142,0.041846,1.957298,0.860627,0.04028,0.14554,0.951353,,,,,,,0.05,0.05183,-0.10621,0.02257,0.5,-1.15018,,,,,,,,4225688,9f9bb01aee1b,uses train labels as inference-time evidence
M2_lap-1fbc5d6615,sbm,M2_lap,train,none,1,6,0.001,,,,23,0.178,0.156502,1.946658,0.857372,0.184,0.152794,1.934361,0.853599,0.038283,0.146307,0.371307,,,,,,,0.05,0.05183,-0.10621,0.02257,0.5,-1.15018,0.005,0.001,64,0.5,2.759,,,4225688,9f9bb01aee1b,
M2_lap-889b779b79,sbm,M2_lap,train,none,1,6,0.01,,,,23,0.178,0.156502,1.946655,0.857372,0.184,0.152794,1.934361,0.853599,0.038281,0.146306,0.371307,,,,,,,0.05,0.05183,-0.10621,0.02257,0.5,-1.15018,0.005,0.001,64,0.5,3.303,,,4225688,9f9bb01aee1b,
M2_lap-7960a034c6,sbm,M2_lap,train,none,1,6,0.1,,,,27,0.176,0.15582,1.95226,0.858948,0.189,0.154084,1.938055,0.854514,0.037109,0.148126,0.386963,,,,,,,0.05,0.05183,-0.10621,0.02257,0.5,-1.15018,0.005,0.001,64,0.5,3.147,,,4225688,9f9bb01aee1b,
M2_lap-ee5496e340,sbm,M2_lap,train,none,1,6,0.5,,,,26,0.176,0.155599,1.950494,0.858454,0.188,0.153392,1.936831,0.854201,0.02748,0.147596,0.386874,,,,,,,0.05,0.05183,-0.10621,0.02257,0.5,-1.15018,0.005,0.001,64,0.5,3.012,,,4225688,9f9bb01aee1b,
M2_lap-c979479b29,sbm,M2_lap,train,none,1,6,1.0,,,,26,0.178,0.157012,1.950318,0.858398,0.189,0.154084,1.936724,0.854174,0.032293,0.147537,0.385459,,,,,,,0.05,0.05183,-0.10621,0.02257,0.5,-1.15018,0.005,0.001,64,0.5,3.164,,,4225688,9f9bb01aee1b,
M2_lap-9c2fa15de8,sbm,M2_lap,train,none,1,6,5.0,,,,24,0.174,0.152598,1.946349,0.857267,0.181,0.151397,1.934671,0.853681,0.027374,0.146322,0.37458,,,,,,,0.05,0.05183,-0.10621,0.02257,0.5,-1.15018,0.005,0.001,64,0.5,3.335,,,4225688,9f9bb01aee1b,
M4_mrf_gcn-8727d79394,sbm,M4_mrf_gcn,tuned_grid,mf,1,6,,0.05,,0,,0.174,0.150804,1.948446,0.85785,0.186,0.152882,1.935534,0.85391,0.03766,0.146693,0.385017,1,4,,,,,0.05,0.05183,-0.10621,0.02257,0.5,-1.15018,,,,,,0.0986,,4225688,9f9bb01aee1b,flip=0.0180
M4_mrf_mlp-41fa5829ea,sbm,M4_mrf_mlp,tuned_grid,mf,1,6,,0.05,,0,,0.316,0.311272,2.079639,0.90485,0.349,0.344033,1.99876,0.872014,0.253955,0.146492,0.148151,1,4,,,,,0.05,0.05183,-0.10621,0.02257,0.5,-1.15018,,,,,,0.036,,4225688,9f9bb01aee1b,flip=0.0150
M4_mrf_gcn-f77b0fae5d,sbm,M4_mrf_gcn,tuned_grid,mf,1,6,,0.1,,0,,0.164,0.136078,1.950562,0.858414,0.189,0.154451,1.936903,0.854272,0.042083,0.147146,0.40191,1,5,,,,,0.05,0.05183,-0.10621,0.02257,0.5,-1.15018,,,,,,0.0431,,4225688,9f9bb01aee1b,flip=0.0320
M4_mrf_mlp-23dab48a39,sbm,M4_mrf_mlp,tuned_grid,mf,1,6,,0.1,,0,,0.316,0.309635,2.090335,0.90767,0.351,0.346529,2.009608,0.874844,0.252437,0.150102,0.152574,1,5,,,,,0.05,0.05183,-0.10621,0.02257,0.5,-1.15018,,,,,,0.0374,,4225688,9f9bb01aee1b,flip=0.0240
M4_mrf_gcn-94ee447d6b,sbm,M4_mrf_gcn,tuned_grid,mf,1,6,,0.25,,0,,0.166,0.132432,1.959918,0.860909,0.191,0.152792,1.942957,0.855882,0.027576,0.149144,0.442862,1,8,,,,,0.05,0.05183,-0.10621,0.02257,0.5,-1.15018,,,,,,0.0666,,4225688,9f9bb01aee1b,flip=0.0990
M4_mrf_mlp-ea27fc750d,sbm,M4_mrf_mlp,tuned_grid,mf,1,6,,0.25,,0,,0.312,0.304662,2.133888,0.919135,0.339,0.335348,2.053305,0.886416,0.26769,0.162286,0.169644,1,7,,,,,0.05,0.05183,-0.10621,0.02257,0.5,-1.15018,,,,,,0.108,,4225688,9f9bb01aee1b,flip=0.0560
M4_mrf_gcn-3902d7c611,sbm,M4_mrf_gcn,tuned_grid,mf,1,6,,0.5,,0,,0.12,0.030612,3.251881,1.392187,0.141,0.0354,3.166938,1.346461,0.627852,0.693024,0.999116,1,29,,,,,0.05,0.05183,-0.10621,0.02257,0.5,-1.15018,,,,,,0.3096,,4225688,9f9bb01aee1b,flip=0.6630
M4_mrf_mlp-1a8f513397,sbm,M4_mrf_mlp,tuned_grid,mf,1,6,,0.5,,0,,0.304,0.291936,2.266374,0.953421,0.324,0.317048,2.186178,0.922325,0.301057,0.192136,0.221741,1,16,,,,,0.05,0.05183,-0.10621,0.02257,0.5,-1.15018,,,,,,0.1658,,4225688,9f9bb01aee1b,flip=0.1550
M4_mrf_gcn-99c669d932,sbm,M4_mrf_gcn,tuned_grid,mf,1,6,,1.0,,0,,0.122,0.031067,7.226717,1.72351,0.142,0.035558,6.971351,1.66835,0.830819,0.979094,0.999912,1,11,,,,,0.05,0.05183,-0.10621,0.02257,0.5,-1.15018,,,,,,0.1867,,4225688,9f9bb01aee1b,flip=0.6660
M4_mrf_mlp-5d8c22c770,sbm,M4_mrf_mlp,tuned_grid,mf,1,6,,1.0,,0,,0.152,0.067579,6.017536,1.568842,0.159,0.102655,5.768547,1.550148,0.757658,0.864066,0.922342,1,34,,,,,0.05,0.05183,-0.10621,0.02257,0.5,-1.15018,,,,,,0.4401,,4225688,9f9bb01aee1b,flip=0.7340
M4_mrf_gcn-87659214b4,sbm,M4_mrf_gcn,tuned_grid,mf,1,6,,2.0,,0,,0.122,0.031067,14.39364,1.754366,0.142,0.035558,13.847997,1.70946,0.853973,0.998876,0.999912,1,12,,,,,0.05,0.05183,-0.10621,0.02257,0.5,-1.15018,,,,,,0.0988,,4225688,9f9bb01aee1b,flip=0.6660
M4_mrf_mlp-3019684910,sbm,M4_mrf_mlp,tuned_grid,mf,1,6,,2.0,,0,,0.142,0.04384,13.372735,1.710729,0.127,0.04285,13.06526,1.728774,0.862481,0.99272,0.996197,1,18,,,,,0.05,0.05183,-0.10621,0.02257,0.5,-1.15018,,,,,,0.2486,,4225688,9f9bb01aee1b,flip=0.8020
OF-c6da970dc2,sbm,Oracle_F,oracle,closed_form,1,6,,,,,,0.768,,,,0.723,,,,,,,,,,,,,0.05,0.05183,-0.10621,0.02257,0.5,-1.15018,,,,,,,,4225688,9f9bb01aee1b,"feature-only Bayes rule, known generative parameters"
OG-9d51f47fa6,sbm,Oracle_G,oracle,mf,1,6,,-1.15018,,,,0.802,0.798263,0.512998,0.273167,0.755,0.754918,0.680455,0.33929,0.056249,0.059162,0.045109,1,31,,,,,0.05,0.05183,-0.10621,0.02257,0.5,-1.15018,,,,,,,,4225688,9f9bb01aee1b,true Gaussian unaries + generator-implied coupling
M0_mlp-b88fc239e2,sbm,M0_mlp,train,none,5,6,0.0,,,,18,0.472,0.470836,1.417948,0.665855,0.49,0.488857,1.413846,0.661482,0.080502,0.139722,0.123917,,,,,,,0.05,0.05183,-0.10621,0.02257,0.5,-1.15018,0.01,0.0005,64,0.5,0.307,,results/logits/M0_mlp-b88fc239e2.npz,4225688,9f9bb01aee1b,
M1_gcn-352d7f6932,sbm,M1_gcn,train,none,5,6,0.0,,,,33,0.26,0.236313,1.885463,0.837121,0.238,0.215654,1.880745,0.837564,0.049436,0.148191,0.315496,,,,,,,0.05,0.05183,-0.10621,0.02257,0.5,-1.15018,0.005,0.001,64,0.5,2.878,,results/logits/M1_gcn-352d7f6932.npz,4225688,9f9bb01aee1b,
LP-1feb5bc727,sbm,LP,closed_form,label_prop,5,6,,,,,,0.114,0.060911,1.958099,0.86168,0.15,0.090613,1.962226,0.862889,0.043469,0.147401,0.621617,,,,,,,0.05,0.05183,-0.10621,0.02257,0.5,-1.15018,,,,,,,,4225688,9f9bb01aee1b,uses train labels as inference-time evidence
M2_lap-d8a6ac731c,sbm,M2_lap,train,none,5,6,0.001,,,,33,0.26,0.236313,1.885468,0.837122,0.238,0.215654,1.880749,0.837565,0.049435,0.148192,0.315496,,,,,,,0.05,0.05183,-0.10621,0.02257,0.5,-1.15018,0.005,0.001,64,0.5,3.09,,,4225688,9f9bb01aee1b,
M2_lap-fceaf53e6d,sbm,M2_lap,train,none,5,6,0.01,,,,33,0.26,0.236313,1.885467,0.837123,0.238,0.215654,1.880751,0.837565,0.04745,0.148189,0.315496,,,,,,,0.05,0.05183,-0.10621,0.02257,0.5,-1.15018,0.005,0.001,64,0.5,3.674,,,4225688,9f9bb01aee1b,
M2_lap-dcb1cf4f39,sbm,M2_lap,train,none,5,6,0.1,,,,32,0.26,0.232463,1.886991,0.837775,0.239,0.216284,1.882635,0.838169,0.046392,0.147826,0.322218,,,,,,,0.05,0.05183,-0.10621,0.02257,0.5,-1.15018,0.005,0.001,64,0.5,3.312,,,4225688,9f9bb01aee1b,
M2_lap-84469ebfdd,sbm,M2_lap,train,none,5,6,0.5,,,,43,0.264,0.24935,1.880344,0.8328,0.227,0.216119,1.875171,0.835542,0.047002,0.153347,0.281797,,,,,,,0.05,0.05183,-0.10621,0.02257,0.5,-1.15018,0.005,0.001,64,0.5,3.4,,,4225688,9f9bb01aee1b,
M2_lap-e01bb7ae9c,sbm,M2_lap,train,none,5,6,1.0,,,,43,0.262,0.248663,1.880374,0.833016,0.23,0.219235,1.875607,0.835735,0.046442,0.153068,0.282151,,,,,,,0.05,0.05183,-0.10621,0.02257,0.5,-1.15018,0.005,0.001,64,0.5,3.544,,,4225688,9f9bb01aee1b,
M2_lap-a8c5b65276,sbm,M2_lap,train,none,5,6,5.0,,,,34,0.254,0.241989,1.88706,0.838253,0.23,0.219369,1.882532,0.838437,0.044976,0.147007,0.283743,,,,,,,0.05,0.05183,-0.10621,0.02257,0.5,-1.15018,0.005,0.001,64,0.5,3.512,,,4225688,9f9bb01aee1b,
M4_mrf_gcn-f41dd607ad,sbm,M4_mrf_gcn,tuned_grid,mf,5,6,,0.05,,0,,0.252,0.227982,1.887141,0.837481,0.238,0.214804,1.882866,0.838167,0.042522,0.14874,0.326906,1,4,,,,,0.05,0.05183,-0.10621,0.02257,0.5,-1.15018,,,,,,0.0354,,4225688,9f9bb01aee1b,flip=0.0180
M4_mrf_mlp-65fa6aa074,sbm,M4_mrf_mlp,tuned_grid,mf,5,6,,0.05,,0,,0.466,0.464805,1.423848,0.668052,0.487,0.485678,1.420455,0.664241,0.079627,0.141418,0.130285,1,4,,,,,0.05,0.05183,-0.10621,0.02257,0.5,-1.15018,,,,,,0.0339,,4225688,9f9bb01aee1b,flip=0.0230
M4_mrf_gcn-91bfadd026,sbm,M4_mrf_gcn,tuned_grid,mf,5,6,,0.1,,0,,0.244,0.218803,1.888969,0.837865,0.235,0.211525,1.885183,0.838822,0.036799,0.149368,0.338051,1,5,,,,,0.05,0.05183,-0.10621,0.02257,0.5,-1.15018,,,,,,0.0314,,4225688,9f9bb01aee1b,flip=0.0340
M4_mrf_mlp-006b584539,sbm,M4_mrf_mlp,tuned_grid,mf,5,6,,0.1,,0,,0.464,0.46296,1.429915,0.67033,0.481,0.479273,1.427234,0.667075,0.076003,0.143158,0.137891,1,5,,,,,0.05,0.05183,-0.10621,0.02257,0.5,-1.15018,,,,,,0.0331,,4225688,9f9bb01aee1b,flip=0.0350
M4_mrf_gcn-27926d9c12,sbm,M4_mrf_gcn,tuned_grid,mf,5,6,,0.25,,0,,0.232,0.201772,1.896135,0.839373,0.233,0.202971,1.894242,0.841393,0.038654,0.152052,0.382894,1,9,,,,,0.05,0.05183,-0.10621,0.02257,0.5,-1.15018,,,,,,0.0906,,4225688,9f9bb01aee1b,flip=0.1090
M4_mrf_mlp-6c91303443,sbm,M4_mrf_mlp,tuned_grid,mf,5,6,,0.25,,0,,0.456,0.456119,1.44975,0.677966,0.457,0.45595,1.44929,0.676351,0.059739,0.148901,0.161419,1,8,,,,,0.05,0.05183,-0.10621,0.02257,0.5,-1.15018,,,,,,0.0678,,4225688,9f9bb01aee1b,flip=0.1000
M4_mrf_gcn-afa356cfd0,sbm,M4_mrf_gcn,tuned_grid,mf,5,6,,0.5,,0,,0.144,0.03641,3.008712,1.313373,0.14,0.037138,3.048697,1.320332,0.608288,0.664693,0.992128,1,29,,,,,0.05,0.05183,-0.10621,0.02257,0.5,-1.15018,,,,,,0.3308,,4225688,9f9bb01aee1b,flip=0.7280
M4_mrf_mlp-935a916c0a,sbm,M4_mrf_mlp,tuned_grid,mf,5,6,,0.5,,0,,0.442,0.438051,1.500345,0.699489,0.43,0.429023,1.505468,0.700943,0.043036,0.165129,0.209977,1,28,,,,,0.05,0.05183,-0.10621,0.02257,0.5,-1.15018,,,,,,0.409,,4225688,9f9bb01aee1b,flip=0.2000
M4_mrf_gcn-765dec4a96,sbm,M4_mrf_gcn,tuned_grid,mf,5,6,,1.0,,0,,0.146,0.036464,6.776761,1.661457,0.139,0.034898,6.949062,1.673906,0.834556,0.976913,0.999558,1,13,,,,,0.05,0.05183,-0.10621,0.02257,0.5,-1.15018,,,,,,0.2067,,4225688,9f9bb01aee1b,flip=0.7400
M4_mrf_mlp-0872a2e619,sbm,M4_mrf_mlp,tuned_grid,mf,5,6,,1.0,,0,,0.154,0.044347,5.833981,1.605952,0.141,0.03732,6.109481,1.636146,0.819787,0.960984,0.995931,1,13,,,,,0.05,0.05183,-0.10621,0.02257,0.5,-1.15018,,,,,,0.0922,,4225688,9f9bb01aee1b,flip=0.8470
M4_mrf_gcn-9dd18de89e,sbm,M4_mrf_gcn,tuned_grid,mf,5,6,,2.0,,0,,0.146,0.0364,13.582084,1.702877,0.14,0.035088,13.938204,1.714733,0.856263,0.998628,1.0,1,22,,,,,0.05,0.05183,-0.10621,0.02257,0.5,-1.15018,,,,,,0.2879,,4225688,9f9bb01aee1b,flip=0.7420
M4_mrf_mlp-66aedb5fca,sbm,M4_mrf_mlp,tuned_grid,mf,5,6,,2.0,,0,,0.15,0.037267,12.593892,1.689509,0.141,0.037147,13.180181,1.710749,0.854669,0.997914,0.999469,1,18,,,,,0.05,0.05183,-0.10621,0.02257,0.5,-1.15018,,,,,,0.2819,,4225688,9f9bb01aee1b,flip=0.8530
OF-3c71e564b2,sbm,Oracle_F,oracle,closed_form,5,6,,,,,,0.736,,,,0.743,,,,,,,,,,,,,0.05,0.05183,-0.10621,0.02257,0.5,-1.15018,,,,,,,,4225688,9f9bb01aee1b,"feature-only Bayes rule, known generative parameters"
OG-4938454886,sbm,Oracle_G,oracle,mf,5,6,,-1.15018,,,,0.75,0.748714,0.693601,0.351922,0.767,0.766377,0.669171,0.332758,0.03509,0.059162,0.045109,1,31,,,,,0.05,0.05183,-0.10621,0.02257,0.5,-1.15018,,,,,,,,4225688,9f9bb01aee1b,true Gaussian unaries + generator-implied coupling
M0_mlp-4fd0e3264f,sbm,M0_mlp,train,none,20,6,0.0,,,,15,0.602,0.598671,1.232358,0.581348,0.589,0.584144,1.245997,0.593759,0.180715,0.138767,0.116045,,,,,,,0.05,0.05183,-0.10621,0.02257,0.5,-1.15018,0.01,0.0005,64,0.5,0.343,,results/logits/M0_mlp-4fd0e3264f.npz,4225688,9f9bb01aee1b,
M1_gcn-9c78741c42,sbm,M1_gcn,train,none,20,6,0.0,,,,44,0.334,0.324755,1.781344,0.805917,0.327,0.32455,1.780698,0.804691,0.074739,0.152927,0.262162,,,,,,,0.05,0.05183,-0.10621,0.02257,0.5,-1.15018,0.005,0.001,64,0.5,3.157,,results/logits/M1_gcn-9c78741c42.npz,4225688,9f9bb01aee1b,
LP-250809063a,sbm,LP,closed_form,label_prop,20,6,,,,,,0.098,0.085061,2.017604,0.882821,0.121,0.10373,2.033578,0.880688,0.105777,0.157045,0.433929,,,,,,,0.05,0.05183,-0.10621,0.02257,0.5,-1.15018,,,,,,,,4225688,9f9bb01aee1b,uses train labels as inference-time evidence
M2_lap-0a27105e6f,sbm,M2_lap,train,none,20,6,0.001,,,,44,0.334,0.324755,1.781341,0.805915,0.327,0.32455,1.780698,0.804691,0.074743,0.152926,0.262162,,,,,,,0.05,0.05183,-0.10621,0.02257,0.5,-1.15018,0.005,0.001,64,0.5,4.05,,,4225688,9f9bb01aee1b,
M2_lap-26993b83b1,sbm,M2_lap,train,none,20,6,0.01,,,,45,0.334,0.323512,1.779384,0.805223,0.328,0.325251,1.778954,0.803997,0.071821,0.153645,0.264108,,,,,,,0.05,0.05183,-0.10621,0.02257,0.5,-1.15018,0.005,0.001,64,0.5,3.998,,,4225688,9f9bb01aee1b,
M2_lap-0a00566aeb,sbm,M2_lap,train,none,20,6,0.1,,,,30,0.33,0.314291,1.834051,0.82304,0.33,0.324132,1.832599,0.822442,0.12908,0.146152,0.273041,,,,,,,0.05,0.05183,-0.10621,0.02257,0.5,-1.15018,0.005,0.001,64,0.5,3.524,,,4225688,9f9bb01aee1b,
M2_lap-8ca1867135,sbm,M2_lap,train,none,20,6,0.5,,,,43,0.33,0.322631,1.787917,0.808164,0.317,0.315728,1.786425,0.806832,0.072133,0.15176,0.260393,,,,,,,0.05,0.05183,-0.10621,0.02257,0.5,-1.15018,0.005,0.001,64,0.5,3.847,,,4225688,9f9bb01aee1b,
M2_lap-f83082bf99,sbm,M2_lap,train,none,20,6,1.0,,,,42,0.33,0.322985,1.794038,0.810229,0.318,0.316671,1.792167,0.808918,0.077267,0.15073,0.261012,,,,,,,0.05,0.05183,-0.10621,0.02257,0.5,-1.15018,0.005,0.001,64,0.5,3.995,,,4225688,9f9bb01aee1b,
M2_lap-476d567bc6,sbm,M2_lap,train,none,20,6,5.0,,,,38,0.322,0.320855,1.830108,0.822307,0.306,0.305532,1.826153,0.820741,0.10264,0.147082,0.268088,,,,,,,0.05,0.05183,-0.10621,0.02257,0.5,-1.15018,0.005,0.001,64,0.5,3.615,,,4225688,9f9bb01aee1b,
M4_mrf_gcn-b149458630,sbm,M4_mrf_gcn,tuned_grid,mf,20,6,,0.05,,0,,0.322,0.313651,1.785423,0.807316,0.322,0.319716,1.784815,0.806108,0.065552,0.153903,0.271979,1,4,,,,,0.05,0.05183,-0.10621,0.02257,0.5,-1.15018,,,,,,0.0844,,4225688,9f9bb01aee1b,flip=0.0180
M4_mrf_mlp-61e2399699,sbm,M4_mrf_mlp,tuned_grid,mf,20,6,,0.05,,0,,0.586,0.582581,1.239747,0.584607,0.581,0.57607,1.253209,0.597091,0.178354,0.140483,0.124801,1,4,,,,,0.05,0.05183,-0.10621,0.02257,0.5,-1.15018,,,,,,0.0333,,4225688,9f9bb01aee1b,flip=0.0240
M4_mrf_gcn-3a968c3849,sbm,M4_mrf_gcn,tuned_grid,mf,20,6,,0.1,,0,,0.318,0.309482,1.789741,0.808805,0.32,0.317671,1.789117,0.807596,0.055543,0.154966,0.28392,1,5,,,,,0.05,0.05183,-0.10621,0.02257,0.5,-1.15018,,,,,,0.0299,,4225688,9f9bb01aee1b,flip=0.0340
M4_mrf_mlp-6f719dcab6,sbm,M4_mrf_mlp,tuned_grid,mf,20,6,,0.1,,0,,0.576,0.572951,1.247236,0.587942,0.579,0.574712,1.260443,0.600435,0.172807,0.142247,0.129931,1,5,,,,,0.05,0.05183,-0.10621,0.02257,0.5,-1.15018,,,,,,0.0445,,4225688,9f9bb01aee1b,flip=0.0400
M4_mrf_gcn-16799a717c,sbm,M4_mrf_gcn,tuned_grid,mf,20,6,,0.25,,0,,0.294,0.285486,1.805151,0.814217,0.304,0.301016,1.804025,0.812843,0.056864,0.158953,0.311604,1,8,,,,,0.05,0.05183,-0.10621,0.02257,0.5,-1.15018,,,,,,0.1372,,4225688,9f9bb01aee1b,flip=0.0800
M4_mrf_mlp-87c33a8d13,sbm,M4_mrf_mlp,tuned_grid,mf,20,6,,0.25,,0,,0.56,0.555191,1.271274,0.598951,0.562,0.55703,1.283059,0.610952,0.156242,0.14813,0.152397,1,8,,,,,0.05,0.05183,-0.10621,0.02257,0.5,-1.15018,,,,,,0.0478,,4225688,9f9bb01aee1b,flip=0.0840
M4_mrf_gcn-9d87658c43,sbm,M4_mrf_gcn,tuned_grid,mf,20,6,,0.5,,0,,0.266,0.254524,1.858359,0.835415,0.269,0.259703,1.85069,0.830693,0.060336,0.174058,0.374491,1,48,,,,,0.05,0.05183,-0.10621,0.02257,0.5,-1.15018,,,,,,0.5417,,4225688,9f9bb01aee1b,flip=0.1960
M4_mrf_mlp-949bc10af6,sbm,M4_mrf_mlp,tuned_grid,mf,20,6,,0.5,,0,,0.516,0.508503,1.346165,0.637974,0.491,0.484331,1.348522,0.644137,0.082981,0.170176,0.221033,1,48,,,,,0.05,0.05183,-0.10621,0.02257,0.5,-1.15018,,,,,,0.6348,,4225688,9f9bb01aee1b,flip=0.2170
M4_mrf_gcn-ba7d2c2be2,sbm,M4_mrf_gcn,tuned_grid,mf,20,6,,1.0,,0,,0.136,0.034266,6.743643,1.680381,0.15,0.041391,6.543058,1.6457,0.819852,0.974545,0.999027,1,16,,,,,0.05,0.05183,-0.10621,0.02257,0.5,-1.15018,,,,,,0.2233,,4225688,9f9bb01aee1b,flip=0.8380
M4_mrf_mlp-686aa949b2,sbm,M4_mrf_mlp,tuned_grid,mf,20,6,,1.0,,0,,0.138,0.038127,6.0103,1.65215,0.149,0.041141,5.844436,1.617215,0.812981,0.964963,0.997789,1,14,,,,,0.05,0.05183,-0.10621,0.02257,0.5,-1.15018,,,,,,0.2216,,4225688,9f9bb01aee1b,flip=0.8190
M4_mrf_gcn-32b7517787,sbm,M4_mrf_gcn,tuned_grid,mf,20,6,,2.0,,0,,0.136,0.034205,13.718404,1.725429,0.149,0.039146,13.319115,1.695355,0.846663,0.998626,0.999646,1,27,,,,,0.05,0.05183,-0.10621,0.02257,0.5,-1.15018,,,,,,0.3546,,4225688,9f9bb01aee1b,flip=0.8400
M4_mrf_mlp-04532e21f6,sbm,M4_mrf_mlp,tuned_grid,mf,20,6,,2.0,,0,,0.136,0.034205,13.016221,1.724635,0.15,0.041294,12.656186,1.693267,0.845255,0.998306,0.999735,1,22,,,,,0.05,0.05183,-0.10621,0.02257,0.5,-1.15018,,,,,,0.2223,,4225688,9f9bb01aee1b,flip=0.8220
OF-ed4070d1c7,sbm,Oracle_F,oracle,closed_form,20,6,,,,,,0.754,,,,0.73,,,,,,,,,,,,,0.05,0.05183,-0.10621,0.02257,0.5,-1.15018,,,,,,,,4225688,9f9bb01aee1b,"feature-only Bayes rule, known generative parameters"
OG-4f5afb4e34,sbm,Oracle_G,oracle,mf,20,6,,-1.15018,,,,0.76,0.760357,0.651692,0.334098,0.762,0.760992,0.672567,0.33398,0.035087,0.059162,0.045109,1,31,,,,,0.05,0.05183,-0.10621,0.02257,0.5,-1.15018,,,,,,,,4225688,9f9bb01aee1b,true Gaussian unaries + generator-implied coupling
M0_mlp-46f490d8fe,sbm,M0_mlp,train,none,1,7,0.0,,,,157,0.286,0.284431,2.28359,0.972894,0.239,0.240767,2.299781,0.995395,0.342377,0.143938,0.1418,,,,,,,0.05,0.0495,-0.10895,0.02412,0.5,-1.15018,0.01,0.0005,64,0.5,1.046,,results/logits/M0_mlp-46f490d8fe.npz,4225688,9f9bb01aee1b,
M1_gcn-4f87f284fd,sbm,M1_gcn,train,none,1,7,0.0,,,,23,0.212,0.141178,1.935616,0.853639,0.158,0.109275,1.943201,0.856529,0.044027,0.149457,0.465827,,,,,,,0.05,0.0495,-0.10895,0.02412,0.5,-1.15018,0.005,0.001,64,0.5,2.991,,results/logits/M1_gcn-4f87f284fd.npz,4225688,9f9bb01aee1b,
LP-e0a44e3257,sbm,LP,closed_form,label_prop,1,7,,,,,,0.148,0.040218,2.00734,0.873512,0.149,0.045336,2.015469,0.876986,0.081025,0.165277,0.964682,,,,,,,0.05,0.0495,-0.10895,0.02412,0.5,-1.15018,,,,,,,,4225688,9f9bb01aee1b,uses train labels as inference-time evidence
M2_lap-aae03e4748,sbm,M2_lap,train,none,1,7,0.001,,,,23,0.212,0.141178,1.935616,0.853639,0.158,0.109275,1.943201,0.856529,0.044026,0.149456,0.465827,,,,,,,0.05,0.0495,-0.10895,0.02412,0.5,-1.15018,0.005,0.001,64,0.5,2.959,,,4225688,9f9bb01aee1b,
M2_lap-8f45c89dd8,sbm,M2_lap,train,none,1,7,0.01,,,,23,0.214,0.142235,1.935608,0.853637,0.158,0.109275,1.943197,0.856528,0.04402,0.149455,0.465739,,,,,,,0.05,0.0495,-0.10895,0.02412,0.5,-1.15018,0.005,0.001,64,0.5,2.993,,,4225688,9f9bb01aee1b,
M2_lap-95fc3b5cdd,sbm,M2_lap,train,none,1,7,0.1,,,,23,0.214,0.142235,1.935531,0.853618,0.158,0.109275,1.943123,0.856507,0.043935,0.14943,0.465651,,,,,,,0.05,0.0495,-0.10895,0.02412,0.5,-1.15018,0.005,0.001,64,0.5,2.969,,,4225688,9f9bb01aee1b,
M2_lap-a36ef02aea,sbm,M2_lap,train,none,1,7,0.5,,,,23,0.212,0.139753,1.935173,0.853535,0.158,0.109357,1.942811,0.856425,0.045497,0.149293,0.466091,,,,,,,0.05,0.0495,-0.10895,0.02412,0.5,-1.15018,0.005,0.001,64,0.5,3.392,,,4225688,9f9bb01aee1b,
M2_lap-d081077ae5,sbm,M2_lap,train,none,1,7,1.0,,,,23,0.212,0.13977,1.934892,0.853467,0.158,0.109396,1.942567,0.856357,0.045044,0.149165,0.465299,,,,,,,0.05,0.0495,-0.10895,0.02412,0.5,-1.15018,0.005,0.001,64,0.5,2.926,,,4225688,9f9bb01aee1b,
M2_lap-d10dcc3dd0,sbm,M2_lap,train,none,1,7,5.0,,,,15,0.202,0.13381,1.934939,0.853791,0.165,0.120088,1.938323,0.854909,0.02854,0.14503,0.452087,,,,,,,0.05,0.0495,-0.10895,0.02412,0.5,-1.15018,0.005,0.001,64,0.5,2.82,,,4225688,9f9bb01aee1b,
M4_mrf_gcn-2fae2599c8,sbm,M4_mrf_gcn,tuned_grid,mf,1,7,,0.05,,0,,0.208,0.133599,1.93755,0.854136,0.156,0.106883,1.945689,0.85727,0.049074,0.150314,0.480447,1,4,,,,,0.05,0.0495,-0.10895,0.02412,0.5,-1.15018,,,,,,0.1217,,4225688,9f9bb01aee1b,flip=0.0210
M4_mrf_mlp-4541394f26,sbm,M4_mrf_mlp,tuned_grid,mf,1,7,,0.05,,0,,0.284,0.282306,2.288881,0.974088,0.237,0.23858,2.305256,0.997184,0.344366,0.147097,0.147261,1,4,,,,,0.05,0.0495,-0.10895,0.02412,0.5,-1.15018,,,,,,0.0817,,4225688,9f9bb01aee1b,flip=0.0100
M4_mrf_gcn-cc2fcafde1,sbm,M4_mrf_gcn,tuned_grid,mf,1,7,,0.1,,0,,0.204,0.128659,1.9399,0.854745,0.15,0.099238,1.948709,0.858178,0.054348,0.151355,0.496653,1,5,,,,,0.05,0.0495,-0.10895,0.02412,0.5,-1.15018,,,,,,0.0434,,4225688,9f9bb01aee1b,flip=0.0450
M4_mrf_mlp-c4ea74f7d5,sbm,M4_mrf_mlp,tuned_grid,mf,1,7,,0.1,,0,,0.28,0.278254,2.295738,0.97568,0.238,0.23992,2.31254,0.999494,0.343789,0.150397,0.152281,1,5,,,,,0.05,0.0495,-0.10895,0.02412,0.5,-1.15018,,,,,,0.042,,4225688,9f9bb01aee1b,flip=0.0240
M4_mrf_gcn-a63d8be825,sbm,M4_mrf_gcn,tuned_grid,mf,1,7,,0.25,,0,,0.198,0.112226,1.951327,0.857816,0.148,0.090115,1.963433,0.862746,0.073877,0.156472,0.553373,1,9,,,,,0.05,0.0495,-0.10895,0.02412,0.5,-1.15018,,,,,,0.0703,,4225688,9f9bb01aee1b,flip=0.1160
M4_mrf_mlp-df7791f9b4,sbm,M4_mrf_mlp,tuned_grid,mf,1,7,,0.25,,0,,0.272,0.270145,2.327078,0.983184,0.236,0.238342,2.347089,1.010125,0.349871,0.161561,0.16743,1,8,,,,,0.05,0.0495,-0.10895,0.02412,0.5,-1.15018,,,,,,0.1838,,4225688,9f9bb01aee1b,flip=0.0580
M4_mrf_gcn-a690b0cb22,sbm,M4_mrf_gcn,tuned_grid,mf,1,7,,0.5,,0,,0.168,0.041096,3.230252,1.353878,0.146,0.036432,3.340293,1.389748,0.653581,0.737646,0.999736,1,24,,,,,0.05,0.0495,-0.10895,0.02412,0.5,-1.15018,,,,,,0.3001,,4225688,9f9bb01aee1b,flip=0.6050
M4_mrf_mlp-a50c372567,sbm,M4_mrf_mlp,tuned_grid,mf,1,7,,0.5,,0,,0.25,0.248783,2.437036,1.009839,0.23,0.229661,2.475561,1.0484,0.377036,0.190852,0.219834,1,20,,,,,0.05,0.0495,-0.10895,0.02412,0.5,-1.15018,,,,,,0.4361,,4225688,9f9bb01aee1b,flip=0.1590
M4_mrf_gcn-f09aa63b48,sbm,M4_mrf_gcn,tuned_grid,mf,1,7,,1.0,,0,,0.168,0.041096,6.893725,1.631686,0.146,0.0364,7.064686,1.667606,0.830919,0.980668,1.0,1,11,,,,,0.05,0.0495,-0.10895,0.02412,0.5,-1.15018,,,,,,0.2574,,4225688,9f9bb01aee1b,flip=0.6060
M4_mrf_mlp-7ecac5598e,sbm,M4_mrf_mlp,tuned_grid,mf,1,7,,1.0,,0,,0.146,0.054976,6.467161,1.607964,0.139,0.063792,6.540337,1.622257,0.800704,0.91479,0.962921,1,23,,,,,0.05,0.0495,-0.10895,0.02412,0.5,-1.15018,,,,,,0.2891,,4225688,9f9bb01aee1b,flip=0.7620
M4_mrf_gcn-6548f3acfe,sbm,M4_mrf_gcn,tuned_grid,mf,1,7,,2.0,,0,,0.168,0.041096,13.605583,1.661773,0.146,0.0364,13.934315,1.703688,0.851174,0.998999,1.0,1,9,,,,,0.05,0.0495,-0.10895,0.02412,0.5,-1.15018,,,,,,0.1844,,4225688,9f9bb01aee1b,flip=0.6060
M4_mrf_mlp-3a001db196,sbm,M4_mrf_mlp,tuned_grid,mf,1,7,,2.0,,0,,0.142,0.035589,13.604669,1.704213,0.125,0.031774,13.71249,1.736175,0.868692,0.995297,0.998239,1,15,,,,,0.05,0.0495,-0.10895,0.02412,0.5,-1.15018,,,,,,0.216,,4225688,9f9bb01aee1b,flip=0.7960
OF-4fb48b69dc,sbm,Oracle_F,oracle,closed_form,1,7,,,,,,0.684,,,,0.73,,,,,,,,,,,,,0.05,0.0495,-0.10895,0.02412,0.5,-1.15018,,,,,,,,4225688,9f9bb01aee1b,"feature-only Bayes rule, known generative parameters"
OG-632058f14a,sbm,Oracle_G,oracle,mf,1,7,,-1.15018,,,,0.73,0.72879,0.728781,0.359458,0.763,0.763182,0.657729,0.327115,0.047299,0.058351,0.044566,1,27,,,,,0.05,0.0495,-0.10895,0.02412,0.5,-1.15018,,,,,,,,4225688,9f9bb01aee1b,true Gaussian unaries + generator-implied coupling
M0_mlp-0d389c8256,sbm,M0_mlp,train,none,5,7,0.0,,,,14,0.464,0.450343,1.496651,0.700193,0.443,0.438958,1.544853,0.717609,0.107954,0.143421,0.142329,,,,,,,0.05,0.0495,-0.10895,0.02412,0.5,-1.15018,0.01,0.0005,64,0.5,0.372,,results/logits/M0_mlp-0d389c8256.npz,4225688,9f9bb01aee1b,
M1_gcn-fb70ef9763,sbm,M1_gcn,train,none,5,7,0.0,,,,130,0.292,0.284367,2.323129,0.932048,0.248,0.236622,2.4873,0.976074,0.288491,0.233826,0.308614,,,,,,,0.05,0.0495,-0.10895,0.02412,0.5,-1.15018,0.005,0.001,64,0.5,6.935,,results/logits/M1_gcn-fb70ef9763.npz,4225688,9f9bb01aee1b,
LP-8ff980cfcb,sbm,LP,closed_form,label_prop,5,7,,,,,,0.146,0.054942,1.966288,0.863872,0.148,0.055346,1.961299,0.862089,0.047973,0.149932,0.84217,,,,,,,0.05,0.0495,-0.10895,0.02412,0.5,-1.15018,,,,,,,,4225688,9f9bb01aee1b,uses train labels as inference-time evidence
M2_lap-ade50eae51,sbm,M2_lap,train,none,5,7,0.001,,,,130,0.292,0.284367,2.323059,0.932006,0.248,0.236622,2.487153,0.97604,0.288408,0.233844,0.308702,,,,,,,0.05,0.0495,-0.10895,0.02412,0.5,-1.15018,0.005,0.001,64,0.5,7.596,,,4225688,9f9bb01aee1b,
M2_lap-a6d47e2ecf,sbm,M2_lap,train,none,5,7,0.01,,,,130,0.292,0.284395,2.320307,0.931497,0.247,0.235837,2.483996,0.975395,0.28833,0.233631,0.309142,,,,,,,0.05,0.0495,-0.10895,0.02412,0.5,-1.15018,0.005,0.001,64,0.5,7.559,,,4225688,9f9bb01aee1b,
M2_lap-e9aafa99f6,sbm,M2_lap,train,none,5,7,0.1,,,,152,0.292,0.281912,2.363429,0.937608,0.247,0.234652,2.533901,0.981427,0.301402,0.237376,0.308349,,,,,,,0.05,0.0495,-0.10895,0.02412,0.5,-1.15018,0.005,0.001,64,0.5,8.868,,,4225688,9f9bb01aee1b,
M2_lap-f0d4c2c674,sbm,M2_lap,train,none,5,7,0.5,,,,50,0.286,0.281948,1.838788,0.822499,0.235,0.226746,1.897164,0.840624,0.049854,0.161607,0.299014,,,,,,,0.05,0.0495,-0.10895,0.02412,0.5,-1.15018,0.005,0.001,64,0.5,4.478,,,4225688,9f9bb01aee1b,
M2_lap-277e7b49b2,sbm,M2_lap,train,none,5,7,1.0,,,,50,0.296,0.29198,1.840466,0.823168,0.231,0.223958,1.89785,0.840979,0.053236,0.161172,0.29963,,,,,,,0.05,0.0495,-0.10895,0.02412,0.5,-1.15018,0.005,0.001,64,0.5,4.487,,,4225688,9f9bb01aee1b,
M2_lap-4e94127f8e,sbm,M2_lap,train,none,5,7,5.0,,,,44,0.292,0.28634,1.848799,0.82783,0.227,0.218101,1.890379,0.840426,0.043179,0.153783,0.305971,,,,,,,0.05,0.0495,-0.10895,0.02412,0.5,-1.15018,0.005,0.001,64,0.5,4.292,,,4225688,9f9bb01aee1b,
M4_mrf_gcn-7024cf7c21,sbm,M4_mrf_gcn,tuned_grid,mf,5,7,,0.05,,0,,0.286,0.278164,2.358306,0.941593,0.243,0.230413,2.526057,0.985842,0.301008,0.240863,0.322529,1,5,,,,,0.05,0.0495,-0.10895,0.02412,0.5,-1.15018,,,,,,0.0696,,4225688,9f9bb01aee1b,flip=0.0230
M4_mrf_mlp-6e85c69263,sbm,M4_mrf_mlp,tuned_grid,mf,5,7,,0.05,,0,,0.452,0.437184,1.501866,0.702355,0.433,0.428397,1.550814,0.719908,0.105442,0.144651,0.148934,1,4,,,,,0.05,0.0495,-0.10895,0.02412,0.5,-1.15018,,,,,,0.059,,4225688,9f9bb01aee1b,flip=0.0200
M4_mrf_gcn-0df0ef1170,sbm,M4_mrf_gcn,tuned_grid,mf,5,7,,0.1,,0,,0.28,0.270044,2.397107,0.952214,0.238,0.224558,2.568895,0.99679,0.31457,0.248438,0.332746,1,6,,,,,0.05,0.0495,-0.10895,0.02412,0.5,-1.15018,,,,,,0.0716,,4225688,9f9bb01aee1b,flip=0.0380
M4_mrf_mlp-2e2a0157d1,sbm,M4_mrf_mlp,tuned_grid,mf,5,7,,0.1,,0,,0.444,0.428012,1.507185,0.704562,0.431,0.426502,1.556936,0.722277,0.104958,0.145949,0.152898,1,5,,,,,0.05,0.0495,-0.10895,0.02412,0.5,-1.15018,,,,,,0.0538,,4225688,9f9bb01aee1b,flip=0.0270
M4_mrf_gcn-a793b135fc,sbm,M4_mrf_gcn,tuned_grid,mf,5,7,,0.25,,0,,0.262,0.246929,2.542297,0.992689,0.232,0.215878,2.729548,1.038737,0.352665,0.276185,0.376431,1,10,,,,,0.05,0.0495,-0.10895,0.02412,0.5,-1.15018,,,,,,0.1157,,4225688,9f9bb01aee1b,flip=0.1000
M4_mrf_mlp-c4f1c0a30d,sbm,M4_mrf_mlp,tuned_grid,mf,5,7,,0.25,,0,,0.42,0.400764,1.524786,0.711904,0.418,0.41449,1.577343,0.730258,0.085348,0.150587,0.175973,1,8,,,,,0.05,0.0495,-0.10895,0.02412,0.5,-1.15018,,,,,,0.0894,,4225688,9f9bb01aee1b,flip=0.0700
M4_mrf_gcn-aa129407de,sbm,M4_mrf_gcn,tuned_grid,mf,5,7,,0.5,,0,,0.244,0.202736,3.053238,1.133351,0.197,0.165951,3.298256,1.19013,0.494431,0.390491,0.504932,1,58,,,,,0.05,0.0495,-0.10895,0.02412,0.5,-1.15018,,,,,,0.8026,,4225688,9f9bb01aee1b,flip=0.3100
M4_mrf_mlp-55da4a6946,sbm,M4_mrf_mlp,tuned_grid,mf,5,7,,0.5,,0,,0.366,0.341044,1.589261,0.74033,0.364,0.35795,1.650879,0.761621,0.048352,0.174811,0.294081,1,124,,,,,0.05,0.0495,-0.10895,0.02412,0.5,-1.15018,,,,,,2.0244,,4225688,9f9bb01aee1b,flip=0.2610
M4_mrf_gcn-36e1b8246d,sbm,M4_mrf_gcn,tuned_grid,mf,5,7,,1.0,,0,,0.152,0.054875,7.040237,1.613149,0.147,0.064094,7.501295,1.641443,0.80883,0.931667,0.963273,1,34,,,,,0.05,0.0495,-0.10895,0.02412,0.5,-1.15018,,,,,,0.4359,,4225688,9f9bb01aee1b,flip=0.6960
M4_mrf_mlp-032a3d079e,sbm,M4_mrf_mlp,tuned_grid,mf,5,7,,1.0,,0,,0.164,0.043762,6.247991,1.614647,0.144,0.035996,6.534221,1.656179,0.830729,0.972099,0.998943,1,12,,,,,0.05,0.0495,-0.10895,0.02412,0.5,-1.15018,,,,,,0.1431,,4225688,9f9bb01aee1b,flip=0.8150
M4_mrf_gcn-76821df0cf,sbm,M4_mrf_gcn,tuned_grid,mf,5,7,,2.0,,0,,0.146,0.039888,14.045771,1.697647,0.133,0.033599,14.717967,1.725568,0.862637,0.995743,0.998327,1,15,,,,,0.05,0.0495,-0.10895,0.02412,0.5,-1.15018,,,,,,0.2732,,4225688,9f9bb01aee1b,flip=0.7370
M4_mrf_mlp-e7c72948b6,sbm,M4_mrf_mlp,tuned_grid,mf,5,7,,2.0,,0,,0.162,0.039833,13.037401,1.669646,0.144,0.035964,13.627043,1.706803,0.853625,0.998676,0.999912,1,7,,,,,0.05,0.0495,-0.10895,0.02412,0.5,-1.15018,,,,,,0.0752,,4225688,9f9bb01aee1b,flip=0.8160
OF-a8de6f550b,sbm,Oracle_F,oracle,closed_form,5,7,,,,,,0.716,,,,0.723,,,,,,,,,,,,,0.05,0.0495,-0.10895,0.02412,0.5,-1.15018,,,,,,,,4225688,9f9bb01aee1b,"feature-only Bayes rule, known generative parameters"
OG-16a74277a7,sbm,Oracle_G,oracle,mf,5,7,,-1.15018,,,,0.758,0.757166,0.700767,0.340435,0.77,0.769515,0.660062,0.324087,0.046918,0.058351,0.044566,1,27,,,,,0.05,0.0495,-0.10895,0.02412,0.5,-1.15018,,,,,,,,4225688,9f9bb01aee1b,true Gaussian unaries + generator-implied coupling
M0_mlp-def6ea8547,sbm,M0_mlp,train,none,20,7,0.0,,,,21,0.602,0.598341,1.136972,0.542559,0.597,0.59879,1.122623,0.537128,0.046962,0.132734,0.121015,,,,,,,0.05,0.0495,-0.10895,0.02412,0.5,-1.15018,0.01,0.0005,64,0.5,0.421,,results/logits/M0_mlp-def6ea8547.npz,4225688,9f9bb01aee1b,
M1_gcn-a272ff1f83,sbm,M1_gcn,train,none,20,7,0.0,,,,61,0.32,0.314545,1.74533,0.793837,0.317,0.313174,1.741777,0.79279,0.057725,0.169047,0.277611,,,,,,,0.05,0.0495,-0.10895,0.02412,0.5,-1.15018,0.005,0.001,64,0.5,4.265,,results/logits/M1_gcn-a272ff1f83.npz,4225688,9f9bb01aee1b,
LP-66a92b5b45,sbm,LP,closed_form,label_prop,20,7,,,,,,0.106,0.088951,2.009547,0.880491,0.117,0.089647,1.996289,0.876042,0.106205,0.157108,0.437819,,,,,,,0.05,0.0495,-0.10895,0.02412,0.5,-1.15018,,,,,,,,4225688,9f9bb01aee1b,uses train labels as inference-time evidence
M2_lap-9d209c4da1,sbm,M2_lap,train,none,20,7,0.001,,,,50,0.318,0.313262,1.747485,0.795213,0.313,0.308062,1.743233,0.793392,0.047649,0.159452,0.279461,,,,,,,0.05,0.0495,-0.10895,0.02412,0.5,-1.15018,0.005,0.001,64,0.5,4.746,,,4225688,9f9bb01aee1b,
M2_lap-a9f205c5cf,sbm,M2_lap,train,none,20,7,0.01,,,,47,0.318,0.316208,1.751987,0.796872,0.311,0.306324,1.747948,0.79491,0.046988,0.15665,0.281134,,,,,,,0.05,0.0495,-0.10895,0.02412,0.5,-1.15018,0.005,0.001,64,0.5,4.009,,,4225688,9f9bb01aee1b,
M2_lap-5c71b489c7,sbm,M2_lap,train,none,20,7,0.1,,,,47,0.32,0.318046,1.75233,0.796968,0.311,0.306533,1.748633,0.795141,0.045125,0.15641,0.280342,,,,,,,0.05,0.0495,-0.10895,0.02412,0.5,-1.15018,0.005,0.001,64,0.5,4.035,,,4225688,9f9bb01aee1b,
M2_lap-273bdb466f,sbm,M2_lap,train,none,20,7,0.5,,,,47,0.32,0.317635,1.754952,0.797773,0.311,0.307265,1.751783,0.796203,0.051504,0.155425,0.278844,,,,,,,0.05,0.0495,-0.10895,0.02412,0.5,-1.15018,0.005,0.001,64,0.5,4.014,,,4225688,9f9bb01aee1b,
M2_lap-6d5403832e,sbm,M2_lap,train,none,20,7,1.0,,,,38,0.318,0.315151,1.78881,0.809171,0.304,0.300133,1.783937,0.806977,0.084233,0.149433,0.284129,,,,,,,0.05,0.0495,-0.10895,0.02412,0.5,-1.15018,0.005,0.001,64,0.5,4.081,,,4225688,9f9bb01aee1b,
M2_lap-9ba506073a,sbm,M2_lap,train,none,20,7,5.0,,,,31,0.322,0.318774,1.833768,0.823543,0.308,0.304508,1.832273,0.822878,0.113973,0.14547,0.2777,,,,,,,0.05,0.0495,-0.10895,0.02412,0.5,-1.15018,0.005,0.001,64,0.5,3.966,,,4225688,9f9bb01aee1b,
M4_mrf_gcn-2d4bace087,sbm,M4_mrf_gcn,tuned_grid,mf,20,7,,0.05,,0,,0.312,0.306473,1.75548,0.797706,0.311,0.307143,1.752717,0.797166,0.066774,0.171648,0.285538,1,4,,,,,0.05,0.0495,-0.10895,0.02412,0.5,-1.15018,,,,,,0.0764,,4225688,9f9bb01aee1b,flip=0.0130
M4_mrf_mlp-8580458288,sbm,M4_mrf_mlp,tuned_grid,mf,20,7,,0.05,,0,,0.596,0.591429,1.146433,0.546769,0.595,0.596608,1.131617,0.541168,0.050263,0.135574,0.126916,1,4,,,,,0.05,0.0495,-0.10895,0.02412,0.5,-1.15018,,,,,,0.0776,,4225688,9f9bb01aee1b,flip=0.0100
M4_mrf_gcn-c49e285ca0,sbm,M4_mrf_gcn,tuned_grid,mf,20,7,,0.1,,0,,0.31,0.303114,1.766535,0.801973,0.307,0.303403,1.764628,0.801992,0.069647,0.174491,0.295226,1,5,,,,,0.05,0.0495,-0.10895,0.02412,0.5,-1.15018,,,,,,0.0545,,4225688,9f9bb01aee1b,flip=0.0290
M4_mrf_mlp-5751e07545,sbm,M4_mrf_mlp,tuned_grid,mf,20,7,,0.1,,0,,0.59,0.585326,1.156318,0.551189,0.591,0.592479,1.141093,0.545442,0.044759,0.138484,0.132288,1,5,,,,,0.05,0.0495,-0.10895,0.02412,0.5,-1.15018,,,,,,0.0392,,4225688,9f9bb01aee1b,flip=0.0230
M4_mrf_gcn-882fddbf29,sbm,M4_mrf_gcn,tuned_grid,mf,20,7,,0.25,,0,,0.292,0.283397,1.807674,0.81829,0.287,0.283441,1.809201,0.820608,0.092686,0.185302,0.326581,1,9,,,,,0.05,0.0495,-0.10895,0.02412,0.5,-1.15018,,,,,,0.1444,,4225688,9f9bb01aee1b,flip=0.0850
M4_mrf_mlp-3416610026,sbm,M4_mrf_mlp,tuned_grid,mf,20,7,,0.25,,0,,0.572,0.567357,1.189364,0.566064,0.576,0.577716,1.173207,0.560035,0.039883,0.147879,0.148934,1,7,,,,,0.05,0.0495,-0.10895,0.02412,0.5,-1.15018,,,,,,0.1458,,4225688,9f9bb01aee1b,flip=0.0570
M4_mrf_gcn-4f94a405b2,sbm,M4_mrf_gcn,tuned_grid,mf,20,7,,0.5,,0,,0.28,0.26075,1.963106,0.883087,0.246,0.231692,1.988505,0.89956,0.221917,0.238465,0.420821,1,102,,,,,0.05,0.0495,-0.10895,0.02412,0.5,-1.15018,,,,,,1.9111,,4225688,9f9bb01aee1b,flip=0.2680
M4_mrf_mlp-67af92f9ae,sbm,M4_mrf_mlp,tuned_grid,mf,20,7,,0.5,,0,,0.536,0.527593,1.267293,0.600646,0.538,0.539293,1.249379,0.59519,0.048791,0.168633,0.18848,1,16,,,,,0.05,0.0495,-0.10895,0.02412,0.5,-1.15018,,,,,,0.3697,,4225688,9f9bb01aee1b,flip=0.1470
M4_mrf_gcn-6dec0bae9e,sbm,M4_mrf_gcn,tuned_grid,mf,20,7,,1.0,,0,,0.15,0.037332,6.277837,1.633578,0.144,0.041285,6.491075,1.650023,0.821384,0.962372,0.994627,1,19,,,,,0.05,0.0495,-0.10895,0.02412,0.5,-1.15018,,,,,,0.347,,4225688,9f9bb01aee1b,flip=0.8110
M4_mrf_mlp-28aec59262,sbm,M4_mrf_mlp,tuned_grid,mf,20,7,,1.0,,0,,0.144,0.072268,5.418414,1.603926,0.159,0.065137,5.320493,1.571483,0.789399,0.925877,0.975339,1,26,,,,,0.05,0.0495,-0.10895,0.02412,0.5,-1.15018,,,,,,0.4718,,4225688,9f9bb01aee1b,flip=0.8110
M4_mrf_gcn-755bcc96d0,sbm,M4_mrf_gcn,tuned_grid,mf,20,7,,2.0,,0,,0.15,0.037267,13.063514,1.697368,0.141,0.035338,13.455602,1.710993,0.855498,0.997964,0.999736,1,32,,,,,0.05,0.0495,-0.10895,0.02412,0.5,-1.15018,,,,,,0.5403,,4225688,9f9bb01aee1b,flip=0.8200
M4_mrf_mlp-05685c2ca3,sbm,M4_mrf_mlp,tuned_grid,mf,20,7,,2.0,,0,,0.122,0.031067,12.615785,1.751563,0.146,0.039899,12.406184,1.698282,0.849037,0.996155,0.998855,1,18,,,,,0.05,0.0495,-0.10895,0.02412,0.5,-1.15018,,,,,,0.4005,,4225688,9f9bb01aee1b,flip=0.8270
OF-f1b110d7e1,sbm,Oracle_F,oracle,closed_form,20,7,,,,,,0.726,,,,0.708,,,,,,,,,,,,,0.05,0.0495,-0.10895,0.02412,0.5,-1.15018,,,,,,,,4225688,9f9bb01aee1b,"feature-only Bayes rule, known generative parameters"
OG-46cdb75c3e,sbm,Oracle_G,oracle,mf,20,7,,-1.15018,,,,0.75,0.745874,0.736472,0.349774,0.751,0.750942,0.675785,0.338134,0.044646,0.058351,0.044566,1,27,,,,,0.05,0.0495,-0.10895,0.02412,0.5,-1.15018,,,,,,,,4225688,9f9bb01aee1b,true Gaussian unaries + generator-implied coupling
M0_mlp-c39573492a,sbm,M0_mlp,train,none,1,8,0.0,,,,46,0.334,0.327252,1.912624,0.853457,0.321,0.315012,1.905324,0.859592,0.209805,0.146908,0.15085,,,,,,,0.05,0.04888,-0.10968,0.02445,0.5,-1.15018,0.01,0.0005,64,0.5,0.619,,results/logits/M0_mlp-c39573492a.npz,4225688,9f9bb01aee1b,
M1_gcn-29566a7952,sbm,M1_gcn,train,none,1,8,0.0,,,,8,0.192,0.141718,1.927459,0.85176,0.177,0.133913,1.933007,0.853588,0.033089,0.144202,0.480842,,,,,,,0.05,0.04888,-0.10968,0.02445,0.5,-1.15018,0.005,0.001,64,0.5,2.879,,results/logits/M1_gcn-29566a7952.npz,4225688,9f9bb01aee1b,
LP-55fe7416e2,sbm,LP,closed_form,label_prop,1,8,,,,,,0.164,0.061808,2.005521,0.870733,0.131,0.042042,2.055314,0.878976,0.0779,0.162488,0.893912,,,,,,,0.05,0.04888,-0.10968,0.02445,0.5,-1.15018,,,,,,,,4225688,9f9bb01aee1b,uses train labels as inference-time evidence
M2_lap-aea34931e8,sbm,M2_lap,train,none,1,8,0.001,,,,8,0.192,0.141718,1.927459,0.85176,0.177,0.133913,1.933007,0.853588,0.033089,0.144202,0.480842,,,,,,,0.05,0.04888,-0.10968,0.02445,0.5,-1.15018,0.005,0.001,64,0.5,2.872,,,4225688,9f9bb01aee1b,
M2_lap-053dc9ebf3,sbm,M2_lap,train,none,1,8,0.01,,,,8,0.192,0.141718,1.927462,0.851761,0.177,0.133915,1.93301,0.853588,0.033088,0.144202,0.481021,,,,,,,0.05,0.04888,-0.10968,0.02445,0.5,-1.15018,0.005,0.001,64,0.5,2.694,,,4225688,9f9bb01aee1b,
M2_lap-36ba229f3d,sbm,M2_lap,train,none,1,8,0.1,,,,8,0.192,0.141718,1.927467,0.851762,0.177,0.133915,1.93301,0.853588,0.03353,0.144201,0.480752,,,,,,,0.05,0.04888,-0.10968,0.02445,0.5,-1.15018,0.005,0.001,64,0.5,2.617,,,4225688,9f9bb01aee1b,
M2_lap-93bc409781,sbm,M2_lap,train,none,1,8,0.5,,,,8,0.192,0.141446,1.927489,0.851768,0.177,0.133869,1.93301,0.853588,0.03554,0.144195,0.479946,,,,,,,0.05,0.04888,-0.10968,0.02445,0.5,-1.15018,0.005,0.001,64,0.5,2.423,,,4225688,9f9bb01aee1b,
M2_lap-279deb32d1,sbm,M2_lap,train,none,1,8,1.0,,,,8,0.192,0.141515,1.927518,0.851776,0.177,0.133806,1.933006,0.853585,0.033554,0.144188,0.478693,,,,,,,0.05,0.04888,-0.10968,0.02445,0.5,-1.15018,0.005,0.001,64,0.5,2.612,,,4225688,9f9bb01aee1b,
M2_lap-c125cea452,sbm,M2_lap,train,none,1,8,5.0,,,,6,0.192,0.141771,1.930195,0.85256,0.178,0.140148,1.935277,0.854161,0.032612,0.143796,0.468577,,,,,,,0.05,0.04888,-0.10968,0.02445,0.5,-1.15018,0.005,0.001,64,0.5,2.51,,,4225688,9f9bb01aee1b,
M4_mrf_gcn-430ef74435,sbm,M4_mrf_gcn,tuned_grid,mf,1,8,,0.05,,0,,0.186,0.130918,1.927717,0.851823,0.176,0.130897,1.933503,0.853742,0.031053,0.144375,0.499821,1,4,,,,,0.05,0.04888,-0.10968,0.02445,0.5,-1.15018,,,,,,0.055,,4225688,9f9bb01aee1b,flip=0.0240
M4_mrf_mlp-9b7515c8ac,sbm,M4_mrf_mlp,tuned_grid,mf,1,8,,0.05,,0,,0.328,0.321967,1.921101,0.856724,0.318,0.31221,1.911666,0.861395,0.213428,0.149941,0.156043,1,4,,,,,0.05,0.04888,-0.10968,0.02445,0.5,-1.15018,,,,,,0.0313,,4225688,9f9bb01aee1b,flip=0.0100
M4_mrf_gcn-ae4dd0b55d,sbm,M4_mrf_gcn,tuned_grid,mf,1,8,,0.1,,0,,0.188,0.132035,1.92803,0.851899,0.172,0.124583,1.9341,0.853928,0.024969,0.144583,0.521128,1,5,,,,,0.05,0.04888,-0.10968,0.02445,0.5,-1.15018,,,,,,0.0753,,4225688,9f9bb01aee1b,flip=0.0450
M4_mrf_mlp-eb541fc70a,sbm,M4_mrf_mlp,tuned_grid,mf,1,8,,0.1,,0,,0.32,0.311839,1.931014,0.860442,0.318,0.311982,1.919365,0.863647,0.214421,0.153124,0.161683,1,5,,,,,0.05,0.04888,-0.10968,0.02445,0.5,-1.15018,,,,,,0.0534,,4225688,9f9bb01aee1b,flip=0.0220
M4_mrf_gcn-de036b7c1f,sbm,M4_mrf_gcn,tuned_grid,mf,1,8,,0.25,,0,,0.168,0.102057,1.929638,0.852307,0.162,0.108928,1.936991,0.854832,0.030652,0.145577,0.585855,1,8,,,,,0.05,0.04888,-0.10968,0.02445,0.5,-1.15018,,,,,,0.07,,4225688,9f9bb01aee1b,flip=0.1190
M4_mrf_mlp-74916b5548,sbm,M4_mrf_mlp,tuned_grid,mf,1,8,,0.25,,0,,0.302,0.293125,1.971044,0.874819,0.318,0.311477,1.952208,0.873639,0.220226,0.163972,0.181468,1,7,,,,,0.05,0.04888,-0.10968,0.02445,0.5,-1.15018,,,,,,0.1101,,4225688,9f9bb01aee1b,flip=0.0620
M4_mrf_gcn-27f31aad00,sbm,M4_mrf_gcn,tuned_grid,mf,1,8,,0.5,,0,,0.158,0.038983,3.100622,1.341117,0.148,0.036834,3.096865,1.33386,0.607294,0.68257,0.99991,1,35,,,,,0.05,0.04888,-0.10968,0.02445,0.5,-1.15018,,,,,,0.5931,,4225688,9f9bb01aee1b,flip=0.4780
M4_mrf_mlp-952ea07a00,sbm,M4_mrf_mlp,tuned_grid,mf,1,8,,0.5,,0,,0.29,0.276503,2.092307,0.91559,0.313,0.304043,2.05994,0.907776,0.248749,0.191104,0.228917,1,17,,,,,0.05,0.04888,-0.10968,0.02445,0.5,-1.15018,,,,,,0.276,,4225688,9f9bb01aee1b,flip=0.1460
M4_mrf_gcn-3c70154591,sbm,M4_mrf_gcn,tuned_grid,mf,1,8,,1.0,,0,,0.158,0.038983,6.917798,1.651437,0.148,0.036834,6.822422,1.653925,0.821217,0.977347,1.0,1,10,,,,,0.05,0.04888,-0.10968,0.02445,0.5,-1.15018,,,,,,0.125,,4225688,9f9bb01aee1b,flip=0.4780
M4_mrf_mlp-0806f3be5a,sbm,M4_mrf_mlp,tuned_grid,mf,1,8,,1.0,,0,,0.136,0.053852,6.20242,1.630101,0.176,0.069056,5.795842,1.542563,0.760424,0.919856,0.96974,1,29,,,,,0.05,0.04888,-0.10968,0.02445,0.5,-1.15018,,,,,,0.4648,,4225688,9f9bb01aee1b,flip=0.7670
M4_mrf_gcn-dab69e58e7,sbm,M4_mrf_gcn,tuned_grid,mf,1,8,,2.0,,0,,0.158,0.038983,13.838495,1.681843,0.148,0.036834,13.584499,1.695488,0.847088,0.998654,1.0,1,7,,,,,0.05,0.04888,-0.10968,0.02445,0.5,-1.15018,,,,,,0.0849,,4225688,9f9bb01aee1b,flip=0.4780
M4_mrf_mlp-438abbc11b,sbm,M4_mrf_mlp,tuned_grid,mf,1,8,,2.0,,0,,0.144,0.0393,13.122126,1.700724,0.141,0.042603,12.750876,1.703295,0.849912,0.99394,0.997404,1,33,,,,,0.05,0.04888,-0.10968,0.02445,0.5,-1.15018,,,,,,0.5254,,4225688,9f9bb01aee1b,flip=0.8210
OF-be9657b70f,sbm,Oracle_F,oracle,closed_form,1,8,,,,,,0.728,,,,0.715,,,,,,,,,,,,,0.05,0.04888,-0.10968,0.02445,0.5,-1.15018,,,,,,,,4225688,9f9bb01aee1b,"feature-only Bayes rule, known generative parameters"
OG-bf18a5ee0a,sbm,Oracle_G,oracle,mf,1,8,,-1.15018,,,,0.776,0.776537,0.669853,0.328218,0.757,0.755561,0.681183,0.342502,0.045766,0.05571,0.041361,1,26,,,,,0.05,0.04888,-0.10968,0.02445,0.5,-1.15018,,,,,,,,4225688,9f9bb01aee1b,true Gaussian unaries + generator-implied coupling
M0_mlp-9ec2fefe05,sbm,M0_mlp,train,none,5,8,0.0,,,,39,0.452,0.450637,1.80358,0.770198,0.414,0.409819,1.84777,0.797384,0.230799,0.139768,0.134915,,,,,,,0.05,0.04888,-0.10968,0.02445,0.5,-1.15018,0.01,0.0005,64,0.5,0.64,,results/logits/M0_mlp-9ec2fefe05.npz,4225688,9f9bb01aee1b,
M1_gcn-4db4490857,sbm,M1_gcn,train,none,5,8,0.0,,,,28,0.234,0.220375,1.896461,0.84228,0.224,0.209205,1.891497,0.841572,0.038688,0.146467,0.369114,,,,,,,0.05,0.04888,-0.10968,0.02445,0.5,-1.15018,0.005,0.001,64,0.5,2.994,,results/logits/M1_gcn-4db4490857.npz,4225688,9f9bb01aee1b,
LP-334dde10e7,sbm,LP,closed_form,label_prop,5,8,,,,,,0.136,0.046216,1.987263,0.869882,0.129,0.044048,2.007037,0.869143,0.081505,0.152616,0.852014,,,,,,,0.05,0.04888,-0.10968,0.02445,0.5,-1.15018,,,,,,,,4225688,9f9bb01aee1b,uses train labels as inference-time evidence
M2_lap-cd33c90a91,sbm,M2_lap,train,none,5,8,0.001,,,,28,0.234,0.220375,1.896461,0.842281,0.224,0.209205,1.891497,0.841572,0.038689,0.146467,0.369114,,,,,,,0.05,0.04888,-0.10968,0.02445,0.5,-1.15018,0.005,0.001,64,0.5,3.491,,,4225688,9f9bb01aee1b,
M2_lap-b12e2655d5,sbm,M2_lap,train,none,5,8,0.01,,,,28,0.234,0.220375,1.896484,0.842289,0.224,0.209205,1.89151,0.841576,0.038698,0.146464,0.369114,,,,,,,0.05,0.04888,-0.10968,0.02445,0.5,-1.15018,0.005,0.001,64,0.5,3.063,,,4225688,9f9bb01aee1b,
M2_lap-cd6b71ff3b,sbm,M2_lap,train,none,5,8,0.1,,,,28,0.232,0.218576,1.896439,0.842279,0.223,0.208415,1.891512,0.84158,0.039684,0.146445,0.368935,,,,,,,0.05,0.04888,-0.10968,0.02445,0.5,-1.15018,0.005,0.001,64,0.5,3.487,,,4225688,9f9bb01aee1b,
M2_lap-a218e6e779,sbm,M2_lap,train,none,5,8,0.5,,,,28,0.234,0.221081,1.896567,0.842333,0.222,0.208192,1.89165,0.841613,0.044563,0.146349,0.365533,,,,,,,0.05,0.04888,-0.10968,0.02445,0.5,-1.15018,0.005,0.001,64,0.5,3.169,,,4225688,9f9bb01aee1b,
M2_lap-3839b4b1a1,sbm,M2_lap,train,none,5,8,1.0,,,,28,0.234,0.220852,1.896706,0.842391,0.221,0.208015,1.89186,0.84167,0.036069,0.146258,0.363832,,,,,,,0.05,0.04888,-0.10968,0.02445,0.5,-1.15018,0.005,0.001,64,0.5,3.765,,,4225688,9f9bb01aee1b,
M2_lap-eaa589d631,sbm,M2_lap,train,none,5,8,5.0,,,,25,0.238,0.226757,1.902729,0.844326,0.224,0.214221,1.899414,0.843815,0.053283,0.144966,0.359087,,,,,,,0.05,0.04888,-0.10968,0.02445,0.5,-1.15018,0.005,0.001,64,0.5,3.117,,,4225688,9f9bb01aee1b,
M4_mrf_gcn-d302abd7a0,sbm,M4_mrf_gcn,tuned_grid,mf,5,8,,0.05,,0,,0.226,0.211631,1.89776,0.842647,0.216,0.201771,1.892857,0.84201,0.057488,0.146885,0.387287,1,4,,,,,0.05,0.04888,-0.10968,0.02445,0.5,-1.15018,,,,,,0.0398,,4225688,9f9bb01aee1b,flip=0.0270
M4_mrf_mlp-026737083f,sbm,M4_mrf_mlp,tuned_grid,mf,5,8,,0.05,,0,,0.45,0.448205,1.81197,0.772723,0.409,0.404131,1.858109,0.800494,0.235541,0.143141,0.138675,1,4,,,,,0.05,0.04888,-0.10968,0.02445,0.5,-1.15018,,,,,,0.044,,4225688,9f9bb01aee1b,flip=0.0100
M4_mrf_gcn-72920c52a2,sbm,M4_mrf_gcn,tuned_grid,mf,5,8,,0.1,,0,,0.218,0.200852,1.899235,0.843069,0.211,0.196372,1.89439,0.84251,0.042178,0.147383,0.407073,1,5,,,,,0.05,0.04888,-0.10968,0.02445,0.5,-1.15018,,,,,,0.0687,,4225688,9f9bb01aee1b,flip=0.0570
M4_mrf_mlp-80432f7255,sbm,M4_mrf_mlp,tuned_grid,mf,5,8,,0.1,,0,,0.444,0.441965,1.82159,0.775644,0.404,0.398929,1.869684,0.803985,0.240672,0.146632,0.1453,1,5,,,,,0.05,0.04888,-0.10968,0.02445,0.5,-1.15018,,,,,,0.0789,,4225688,9f9bb01aee1b,flip=0.0250
M4_mrf_gcn-b367306086,sbm,M4_mrf_gcn,tuned_grid,mf,5,8,,0.25,,0,,0.202,0.177575,1.905925,0.845109,0.199,0.178602,1.901242,0.844837,0.045193,0.149846,0.477261,1,9,,,,,0.05,0.04888,-0.10968,0.02445,0.5,-1.15018,,,,,,0.1172,,4225688,9f9bb01aee1b,flip=0.1420
M4_mrf_mlp-0c9b7f60b9,sbm,M4_mrf_mlp,tuned_grid,mf,5,8,,0.25,,0,,0.432,0.429645,1.85896,0.787107,0.399,0.392796,1.912903,0.817043,0.248321,0.158056,0.162757,1,7,,,,,0.05,0.04888,-0.10968,0.02445,0.5,-1.15018,,,,,,0.0741,,4225688,9f9bb01aee1b,flip=0.0590
M4_mrf_gcn-be8da1d0dc,sbm,M4_mrf_gcn,tuned_grid,mf,5,8,,0.5,,0,,0.132,0.033375,3.218638,1.372604,0.137,0.036335,3.153165,1.359184,0.632848,0.699854,0.998389,1,21,,,,,0.05,0.04888,-0.10968,0.02445,0.5,-1.15018,,,,,,0.3393,,4225688,9f9bb01aee1b,flip=0.6340
M4_mrf_mlp-59d1a8a5ec,sbm,M4_mrf_mlp,tuned_grid,mf,5,8,,0.5,,0,,0.418,0.41432,1.962076,0.81844,0.387,0.380836,2.02517,0.850829,0.27297,0.18286,0.199284,1,14,,,,,0.05,0.04888,-0.10968,0.02445,0.5,-1.15018,,,,,,0.148,,4225688,9f9bb01aee1b,flip=0.1230
M4_mrf_gcn-d901998e4d,sbm,M4_mrf_gcn,tuned_grid,mf,5,8,,1.0,,0,,0.132,0.033317,7.074797,1.689306,0.136,0.034296,6.917338,1.676998,0.834925,0.977415,0.999821,1,10,,,,,0.05,0.04888,-0.10968,0.02445,0.5,-1.15018,,,,,,0.1784,,4225688,9f9bb01aee1b,flip=0.6380
M4_mrf_mlp-3c4407950d,sbm,M4_mrf_mlp,tuned_grid,mf,5,8,,1.0,,0,,0.22,0.159571,5.080999,1.417563,0.202,0.141631,4.894445,1.436708,0.693488,0.796798,0.856312,1,47,,,,,0.05,0.04888,-0.10968,0.02445,0.5,-1.15018,,,,,,0.7025,,4225688,9f9bb01aee1b,flip=0.6980
M4_mrf_gcn-28a9d6a429,sbm,M4_mrf_gcn,tuned_grid,mf,5,8,,2.0,,0,,0.132,0.033317,14.085598,1.730196,0.136,0.034235,13.784603,1.71896,0.858992,0.998641,1.0,1,6,,,,,0.05,0.04888,-0.10968,0.02445,0.5,-1.15018,,,,,,0.044,,4225688,9f9bb01aee1b,flip=0.6400
M4_mrf_mlp-b805020fd2,sbm,M4_mrf_mlp,tuned_grid,mf,5,8,,2.0,,0,,0.168,0.054834,12.328986,1.646845,0.154,0.047263,12.028263,1.668793,0.83296,0.98809,0.994628,1,11,,,,,0.05,0.04888,-0.10968,0.02445,0.5,-1.15018,,,,,,0.0939,,4225688,9f9bb01aee1b,flip=0.8050
OF-01ef556a78,sbm,Oracle_F,oracle,closed_form,5,8,,,,,,0.74,,,,0.734,,,,,,,,,,,,,0.05,0.04888,-0.10968,0.02445,0.5,-1.15018,,,,,,,,4225688,9f9bb01aee1b,"feature-only Bayes rule, known generative parameters"
OG-077690bbb1,sbm,Oracle_G,oracle,mf,5,8,,-1.15018,,,,0.776,0.775839,0.64627,0.31787,0.782,0.781928,0.653849,0.320076,0.040775,0.05571,0.041361,1,26,,,,,0.05,0.04888,-0.10968,0.02445,0.5,-1.15018,,,,,,,,4225688,9f9bb01aee1b,true Gaussian unaries + generator-implied coupling
M0_mlp-7a0c7225db,sbm,M0_mlp,train,none,20,8,0.0,,,,18,0.618,0.617933,1.156405,0.552441,0.614,0.614398,1.157345,0.549006,0.134287,0.134236,0.111459,,,,,,,0.05,0.04888,-0.10968,0.02445,0.5,-1.15018,0.01,0.0005,64,0.5,0.326,,results/logits/M0_mlp-7a0c7225db.npz,4225688,9f9bb01aee1b,
M1_gcn-40b6d4d4bb,sbm,M1_gcn,train,none,20,8,0.0,,,,48,0.33,0.326688,1.754303,0.796697,0.335,0.332797,1.739997,0.79122,0.068112,0.15659,0.257833,,,,,,,0.05,0.04888,-0.10968,0.02445,0.5,-1.15018,0.005,0.001,64,0.5,2.996,,results/logits/M1_gcn-40b6d4d4bb.npz,4225688,9f9bb01aee1b,
LP-37437bfc26,sbm,LP,closed_form,label_prop,20,8,,,,,,0.118,0.107637,1.998477,0.876954,0.107,0.094284,2.025304,0.877696,0.103836,0.156407,0.426589,,,,,,,0.05,0.04888,-0.10968,0.02445,0.5,-1.15018,,,,,,,,4225688,9f9bb01aee1b,uses train labels as inference-time evidence
M2_lap-f5f31be67e,sbm,M2_lap,train,none,20,8,0.001,,,,48,0.33,0.326688,1.754312,0.796701,0.335,0.332797,1.740005,0.791224,0.070119,0.156588,0.257833,,,,,,,0.05,0.04888,-0.10968,0.02445,0.5,-1.15018,0.005,0.001,64,0.5,3.907,,,4225688,9f9bb01aee1b,
M2_lap-17b794e7ab,sbm,M2_lap,train,none,20,8,0.01,,,,48,0.33,0.326688,1.754406,0.796734,0.335,0.332797,1.740065,0.791249,0.064215,0.156567,0.257833,,,,,,,0.05,0.04888,-0.10968,0.02445,0.5,-1.15018,0.005,0.001,64,0.5,3.554,,,4225688,9f9bb01aee1b,
M2_lap-fc2a4031c8,sbm,M2_lap,train,none,20,8,0.1,,,,48,0.328,0.324834,1.75511,0.796962,0.332,0.329948,1.740741,0.791518,0.069872,0.156356,0.259266,,,,,,,0.05,0.04888,-0.10968,0.02445,0.5,-1.15018,0.005,0.001,64,0.5,3.398,,,4225688,9f9bb01aee1b,
M2_lap-8da671cbfa,sbm,M2_lap,train,none,20,8,0.5,,,,47,0.324,0.320919,1.760446,0.798726,0.33,0.328735,1.746703,0.793805,0.07478,0.154828,0.260519,,,,,,,0.05,0.04888,-0.10968,0.02445,0.5,-1.15018,0.005,0.001,64,0.5,3.488,,,4225688,9f9bb01aee1b,
M2_lap-b360b6bcee,sbm,M2_lap,train,none,20,8,1.0,,,,20,0.32,0.319052,1.865755,0.833306,0.314,0.311622,1.862934,0.832555,0.139439,0.144104,0.267413,,,,,,,0.05,0.04888,-0.10968,0.02445,0.5,-1.15018,0.005,0.001,64,0.5,3.038,,,4225688,9f9bb01aee1b,
M2_lap-1d89f70992,sbm,M2_lap,train,none,20,8,5.0,,,,18,0.33,0.329252,1.880282,0.837756,0.31,0.308394,1.878795,0.83742,0.146472,0.143673,0.266607,,,,,,,0.05,0.04888,-0.10968,0.02445,0.5,-1.15018,0.005,0.001,64,0.5,2.505,,,4225688,9f9bb01aee1b,
M4_mrf_gcn-85efcf119b,sbm,M4_mrf_gcn,tuned_grid,mf,20,8,,0.05,,0,,0.312,0.309844,1.76075,0.799065,0.322,0.320027,1.745279,0.793055,0.058022,0.157881,0.268666,1,4,,,,,0.05,0.04888,-0.10968,0.02445,0.5,-1.15018,,,,,,0.032,,4225688,9f9bb01aee1b,flip=0.0280
M4_mrf_mlp-6e1ac990e1,sbm,M4_mrf_mlp,tuned_grid,mf,20,8,,0.05,,0,,0.608,0.607981,1.165103,0.556466,0.615,0.61552,1.164818,0.552214,0.136552,0.136504,0.117816,1,4,,,,,0.05,0.04888,-0.10968,0.02445,0.5,-1.15018,,,,,,0.0442,,4225688,9f9bb01aee1b,flip=0.0110
M4_mrf_gcn-584cd8f057,sbm,M4_mrf_gcn,tuned_grid,mf,20,8,,0.1,,0,,0.3,0.298068,1.767552,0.801586,0.316,0.314142,1.750837,0.794993,0.057729,0.159276,0.27556,1,5,,,,,0.05,0.04888,-0.10968,0.02445,0.5,-1.15018,,,,,,0.0724,,4225688,9f9bb01aee1b,flip=0.0420
M4_mrf_mlp-2c3dcc8ab8,sbm,M4_mrf_mlp,tuned_grid,mf,20,8,,0.1,,0,,0.6,0.600138,1.173966,0.560603,0.612,0.612585,1.172512,0.555544,0.134929,0.13882,0.121755,1,5,,,,,0.05,0.04888,-0.10968,0.02445,0.5,-1.15018,,,,,,0.0938,,4225688,9f9bb01aee1b,flip=0.0190
M4_mrf_gcn-fc8f43c8d5,sbm,M4_mrf_gcn,tuned_grid,mf,20,8,,0.25,,0,,0.27,0.267843,1.791455,0.810713,0.304,0.302316,1.770229,0.801891,0.040966,0.164401,0.300895,1,8,,,,,0.05,0.04888,-0.10968,0.02445,0.5,-1.15018,,,,,,0.0595,,4225688,9f9bb01aee1b,flip=0.0900
M4_mrf_mlp-1f9106ca44,sbm,M4_mrf_mlp,tuned_grid,mf,20,8,,0.25,,0,,0.574,0.572585,1.202288,0.574088,0.597,0.597851,1.197672,0.566666,0.121402,0.146344,0.142435,1,7,,,,,0.05,0.04888,-0.10968,0.02445,0.5,-1.15018,,,,,,0.1066,,4225688,9f9bb01aee1b,flip=0.0670
M4_mrf_gcn-16c413bfd7,sbm,M4_mrf_gcn,tuned_grid,mf,20,8,,0.5,,0,,0.244,0.238635,1.865179,0.842509,0.282,0.278458,1.828529,0.824883,0.070056,0.18184,0.357296,1,34,,,,,0.05,0.04888,-0.10968,0.02445,0.5,-1.15018,,,,,,0.4374,,4225688,9f9bb01aee1b,flip=0.1960
M4_mrf_mlp-dcbab39a4a,sbm,M4_mrf_mlp,tuned_grid,mf,20,8,,0.5,,0,,0.532,0.528585,1.266073,0.606228,0.562,0.56266,1.25943,0.596115,0.07253,0.165127,0.187377,1,21,,,,,0.05,0.04888,-0.10968,0.02445,0.5,-1.15018,,,,,,0.2667,,4225688,9f9bb01aee1b,flip=0.1460
M4_mrf_gcn-6ebc0349ae,sbm,M4_mrf_gcn,tuned_grid,mf,20,8,,1.0,,0,,0.13,0.039926,6.543345,1.67833,0.15,0.042604,6.326766,1.628501,0.810507,0.964436,0.997941,1,20,,,,,0.05,0.04888,-0.10968,0.02445,0.5,-1.15018,,,,,,0.3683,,4225688,9f9bb01aee1b,flip=0.8340
M4_mrf_mlp-32379224af,sbm,M4_mrf_mlp,tuned_grid,mf,20,8,,1.0,,0,,0.174,0.053578,5.260964,1.543995,0.158,0.065972,5.491146,1.582632,0.78973,0.945865,0.990331,1,17,,,,,0.05,0.04888,-0.10968,0.02445,0.5,-1.15018,,,,,,0.0873,,4225688,9f9bb01aee1b,flip=0.8340
M4_mrf_gcn-d40ab13987,sbm,M4_mrf_gcn,tuned_grid,mf,20,8,,2.0,,0,,0.13,0.039869,13.567281,1.735711,0.148,0.038529,13.157865,1.695692,0.847692,0.997885,0.999642,1,13,,,,,0.05,0.04888,-0.10968,0.02445,0.5,-1.15018,,,,,,0.3014,,4225688,9f9bb01aee1b,flip=0.8410
M4_mrf_mlp-84b6e3ca9a,sbm,M4_mrf_mlp,tuned_grid,mf,20,8,,2.0,,0,,0.17,0.045191,11.859101,1.647629,0.144,0.037657,12.371398,1.700683,0.850807,0.997161,0.999821,1,9,,,,,0.05,0.04888,-0.10968,0.02445,0.5,-1.15018,,,,,,0.0681,,4225688,9f9bb01aee1b,flip=0.8490
OF-83ccf04848,sbm,Oracle_F,oracle,closed_form,20,8,,,,,,0.758,,,,0.738,,,,,,,,,,,,,0.05,0.04888,-0.10968,0.02445,0.5,-1.15018,,,,,,,,4225688,9f9bb01aee1b,"feature-only Bayes rule, known generative parameters"
OG-3a531415c0,sbm,Oracle_G,oracle,mf,20,8,,-1.15018,,,,0.796,0.794662,0.613069,0.295053,0.772,0.772739,0.680759,0.334539,0.036274,0.05571,0.041361,1,26,,,,,0.05,0.04888,-0.10968,0.02445,0.5,-1.15018,,,,,,,,4225688,9f9bb01aee1b,true Gaussian unaries + generator-implied coupling
M0_mlp-2f11839d04,sbm,M0_mlp,train,none,1,9,0.0,,,,30,0.27,0.264788,2.107485,0.913714,0.267,0.249563,2.200222,0.927358,0.215669,0.146855,0.165036,,,,,,,0.05,0.0468,-0.11208,0.02562,0.5,-1.15018,0.01,0.0005,64,0.5,0.425,,results/logits/M0_mlp-2f11839d04.npz,4225688,9f9bb01aee1b,
M1_gcn-3dc180c358,sbm,M1_gcn,train,none,1,9,0.0,,,,42,0.168,0.144116,2.046117,0.882492,0.16,0.126856,2.013864,0.876759,0.102905,0.162812,0.397064,,,,,,,0.05,0.0468,-0.11208,0.02562,0.5,-1.15018,0.005,0.001,64,0.5,2.987,,results/logits/M1_gcn-3dc180c358.npz,4225688,9f9bb01aee1b,
LP-4b0ef51e1d,sbm,LP,closed_form,label_prop,1,9,,,,,,0.132,0.040045,2.048314,0.871628,0.133,0.034203,2.019215,0.870568,0.072333,0.154745,0.959342,,,,,,,0.05,0.0468,-0.11208,0.02562,0.5,-1.15018,,,,,,,,4225688,9f9bb01aee1b,uses train labels as inference-time evidence
M2_lap-6aa147699f,sbm,M2_lap,train,none,1,9,0.001,,,,42,0.168,0.144116,2.046084,0.882486,0.16,0.126856,2.01385,0.876757,0.102898,0.162809,0.397064,,,,,,,0.05,0.0468,-0.11208,0.02562,0.5,-1.15018,0.005,0.001,64,0.5,3.694,,,4225688,9f9bb01aee1b,
M2_lap-3f5d1193cf,sbm,M2_lap,train,none,1,9,0.01,,,,42,0.168,0.144116,2.045949,0.882443,0.16,0.126856,2.013688,0.876707,0.104832,0.162784,0.396708,,,,,,,0.05,0.0468,-0.11208,0.02562,0.5,-1.15018,0.005,0.001,64,0.5,3.426,,,4225688,9f9bb01aee1b,
M2_lap-80ac94d8c6,sbm,M2_lap,train,none,1,9,0.1,,,,42,0.17,0.145942,2.045304,0.882264,0.16,0.126911,2.01306,0.87651,0.104354,0.162615,0.396085,,,,,,,0.05,0.0468,-0.11208,0.02562,0.5,-1.15018,0.005,0.001,64,0.5,3.473,,,4225688,9f9bb01aee1b,
M2_lap-fd8b5c0c2c,sbm,M2_lap,train,none,1,9,0.5,,,,41,0.17,0.143783,2.038686,0.880436,0.159,0.125523,2.007463,0.874739,0.094788,0.161392,0.397509,,,,,,,0.05,0.0468,-0.11208,0.02562,0.5,-1.15018,0.005,0.001,64,0.5,3.391,,,4225688,9f9bb01aee1b,
M2_lap-f6437f7416,sbm,M2_lap,train,none,1,9,1.0,,,,41,0.172,0.147575,2.035905,0.879662,0.154,0.122945,2.004809,0.873869,0.096005,0.160692,0.391637,,,,,,,0.05,0.0468,-0.11208,0.02562,0.5,-1.15018,0.005,0.001,64,0.5,3.753,,,4225688,9f9bb01aee1b,
M2_lap-4fd9553ee4,sbm,M2_lap,train,none,1,9,5.0,,,,35,0.172,0.145291,2.004002,0.871049,0.166,0.126023,1.978874,0.865826,0.066168,0.154589,0.399733,,,,,,,0.05,0.0468,-0.11208,0.02562,0.5,-1.15018,0.005,0.001,64,0.5,3.226,,,4225688,9f9bb01aee1b,
M4_mrf_gcn-4ec427fa26,sbm,M4_mrf_gcn,tuned_grid,mf,1,9,,0.05,,0,,0.164,0.137617,2.054908,0.884906,0.156,0.121653,2.022499,0.879462,0.108549,0.165129,0.412367,1,5,,,,,0.05,0.0468,-0.11208,0.02562,0.5,-1.15018,,,,,,0.1427,,4225688,9f9bb01aee1b,flip=0.0310
M4_mrf_mlp-1becd731e6,sbm,M4_mrf_mlp,tuned_grid,mf,1,9,,0.05,,0,,0.264,0.258028,2.114263,0.915651,0.263,0.245613,2.204115,0.928663,0.218701,0.149565,0.169306,1,4,,,,,0.05,0.0468,-0.11208,0.02562,0.5,-1.15018,,,,,,0.0318,,4225688,9f9bb01aee1b,flip=0.0140
M4_mrf_gcn-d9394b04f8,sbm,M4_mrf_gcn,tuned_grid,mf,1,9,,0.1,,0,,0.162,0.135636,2.06518,0.887832,0.154,0.116856,2.032717,0.88276,0.116167,0.167931,0.43016,1,6,,,,,0.05,0.0468,-0.11208,0.02562,0.5,-1.15018,,,,,,0.0357,,4225688,9f9bb01aee1b,flip=0.0500
M4_mrf_mlp-0d962a4da2,sbm,M4_mrf_mlp,tuned_grid,mf,1,9,,0.1,,0,,0.254,0.246974,2.122371,0.918023,0.264,0.24622,2.209437,0.93044,0.221388,0.152489,0.175534,1,5,,,,,0.05,0.0468,-0.11208,0.02562,0.5,-1.15018,,,,,,0.0308,,4225688,9f9bb01aee1b,flip=0.0240
M4_mrf_gcn-b4d9d336f7,sbm,M4_mrf_gcn,tuned_grid,mf,1,9,,0.25,,0,,0.146,0.113653,2.111814,0.902879,0.151,0.108425,2.080806,0.899871,0.150811,0.182418,0.498932,1,12,,,,,0.05,0.0468,-0.11208,0.02562,0.5,-1.15018,,,,,,0.0924,,4225688,9f9bb01aee1b,flip=0.1420
M4_mrf_mlp-8506997430,sbm,M4_mrf_mlp,tuned_grid,mf,1,9,,0.25,,0,,0.248,0.237932,2.157186,0.928589,0.263,0.241337,2.236797,0.939544,0.22967,0.163473,0.203559,1,9,,,,,0.05,0.0468,-0.11208,0.02562,0.5,-1.15018,,,,,,0.0729,,4225688,9f9bb01aee1b,flip=0.0760
M4_mrf_gcn-7c226a5614,sbm,M4_mrf_gcn,tuned_grid,mf,1,9,,0.5,,0,,0.156,0.045996,3.424664,1.382746,0.144,0.038068,3.465332,1.398273,0.656633,0.731548,0.993416,1,20,,,,,0.05,0.0468,-0.11208,0.02562,0.5,-1.15018,,,,,,0.2554,,4225688,9f9bb01aee1b,flip=0.6130
M4_mrf_mlp-8d684b2f69,sbm,M4_mrf_mlp,tuned_grid,mf,1,9,,0.5,,0,,0.25,0.224274,2.326872,0.982322,0.247,0.214123,2.403116,0.992666,0.299658,0.21839,0.304004,1,41,,,,,0.05,0.0468,-0.11208,0.02562,0.5,-1.15018,,,,,,0.6205,,4225688,9f9bb01aee1b,flip=0.2190
M4_mrf_gcn-8edcdbfa0c,sbm,M4_mrf_gcn,tuned_grid,mf,1,9,,1.0,,0,,0.154,0.038261,7.059799,1.649743,0.145,0.036245,7.224529,1.674375,0.834401,0.980427,0.999822,1,11,,,,,0.05,0.0468,-0.11208,0.02562,0.5,-1.15018,,,,,,0.0898,,4225688,9f9bb01aee1b,flip=0.6210
M4_mrf_mlp-032b5be206,sbm,M4_mrf_mlp,tuned_grid,mf,1,9,,1.0,,0,,0.156,0.046221,6.516478,1.610884,0.148,0.042529,6.750256,1.629617,0.810238,0.947269,0.988078,1,24,,,,,0.05,0.0468,-0.11208,0.02562,0.5,-1.15018,,,,,,0.342,,4225688,9f9bb01aee1b,flip=0.7390
M4_mrf_gcn-7539af11a7,sbm,M4_mrf_gcn,tuned_grid,mf,1,9,,2.0,,0,,0.154,0.038194,13.704912,1.684826,0.145,0.036214,14.105368,1.705678,0.852409,0.999071,1.0,1,7,,,,,0.05,0.0468,-0.11208,0.02562,0.5,-1.15018,,,,,,0.0705,,4225688,9f9bb01aee1b,flip=0.6220
M4_mrf_mlp-ab8330be9d,sbm,M4_mrf_mlp,tuned_grid,mf,1,9,,2.0,,0,,0.156,0.042523,13.248999,1.680791,0.146,0.038301,13.732796,1.702233,0.8506,0.997418,0.999466,1,7,,,,,0.05,0.0468,-0.11208,0.02562,0.5,-1.15018,,,,,,0.0723,,4225688,9f9bb01aee1b,flip=0.7480
OF-ca5277e5e2,sbm,Oracle_F,oracle,closed_form,1,9,,,,,,0.736,,,,0.738,,,,,,,,,,,,,0.05,0.0468,-0.11208,0.02562,0.5,-1.15018,,,,,,,,4225688,9f9bb01aee1b,"feature-only Bayes rule, known generative parameters"
OG-e26aaa2fd8,sbm,Oracle_G,oracle,mf,1,9,,-1.15018,,,,0.764,0.763491,0.683764,0.3339,0.791,0.790992,0.642707,0.31764,0.035163,0.05682,0.041103,1,32,,,,,0.05,0.0468,-0.11208,0.02562,0.5,-1.15018,,,,,,,,4225688,9f9bb01aee1b,true Gaussian unaries + generator-implied coupling
M0_mlp-a97b422ac1,sbm,M0_mlp,train,none,5,9,0.0,,,,23,0.41,0.406251,1.618843,0.75059,0.401,0.395227,1.572024,0.726989,0.059409,0.141985,0.134253,,,,,,,0.05,0.0468,-0.11208,0.02562,0.5,-1.15018,0.01,0.0005,64,0.5,0.368,,results/logits/M0_mlp-a97b422ac1.npz,4225688,9f9bb01aee1b,
M1_gcn-d6cd843c84,sbm,M1_gcn,train,none,5,9,0.0,,,,139,0.206,0.19888,2.772184,1.042862,0.217,0.211326,2.544342,1.021865,0.335952,0.221911,0.283007,,,,,,,0.05,0.0468,-0.11208,0.02562,0.5,-1.15018,0.005,0.001,64,0.5,6.473,,results/logits/M1_gcn-d6cd843c84.npz,4225688,9f9bb01aee1b,
LP-8858b14147,sbm,LP,closed_form,label_prop,5,9,,,,,,0.14,0.070345,2.071397,0.865993,0.144,0.067383,1.964059,0.863589,0.054399,0.148447,0.743327,,,,,,,0.05,0.0468,-0.11208,0.02562,0.5,-1.15018,,,,,,,,4225688,9f9bb01aee1b,uses train labels as inference-time evidence
M2_lap-ed7a7382f9,sbm,M2_lap,train,none,5,9,0.001,,,,86,0.202,0.19126,2.31809,0.951776,0.212,0.204942,2.163533,0.925492,0.227781,0.196164,0.295641,,,,,,,0.05,0.0468,-0.11208,0.02562,0.5,-1.15018,0.005,0.001,64,0.5,5.0,,,4225688,9f9bb01aee1b,
M2_lap-35bbabacff,sbm,M2_lap,train,none,5,9,0.01,,,,88,0.202,0.192892,2.333756,0.955569,0.212,0.205472,2.174916,0.929243,0.232445,0.196113,0.291103,,,,,,,0.05,0.0468,-0.11208,0.02562,0.5,-1.15018,0.005,0.001,64,0.5,5.246,,,4225688,9f9bb01aee1b,
M2_lap-b2d1249c1a,sbm,M2_lap,train,none,5,9,0.1,,,,138,0.206,0.199436,2.71146,1.032033,0.21,0.204518,2.49015,1.009129,0.328236,0.21846,0.282473,,,,,,,0.05,0.0468,-0.11208,0.02562,0.5,-1.15018,0.005,0.001,64,0.5,6.976,,,4225688,9f9bb01aee1b,
M2_lap-364e024f38,sbm,M2_lap,train,none,5,9,0.5,,,,132,0.202,0.195166,2.511602,0.992526,0.207,0.203197,2.316865,0.964664,0.275206,0.205632,0.282028,,,,,,,0.05,0.0468,-0.11208,0.02562,0.5,-1.15018,0.005,0.001,64,0.5,6.863,,,4225688,9f9bb01aee1b,
M2_lap-4a22ac1ec4,sbm,M2_lap,train,none,5,9,1.0,,,,87,0.194,0.185519,2.217087,0.925315,0.208,0.203246,2.07892,0.897963,0.18216,0.183939,0.291726,,,,,,,0.05,0.0468,-0.11208,0.02562,0.5,-1.15018,0.005,0.001,64,0.5,5.049,,,4225688,9f9bb01aee1b,
M2_lap-1f0279610a,sbm,M2_lap,train,none,5,9,5.0,,,,114,0.186,0.171042,2.103689,0.883893,0.196,0.190027,2.005119,0.863641,0.086154,0.167485,0.328203,,,,,,,0.05,0.0468,-0.11208,0.02562,0.5,-1.15018,0.005,0.001,64,0.5,6.002,,,4225688,9f9bb01aee1b,
M4_mrf_gcn-73495161b5,sbm,M4_mrf_gcn,tuned_grid,mf,5,9,,0.05,,0,,0.204,0.196295,2.806277,1.049945,0.21,0.204553,2.576495,1.029685,0.348923,0.228162,0.294217,1,4,,,,,0.05,0.0468,-0.11208,0.02562,0.5,-1.15018,,,,,,0.0358,,4225688,9f9bb01aee1b,flip=0.0210
M4_mrf_mlp-2e36d1ab46,sbm,M4_mrf_mlp,tuned_grid,mf,5,9,,0.05,,0,,0.398,0.39313,1.62505,0.752734,0.396,0.389821,1.578663,0.729591,0.060819,0.14425,0.140302,1,4,,,,,0.05,0.0468,-0.11208,0.02562,0.5,-1.15018,,,,,,0.0463,,4225688,9f9bb01aee1b,flip=0.0110
M4_mrf_gcn-a0804282c7,sbm,M4_mrf_gcn,tuned_grid,mf,5,9,,0.1,,0,,0.204,0.195586,2.843698,1.057858,0.21,0.204273,2.611889,1.03835,0.35573,0.234682,0.303737,1,5,,,,,0.05,0.0468,-0.11208,0.02562,0.5,-1.15018,,,,,,0.0609,,4225688,9f9bb01aee1b,flip=0.0400
M4_mrf_mlp-df821a05ef,sbm,M4_mrf_mlp,tuned_grid,mf,5,9,,0.1,,0,,0.404,0.398166,1.631994,0.755136,0.39,0.383713,1.585936,0.732456,0.06379,0.146626,0.149733,1,5,,,,,0.05,0.0468,-0.11208,0.02562,0.5,-1.15018,,,,,,0.0496,,4225688,9f9bb01aee1b,flip=0.0280
M4_mrf_gcn-81b949ee76,sbm,M4_mrf_gcn,tuned_grid,mf,5,9,,0.25,,0,,0.2,0.19211,2.978401,1.086808,0.208,0.201381,2.74061,1.069812,0.382975,0.256444,0.334253,1,9,,,,,0.05,0.0468,-0.11208,0.02562,0.5,-1.15018,,,,,,0.0603,,4225688,9f9bb01aee1b,flip=0.0890
M4_mrf_mlp-ae88e2219e,sbm,M4_mrf_mlp,tuned_grid,mf,5,9,,0.25,,0,,0.394,0.386624,1.658598,0.764364,0.379,0.372515,1.613014,0.743267,0.080864,0.154905,0.166548,1,8,,,,,0.05,0.0468,-0.11208,0.02562,0.5,-1.15018,,,,,,0.1214,,4225688,9f9bb01aee1b,flip=0.0760
M4_mrf_gcn-5cc223ee70,sbm,M4_mrf_gcn,tuned_grid,mf,5,9,,0.5,,0,,0.186,0.168951,3.304345,1.153238,0.199,0.185461,3.066911,1.146945,0.454021,0.307222,0.392616,1,26,,,,,0.05,0.0468,-0.11208,0.02562,0.5,-1.15018,,,,,,0.2857,,4225688,9f9bb01aee1b,flip=0.1870
M4_mrf_mlp-d472b4ae2b,sbm,M4_mrf_mlp,tuned_grid,mf,5,9,,0.5,,0,,0.362,0.34302,1.754539,0.799283,0.349,0.337946,1.712069,0.785809,0.141434,0.186037,0.244217,1,39,,,,,0.05,0.0468,-0.11208,0.02562,0.5,-1.15018,,,,,,0.5907,,4225688,9f9bb01aee1b,flip=0.1950
M4_mrf_gcn-65d51bb2c5,sbm,M4_mrf_gcn,tuned_grid,mf,5,9,,1.0,,0,,0.168,0.069249,6.306565,1.517883,0.155,0.084916,6.122326,1.536304,0.744835,0.815464,0.867438,1,130,,,,,0.05,0.0468,-0.11208,0.02562,0.5,-1.15018,,,,,,1.7539,,4225688,9f9bb01aee1b,flip=0.6770
M4_mrf_mlp-ddd992906b,sbm,M4_mrf_mlp,tuned_grid,mf,5,9,,1.0,,0,,0.166,0.048297,6.032381,1.585443,0.138,0.046484,6.023776,1.640588,0.819537,0.952607,0.990569,1,17,,,,,0.05,0.0468,-0.11208,0.02562,0.5,-1.15018,,,,,,0.2124,,4225688,9f9bb01aee1b,flip=0.8120
M4_mrf_gcn-bb013c0b78,sbm,M4_mrf_gcn,tuned_grid,mf,5,9,,2.0,,0,,0.162,0.039901,13.335563,1.6592,0.134,0.040931,13.346145,1.717485,0.856627,0.990167,0.99484,1,34,,,,,0.05,0.0468,-0.11208,0.02562,0.5,-1.15018,,,,,,0.4568,,4225688,9f9bb01aee1b,flip=0.7880
M4_mrf_mlp-278bf4f532,sbm,M4_mrf_mlp,tuned_grid,mf,5,9,,2.0,,0,,0.162,0.039901,12.737493,1.664841,0.132,0.03507,12.906058,1.728599,0.864004,0.997596,0.999377,1,10,,,,,0.05,0.0468,-0.11208,0.02562,0.5,-1.15018,,,,,,0.1779,,4225688,9f9bb01aee1b,flip=0.8190
OF-60cd4133f2,sbm,Oracle_F,oracle,closed_form,5,9,,,,,,0.72,,,,0.755,,,,,,,,,,,,,0.05,0.0468,-0.11208,0.02562,0.5,-1.15018,,,,,,,,4225688,9f9bb01aee1b,"feature-only Bayes rule, known generative parameters"
OG-35fc754036,sbm,Oracle_G,oracle,mf,5,9,,-1.15018,,,,0.76,0.759201,0.67754,0.347633,0.801,0.800931,0.607452,0.298391,0.033157,0.05682,0.041103,1,32,,,,,0.05,0.0468,-0.11208,0.02562,0.5,-1.15018,,,,,,,,4225688,9f9bb01aee1b,true Gaussian unaries + generator-implied coupling
M0_mlp-f15d7c7c34,sbm,M0_mlp,train,none,20,9,0.0,,,,50,0.586,0.586834,1.381692,0.600015,0.608,0.607258,1.326739,0.574669,0.163756,0.115934,0.110587,,,,,,,0.05,0.0468,-0.11208,0.02562,0.5,-1.15018,0.01,0.0005,64,0.5,0.507,,results/logits/M0_mlp-f15d7c7c34.npz,4225688,9f9bb01aee1b,
M1_gcn-51bb40fc39,sbm,M1_gcn,train,none,20,9,0.0,,,,55,0.322,0.315379,1.790485,0.805729,0.312,0.309303,1.783365,0.805214,0.052517,0.158283,0.274021,,,,,,,0.05,0.0468,-0.11208,0.02562,0.5,-1.15018,0.005,0.001,64,0.5,3.561,,results/logits/M1_gcn-51bb40fc39.npz,4225688,9f9bb01aee1b,
LP-54332a5df7,sbm,LP,closed_form,label_prop,20,9,,,,,,0.128,0.118941,1.997876,0.87807,0.126,0.113528,2.002163,0.878277,0.106067,0.1571,0.416459,,,,,,,0.05,0.0468,-0.11208,0.02562,0.5,-1.15018,,,,,,,,4225688,9f9bb01aee1b,uses train labels as inference-time evidence
M2_lap-1e1c47252f,sbm,M2_lap,train,none,20,9,0.001,,,,55,0.322,0.315379,1.790503,0.805736,0.312,0.309303,1.783379,0.805218,0.052524,0.158281,0.274021,,,,,,,0.05,0.0468,-0.11208,0.02562,0.5,-1.15018,0.005,0.001,64,0.5,4.118,,,4225688,9f9bb01aee1b,
M2_lap-0b7fba94b8,sbm,M2_lap,train,none,20,9,0.01,,,,55,0.322,0.315379,1.790485,0.805739,0.312,0.309303,1.783393,0.805229,0.052605,0.158245,0.274199,,,,,,,0.05,0.0468,-0.11208,0.02562,0.5,-1.15018,0.005,0.001,64,0.5,4.298,,,4225688,9f9bb01aee1b,
M2_lap-cb495b05bb,sbm,M2_lap,train,none,20,9,0.1,,,,55,0.324,0.317182,1.790651,0.805836,0.312,0.309267,1.783772,0.805396,0.052821,0.157917,0.274021,,,,,,,0.05,0.0468,-0.11208,0.02562,0.5,-1.15018,0.005,0.001,64,0.5,4.12,,,4225688,9f9bb01aee1b,
M2_lap-33b3a0c0d3,sbm,M2_lap,train,none,20,9,0.5,,,,57,0.316,0.310469,1.791654,0.806093,0.308,0.30524,1.782866,0.805377,0.051435,0.157717,0.273932,,,,,,,0.05,0.0468,-0.11208,0.02562,0.5,-1.15018,0.005,0.001,64,0.5,4.138,,,4225688,9f9bb01aee1b,
M2_lap-7b8eab7c43,sbm,M2_lap,train,none,20,9,1.0,,,,40,0.312,0.301803,1.822872,0.818523,0.307,0.302689,1.821193,0.818423,0.086487,0.148435,0.275801,,,,,,,0.05,0.0468,-0.11208,0.02562,0.5,-1.15018,0.005,0.001,64,0.5,3.459,,,4225688,9f9bb01aee1b,
M2_lap-d259674306,sbm,M2_lap,train,none,20,9,5.0,,,,29,0.306,0.29602,1.871056,0.834574,0.302,0.296982,1.868358,0.833949,0.118463,0.144575,0.279626,,,,,,,0.05,0.0468,-0.11208,0.02562,0.5,-1.15018,0.005,0.001,64,0.5,3.465,,,4225688,9f9bb01aee1b,
M4_mrf_gcn-08b45c78f6,sbm,M4_mrf_gcn,tuned_grid,mf,20,9,,0.05,,0,,0.314,0.306677,1.797811,0.808412,0.308,0.304944,1.789985,0.807623,0.053933,0.159798,0.285943,1,4,,,,,0.05,0.0468,-0.11208,0.02562,0.5,-1.15018,,,,,,0.0351,,4225688,9f9bb01aee1b,flip=0.0140
M4_mrf_mlp-a5bb875b07,sbm,M4_mrf_mlp,tuned_grid,mf,20,9,,0.05,,0,,0.582,0.582547,1.393854,0.604416,0.605,0.60411,1.336763,0.578053,0.166361,0.11878,0.11379,1,4,,,,,0.05,0.0468,-0.11208,0.02562,0.5,-1.15018,,,,,,0.0357,,4225688,9f9bb01aee1b,flip=0.0090
M4_mrf_gcn-d02ee4ddf5,sbm,M4_mrf_gcn,tuned_grid,mf,20,9,,0.1,,0,,0.318,0.310434,1.805562,0.811286,0.299,0.295501,1.797078,0.810227,0.055676,0.16146,0.295996,1,5,,,,,0.05,0.0468,-0.11208,0.02562,0.5,-1.15018,,,,,,0.095,,4225688,9f9bb01aee1b,flip=0.0370
M4_mrf_mlp-4804434443,sbm,M4_mrf_mlp,tuned_grid,mf,20,9,,0.1,,0,,0.574,0.574023,1.406877,0.609068,0.602,0.600934,1.347592,0.581647,0.169012,0.121696,0.116904,1,5,,,,,0.05,0.0468,-0.11208,0.02562,0.5,-1.15018,,,,,,0.0462,,4225688,9f9bb01aee1b,flip=0.0140
M4_mrf_gcn-c81006c5f5,sbm,M4_mrf_gcn,tuned_grid,mf,20,9,,0.25,,0,,0.29,0.280354,1.833084,0.821883,0.286,0.280235,1.822866,0.819952,0.052889,0.167821,0.329804,1,8,,,,,0.05,0.0468,-0.11208,0.02562,0.5,-1.15018,,,,,,0.0707,,4225688,9f9bb01aee1b,flip=0.0940
M4_mrf_mlp-934934fa21,sbm,M4_mrf_mlp,tuned_grid,mf,20,9,,0.25,,0,,0.566,0.565196,1.451625,0.624656,0.603,0.601971,1.385282,0.593747,0.167034,0.130916,0.124822,1,6,,,,,0.05,0.0468,-0.11208,0.02562,0.5,-1.15018,,,,,,0.0627,,4225688,9f9bb01aee1b,flip=0.0280
M4_mrf_gcn-0aa438f82d,sbm,M4_mrf_gcn,tuned_grid,mf,20,9,,0.5,,0,,0.256,0.243719,1.92689,0.862684,0.257,0.246996,1.91209,0.857262,0.129256,0.193473,0.380249,1,45,,,,,0.05,0.0468,-0.11208,0.02562,0.5,-1.15018,,,,,,0.623,,4225688,9f9bb01aee1b,flip=0.2030
M4_mrf_mlp-0c8e4f9447,sbm,M4_mrf_mlp,tuned_grid,mf,20,9,,0.5,,0,,0.548,0.547258,1.549679,0.657192,0.591,0.589938,1.4687,0.618949,0.179331,0.148375,0.147242,1,10,,,,,0.05,0.0468,-0.11208,0.02562,0.5,-1.15018,,,,,,0.1223,,4225688,9f9bb01aee1b,flip=0.0650
M4_mrf_gcn-87975f39cc,sbm,M4_mrf_gcn,tuned_grid,mf,20,9,,1.0,,0,,0.166,0.045002,6.297652,1.608745,0.156,0.044586,6.398382,1.624068,0.804548,0.961285,0.996441,1,18,,,,,0.05,0.0468,-0.11208,0.02562,0.5,-1.15018,,,,,,0.1303,,4225688,9f9bb01aee1b,flip=0.8020
M4_mrf_mlp-dd44f1a8b8,sbm,M4_mrf_mlp,tuned_grid,mf,20,9,,1.0,,0,,0.492,0.489558,1.934054,0.771959,0.538,0.537397,1.803334,0.716721,0.256641,0.20658,0.21806,1,68,,,,,0.05,0.0468,-0.11208,0.02562,0.5,-1.15018,,,,,,0.8124,,4225688,9f9bb01aee1b,flip=0.1780
M4_mrf_gcn-814239250b,sbm,M4_mrf_gcn,tuned_grid,mf,20,9,,2.0,,0,,0.164,0.040255,13.054331,1.666778,0.153,0.037914,13.305573,1.686075,0.843016,0.998253,1.0,1,19,,,,,0.05,0.0468,-0.11208,0.02562,0.5,-1.15018,,,,,,0.2488,,4225688,9f9bb01aee1b,flip=0.8100
M4_mrf_mlp-8c58235b7d,sbm,M4_mrf_mlp,tuned_grid,mf,20,9,,2.0,,0,,0.162,0.093063,10.497762,1.639997,0.166,0.081826,10.211738,1.619461,0.812856,0.950308,0.959697,1,28,,,,,0.05,0.0468,-0.11208,0.02562,0.5,-1.15018,,,,,,0.423,,4225688,9f9bb01aee1b,flip=0.8000
OF-565dc6b63a,sbm,Oracle_F,oracle,closed_form,20,9,,,,,,0.732,,,,0.73,,,,,,,,,,,,,0.05,0.0468,-0.11208,0.02562,0.5,-1.15018,,,,,,,,4225688,9f9bb01aee1b,"feature-only Bayes rule, known generative parameters"
OG-637cfb15fe,sbm,Oracle_G,oracle,mf,20,9,,-1.15018,,,,0.794,0.793455,0.649717,0.311201,0.775,0.773982,0.653418,0.326967,0.032303,0.05682,0.041103,1,32,,,,,0.05,0.0468,-0.11208,0.02562,0.5,-1.15018,,,,,,,,4225688,9f9bb01aee1b,true Gaussian unaries + generator-implied coupling
