run_id,dataset,model,regime,inference_method,label_per_class,split_seed,lambda,beta,weighted_prior,clamped,best_epoch,val_acc,val_f1,val_nll,val_brier,test_acc,test_f1,test_nll,test_brier,ece,rule_score,edge_agreement,converged,iters,final_residual,ess_min,ess_median,rhat_max,target_h,empirical_h,adjusted_h,label_informativeness,sigma_x,beta_gen,lr,weight_decay,hidden,dropout,train_seconds,infer_seconds,logits_path,git_commit,protocol_hash,notes
M0_mlp-06b987acda,sbm,M0_mlp,train,none,1,0,0.0,,,,16,0.278,0.265642,1.837748,0.825275,0.271,0.253415,1.822019,0.819812,0.057838,0.148844,0.173159,,,,,,,0.15,0.15084,0.00925,0.00039,0.5,0.05966,0.01,0.0005,64,0.5,0.476,,results/logits/M0_mlp-06b987acda.npz,4225688,9f9bb01aee1b,
M1_gcn-dee4524b57,sbm,M1_gcn,train,none,1,0,0.0,,,,41,0.214,0.176942,1.935634,0.856376,0.236,0.203021,1.910865,0.846643,0.053317,0.161912,0.372255,,,,,,,0.15,0.15084,0.00925,0.00039,0.5,0.05966,0.005,0.001,64,0.5,2.804,,results/logits/M1_gcn-dee4524b57.npz,4225688,9f9bb01aee1b,
LP-366e4fbb8e,sbm,LP,closed_form,label_prop,1,0,,,,,,0.166,0.044606,1.976059,0.86573,0.139,0.040506,2.026471,0.872916,0.089113,0.157699,0.972436,,,,,,,0.15,0.15084,0.00925,0.00039,0.5,0.05966,,,,,,,,4225688,9f9bb01aee1b,uses train labels as inference-time evidence
M2_lap-0940641735,sbm,M2_lap,train,none,1,0,0.001,,,,41,0.214,0.176942,1.93563,0.856375,0.236,0.203021,1.910861,0.846642,0.053315,0.161911,0.372255,,,,,,,0.15,0.15084,0.00925,0.00039,0.5,0.05966,0.005,0.001,64,0.5,3.405,,,4225688,9f9bb01aee1b,
M2_lap-4b78f21712,sbm,M2_lap,train,none,1,0,0.01,,,,41,0.214,0.176942,1.935584,0.856357,0.236,0.203021,1.910799,0.846623,0.053297,0.161889,0.372164,,,,,,,0.15,0.15084,0.00925,0.00039,0.5,0.05966,0.005,0.001,64,0.5,3.297,,,4225688,9f9bb01aee1b,
M2_lap-d915cf0669,sbm,M2_lap,train,none,1,0,0.1,,,,41,0.214,0.176831,1.935359,0.856275,0.237,0.204771,1.910558,0.846539,0.055581,0.16178,0.372616,,,,,,,0.15,0.15084,0.00925,0.00039,0.5,0.05966,0.005,0.001,64,0.5,3.308,,,4225688,9f9bb01aee1b,
M2_lap-e7e9e56a66,sbm,M2_lap,train,none,1,0,0.5,,,,41,0.214,0.176847,1.934365,0.855907,0.237,0.204723,1.909729,0.846245,0.053626,0.161348,0.371351,,,,,,,0.15,0.15084,0.00925,0.00039,0.5,0.05966,0.005,0.001,64,0.5,3.529,,,4225688,9f9bb01aee1b,
M2_lap-b187a7f179,sbm,M2_lap,train,none,1,0,1.0,,,,40,0.216,0.178124,1.931212,0.85478,0.237,0.204491,1.907551,0.845575,0.04294,0.159963,0.37108,,,,,,,0.15,0.15084,0.00925,0.00039,0.5,0.05966,0.005,0.001,64,0.5,3.708,,,4225688,9f9bb01aee1b,
M2_lap-d91cc665e1,sbm,M2_lap,train,none,1,0,5.0,,,,38,0.218,0.182663,1.922441,0.851669,0.24,0.209033,1.900921,0.843617,0.040108,0.155166,0.365025,,,,,,,0.15,0.15084,0.00925,0.00039,0.5,0.05966,0.005,0.001,64,0.5,3.425,,,4225688,9f9bb01aee1b,
M4_mrf_gcn-3329870360,sbm,M4_mrf_gcn,tuned_grid,mf,1,0,,0.05,,0,,0.216,0.178379,1.941987,0.858283,0.233,0.199056,1.917267,0.848574,0.055405,0.163929,0.383642,1,4,,,,,0.15,0.15084,0.00925,0.00039,0.5,0.05966,,,,,,0.1533,,4225688,9f9bb01aee1b,flip=0.0210
M4_mrf_mlp-dfabe8da95,sbm,M4_mrf_mlp,tuned_grid,mf,1,0,,0.05,,0,,0.284,0.269488,1.839177,0.825632,0.271,0.25262,1.824098,0.820364,0.051338,0.15056,0.181835,1,4,,,,,0.15,0.15084,0.00925,0.00039,0.5,0.05966,,,,,,0.0596,,4225688,9f9bb01aee1b,flip=0.0150
M4_mrf_gcn-1ed7d9da4d,sbm,M4_mrf_gcn,tuned_grid,mf,1,0,,0.1,,0,,0.218,0.179326,1.949506,0.860553,0.235,0.198274,1.924838,0.850876,0.061785,0.166262,0.39521,1,5,,,,,0.15,0.15084,0.00925,0.00039,0.5,0.05966,,,,,,0.1087,,4225688,9f9bb01aee1b,flip=0.0490
M4_mrf_mlp-533a9ad99b,sbm,M4_mrf_mlp,tuned_grid,mf,1,0,,0.1,,0,,0.284,0.268668,1.841357,0.826241,0.269,0.249427,1.826978,0.821203,0.056029,0.152562,0.194487,1,5,,,,,0.15,0.15084,0.00925,0.00039,0.5,0.05966,,,,,,0.0879,,4225688,9f9bb01aee1b,flip=0.0430
M4_mrf_gcn-aedf5bc774,sbm,M4_mrf_gcn,tuned_grid,mf,1,0,,0.25,,0,,0.21,0.167809,1.982578,0.870794,0.226,0.186766,1.958157,0.86128,0.076045,0.176187,0.431451,1,9,,,,,0.15,0.15084,0.00925,0.00039,0.5,0.05966,,,,,,0.0933,,4225688,9f9bb01aee1b,flip=0.1130
M4_mrf_mlp-9f8fe54da6,sbm,M4_mrf_mlp,tuned_grid,mf,1,0,,0.25,,0,,0.28,0.260317,1.856112,0.830984,0.265,0.238863,1.844604,0.827194,0.079269,0.162353,0.256394,1,10,,,,,0.15,0.15084,0.00925,0.00039,0.5,0.05966,,,,,,0.1317,,4225688,9f9bb01aee1b,flip=0.1400
M4_mrf_gcn-aefdea7faf,sbm,M4_mrf_gcn,tuned_grid,mf,1,0,,0.5,,0,,0.166,0.050936,3.023616,1.29099,0.146,0.050564,3.077802,1.309956,0.595066,0.652516,0.978129,1,32,,,,,0.15,0.15084,0.00925,0.00039,0.5,0.05966,,,,,,0.3959,,4225688,9f9bb01aee1b,flip=0.7080
M4_mrf_mlp-32cccf04ae,sbm,M4_mrf_mlp,tuned_grid,mf,1,0,,0.5,,0,,0.16,0.057656,2.954564,1.275042,0.162,0.053673,2.966966,1.276841,0.590585,0.661379,0.974424,1,22,,,,,0.15,0.15084,0.00925,0.00039,0.5,0.05966,,,,,,0.2453,,4225688,9f9bb01aee1b,flip=0.6870
M4_mrf_gcn-f538d7bb69,sbm,M4_mrf_gcn,tuned_grid,mf,1,0,,1.0,,0,,0.166,0.040746,6.67223,1.620072,0.142,0.03747,6.915403,1.66966,0.83142,0.975284,0.999458,1,12,,,,,0.15,0.15084,0.00925,0.00039,0.5,0.05966,,,,,,0.1182,,4225688,9f9bb01aee1b,flip=0.7270
M4_mrf_mlp-32ba4ceb22,sbm,M4_mrf_mlp,tuned_grid,mf,1,0,,1.0,,0,,0.152,0.037698,6.615408,1.644739,0.154,0.038128,6.675009,1.640125,0.819445,0.975326,0.999548,1,9,,,,,0.15,0.15084,0.00925,0.00039,0.5,0.05966,,,,,,0.18,,4225688,9f9bb01aee1b,flip=0.7100
M4_mrf_gcn-adca6f77f8,sbm,M4_mrf_gcn,tuned_grid,mf,1,0,,2.0,,0,,0.166,0.040676,13.233355,1.66312,0.142,0.037439,13.757154,1.710718,0.854338,0.998363,0.99991,1,8,,,,,0.15,0.15084,0.00925,0.00039,0.5,0.05966,,,,,,0.0889,,4225688,9f9bb01aee1b,flip=0.7280
M4_mrf_mlp-4d0f0cb804,sbm,M4_mrf_mlp,tuned_grid,mf,1,0,,2.0,,0,,0.152,0.037698,13.259678,1.691877,0.154,0.038128,13.364974,1.685525,0.842778,0.998629,1.0,1,5,,,,,0.15,0.15084,0.00925,0.00039,0.5,0.05966,,,,,,0.0742,,4225688,9f9bb01aee1b,flip=0.7100
OF-1afd7b78e2,sbm,Oracle_F,oracle,closed_form,1,0,,,,,,0.758,,,,0.748,,,,,,,,,,,,,0.15,0.15084,0.00925,0.00039,0.5,0.05966,,,,,,,,4225688,9f9bb01aee1b,"feature-only Bayes rule, known generative parameters"
OG-6643096743,sbm,Oracle_G,oracle,mf,1,0,,0.05966,,,,0.75,0.750048,0.665251,0.326824,0.746,0.746516,0.72447,0.364356,0.039211,0.1491,0.150474,1,4,,,,,0.15,0.15084,0.00925,0.00039,0.5,0.05966,,,,,,,,4225688,9f9bb01aee1b,true Gaussian unaries + generator-implied coupling
M0_mlp-d14045ba54,sbm,M0_mlp,train,none,5,0,0.0,,,,136,0.47,0.467088,1.990303,0.829337,0.446,0.445446,2.095375,0.823091,0.311209,0.147795,0.147492,,,,,,,0.15,0.15084,0.00925,0.00039,0.5,0.05966,0.01,0.0005,64,0.5,1.499,,results/logits/M0_mlp-d14045ba54.npz,4225688,9f9bb01aee1b,
M1_gcn-a6a68a7ccf,sbm,M1_gcn,train,none,5,0,0.0,,,,105,0.304,0.301054,2.064251,0.889722,0.268,0.26518,2.175204,0.91021,0.240141,0.214453,0.303299,,,,,,,0.15,0.15084,0.00925,0.00039,0.5,0.05966,0.005,0.001,64,0.5,5.86,,results/logits/M1_gcn-a6a68a7ccf.npz,4225688,9f9bb01aee1b,
LP-842296e7a4,sbm,LP,closed_form,label_prop,5,0,,,,,,0.138,0.06522,1.99551,0.871053,0.127,0.061373,1.97968,0.867518,0.07275,0.153529,0.734026,,,,,,,0.15,0.15084,0.00925,0.00039,0.5,0.05966,,,,,,,,4225688,9f9bb01aee1b,uses train labels as inference-time evidence
M2_lap-ee5dd76712,sbm,M2_lap,train,none,5,0,0.001,,,,105,0.304,0.301054,2.063972,0.889647,0.268,0.26518,2.174905,0.910148,0.240029,0.214422,0.303299,,,,,,,0.15,0.15084,0.00925,0.00039,0.5,0.05966,0.005,0.001,64,0.5,6.49,,,4225688,9f9bb01aee1b,
M2_lap-2d278909d5,sbm,M2_lap,train,none,5,0,0.01,,,,105,0.304,0.301054,2.062802,0.889372,0.268,0.26518,2.173345,0.909798,0.239278,0.214248,0.303389,,,,,,,0.15,0.15084,0.00925,0.00039,0.5,0.05966,0.005,0.001,64,0.5,6.846,,,4225688,9f9bb01aee1b,
M2_lap-6a6924f285,sbm,M2_lap,train,none,5,0,0.1,,,,153,0.306,0.303436,2.249945,0.938075,0.26,0.256808,2.385626,0.961623,0.302225,0.230713,0.30357,,,,,,,0.15,0.15084,0.00925,0.00039,0.5,0.05966,0.005,0.001,64,0.5,8.383,,,4225688,9f9bb01aee1b,
M2_lap-fc68de7b84,sbm,M2_lap,train,none,5,0,0.5,,,,108,0.294,0.290499,2.015479,0.87747,0.265,0.261585,2.106169,0.892743,0.204205,0.205634,0.303841,,,,,,,0.15,0.15084,0.00925,0.00039,0.5,0.05966,0.005,0.001,64,0.5,6.389,,,4225688,9f9bb01aee1b,
M2_lap-6724f1cc2e,sbm,M2_lap,train,none,5,0,1.0,,,,47,0.286,0.28038,1.801915,0.814163,0.287,0.280719,1.835577,0.822673,0.037619,0.159536,0.305558,,,,,,,0.15,0.15084,0.00925,0.00039,0.5,0.05966,0.005,0.001,64,0.5,4.12,,,4225688,9f9bb01aee1b,
M2_lap-5867779eae,sbm,M2_lap,train,none,5,0,5.0,,,,33,0.272,0.263776,1.841776,0.826313,0.271,0.262576,1.857308,0.830553,0.060201,0.148636,0.315047,,,,,,,0.15,0.15084,0.00925,0.00039,0.5,0.05966,0.005,0.001,64,0.5,3.545,,,4225688,9f9bb01aee1b,
M4_mrf_gcn-fbd1bf83db,sbm,M4_mrf_gcn,tuned_grid,mf,5,0,,0.05,,0,,0.302,0.29919,2.086502,0.896369,0.263,0.260062,2.198825,0.917136,0.252461,0.219855,0.312065,1,4,,,,,0.15,0.15084,0.00925,0.00039,0.5,0.05966,,,,,,0.137,,4225688,9f9bb01aee1b,flip=0.0200
M4_mrf_mlp-bc6fc1da98,sbm,M4_mrf_mlp,tuned_grid,mf,5,0,,0.05,,0,,0.466,0.462686,1.992139,0.829522,0.444,0.443602,2.096721,0.823379,0.313189,0.150877,0.152824,1,4,,,,,0.15,0.15084,0.00925,0.00039,0.5,0.05966,,,,,,0.02,,4225688,9f9bb01aee1b,flip=0.0120
M4_mrf_gcn-88348e77c5,sbm,M4_mrf_gcn,tuned_grid,mf,5,0,,0.1,,0,,0.296,0.292585,2.111282,0.903897,0.262,0.259342,2.225119,0.92492,0.261581,0.225565,0.320831,1,5,,,,,0.15,0.15084,0.00925,0.00039,0.5,0.05966,,,,,,0.0468,,4225688,9f9bb01aee1b,flip=0.0330
M4_mrf_mlp-3c696f1d34,sbm,M4_mrf_mlp,tuned_grid,mf,5,0,,0.1,,0,,0.462,0.45831,1.995068,0.829902,0.445,0.444797,2.099218,0.823932,0.312446,0.154028,0.156349,1,5,,,,,0.15,0.15084,0.00925,0.00039,0.5,0.05966,,,,,,0.0955,,4225688,9f9bb01aee1b,flip=0.0170
M4_mrf_gcn-b7e828449f,sbm,M4_mrf_gcn,tuned_grid,mf,5,0,,0.25,,0,,0.294,0.289528,2.204056,0.932711,0.257,0.253988,2.323128,0.954148,0.295339,0.24512,0.343064,1,8,,,,,0.15,0.15084,0.00925,0.00039,0.5,0.05966,,,,,,0.1287,,4225688,9f9bb01aee1b,flip=0.0760
M4_mrf_mlp-57234958d6,sbm,M4_mrf_mlp,tuned_grid,mf,5,0,,0.25,,0,,0.462,0.457543,2.010804,0.832312,0.441,0.440277,2.114094,0.827311,0.318141,0.16395,0.165567,1,7,,,,,0.15,0.15084,0.00925,0.00039,0.5,0.05966,,,,,,0.0746,,4225688,9f9bb01aee1b,flip=0.0460
M4_mrf_gcn-e407de1d1c,sbm,M4_mrf_gcn,tuned_grid,mf,5,0,,0.5,,0,,0.29,0.281921,2.456308,1.010361,0.247,0.241889,2.581813,1.02909,0.370428,0.290306,0.388432,1,24,,,,,0.15,0.15084,0.00925,0.00039,0.5,0.05966,,,,,,0.3341,,4225688,9f9bb01aee1b,flip=0.1600
M4_mrf_mlp-675155ac8e,sbm,M4_mrf_mlp,tuned_grid,mf,5,0,,0.5,,0,,0.468,0.463573,2.063324,0.841419,0.441,0.439836,2.167554,0.839605,0.325397,0.182415,0.188613,1,12,,,,,0.15,0.15084,0.00925,0.00039,0.5,0.05966,,,,,,0.1227,,4225688,9f9bb01aee1b,flip=0.0850
M4_mrf_gcn-b758970111,sbm,M4_mrf_gcn,tuned_grid,mf,5,0,,1.0,,0,,0.16,0.085834,5.889089,1.543865,0.159,0.081897,6.047503,1.565586,0.766056,0.879144,0.931315,1,59,,,,,0.15,0.15084,0.00925,0.00039,0.5,0.05966,,,,,,0.7056,,4225688,9f9bb01aee1b,flip=0.7350
M4_mrf_mlp-4f9df272e5,sbm,M4_mrf_mlp,tuned_grid,mf,5,0,,1.0,,0,,0.442,0.435339,2.325419,0.894421,0.425,0.421935,2.465383,0.904788,0.378113,0.236835,0.255581,1,84,,,,,0.15,0.15084,0.00925,0.00039,0.5,0.05966,,,,,,1.0323,,4225688,9f9bb01aee1b,flip=0.2080
M4_mrf_gcn-538ebf3db1,sbm,M4_mrf_gcn,tuned_grid,mf,5,0,,2.0,,0,,0.14,0.042449,12.869261,1.698477,0.138,0.04202,13.006394,1.711685,0.854334,0.991883,0.996204,1,35,,,,,0.15,0.15084,0.00925,0.00039,0.5,0.05966,,,,,,0.4517,,4225688,9f9bb01aee1b,flip=0.7920
M4_mrf_mlp-4f9a0e4c79,sbm,M4_mrf_mlp,tuned_grid,mf,5,0,,2.0,,0,,0.184,0.088619,10.321555,1.58419,0.173,0.081258,10.730575,1.616277,0.803396,0.947535,0.956168,1,49,,,,,0.15,0.15084,0.00925,0.00039,0.5,0.05966,,,,,,0.6645,,4225688,9f9bb01aee1b,flip=0.7600
OF-d2985a5daf,sbm,Oracle_F,oracle,closed_form,5,0,,,,,,0.744,,,,0.74,,,,,,,,,,,,,0.15,0.15084,0.00925,0.00039,0.5,0.05966,,,,,,,,4225688,9f9bb01aee1b,"feature-only Bayes rule, known generative parameters"
OG-147701d1ad,sbm,Oracle_G,oracle,mf,5,0,,0.05966,,,,0.74,0.73839,0.71002,0.356985,0.74,0.739369,0.706139,0.352042,0.036202,0.1491,0.150474,1,4,,,,,0.15,0.15084,0.00925,0.00039,0.5,0.05966,,,,,,,,4225688,9f9bb01aee1b,true Gaussian unaries + generator-implied coupling
M0_mlp-bb46b7814f,sbm,M0_mlp,train,none,20,0,0.0,,,,31,0.624,0.623889,1.059765,0.521975,0.656,0.655237,1.041533,0.490473,0.075812,0.146086,0.14939,,,,,,,0.15,0.15084,0.00925,0.00039,0.5,0.05966,0.01,0.0005,64,0.5,0.735,,results/logits/M0_mlp-bb46b7814f.npz,4225688,9f9bb01aee1b,
M1_gcn-119614e9d1,sbm,M1_gcn,train,none,20,0,0.0,,,,68,0.38,0.376519,1.659224,0.755004,0.381,0.380345,1.641729,0.753355,0.059707,0.182414,0.290917,,,,,,,0.15,0.15084,0.00925,0.00039,0.5,0.05966,0.005,0.001,64,0.5,4.632,,results/logits/M1_gcn-119614e9d1.npz,4225688,9f9bb01aee1b,
LP-6909e8340e,sbm,LP,closed_form,label_prop,20,0,,,,,,0.138,0.127283,1.963332,0.864412,0.156,0.138805,2.015289,0.864911,0.059043,0.156847,0.433168,,,,,,,0.15,0.15084,0.00925,0.00039,0.5,0.05966,,,,,,,,4225688,9f9bb01aee1b,uses train labels as inference-time evidence
M2_lap-fe07b779e4,sbm,M2_lap,train,none,20,0,0.001,,,,68,0.38,0.376605,1.65922,0.755004,0.381,0.380345,1.641736,0.753362,0.059695,0.182401,0.290737,,,,,,,0.15,0.15084,0.00925,0.00039,0.5,0.05966,0.005,0.001,64,0.5,4.764,,,4225688,9f9bb01aee1b,
M2_lap-081c083749,sbm,M2_lap,train,none,20,0,0.01,,,,68,0.38,0.376519,1.659165,0.754996,0.381,0.380345,1.641812,0.753396,0.057567,0.182285,0.291279,,,,,,,0.15,0.15084,0.00925,0.00039,0.5,0.05966,0.005,0.001,64,0.5,4.846,,,4225688,9f9bb01aee1b,
M2_lap-dbe65c02ef,sbm,M2_lap,train,none,20,0,0.1,,,,68,0.38,0.37722,1.658619,0.754913,0.379,0.378416,1.642349,0.753673,0.047067,0.181171,0.291369,,,,,,,0.15,0.15084,0.00925,0.00039,0.5,0.05966,0.005,0.001,64,0.5,5.235,,,4225688,9f9bb01aee1b,
M2_lap-d84cb80074,sbm,M2_lap,train,none,20,0,0.5,,,,67,0.39,0.387539,1.65715,0.755,0.374,0.374137,1.644988,0.755006,0.049759,0.175647,0.29164,,,,,,,0.15,0.15084,0.00925,0.00039,0.5,0.05966,0.005,0.001,64,0.5,4.844,,,4225688,9f9bb01aee1b,
M2_lap-145d66806b,sbm,M2_lap,train,none,20,0,1.0,,,,53,0.384,0.380742,1.667931,0.761364,0.38,0.379794,1.658607,0.761209,0.081945,0.161385,0.289019,,,,,,,0.15,0.15084,0.00925,0.00039,0.5,0.05966,0.005,0.001,64,0.5,4.574,,,4225688,9f9bb01aee1b,
M2_lap-a3e08bb547,sbm,M2_lap,train,none,20,0,5.0,,,,50,0.388,0.383208,1.741538,0.790732,0.378,0.378915,1.739026,0.791358,0.144039,0.1508,0.295255,,,,,,,0.15,0.15084,0.00925,0.00039,0.5,0.05966,0.005,0.001,64,0.5,4.121,,,4225688,9f9bb01aee1b,
M4_mrf_gcn-3b75c1b056,sbm,M4_mrf_gcn,tuned_grid,mf,20,0,,0.05,,0,,0.374,0.370788,1.666042,0.7575,0.377,0.376215,1.649142,0.756164,0.057491,0.185773,0.301582,1,4,,,,,0.15,0.15084,0.00925,0.00039,0.5,0.05966,,,,,,0.154,,4225688,9f9bb01aee1b,flip=0.0210
M4_mrf_mlp-5862630234,sbm,M4_mrf_mlp,tuned_grid,mf,20,0,,0.05,,0,,0.624,0.624116,1.059581,0.521626,0.651,0.650122,1.041534,0.49062,0.065432,0.149277,0.153818,1,4,,,,,0.15,0.15084,0.00925,0.00039,0.5,0.05966,,,,,,0.039,,4225688,9f9bb01aee1b,flip=0.0100
M4_mrf_gcn-c1b9bb1e77,sbm,M4_mrf_gcn,tuned_grid,mf,20,0,,0.1,,0,,0.364,0.35974,1.673884,0.760435,0.371,0.369829,1.657657,0.759436,0.062223,0.18942,0.308269,1,5,,,,,0.15,0.15084,0.00925,0.00039,0.5,0.05966,,,,,,0.1503,,4225688,9f9bb01aee1b,flip=0.0350
M4_mrf_mlp-811b4ce5d8,sbm,M4_mrf_mlp,tuned_grid,mf,20,0,,0.1,,0,,0.62,0.620101,1.060132,0.521561,0.651,0.650057,1.042368,0.491108,0.065008,0.152531,0.158699,1,5,,,,,0.15,0.15084,0.00925,0.00039,0.5,0.05966,,,,,,0.0359,,4225688,9f9bb01aee1b,flip=0.0200
M4_mrf_gcn-293eddb840,sbm,M4_mrf_gcn,tuned_grid,mf,20,0,,0.25,,0,,0.358,0.353569,1.705826,0.772835,0.364,0.361689,1.692223,0.773025,0.078839,0.202772,0.335834,1,8,,,,,0.15,0.15084,0.00925,0.00039,0.5,0.05966,,,,,,0.1101,,4225688,9f9bb01aee1b,flip=0.0890
M4_mrf_mlp-eafdd82228,sbm,M4_mrf_mlp,tuned_grid,mf,20,0,,0.25,,0,,0.61,0.610166,1.066551,0.523195,0.641,0.640285,1.050292,0.494813,0.08137,0.162754,0.170899,1,7,,,,,0.15,0.15084,0.00925,0.00039,0.5,0.05966,,,,,,0.1365,,4225688,9f9bb01aee1b,flip=0.0500
M4_mrf_gcn-9fb2a53cc0,sbm,M4_mrf_gcn,tuned_grid,mf,20,0,,0.5,,0,,0.338,0.332882,1.815515,0.816163,0.345,0.341741,1.809776,0.819708,0.164573,0.239771,0.372797,1,24,,,,,0.15,0.15084,0.00925,0.00039,0.5,0.05966,,,,,,0.3459,,4225688,9f9bb01aee1b,flip=0.1820
M4_mrf_mlp-ea82f5eae7,sbm,M4_mrf_mlp,tuned_grid,mf,20,0,,0.5,,0,,0.606,0.606268,1.097145,0.533611,0.636,0.63543,1.085992,0.510142,0.089254,0.182042,0.19512,1,13,,,,,0.15,0.15084,0.00925,0.00039,0.5,0.05966,,,,,,0.1239,,4225688,9f9bb01aee1b,flip=0.0920
M4_mrf_gcn-b621c3576c,sbm,M4_mrf_gcn,tuned_grid,mf,20,0,,1.0,,0,,0.16,0.05664,5.822087,1.585942,0.162,0.067807,5.84626,1.581091,0.782935,0.939709,0.987438,1,45,,,,,0.15,0.15084,0.00925,0.00039,0.5,0.05966,,,,,,0.5197,,4225688,9f9bb01aee1b,flip=0.8370
M4_mrf_mlp-513191c868,sbm,M4_mrf_mlp,tuned_grid,mf,20,0,,1.0,,0,,0.338,0.337841,3.254139,1.163272,0.322,0.319945,3.413322,1.185319,0.552193,0.683755,0.734297,1,91,,,,,0.15,0.15084,0.00925,0.00039,0.5,0.05966,,,,,,1.164,,4225688,9f9bb01aee1b,flip=0.6180
M4_mrf_gcn-ee31a7bcf6,sbm,M4_mrf_gcn,tuned_grid,mf,20,0,,2.0,,0,,0.124,0.041316,12.577055,1.734908,0.14,0.037077,12.591749,1.70431,0.853393,0.994507,0.998554,1,36,,,,,0.15,0.15084,0.00925,0.00039,0.5,0.05966,,,,,,0.4401,,4225688,9f9bb01aee1b,flip=0.8330
M4_mrf_mlp-3abc3c0caa,sbm,M4_mrf_mlp,tuned_grid,mf,20,0,,2.0,,0,,0.172,0.07355,10.434648,1.629207,0.158,0.064782,11.004658,1.65931,0.830161,0.983643,0.989607,1,29,,,,,0.15,0.15084,0.00925,0.00039,0.5,0.05966,,,,,,0.3391,,4225688,9f9bb01aee1b,flip=0.8230
OF-8225f07f74,sbm,Oracle_F,oracle,closed_form,20,0,,,,,,0.742,,,,0.764,,,,,,,,,,,,,0.15,0.15084,0.00925,0.00039,0.5,0.05966,,,,,,,,4225688,9f9bb01aee1b,"feature-only Bayes rule, known generative parameters"
OG-9dc0816f3c,sbm,Oracle_G,oracle,mf,20,0,,0.05966,,,,0.736,0.735285,0.729557,0.358241,0.764,0.763957,0.704753,0.339548,0.041571,0.1491,0.150474,1,4,,,,,0.15,0.15084,0.00925,0.00039,0.5,0.05966,,,,,,,,4225688,9f9bb01aee1b,true Gaussian unaries + generator-implied coupling
M0_mlp-4e0d62d3fe,sbm,M0_mlp,train,none,1,1,0.0,,,,26,0.324,0.311996,1.932261,0.859138,0.259,0.255475,2.02803,0.890752,0.192857,0.146192,0.14511,,,,,,,0.15,0.14899,0.00709,0.00049,0.5,0.05966,0.01,0.0005,64,0.5,0.616,,results/logits/M0_mlp-4e0d62d3fe.npz,4225688,9f9bb01aee1b,
M1_gcn-5a268d5ce5,sbm,M1_gcn,train,none,1,1,0.0,,,,51,0.232,0.217007,1.947092,0.855274,0.176,0.16481,1.985832,0.868138,0.089237,0.159805,0.317974,,,,,,,0.15,0.14899,0.00709,0.00049,0.5,0.05966,0.005,0.001,64,0.5,4.108,,results/logits/M1_gcn-5a268d5ce5.npz,4225688,9f9bb01aee1b,
LP-967b3d9f93,sbm,LP,closed_form,label_prop,1,1,,,,,,0.168,0.045123,2.007741,0.861119,0.125,0.032146,1.978327,0.868552,0.097615,0.151183,0.969604,,,,,,,0.15,0.14899,0.00709,0.00049,0.5,0.05966,,,,,,,,4225688,9f9bb01aee1b,uses train labels as inference-time evidence
M2_lap-23169a25b1,sbm,M2_lap,train,none,1,1,0.001,,,,51,0.232,0.217007,1.947092,0.855274,0.176,0.16481,1.985832,0.868138,0.089233,0.159804,0.317974,,,,,,,0.15,0.14899,0.00709,0.00049,0.5,0.05966,0.005,0.001,64,0.5,4.217,,,4225688,9f9bb01aee1b,
M2_lap-681188514d,sbm,M2_lap,train,none,1,1,0.01,,,,51,0.232,0.217007,1.94713,0.855283,0.175,0.163933,1.985842,0.868145,0.090221,0.159806,0.318326,,,,,,,0.15,0.14899,0.00709,0.00049,0.5,0.05966,0.005,0.001,64,0.5,4.401,,,4225688,9f9bb01aee1b,
M2_lap-1f941ef7fa,sbm,M2_lap,train,none,1,1,0.1,,,,51,0.232,0.216787,1.947223,0.855311,0.175,0.163988,1.985831,0.868131,0.089932,0.159799,0.318238,,,,,,,0.15,0.14899,0.00709,0.00049,0.5,0.05966,0.005,0.001,64,0.5,2.902,,,4225688,9f9bb01aee1b,
M2_lap-51bf952b05,sbm,M2_lap,train,none,1,1,0.5,,,,50,0.23,0.215343,1.943586,0.854586,0.173,0.162332,1.980922,0.86678,0.09018,0.15876,0.31859,,,,,,,0.15,0.14899,0.00709,0.00049,0.5,0.05966,0.005,0.001,64,0.5,2.893,,,4225688,9f9bb01aee1b,
M2_lap-30fb065b53,sbm,M2_lap,train,none,1,1,1.0,,,,49,0.228,0.213625,1.940479,0.853964,0.175,0.16444,1.976302,0.865512,0.083479,0.157743,0.317357,,,,,,,0.15,0.14899,0.00709,0.00049,0.5,0.05966,0.005,0.001,64,0.5,2.876,,,4225688,9f9bb01aee1b,
M2_lap-44caafab08,sbm,M2_lap,train,none,1,1,5.0,,,,26,0.214,0.186631,1.914781,0.848402,0.17,0.142396,1.935486,0.854327,0.038314,0.146082,0.44652,,,,,,,0.15,0.14899,0.00709,0.00049,0.5,0.05966,0.005,0.001,64,0.5,2.117,,,4225688,9f9bb01aee1b,
M4_mrf_gcn-a3336771f7,sbm,M4_mrf_gcn,tuned_grid,mf,1,1,,0.05,,0,,0.234,0.21874,1.951902,0.856484,0.176,0.164949,1.992139,0.87004,0.092509,0.16144,0.325639,1,4,,,,,0.15,0.14899,0.00709,0.00049,0.5,0.05966,,,,,,0.0404,,4225688,9f9bb01aee1b,flip=0.0130
M4_mrf_mlp-fe81c816d7,sbm,M4_mrf_mlp,tuned_grid,mf,1,1,,0.05,,0,,0.316,0.303305,1.933837,0.858953,0.261,0.256836,2.02978,0.891036,0.193289,0.148365,0.151454,1,4,,,,,0.15,0.14899,0.00709,0.00049,0.5,0.05966,,,,,,0.1291,,4225688,9f9bb01aee1b,flip=0.0090
M4_mrf_gcn-4a7848f866,sbm,M4_mrf_gcn,tuned_grid,mf,1,1,,0.1,,0,,0.228,0.209964,1.957536,0.857944,0.176,0.163467,1.999407,0.872271,0.097186,0.16332,0.338326,1,5,,,,,0.15,0.14899,0.00709,0.00049,0.5,0.05966,,,,,,0.0264,,4225688,9f9bb01aee1b,flip=0.0350
M4_mrf_mlp-bc29c7a828,sbm,M4_mrf_mlp,tuned_grid,mf,1,1,,0.1,,0,,0.318,0.305267,1.936422,0.859072,0.26,0.255502,2.03254,0.891607,0.192876,0.150649,0.156916,1,5,,,,,0.15,0.14899,0.00709,0.00049,0.5,0.05966,,,,,,0.0291,,4225688,9f9bb01aee1b,flip=0.0250
M4_mrf_gcn-fc9eb0b922,sbm,M4_mrf_gcn,tuned_grid,mf,1,1,,0.25,,0,,0.216,0.194179,1.982074,0.864787,0.18,0.160528,2.03034,0.882285,0.11319,0.171555,0.385551,1,10,,,,,0.15,0.14899,0.00709,0.00049,0.5,0.05966,,,,,,0.0579,,4225688,9f9bb01aee1b,flip=0.1120
M4_mrf_mlp-7c87301d6c,sbm,M4_mrf_mlp,tuned_grid,mf,1,1,,0.25,,0,,0.316,0.30023,1.951397,0.861536,0.262,0.255897,2.047997,0.895306,0.194638,0.158579,0.181674,1,8,,,,,0.15,0.14899,0.00709,0.00049,0.5,0.05966,,,,,,0.0715,,4225688,9f9bb01aee1b,flip=0.0640
M4_mrf_gcn-c82bafd56a,sbm,M4_mrf_gcn,tuned_grid,mf,1,1,,0.5,,0,,0.15,0.040782,3.226671,1.338583,0.145,0.047229,3.269181,1.356657,0.631372,0.694096,0.979559,1,27,,,,,0.15,0.14899,0.00709,0.00049,0.5,0.05966,,,,,,0.2193,,4225688,9f9bb01aee1b,flip=0.7180
M4_mrf_mlp-97007deb98,sbm,M4_mrf_mlp,tuned_grid,mf,1,1,,0.5,,0,,0.296,0.276728,2.020716,0.87802,0.262,0.248237,2.116551,0.912618,0.217952,0.181605,0.231718,1,25,,,,,0.15,0.14899,0.00709,0.00049,0.5,0.05966,,,,,,0.2164,,4225688,9f9bb01aee1b,flip=0.1690
M4_mrf_gcn-5967f0711d,sbm,M4_mrf_gcn,tuned_grid,mf,1,1,,1.0,,0,,0.15,0.037332,7.095106,1.659989,0.14,0.037113,7.063116,1.681134,0.838769,0.979056,0.999648,1,12,,,,,0.15,0.14899,0.00709,0.00049,0.5,0.05966,,,,,,0.0975,,4225688,9f9bb01aee1b,flip=0.7310
M4_mrf_mlp-c86438768e,sbm,M4_mrf_mlp,tuned_grid,mf,1,1,,1.0,,0,,0.134,0.043759,6.63837,1.658707,0.151,0.041572,6.425336,1.623936,0.80554,0.947364,0.990044,1,17,,,,,0.15,0.14899,0.00709,0.00049,0.5,0.05966,,,,,,0.1782,,4225688,9f9bb01aee1b,flip=0.7860
M4_mrf_gcn-2187f7892c,sbm,M4_mrf_gcn,tuned_grid,mf,1,1,,2.0,,0,,0.15,0.037332,13.998807,1.694994,0.14,0.035088,13.941767,1.715369,0.856975,0.998792,1.0,1,8,,,,,0.15,0.14899,0.00709,0.00049,0.5,0.05966,,,,,,0.0851,,4225688,9f9bb01aee1b,flip=0.7330
M4_mrf_mlp-165614ffff,sbm,M4_mrf_mlp,tuned_grid,mf,1,1,,2.0,,0,,0.128,0.032537,13.852302,1.736007,0.15,0.03933,13.3638,1.694332,0.845456,0.997109,0.999295,1,11,,,,,0.15,0.14899,0.00709,0.00049,0.5,0.05966,,,,,,0.0949,,4225688,9f9bb01aee1b,flip=0.7940
OF-2f13bbcc3a,sbm,Oracle_F,oracle,closed_form,1,1,,,,,,0.746,,,,0.741,,,,,,,,,,,,,0.15,0.14899,0.00709,0.00049,0.5,0.05966,,,,,,,,4225688,9f9bb01aee1b,"feature-only Bayes rule, known generative parameters"
OG-2ce3ec9e8e,sbm,Oracle_G,oracle,mf,1,1,,0.05966,,,,0.744,0.742685,0.689149,0.340523,0.744,0.743427,0.76096,0.37208,0.041814,0.149264,0.151806,1,4,,,,,0.15,0.14899,0.00709,0.00049,0.5,0.05966,,,,,,,,4225688,9f9bb01aee1b,true Gaussian unaries + generator-implied coupling
M0_mlp-9ea97256e7,sbm,M0_mlp,train,none,5,1,0.0,,,,29,0.474,0.470873,1.463824,0.6863,0.494,0.492388,1.414307,0.666242,0.082151,0.154067,0.1637,,,,,,,0.15,0.14899,0.00709,0.00049,0.5,0.05966,0.01,0.0005,64,0.5,0.277,,results/logits/M0_mlp-9ea97256e7.npz,4225688,9f9bb01aee1b,
M1_gcn-24c8c5f7c0,sbm,M1_gcn,train,none,5,1,0.0,,,,19,0.246,0.234108,1.902528,0.844531,0.266,0.250009,1.894084,0.841696,0.100999,0.143884,0.310837,,,,,,,0.15,0.14899,0.00709,0.00049,0.5,0.05966,0.005,0.001,64,0.5,1.751,,results/logits/M1_gcn-24c8c5f7c0.npz,4225688,9f9bb01aee1b,
LP-b762700487,sbm,LP,closed_form,label_prop,5,1,,,,,,0.108,0.073416,1.961029,0.862127,0.148,0.107061,1.98391,0.861229,0.043391,0.147454,0.554978,,,,,,,0.15,0.14899,0.00709,0.00049,0.5,0.05966,,,,,,,,4225688,9f9bb01aee1b,uses train labels as inference-time evidence
M2_lap-724e229767,sbm,M2_lap,train,none,5,1,0.001,,,,19,0.246,0.234108,1.902528,0.844531,0.266,0.250009,1.894085,0.841697,0.101,0.143884,0.310837,,,,,,,0.15,0.14899,0.00709,0.00049,0.5,0.05966,0.005,0.001,64,0.5,1.993,,,4225688,9f9bb01aee1b,
M2_lap-9e1dc391a4,sbm,M2_lap,train,none,5,1,0.01,,,,19,0.246,0.234108,1.902533,0.844533,0.266,0.250009,1.89409,0.841698,0.101004,0.143884,0.310837,,,,,,,0.15,0.14899,0.00709,0.00049,0.5,0.05966,0.005,0.001,64,0.5,1.93,,,4225688,9f9bb01aee1b,
M2_lap-a444877745,sbm,M2_lap,train,none,5,1,0.1,,,,19,0.246,0.234108,1.902612,0.844556,0.265,0.249093,1.894155,0.841718,0.100028,0.143883,0.310661,,,,,,,0.15,0.14899,0.00709,0.00049,0.5,0.05966,0.005,0.001,64,0.5,2.0,,,4225688,9f9bb01aee1b,
M2_lap-d9b30342f6,sbm,M2_lap,train,none,5,1,0.5,,,,19,0.244,0.232763,1.902872,0.844635,0.266,0.250453,1.894419,0.841805,0.103222,0.143864,0.309868,,,,,,,0.15,0.14899,0.00709,0.00049,0.5,0.05966,0.005,0.001,64,0.5,1.931,,,4225688,9f9bb01aee1b,
M2_lap-77d57a19cb,sbm,M2_lap,train,none,5,1,1.0,,,,19,0.242,0.230794,1.903153,0.844721,0.266,0.250617,1.894729,0.841908,0.101431,0.143845,0.30793,,,,,,,0.15,0.14899,0.00709,0.00049,0.5,0.05966,0.005,0.001,64,0.5,2.403,,,4225688,9f9bb01aee1b,
M2_lap-7cb0780275,sbm,M2_lap,train,none,5,1,5.0,,,,47,0.244,0.246654,1.860547,0.833927,0.246,0.248859,1.839101,0.824918,0.048816,0.150874,0.297445,,,,,,,0.15,0.14899,0.00709,0.00049,0.5,0.05966,0.005,0.001,64,0.5,2.78,,,4225688,9f9bb01aee1b,
M4_mrf_gcn-19c58e8ef9,sbm,M4_mrf_gcn,tuned_grid,mf,5,1,,0.05,,0,,0.24,0.227723,1.90246,0.8445,0.27,0.252921,1.893763,0.841585,0.100206,0.143989,0.32185,1,4,,,,,0.15,0.14899,0.00709,0.00049,0.5,0.05966,,,,,,0.0416,,4225688,9f9bb01aee1b,flip=0.0240
M4_mrf_mlp-15142039ec,sbm,M4_mrf_mlp,tuned_grid,mf,5,1,,0.05,,0,,0.474,0.470698,1.470095,0.688453,0.488,0.486921,1.417319,0.66828,0.08259,0.158498,0.170661,1,5,,,,,0.15,0.14899,0.00709,0.00049,0.5,0.05966,,,,,,0.0292,,4225688,9f9bb01aee1b,flip=0.0120
M4_mrf_gcn-8cb8b34645,sbm,M4_mrf_gcn,tuned_grid,mf,5,1,,0.1,,0,,0.236,0.223442,1.902384,0.844466,0.269,0.251555,1.89343,0.841468,0.100956,0.14411,0.329427,1,5,,,,,0.15,0.14899,0.00709,0.00049,0.5,0.05966,,,,,,0.0298,,4225688,9f9bb01aee1b,flip=0.0390
M4_mrf_mlp-9de3869a86,sbm,M4_mrf_mlp,tuned_grid,mf,5,1,,0.1,,0,,0.47,0.467617,1.47861,0.691498,0.488,0.487402,1.422165,0.671159,0.087445,0.163415,0.180088,1,6,,,,,0.15,0.14899,0.00709,0.00049,0.5,0.05966,,,,,,0.0503,,4225688,9f9bb01aee1b,flip=0.0280
M4_mrf_gcn-b2cc158714,sbm,M4_mrf_gcn,tuned_grid,mf,5,1,,0.25,,0,,0.224,0.206105,1.902256,0.84438,0.262,0.24064,1.892511,0.841114,0.090483,0.144624,0.369339,1,7,,,,,0.15,0.14899,0.00709,0.00049,0.5,0.05966,,,,,,0.0644,,4225688,9f9bb01aee1b,flip=0.1150
M4_mrf_mlp-ea81493088,sbm,M4_mrf_mlp,tuned_grid,mf,5,1,,0.25,,0,,0.452,0.452335,1.524874,0.709089,0.477,0.474737,1.454008,0.687992,0.10178,0.183478,0.210573,1,9,,,,,0.15,0.14899,0.00709,0.00049,0.5,0.05966,,,,,,0.0642,,4225688,9f9bb01aee1b,flip=0.0770
M4_mrf_gcn-3afe8a3d97,sbm,M4_mrf_gcn,tuned_grid,mf,5,1,,0.5,,0,,0.212,0.162815,1.907792,0.846143,0.23,0.182182,1.896531,0.842092,0.055386,0.148191,0.537004,1,38,,,,,0.15,0.14899,0.00709,0.00049,0.5,0.05966,,,,,,0.3561,,4225688,9f9bb01aee1b,flip=0.3720
M4_mrf_mlp-4f1c087975,sbm,M4_mrf_mlp,tuned_grid,mf,5,1,,0.5,,0,,0.322,0.320604,2.060252,0.938412,0.342,0.338653,1.938085,0.912568,0.330399,0.373419,0.499736,1,39,,,,,0.15,0.14899,0.00709,0.00049,0.5,0.05966,,,,,,0.3862,,4225688,9f9bb01aee1b,flip=0.3880
M4_mrf_gcn-4754b0b97c,sbm,M4_mrf_gcn,tuned_grid,mf,5,1,,1.0,,0,,0.138,0.034647,6.92644,1.674183,0.146,0.038269,6.900756,1.664546,0.827961,0.977739,1.0,1,11,,,,,0.15,0.14899,0.00709,0.00049,0.5,0.05966,,,,,,0.0992,,4225688,9f9bb01aee1b,flip=0.7300
M4_mrf_mlp-a0dbdf4992,sbm,M4_mrf_mlp,tuned_grid,mf,5,1,,1.0,,0,,0.142,0.059641,6.347432,1.650578,0.163,0.061861,6.090369,1.59472,0.794097,0.953528,0.985022,1,13,,,,,0.15,0.14899,0.00709,0.00049,0.5,0.05966,,,,,,0.1143,,4225688,9f9bb01aee1b,flip=0.7250
M4_mrf_gcn-1c1a3df9aa,sbm,M4_mrf_gcn,tuned_grid,mf,5,1,,2.0,,0,,0.138,0.034647,13.850391,1.717206,0.146,0.038269,13.847831,1.70392,0.850462,0.998845,1.0,1,7,,,,,0.15,0.14899,0.00709,0.00049,0.5,0.05966,,,,,,0.0557,,4225688,9f9bb01aee1b,flip=0.7300
M4_mrf_mlp-f440278159,sbm,M4_mrf_mlp,tuned_grid,mf,5,1,,2.0,,0,,0.128,0.032479,13.434852,1.731067,0.151,0.037516,13.032252,1.684225,0.84297,0.99708,0.998943,1,14,,,,,0.15,0.14899,0.00709,0.00049,0.5,0.05966,,,,,,0.1131,,4225688,9f9bb01aee1b,flip=0.7480
OF-745fe83dd1,sbm,Oracle_F,oracle,closed_form,5,1,,,,,,0.744,,,,0.726,,,,,,,,,,,,,0.15,0.14899,0.00709,0.00049,0.5,0.05966,,,,,,,,4225688,9f9bb01aee1b,"feature-only Bayes rule, known generative parameters"
OG-6b050c8006,sbm,Oracle_G,oracle,mf,5,1,,0.05966,,,,0.746,0.746517,0.74853,0.353585,0.727,0.726804,0.762833,0.37908,0.039341,0.149264,0.151806,1,4,,,,,0.15,0.14899,0.00709,0.00049,0.5,0.05966,,,,,,,,4225688,9f9bb01aee1b,true Gaussian unaries + generator-implied coupling
M0_mlp-9b4239e718,sbm,M0_mlp,train,none,20,1,0.0,,,,30,0.666,0.665103,1.086194,0.494177,0.592,0.593058,1.112793,0.536672,0.095878,0.148629,0.151542,,,,,,,0.15,0.14899,0.00709,0.00049,0.5,0.05966,0.01,0.0005,64,0.5,0.307,,results/logits/M0_mlp-9b4239e718.npz,4225688,9f9bb01aee1b,
M1_gcn-62e1dfe0eb,sbm,M1_gcn,train,none,20,1,0.0,,,,65,0.398,0.394352,1.634945,0.755927,0.363,0.36378,1.62941,0.75028,0.045439,0.176079,0.28185,,,,,,,0.15,0.14899,0.00709,0.00049,0.5,0.05966,0.005,0.001,64,0.5,2.968,,results/logits/M1_gcn-62e1dfe0eb.npz,4225688,9f9bb01aee1b,
LP-32744a2040,sbm,LP,closed_form,label_prop,20,1,,,,,,0.116,0.112958,1.98564,0.871701,0.149,0.144801,1.970983,0.866616,0.070306,0.156142,0.394185,,,,,,,0.15,0.14899,0.00709,0.00049,0.5,0.05966,,,,,,,,4225688,9f9bb01aee1b,uses train labels as inference-time evidence
M2_lap-07c4d0a2a3,sbm,M2_lap,train,none,20,1,0.001,,,,65,0.398,0.394352,1.634974,0.755938,0.363,0.36378,1.629418,0.750281,0.047432,0.176071,0.28185,,,,,,,0.15,0.14899,0.00709,0.00049,0.5,0.05966,0.005,0.001,64,0.5,3.698,,,4225688,9f9bb01aee1b,
M2_lap-ef46e0d9ed,sbm,M2_lap,train,none,20,1,0.01,,,,65,0.398,0.394352,1.634962,0.75592,0.363,0.36378,1.629472,0.750306,0.049914,0.17599,0.281762,,,,,,,0.15,0.14899,0.00709,0.00049,0.5,0.05966,0.005,0.001,64,0.5,3.294,,,4225688,9f9bb01aee1b,
M2_lap-1b79c34952,sbm,M2_lap,train,none,20,1,0.1,,,,65,0.398,0.394193,1.635958,0.756225,0.361,0.362001,1.630409,0.750718,0.047133,0.175199,0.280705,,,,,,,0.15,0.14899,0.00709,0.00049,0.5,0.05966,0.005,0.001,64,0.5,3.334,,,4225688,9f9bb01aee1b,
M2_lap-b249078325,sbm,M2_lap,train,none,20,1,0.5,,,,65,0.394,0.390575,1.641841,0.758077,0.367,0.367952,1.635935,0.752981,0.042834,0.171798,0.282203,,,,,,,0.15,0.14899,0.00709,0.00049,0.5,0.05966,0.005,0.001,64,0.5,3.367,,,4225688,9f9bb01aee1b,
M2_lap-1804413349,sbm,M2_lap,train,none,20,1,1.0,,,,18,0.392,0.382003,1.859154,0.831302,0.351,0.343924,1.861742,0.832065,0.180327,0.143787,0.296388,,,,,,,0.15,0.14899,0.00709,0.00049,0.5,0.05966,0.005,0.001,64,0.5,2.42,,,4225688,9f9bb01aee1b,
M2_lap-1120702908,sbm,M2_lap,train,none,20,1,5.0,,,,22,0.392,0.381478,1.844305,0.826656,0.367,0.362365,1.84699,0.827518,0.19175,0.144105,0.288194,,,,,,,0.15,0.14899,0.00709,0.00049,0.5,0.05966,0.005,0.001,64,0.5,2.152,,,4225688,9f9bb01aee1b,
M4_mrf_gcn-991fa03187,sbm,M4_mrf_gcn,tuned_grid,mf,20,1,,0.05,,0,,0.388,0.385072,1.642822,0.759129,0.362,0.36304,1.635136,0.752465,0.044779,0.178902,0.293833,1,4,,,,,0.15,0.14899,0.00709,0.00049,0.5,0.05966,,,,,,0.0472,,4225688,9f9bb01aee1b,flip=0.0230
M4_mrf_mlp-55f90814ea,sbm,M4_mrf_mlp,tuned_grid,mf,20,1,,0.05,,0,,0.658,0.657094,1.087002,0.494317,0.59,0.591117,1.114458,0.537522,0.09607,0.1519,0.1563,1,4,,,,,0.15,0.14899,0.00709,0.00049,0.5,0.05966,,,,,,0.044,,4225688,9f9bb01aee1b,flip=0.0060
M4_mrf_gcn-dc6562c4e2,sbm,M4_mrf_gcn,tuned_grid,mf,20,1,,0.1,,0,,0.382,0.379483,1.651621,0.762746,0.365,0.366008,1.641796,0.755066,0.050505,0.181955,0.300969,1,5,,,,,0.15,0.14899,0.00709,0.00049,0.5,0.05966,,,,,,0.0575,,4225688,9f9bb01aee1b,flip=0.0340
M4_mrf_mlp-3321ffae2b,sbm,M4_mrf_mlp,tuned_grid,mf,20,1,,0.1,,0,,0.656,0.654586,1.088724,0.494841,0.591,0.592299,1.117149,0.538817,0.086136,0.155268,0.160793,1,5,,,,,0.15,0.14899,0.00709,0.00049,0.5,0.05966,,,,,,0.0375,,4225688,9f9bb01aee1b,flip=0.0120
M4_mrf_gcn-7e138cfd27,sbm,M4_mrf_gcn,tuned_grid,mf,20,1,,0.25,,0,,0.356,0.351613,1.685887,0.777127,0.356,0.357431,1.669804,0.766488,0.061724,0.193093,0.32652,1,9,,,,,0.15,0.14899,0.00709,0.00049,0.5,0.05966,,,,,,0.0784,,4225688,9f9bb01aee1b,flip=0.0880
M4_mrf_mlp-2499fbb222,sbm,M4_mrf_mlp,tuned_grid,mf,20,1,,0.25,,0,,0.656,0.653834,1.100214,0.499196,0.593,0.593955,1.132376,0.545857,0.091463,0.166153,0.171982,1,7,,,,,0.15,0.14899,0.00709,0.00049,0.5,0.05966,,,,,,0.0792,,4225688,9f9bb01aee1b,flip=0.0460
M4_mrf_gcn-435589fb7b,sbm,M4_mrf_gcn,tuned_grid,mf,20,1,,0.5,,0,,0.318,0.313626,1.810769,0.831617,0.336,0.336049,1.787398,0.817836,0.152269,0.22852,0.376211,1,40,,,,,0.15,0.14899,0.00709,0.00049,0.5,0.05966,,,,,,0.4416,,4225688,9f9bb01aee1b,flip=0.1850
M4_mrf_mlp-dde71e4f19,sbm,M4_mrf_mlp,tuned_grid,mf,20,1,,0.5,,0,,0.642,0.640702,1.152518,0.521501,0.575,0.57725,1.195889,0.574546,0.117652,0.189598,0.200264,1,15,,,,,0.15,0.14899,0.00709,0.00049,0.5,0.05966,,,,,,0.1405,,4225688,9f9bb01aee1b,flip=0.1110
M4_mrf_gcn-09e2aa9d28,sbm,M4_mrf_gcn,tuned_grid,mf,20,1,,1.0,,0,,0.132,0.040917,6.246164,1.648446,0.157,0.064034,6.357204,1.623488,0.801892,0.955014,0.990485,1,23,,,,,0.15,0.14899,0.00709,0.00049,0.5,0.05966,,,,,,0.1692,,4225688,9f9bb01aee1b,flip=0.7950
M4_mrf_mlp-bdbb06be2b,sbm,M4_mrf_mlp,tuned_grid,mf,20,1,,1.0,,0,,0.234,0.191952,4.42549,1.393316,0.202,0.130689,4.825553,1.450213,0.723196,0.857733,0.911454,1,29,,,,,0.15,0.14899,0.00709,0.00049,0.5,0.05966,,,,,,0.3307,,4225688,9f9bb01aee1b,flip=0.7350
M4_mrf_gcn-cb64ddeb30,sbm,M4_mrf_gcn,tuned_grid,mf,20,1,,2.0,,0,,0.132,0.037382,13.237378,1.728385,0.146,0.042186,13.446664,1.700745,0.849113,0.997295,0.999207,1,20,,,,,0.15,0.14899,0.00709,0.00049,0.5,0.05966,,,,,,0.1595,,4225688,9f9bb01aee1b,flip=0.8110
M4_mrf_mlp-241702ef22,sbm,M4_mrf_mlp,tuned_grid,mf,20,1,,2.0,,0,,0.156,0.04662,11.470502,1.659875,0.162,0.056102,12.088463,1.661976,0.829183,0.991851,0.99533,1,18,,,,,0.15,0.14899,0.00709,0.00049,0.5,0.05966,,,,,,0.2584,,4225688,9f9bb01aee1b,flip=0.7870
OF-9aa06b7150,sbm,Oracle_F,oracle,closed_form,20,1,,,,,,0.762,,,,0.716,,,,,,,,,,,,,0.15,0.14899,0.00709,0.00049,0.5,0.05966,,,,,,,,4225688,9f9bb01aee1b,"feature-only Bayes rule, known generative parameters"
OG-2209db7d17,sbm,Oracle_G,oracle,mf,20,1,,0.05966,,,,0.754,0.753772,0.712627,0.347973,0.713,0.711361,0.7885,0.394598,0.036623,0.149264,0.151806,1,4,,,,,0.15,0.14899,0.00709,0.00049,0.5,0.05966,,,,,,,,4225688,9f9bb01aee1b,true Gaussian unaries + generator-implied coupling
M0_mlp-3cc8b732c9,sbm,M0_mlp,train,none,1,2,0.0,,,,12,0.256,0.226566,1.869372,0.831336,0.284,0.263434,1.857035,0.827128,0.04387,0.145838,0.194559,,,,,,,0.15,0.14823,0.00625,0.00047,0.5,0.05966,0.01,0.0005,64,0.5,0.236,,results/logits/M0_mlp-3cc8b732c9.npz,4225688,9f9bb01aee1b,
M1_gcn-39db1282ee,sbm,M1_gcn,train,none,1,2,0.0,,,,22,0.196,0.193487,1.913983,0.848382,0.194,0.189772,1.909792,0.847197,0.046628,0.145275,0.385437,,,,,,,0.15,0.14823,0.00625,0.00047,0.5,0.05966,0.005,0.001,64,0.5,1.988,,results/logits/M1_gcn-39db1282ee.npz,4225688,9f9bb01aee1b,
LP-ffbf011584,sbm,LP,closed_form,label_prop,1,2,,,,,,0.138,0.044861,1.993525,0.871238,0.139,0.036921,1.977138,0.86761,0.082533,0.153513,0.976567,,,,,,,0.15,0.14823,0.00625,0.00047,0.5,0.05966,,,,,,,,4225688,9f9bb01aee1b,uses train labels as inference-time evidence
M2_lap-fbff60d0e9,sbm,M2_lap,train,none,1,2,0.001,,,,22,0.196,0.193487,1.913983,0.848382,0.194,0.189772,1.909792,0.847197,0.046628,0.145275,0.385437,,,,,,,0.15,0.14823,0.00625,0.00047,0.5,0.05966,0.005,0.001,64,0.5,2.218,,,4225688,9f9bb01aee1b,
M2_lap-a274bfa344,sbm,M2_lap,train,none,1,2,0.01,,,,22,0.196,0.193487,1.913979,0.848381,0.194,0.189772,1.909791,0.847197,0.04663,0.145274,0.385617,,,,,,,0.15,0.14823,0.00625,0.00047,0.5,0.05966,0.005,0.001,64,0.5,2.455,,,4225688,9f9bb01aee1b,
M2_lap-2c4a1bc20d,sbm,M2_lap,train,none,1,2,0.1,,,,22,0.196,0.193487,1.913972,0.848379,0.194,0.189884,1.909802,0.847199,0.046639,0.14527,0.386515,,,,,,,0.15,0.14823,0.00625,0.00047,0.5,0.05966,0.005,0.001,64,0.5,2.196,,,4225688,9f9bb01aee1b,
M2_lap-68f34f1605,sbm,M2_lap,train,none,1,2,0.5,,,,22,0.19,0.186483,1.914057,0.848403,0.193,0.189348,1.909851,0.847216,0.039751,0.145249,0.384719,,,,,,,0.15,0.14823,0.00625,0.00047,0.5,0.05966,0.005,0.001,64,0.5,2.112,,,4225688,9f9bb01aee1b,
M2_lap-3d2ba9629b,sbm,M2_lap,train,none,1,2,1.0,,,,22,0.188,0.184793,1.914188,0.848444,0.192,0.188732,1.909945,0.847249,0.040516,0.145233,0.385078,,,,,,,0.15,0.14823,0.00625,0.00047,0.5,0.05966,0.005,0.001,64,0.5,2.241,,,4225688,9f9bb01aee1b,
M2_lap-560491a221,sbm,M2_lap,train,none,1,2,5.0,,,,5,0.186,0.173733,1.939689,0.855391,0.186,0.175338,1.936067,0.854359,0.048938,0.143144,0.374753,,,,,,,0.15,0.14823,0.00625,0.00047,0.5,0.05966,0.005,0.001,64,0.5,1.689,,,4225688,9f9bb01aee1b,
M4_mrf_gcn-c8d4336800,sbm,M4_mrf_gcn,tuned_grid,mf,1,2,,0.05,,0,,0.186,0.182272,1.914565,0.848618,0.192,0.186866,1.909988,0.847317,0.047992,0.145542,0.403394,1,4,,,,,0.15,0.14823,0.00625,0.00047,0.5,0.05966,,,,,,0.0449,,4225688,9f9bb01aee1b,flip=0.0270
M4_mrf_mlp-3366a85e80,sbm,M4_mrf_mlp,tuned_grid,mf,1,2,,0.05,,0,,0.248,0.218064,1.870362,0.831674,0.283,0.259797,1.858664,0.827612,0.048809,0.146701,0.204525,1,4,,,,,0.15,0.14823,0.00625,0.00047,0.5,0.05966,,,,,,0.0327,,4225688,9f9bb01aee1b,flip=0.0230
M4_mrf_gcn-f6fccb9615,sbm,M4_mrf_gcn,tuned_grid,mf,1,2,,0.1,,0,,0.188,0.183958,1.915288,0.848907,0.187,0.180481,1.910281,0.847479,0.034437,0.145858,0.419285,1,5,,,,,0.15,0.14823,0.00625,0.00047,0.5,0.05966,,,,,,0.0397,,4225688,9f9bb01aee1b,flip=0.0520
M4_mrf_mlp-c91c8fb375,sbm,M4_mrf_mlp,tuned_grid,mf,1,2,,0.1,,0,,0.25,0.218048,1.871728,0.832139,0.28,0.255263,1.860697,0.828224,0.031553,0.147695,0.218082,1,5,,,,,0.15,0.14823,0.00625,0.00047,0.5,0.05966,,,,,,0.0345,,4225688,9f9bb01aee1b,flip=0.0430
M4_mrf_gcn-61ac324427,sbm,M4_mrf_gcn,tuned_grid,mf,1,2,,0.25,,0,,0.168,0.155486,1.919008,0.850349,0.183,0.16914,1.912364,0.848454,0.049436,0.147303,0.489406,1,8,,,,,0.15,0.14823,0.00625,0.00047,0.5,0.05966,,,,,,0.0495,,4225688,9f9bb01aee1b,flip=0.1460
M4_mrf_mlp-29d0014500,sbm,M4_mrf_mlp,tuned_grid,mf,1,2,,0.25,,0,,0.246,0.209395,1.879828,0.834986,0.263,0.232164,1.871151,0.831584,0.050339,0.152275,0.268989,1,9,,,,,0.15,0.14823,0.00625,0.00047,0.5,0.05966,,,,,,0.0681,,4225688,9f9bb01aee1b,flip=0.1240
M4_mrf_gcn-a1cf9f3761,sbm,M4_mrf_gcn,tuned_grid,mf,1,2,,0.5,,0,,0.134,0.033881,3.066569,1.338212,0.139,0.034898,3.107407,1.343444,0.620549,0.687152,0.999102,1,25,,,,,0.15,0.14823,0.00625,0.00047,0.5,0.05966,,,,,,0.2657,,4225688,9f9bb01aee1b,flip=0.6050
M4_mrf_mlp-e2efd7c189,sbm,M4_mrf_mlp,tuned_grid,mf,1,2,,0.5,,0,,0.15,0.037463,2.983888,1.299132,0.145,0.044954,3.039485,1.31744,0.60584,0.667736,0.989136,1,23,,,,,0.15,0.14823,0.00625,0.00047,0.5,0.05966,,,,,,0.2403,,4225688,9f9bb01aee1b,flip=0.6720
M4_mrf_gcn-9ac9f39fdb,sbm,M4_mrf_gcn,tuned_grid,mf,1,2,,1.0,,0,,0.134,0.033762,6.759282,1.682359,0.139,0.034868,6.825964,1.67391,0.833448,0.976995,1.0,1,11,,,,,0.15,0.14823,0.00625,0.00047,0.5,0.05966,,,,,,0.1002,,4225688,9f9bb01aee1b,flip=0.6060
M4_mrf_mlp-5a98c01f3c,sbm,M4_mrf_mlp,tuned_grid,mf,1,2,,1.0,,0,,0.152,0.037698,6.656715,1.653358,0.143,0.035746,6.799391,1.665182,0.829797,0.97614,1.0,1,10,,,,,0.15,0.14823,0.00625,0.00047,0.5,0.05966,,,,,,0.1115,,4225688,9f9bb01aee1b,flip=0.6900
M4_mrf_gcn-b5ea28a840,sbm,M4_mrf_gcn,tuned_grid,mf,1,2,,2.0,,0,,0.134,0.033762,13.46622,1.724289,0.139,0.034868,13.583206,1.71738,0.858507,0.998774,1.0,1,8,,,,,0.15,0.14823,0.00625,0.00047,0.5,0.05966,,,,,,0.0623,,4225688,9f9bb01aee1b,flip=0.6060
M4_mrf_mlp-3205bc3024,sbm,M4_mrf_mlp,tuned_grid,mf,1,2,,2.0,,0,,0.152,0.037698,13.324428,1.692011,0.143,0.035746,13.607271,1.709483,0.854761,0.998801,1.0,1,8,,,,,0.15,0.14823,0.00625,0.00047,0.5,0.05966,,,,,,0.0611,,4225688,9f9bb01aee1b,flip=0.6900
OF-718f6d90c3,sbm,Oracle_F,oracle,closed_form,1,2,,,,,,0.714,,,,0.751,,,,,,,,,,,,,0.15,0.14823,0.00625,0.00047,0.5,0.05966,,,,,,,,4225688,9f9bb01aee1b,"feature-only Bayes rule, known generative parameters"
OG-ffda647350,sbm,Oracle_G,oracle,mf,1,2,,0.05966,,,,0.714,0.714226,0.777292,0.386147,0.749,0.748201,0.724405,0.35441,0.031981,0.148437,0.146795,1,4,,,,,0.15,0.14823,0.00625,0.00047,0.5,0.05966,,,,,,,,4225688,9f9bb01aee1b,true Gaussian unaries + generator-implied coupling
M0_mlp-f28273ce0f,sbm,M0_mlp,train,none,5,2,0.0,,,,73,0.434,0.429414,2.048586,0.843257,0.433,0.431864,2.225335,0.862314,0.30354,0.149131,0.152272,,,,,,,0.15,0.14823,0.00625,0.00047,0.5,0.05966,0.01,0.0005,64,0.5,0.462,,results/logits/M0_mlp-f28273ce0f.npz,4225688,9f9bb01aee1b,
M1_gcn-9a5394249a,sbm,M1_gcn,train,none,5,2,0.0,,,,48,0.306,0.300215,1.840762,0.823048,0.254,0.249722,1.856961,0.828121,0.03825,0.159207,0.313521,,,,,,,0.15,0.14823,0.00625,0.00047,0.5,0.05966,0.005,0.001,64,0.5,2.92,,results/logits/M1_gcn-9a5394249a.npz,4225688,9f9bb01aee1b,
LP-c4fed0d08f,sbm,LP,closed_form,label_prop,5,2,,,,,,0.154,0.055085,1.971452,0.865478,0.139,0.05633,1.986901,0.869088,0.069554,0.152841,0.850781,,,,,,,0.15,0.14823,0.00625,0.00047,0.5,0.05966,,,,,,,,4225688,9f9bb01aee1b,uses train labels as inference-time evidence
M2_lap-f161e0eed1,sbm,M2_lap,train,none,5,2,0.001,,,,48,0.306,0.300215,1.840769,0.823051,0.255,0.250805,1.856976,0.828126,0.037256,0.159207,0.313342,,,,,,,0.15,0.14823,0.00625,0.00047,0.5,0.05966,0.005,0.001,64,0.5,3.045,,,4225688,9f9bb01aee1b,
M2_lap-7a64ead2e2,sbm,M2_lap,train,none,5,2,0.01,,,,48,0.306,0.300215,1.84086,0.82308,0.256,0.251978,1.857097,0.828165,0.036297,0.159206,0.313252,,,,,,,0.15,0.14823,0.00625,0.00047,0.5,0.05966,0.005,0.001,64,0.5,3.009,,,4225688,9f9bb01aee1b,
M2_lap-b2bd949896,sbm,M2_lap,train,none,5,2,0.1,,,,71,0.308,0.300165,1.964969,0.847823,0.241,0.228806,1.992995,0.85592,0.125073,0.186296,0.311815,,,,,,,0.15,0.14823,0.00625,0.00047,0.5,0.05966,0.005,0.001,64,0.5,3.955,,,4225688,9f9bb01aee1b,
M2_lap-d624ea4bb6,sbm,M2_lap,train,none,5,2,0.5,,,,58,0.312,0.303211,1.871634,0.827942,0.246,0.241071,1.893075,0.835131,0.060117,0.168426,0.304363,,,,,,,0.15,0.14823,0.00625,0.00047,0.5,0.05966,0.005,0.001,64,0.5,3.254,,,4225688,9f9bb01aee1b,
M2_lap-7379e957b3,sbm,M2_lap,train,none,5,2,1.0,,,,61,0.316,0.305501,1.889734,0.831692,0.241,0.23341,1.913015,0.838812,0.072319,0.170934,0.305171,,,,,,,0.15,0.14823,0.00625,0.00047,0.5,0.05966,0.005,0.001,64,0.5,3.308,,,4225688,9f9bb01aee1b,
M2_lap-4267d54a12,sbm,M2_lap,train,none,5,2,5.0,,,,41,0.314,0.304516,1.854308,0.829239,0.24,0.234332,1.869399,0.833575,0.065138,0.151887,0.307685,,,,,,,0.15,0.14823,0.00625,0.00047,0.5,0.05966,0.005,0.001,64,0.5,2.694,,,4225688,9f9bb01aee1b,
M4_mrf_gcn-74056f472a,sbm,M4_mrf_gcn,tuned_grid,mf,5,2,,0.05,,0,,0.304,0.298795,1.843224,0.823704,0.253,0.248866,1.860645,0.829144,0.042036,0.160631,0.323487,1,4,,,,,0.15,0.14823,0.00625,0.00047,0.5,0.05966,,,,,,0.0372,,4225688,9f9bb01aee1b,flip=0.0220
M4_mrf_mlp-ac6ad48611,sbm,M4_mrf_mlp,tuned_grid,mf,5,2,,0.05,,0,,0.428,0.42379,2.053536,0.844904,0.431,0.429906,2.226936,0.86248,0.306017,0.152361,0.156222,1,4,,,,,0.15,0.14823,0.00625,0.00047,0.5,0.05966,,,,,,0.0553,,4225688,9f9bb01aee1b,flip=0.0050
M4_mrf_gcn-44a56eb978,sbm,M4_mrf_gcn,tuned_grid,mf,5,2,,0.1,,0,,0.296,0.29153,1.846158,0.82452,0.253,0.24851,1.864932,0.830365,0.040388,0.162227,0.331029,1,5,,,,,0.15,0.14823,0.00625,0.00047,0.5,0.05966,,,,,,0.0349,,4225688,9f9bb01aee1b,flip=0.0350
M4_mrf_mlp-161146a7d8,sbm,M4_mrf_mlp,tuned_grid,mf,5,2,,0.1,,0,,0.426,0.421671,2.059937,0.84692,0.43,0.428865,2.22989,0.86291,0.307746,0.155682,0.160172,1,5,,,,,0.15,0.14823,0.00625,0.00047,0.5,0.05966,,,,,,0.0346,,4225688,9f9bb01aee1b,flip=0.0150
M4_mrf_gcn-7671df9e60,sbm,M4_mrf_gcn,tuned_grid,mf,5,2,,0.25,,0,,0.278,0.268975,1.85936,0.828671,0.245,0.238474,1.883255,0.835995,0.045272,0.168684,0.359131,1,9,,,,,0.15,0.14823,0.00625,0.00047,0.5,0.05966,,,,,,0.0731,,4225688,9f9bb01aee1b,flip=0.1020
M4_mrf_mlp-2099cf9bc8,sbm,M4_mrf_mlp,tuned_grid,mf,5,2,,0.25,,0,,0.412,0.406355,2.088634,0.855337,0.433,0.431995,2.247488,0.865885,0.307825,0.166298,0.172562,1,7,,,,,0.15,0.14823,0.00625,0.00047,0.5,0.05966,,,,,,0.0586,,4225688,9f9bb01aee1b,flip=0.0410
M4_mrf_gcn-c9d4e6f812,sbm,M4_mrf_gcn,tuned_grid,mf,5,2,,0.5,,0,,0.174,0.073344,2.885094,1.26103,0.152,0.069666,2.940256,1.274386,0.562907,0.625454,0.958431,1,34,,,,,0.15,0.14823,0.00625,0.00047,0.5,0.05966,,,,,,0.4058,,4225688,9f9bb01aee1b,flip=0.7340
M4_mrf_mlp-aac7edb54c,sbm,M4_mrf_mlp,tuned_grid,mf,5,2,,0.5,,0,,0.412,0.406122,2.175022,0.877771,0.429,0.42766,2.311745,0.877008,0.321098,0.18696,0.194918,1,11,,,,,0.15,0.14823,0.00625,0.00047,0.5,0.05966,,,,,,0.0885,,4225688,9f9bb01aee1b,flip=0.0890
M4_mrf_gcn-d7cf8181c6,sbm,M4_mrf_gcn,tuned_grid,mf,5,2,,1.0,,0,,0.158,0.041968,6.796638,1.636744,0.135,0.034044,6.746222,1.669248,0.83237,0.971688,0.998115,1,13,,,,,0.15,0.14823,0.00625,0.00047,0.5,0.05966,,,,,,0.1173,,4225688,9f9bb01aee1b,flip=0.7850
M4_mrf_mlp-de59281b42,sbm,M4_mrf_mlp,tuned_grid,mf,5,2,,1.0,,0,,0.376,0.362546,2.72678,0.991578,0.383,0.373568,2.790328,0.974957,0.408393,0.273283,0.296642,1,143,,,,,0.15,0.14823,0.00625,0.00047,0.5,0.05966,,,,,,1.9658,,4225688,9f9bb01aee1b,flip=0.2390
M4_mrf_gcn-5ccc49406f,sbm,M4_mrf_gcn,tuned_grid,mf,5,2,,2.0,,0,,0.156,0.038557,13.685204,1.681051,0.135,0.033984,13.552436,1.724352,0.862341,0.998311,1.0,1,16,,,,,0.15,0.14823,0.00625,0.00047,0.5,0.05966,,,,,,0.1345,,4225688,9f9bb01aee1b,flip=0.7870
M4_mrf_mlp-7a1b2fc795,sbm,M4_mrf_mlp,tuned_grid,mf,5,2,,2.0,,0,,0.166,0.074272,11.359502,1.627748,0.168,0.080318,10.978389,1.626432,0.808497,0.947759,0.956635,1,30,,,,,0.15,0.14823,0.00625,0.00047,0.5,0.05966,,,,,,0.2777,,4225688,9f9bb01aee1b,flip=0.7650
OF-958e473217,sbm,Oracle_F,oracle,closed_form,5,2,,,,,,0.748,,,,0.743,,,,,,,,,,,,,0.15,0.14823,0.00625,0.00047,0.5,0.05966,,,,,,,,4225688,9f9bb01aee1b,"feature-only Bayes rule, known generative parameters"
OG-481a52d30e,sbm,Oracle_G,oracle,mf,5,2,,0.05966,,,,0.742,0.73879,0.729092,0.358082,0.745,0.744386,0.723492,0.35454,0.024057,0.148437,0.146795,1,4,,,,,0.15,0.14823,0.00625,0.00047,0.5,0.05966,,,,,,,,4225688,9f9bb01aee1b,true Gaussian unaries + generator-implied coupling
M0_mlp-cdd711a15a,sbm,M0_mlp,train,none,20,2,0.0,,,,27,0.584,0.582487,1.173773,0.569995,0.604,0.603617,1.133291,0.530138,0.051787,0.147613,0.151463,,,,,,,0.15,0.14823,0.00625,0.00047,0.5,0.05966,0.01,0.0005,64,0.5,0.279,,results/logits/M0_mlp-cdd711a15a.npz,4225688,9f9bb01aee1b,
M1_gcn-f4d19ad9a8,sbm,M1_gcn,train,none,20,2,0.0,,,,82,0.354,0.351316,1.720539,0.785394,0.368,0.3682,1.732049,0.771309,0.084822,0.194353,0.291973,,,,,,,0.15,0.14823,0.00625,0.00047,0.5,0.05966,0.005,0.001,64,0.5,3.471,,results/logits/M1_gcn-f4d19ad9a8.npz,4225688,9f9bb01aee1b,
LP-bb6747cccb,sbm,LP,closed_form,label_prop,20,2,,,,,,0.148,0.133569,1.973089,0.867463,0.151,0.130453,1.964413,0.864532,0.067871,0.157492,0.469384,,,,,,,0.15,0.14823,0.00625,0.00047,0.5,0.05966,,,,,,,,4225688,9f9bb01aee1b,uses train labels as inference-time evidence
M2_lap-50bbff6de1,sbm,M2_lap,train,none,20,2,0.001,,,,82,0.354,0.351316,1.720561,0.7854,0.368,0.3682,1.732041,0.771297,0.082763,0.194336,0.291973,,,,,,,0.15,0.14823,0.00625,0.00047,0.5,0.05966,0.005,0.001,64,0.5,3.826,,,4225688,9f9bb01aee1b,
M2_lap-9e993c4bf9,sbm,M2_lap,train,none,20,2,0.01,,,,102,0.354,0.350946,1.807611,0.807263,0.358,0.355309,1.823732,0.795854,0.13059,0.207822,0.291973,,,,,,,0.15,0.14823,0.00625,0.00047,0.5,0.05966,0.005,0.001,64,0.5,4.773,,,4225688,9f9bb01aee1b,
M2_lap-d7d2cad99b,sbm,M2_lap,train,none,20,2,0.1,,,,82,0.352,0.349234,1.718774,0.784596,0.366,0.366247,1.729028,0.770734,0.073911,0.192686,0.293051,,,,,,,0.15,0.14823,0.00625,0.00047,0.5,0.05966,0.005,0.001,64,0.5,3.775,,,4225688,9f9bb01aee1b,
M2_lap-eee214cf71,sbm,M2_lap,train,none,20,2,0.5,,,,80,0.352,0.348985,1.711031,0.782121,0.378,0.378053,1.715835,0.769297,0.05431,0.185837,0.291973,,,,,,,0.15,0.14823,0.00625,0.00047,0.5,0.05966,0.005,0.001,64,0.5,3.795,,,4225688,9f9bb01aee1b,
M2_lap-15cb140e8a,sbm,M2_lap,train,none,20,2,1.0,,,,76,0.35,0.34587,1.710948,0.780491,0.369,0.367439,1.710519,0.768835,0.033323,0.178027,0.289459,,,,,,,0.15,0.14823,0.00625,0.00047,0.5,0.05966,0.005,0.001,64,0.5,3.997,,,4225688,9f9bb01aee1b,
M2_lap-253ae98f37,sbm,M2_lap,train,none,20,2,5.0,,,,61,0.356,0.343767,1.769899,0.802175,0.354,0.350363,1.76465,0.7971,0.124679,0.157106,0.306788,,,,,,,0.15,0.14823,0.00625,0.00047,0.5,0.05966,0.005,0.001,64,0.5,3.235,,,4225688,9f9bb01aee1b,
M4_mrf_gcn-01efe622f3,sbm,M4_mrf_gcn,tuned_grid,mf,20,2,,0.05,,0,,0.344,0.341613,1.730855,0.789174,0.366,0.36633,1.743246,0.774877,0.079788,0.198332,0.29772,1,4,,,,,0.15,0.14823,0.00625,0.00047,0.5,0.05966,,,,,,0.0419,,4225688,9f9bb01aee1b,flip=0.0150
M4_mrf_mlp-2e8e7466fc,sbm,M4_mrf_mlp,tuned_grid,mf,20,2,,0.05,,0,,0.582,0.580452,1.173378,0.569238,0.605,0.604538,1.133755,0.530221,0.052951,0.15088,0.154247,1,4,,,,,0.15,0.14823,0.00625,0.00047,0.5,0.05966,,,,,,0.0303,,4225688,9f9bb01aee1b,flip=0.0060
M4_mrf_gcn-c26d8cde41,sbm,M4_mrf_gcn,tuned_grid,mf,20,2,,0.1,,0,,0.336,0.3345,1.742637,0.793512,0.367,0.367302,1.755831,0.778959,0.097551,0.202575,0.305171,1,5,,,,,0.15,0.14823,0.00625,0.00047,0.5,0.05966,,,,,,0.0308,,4225688,9f9bb01aee1b,flip=0.0280
M4_mrf_mlp-730735dd77,sbm,M4_mrf_mlp,tuned_grid,mf,20,2,,0.1,,0,,0.582,0.580418,1.173823,0.568798,0.597,0.59689,1.13495,0.530644,0.058587,0.154239,0.161609,1,5,,,,,0.15,0.14823,0.00625,0.00047,0.5,0.05966,,,,,,0.0403,,4225688,9f9bb01aee1b,flip=0.0250
M4_mrf_gcn-660df37c0b,sbm,M4_mrf_gcn,tuned_grid,mf,20,2,,0.25,,0,,0.322,0.321099,1.789088,0.810716,0.355,0.354713,1.80437,0.795171,0.125555,0.217505,0.328246,1,8,,,,,0.15,0.14823,0.00625,0.00047,0.5,0.05966,,,,,,0.0755,,4225688,9f9bb01aee1b,flip=0.0850
M4_mrf_mlp-e562a181b3,sbm,M4_mrf_mlp,tuned_grid,mf,20,2,,0.25,,0,,0.572,0.57066,1.180652,0.569666,0.595,0.594641,1.143433,0.534178,0.061716,0.165034,0.175705,1,7,,,,,0.15,0.14823,0.00625,0.00047,0.5,0.05966,,,,,,0.0612,,4225688,9f9bb01aee1b,flip=0.0510
M4_mrf_gcn-83bb7c0135,sbm,M4_mrf_gcn,tuned_grid,mf,20,2,,0.5,,0,,0.31,0.306515,1.933313,0.863795,0.335,0.333276,1.953059,0.846439,0.21524,0.256593,0.375292,1,41,,,,,0.15,0.14823,0.00625,0.00047,0.5,0.05966,,,,,,0.408,,4225688,9f9bb01aee1b,flip=0.1870
M4_mrf_mlp-3cb366efec,sbm,M4_mrf_mlp,tuned_grid,mf,20,2,,0.5,,0,,0.578,0.575575,1.216797,0.581612,0.583,0.582025,1.179819,0.549894,0.086185,0.186934,0.207219,1,14,,,,,0.15,0.14823,0.00625,0.00047,0.5,0.05966,,,,,,0.1634,,4225688,9f9bb01aee1b,flip=0.1250
M4_mrf_gcn-1497597a1d,sbm,M4_mrf_gcn,tuned_grid,mf,20,2,,1.0,,0,,0.162,0.054409,6.399626,1.60143,0.148,0.047806,6.543891,1.638424,0.815762,0.95316,0.985276,1,29,,,,,0.15,0.14823,0.00625,0.00047,0.5,0.05966,,,,,,0.3058,,4225688,9f9bb01aee1b,flip=0.8380
M4_mrf_mlp-213c3b6c77,sbm,M4_mrf_mlp,tuned_grid,mf,20,2,,1.0,,0,,0.22,0.163715,4.494694,1.398293,0.215,0.16793,4.586177,1.423574,0.695988,0.832679,0.892979,1,45,,,,,0.15,0.14823,0.00625,0.00047,0.5,0.05966,,,,,,0.4934,,4225688,9f9bb01aee1b,flip=0.7460
M4_mrf_gcn-5bc774ae69,sbm,M4_mrf_gcn,tuned_grid,mf,20,2,,2.0,,0,,0.154,0.038128,13.208789,1.677627,0.143,0.037452,13.61734,1.70775,0.854303,0.996563,0.998923,1,15,,,,,0.15,0.14823,0.00625,0.00047,0.5,0.05966,,,,,,0.1541,,4225688,9f9bb01aee1b,flip=0.8490
M4_mrf_mlp-253fcf39c9,sbm,M4_mrf_mlp,tuned_grid,mf,20,2,,2.0,,0,,0.156,0.042285,11.687035,1.6625,0.145,0.041544,12.038478,1.691103,0.847623,0.990879,0.996139,1,14,,,,,0.15,0.14823,0.00625,0.00047,0.5,0.05966,,,,,,0.1487,,4225688,9f9bb01aee1b,flip=0.8340
OF-45d8b677f8,sbm,Oracle_F,oracle,closed_form,20,2,,,,,,0.742,,,,0.753,,,,,,,,,,,,,0.15,0.14823,0.00625,0.00047,0.5,0.05966,,,,,,,,4225688,9f9bb01aee1b,"feature-only Bayes rule, known generative parameters"
OG-3a90b83cf9,sbm,Oracle_G,oracle,mf,20,2,,0.05966,,,,0.746,0.746087,0.692598,0.345673,0.752,0.751994,0.710902,0.345286,0.032442,0.148437,0.146795,1,4,,,,,0.15,0.14823,0.00625,0.00047,0.5,0.05966,,,,,,,,4225688,9f9bb01aee1b,true Gaussian unaries + generator-implied coupling
M0_mlp-23fcee95d9,sbm,M0_mlp,train,none,1,3,0.0,,,,84,0.352,0.348027,2.052725,0.881246,0.344,0.34169,1.978904,0.86817,0.246905,0.156205,0.160634,,,,,,,0.15,0.14866,0.00667,0.00038,0.5,0.05966,0.01,0.0005,64,0.5,0.483,,results/logits/M0_mlp-23fcee95d9.npz,4225688,9f9bb01aee1b,
M1_gcn-ac93edcc6f,sbm,M1_gcn,train,none,1,3,0.0,,,,35,0.238,0.222264,1.903975,0.845144,0.258,0.247975,1.864922,0.83326,0.058271,0.150081,0.341077,,,,,,,0.15,0.14866,0.00667,0.00038,0.5,0.05966,0.005,0.001,64,0.5,2.176,,results/logits/M1_gcn-ac93edcc6f.npz,4225688,9f9bb01aee1b,
LP-f6ca18d3ff,sbm,LP,closed_form,label_prop,1,3,,,,,,0.144,0.039906,1.969525,0.864117,0.139,0.037074,1.992616,0.863442,0.061932,0.149537,0.961912,,,,,,,0.15,0.14866,0.00667,0.00038,0.5,0.05966,,,,,,,,4225688,9f9bb01aee1b,uses train labels as inference-time evidence
M2_lap-dbf86ac9e9,sbm,M2_lap,train,none,1,3,0.001,,,,35,0.238,0.222264,1.903975,0.845144,0.258,0.247975,1.864922,0.833261,0.058271,0.150081,0.341077,,,,,,,0.15,0.14866,0.00667,0.00038,0.5,0.05966,0.005,0.001,64,0.5,2.536,,,4225688,9f9bb01aee1b,
M2_lap-e960ca0256,sbm,M2_lap,train,none,1,3,0.01,,,,35,0.238,0.222264,1.90399,0.84515,0.258,0.247975,1.86495,0.83327,0.05827,0.150082,0.341077,,,,,,,0.15,0.14866,0.00667,0.00038,0.5,0.05966,0.005,0.001,64,0.5,2.487,,,4225688,9f9bb01aee1b,
M2_lap-eeace84c9a,sbm,M2_lap,train,none,1,3,0.1,,,,35,0.238,0.222223,1.903949,0.845139,0.259,0.248776,1.864983,0.833277,0.061295,0.15004,0.340627,,,,,,,0.15,0.14866,0.00667,0.00038,0.5,0.05966,0.005,0.001,64,0.5,2.396,,,4225688,9f9bb01aee1b,
M2_lap-9be397b1e5,sbm,M2_lap,train,none,1,3,0.5,,,,33,0.236,0.21989,1.90367,0.844984,0.257,0.245554,1.868027,0.834159,0.056882,0.149083,0.351972,,,,,,,0.15,0.14866,0.00667,0.00038,0.5,0.05966,0.005,0.001,64,0.5,2.345,,,4225688,9f9bb01aee1b,
M2_lap-7c196e6f3e,sbm,M2_lap,train,none,1,3,1.0,,,,33,0.238,0.222137,1.90358,0.844957,0.256,0.245155,1.868209,0.834199,0.056346,0.148913,0.34756,,,,,,,0.15,0.14866,0.00667,0.00038,0.5,0.05966,0.005,0.001,64,0.5,2.31,,,4225688,9f9bb01aee1b,
M2_lap-bfcf36fa62,sbm,M2_lap,train,none,1,3,5.0,,,,31,0.238,0.223029,1.904455,0.845182,0.258,0.247469,1.873742,0.835864,0.066014,0.14736,0.341077,,,,,,,0.15,0.14866,0.00667,0.00038,0.5,0.05966,0.005,0.001,64,0.5,2.564,,,4225688,9f9bb01aee1b,
M4_mrf_gcn-0750abc3b6,sbm,M4_mrf_gcn,tuned_grid,mf,1,3,,0.05,,0,,0.232,0.215402,1.906011,0.845823,0.257,0.246009,1.8662,0.833709,0.05503,0.150902,0.357825,1,4,,,,,0.15,0.14866,0.00667,0.00038,0.5,0.05966,,,,,,0.1004,,4225688,9f9bb01aee1b,flip=0.0210
M4_mrf_mlp-c68913e153,sbm,M4_mrf_mlp,tuned_grid,mf,1,3,,0.05,,0,,0.348,0.344554,2.063745,0.883919,0.339,0.336685,1.985063,0.869833,0.25258,0.160382,0.167927,1,4,,,,,0.15,0.14866,0.00667,0.00038,0.5,0.05966,,,,,,0.0235,,4225688,9f9bb01aee1b,flip=0.0170
M4_mrf_gcn-4fcf573be5,sbm,M4_mrf_gcn,tuned_grid,mf,1,3,,0.1,,0,,0.23,0.212811,1.908471,0.846659,0.255,0.242041,1.867831,0.834293,0.043425,0.151885,0.371061,1,5,,,,,0.15,0.14866,0.00667,0.00038,0.5,0.05966,,,,,,0.0528,,4225688,9f9bb01aee1b,flip=0.0360
M4_mrf_mlp-631bf96a9f,sbm,M4_mrf_mlp,tuned_grid,mf,1,3,,0.1,,0,,0.344,0.339914,2.076953,0.887198,0.338,0.335281,1.99324,0.872067,0.254696,0.164847,0.175041,1,5,,,,,0.15,0.14866,0.00667,0.00038,0.5,0.05966,,,,,,0.0273,,4225688,9f9bb01aee1b,flip=0.0320
M4_mrf_gcn-db10a7e1bf,sbm,M4_mrf_gcn,tuned_grid,mf,1,3,,0.25,,0,,0.222,0.198206,1.920764,0.851122,0.241,0.222108,1.877179,0.837895,0.053383,0.156931,0.437511,1,10,,,,,0.15,0.14866,0.00667,0.00038,0.5,0.05966,,,,,,0.0899,,4225688,9f9bb01aee1b,flip=0.1150
M4_mrf_mlp-75aa1d54d4,sbm,M4_mrf_mlp,tuned_grid,mf,1,3,,0.25,,0,,0.342,0.335356,2.133137,0.901539,0.337,0.332859,2.03312,0.883231,0.262254,0.180804,0.202413,1,8,,,,,0.15,0.14866,0.00667,0.00038,0.5,0.05966,,,,,,0.0589,,4225688,9f9bb01aee1b,flip=0.0770
M4_mrf_gcn-faa01ced58,sbm,M4_mrf_gcn,tuned_grid,mf,1,3,,0.5,,0,,0.144,0.036027,3.137922,1.340543,0.145,0.045217,3.087027,1.335877,0.621742,0.689032,0.993337,1,21,,,,,0.15,0.14866,0.00667,0.00038,0.5,0.05966,,,,,,0.2252,,4225688,9f9bb01aee1b,flip=0.6160
M4_mrf_mlp-18ff52cff7,sbm,M4_mrf_mlp,tuned_grid,mf,1,3,,0.5,,0,,0.32,0.308861,2.338821,0.955101,0.323,0.316019,2.209344,0.936156,0.305631,0.231399,0.280569,1,24,,,,,0.15,0.14866,0.00667,0.00038,0.5,0.05966,,,,,,0.2211,,4225688,9f9bb01aee1b,flip=0.1980
M4_mrf_gcn-bcf727142d,sbm,M4_mrf_gcn,tuned_grid,mf,1,3,,1.0,,0,,0.146,0.0364,6.87533,1.662412,0.14,0.035149,6.80486,1.668108,0.831194,0.976898,0.99973,1,11,,,,,0.15,0.14866,0.00667,0.00038,0.5,0.05966,,,,,,0.1203,,4225688,9f9bb01aee1b,flip=0.6290
M4_mrf_mlp-c094a20ae8,sbm,M4_mrf_mlp,tuned_grid,mf,1,3,,1.0,,0,,0.158,0.067195,6.242635,1.584854,0.146,0.063612,6.167742,1.60191,0.792604,0.915831,0.961012,1,20,,,,,0.15,0.14866,0.00667,0.00038,0.5,0.05966,,,,,,0.1392,,4225688,9f9bb01aee1b,flip=0.7210
M4_mrf_gcn-0a7aa5f7c8,sbm,M4_mrf_gcn,tuned_grid,mf,1,3,,2.0,,0,,0.146,0.0364,13.65905,1.702354,0.14,0.035149,13.561732,1.711475,0.854745,0.998566,0.99982,1,6,,,,,0.15,0.14866,0.00667,0.00038,0.5,0.05966,,,,,,0.0942,,4225688,9f9bb01aee1b,flip=0.6290
M4_mrf_mlp-7d2ffe14bc,sbm,M4_mrf_mlp,tuned_grid,mf,1,3,,2.0,,0,,0.146,0.039753,13.179784,1.69483,0.132,0.03515,13.152408,1.720407,0.859781,0.995421,0.998289,1,11,,,,,0.15,0.14866,0.00667,0.00038,0.5,0.05966,,,,,,0.083,,4225688,9f9bb01aee1b,flip=0.7510
OF-87774141e8,sbm,Oracle_F,oracle,closed_form,1,3,,,,,,0.722,,,,0.722,,,,,,,,,,,,,0.15,0.14866,0.00667,0.00038,0.5,0.05966,,,,,,,,4225688,9f9bb01aee1b,"feature-only Bayes rule, known generative parameters"
OG-189fd54438,sbm,Oracle_G,oracle,mf,1,3,,0.05966,,,,0.72,0.719574,0.813306,0.391614,0.725,0.72368,0.767479,0.382756,0.023338,0.145655,0.145237,1,4,,,,,0.15,0.14866,0.00667,0.00038,0.5,0.05966,,,,,,,,4225688,9f9bb01aee1b,true Gaussian unaries + generator-implied coupling
M0_mlp-dce6ef2a21,sbm,M0_mlp,train,none,5,3,0.0,,,,29,0.508,0.506132,1.453826,0.665572,0.473,0.475875,1.436483,0.673349,0.100896,0.145038,0.147668,,,,,,,0.15,0.14866,0.00667,0.00038,0.5,0.05966,0.01,0.0005,64,0.5,0.29,,results/logits/M0_mlp-dce6ef2a21.npz,4225688,9f9bb01aee1b,
M1_gcn-9469209405,sbm,M1_gcn,train,none,5,3,0.0,,,,95,0.356,0.35891,1.91317,0.830657,0.291,0.285874,1.948419,0.866162,0.20144,0.210514,0.290113,,,,,,,0.15,0.14866,0.00667,0.00038,0.5,0.05966,0.005,0.001,64,0.5,3.637,,results/logits/M1_gcn-9469209405.npz,4225688,9f9bb01aee1b,
LP-09dc48587b,sbm,LP,closed_form,label_prop,5,3,,,,,,0.158,0.101279,1.956863,0.861024,0.14,0.097093,1.984079,0.861558,0.047708,0.148195,0.577526,,,,,,,0.15,0.14866,0.00667,0.00038,0.5,0.05966,,,,,,,,4225688,9f9bb01aee1b,uses train labels as inference-time evidence
M2_lap-8a4ac279f3,sbm,M2_lap,train,none,5,3,0.001,,,,95,0.356,0.35891,1.913107,0.830645,0.291,0.285874,1.948324,0.866133,0.20137,0.210501,0.290113,,,,,,,0.15,0.14866,0.00667,0.00038,0.5,0.05966,0.005,0.001,64,0.5,4.107,,,4225688,9f9bb01aee1b,
M2_lap-f349d126f9,sbm,M2_lap,train,none,5,3,0.01,,,,95,0.356,0.35891,1.912223,0.830427,0.291,0.285874,1.947319,0.865859,0.200728,0.210316,0.289663,,,,,,,0.15,0.14866,0.00667,0.00038,0.5,0.05966,0.005,0.001,64,0.5,4.888,,,4225688,9f9bb01aee1b,
M2_lap-c614d11d29,sbm,M2_lap,train,none,5,3,0.1,,,,95,0.354,0.356667,1.901751,0.828001,0.29,0.285362,1.938097,0.863078,0.194974,0.208394,0.291284,,,,,,,0.15,0.14866,0.00667,0.00038,0.5,0.05966,0.005,0.001,64,0.5,5.505,,,4225688,9f9bb01aee1b,
M2_lap-ac48569d50,sbm,M2_lap,train,none,5,3,0.5,,,,64,0.35,0.351241,1.766676,0.793582,0.298,0.29396,1.800062,0.81491,0.079675,0.176827,0.292364,,,,,,,0.15,0.14866,0.00667,0.00038,0.5,0.05966,0.005,0.001,64,0.5,4.758,,,4225688,9f9bb01aee1b,
M2_lap-dd3f0c2f5f,sbm,M2_lap,train,none,5,3,1.0,,,,64,0.344,0.346231,1.764289,0.793587,0.291,0.28786,1.800253,0.81439,0.07128,0.174005,0.292364,,,,,,,0.15,0.14866,0.00667,0.00038,0.5,0.05966,0.005,0.001,64,0.5,5.313,,,4225688,9f9bb01aee1b,
M2_lap-66b1bef43b,sbm,M2_lap,train,none,5,3,5.0,,,,36,0.348,0.350418,1.805211,0.813132,0.279,0.277398,1.81884,0.818907,0.070591,0.149171,0.298307,,,,,,,0.15,0.14866,0.00667,0.00038,0.5,0.05966,0.005,0.001,64,0.5,3.547,,,4225688,9f9bb01aee1b,
M4_mrf_gcn-3e22a33149,sbm,M4_mrf_gcn,tuned_grid,mf,5,3,,0.05,,0,,0.352,0.355527,1.933399,0.836837,0.291,0.286287,1.967179,0.8727,0.208263,0.215914,0.301639,1,4,,,,,0.15,0.14866,0.00667,0.00038,0.5,0.05966,,,,,,0.081,,4225688,9f9bb01aee1b,flip=0.0150
M4_mrf_mlp-f17b7be007,sbm,M4_mrf_mlp,tuned_grid,mf,5,3,,0.05,,0,,0.506,0.503794,1.45383,0.665358,0.475,0.478061,1.437674,0.673903,0.099599,0.148083,0.15199,1,4,,,,,0.15,0.14866,0.00667,0.00038,0.5,0.05966,,,,,,0.0427,,4225688,9f9bb01aee1b,flip=0.0120
M4_mrf_gcn-c761d4b00b,sbm,M4_mrf_gcn,tuned_grid,mf,5,3,,0.1,,0,,0.348,0.351814,1.956187,0.843851,0.29,0.284558,1.988466,0.880117,0.217038,0.221622,0.312894,1,5,,,,,0.15,0.14866,0.00667,0.00038,0.5,0.05966,,,,,,0.037,,4225688,9f9bb01aee1b,flip=0.0370
M4_mrf_mlp-6f693a21f8,sbm,M4_mrf_mlp,tuned_grid,mf,5,3,,0.1,,0,,0.502,0.499072,1.454684,0.665426,0.471,0.474166,1.439908,0.674924,0.106783,0.151259,0.156402,1,5,,,,,0.15,0.14866,0.00667,0.00038,0.5,0.05966,,,,,,0.1267,,4225688,9f9bb01aee1b,flip=0.0260
M4_mrf_gcn-48944cde84,sbm,M4_mrf_gcn,tuned_grid,mf,5,3,,0.25,,0,,0.328,0.330938,2.043615,0.870901,0.287,0.280769,2.070673,0.908436,0.249062,0.241268,0.344589,1,9,,,,,0.15,0.14866,0.00667,0.00038,0.5,0.05966,,,,,,0.0616,,4225688,9f9bb01aee1b,flip=0.0820
M4_mrf_mlp-f3e28c4488,sbm,M4_mrf_mlp,tuned_grid,mf,5,3,,0.25,,0,,0.496,0.492387,1.463295,0.667783,0.462,0.464785,1.45431,0.681461,0.116254,0.161974,0.177202,1,8,,,,,0.15,0.14866,0.00667,0.00038,0.5,0.05966,,,,,,0.1582,,4225688,9f9bb01aee1b,flip=0.0690
M4_mrf_gcn-81a134c64b,sbm,M4_mrf_gcn,tuned_grid,mf,5,3,,0.5,,0,,0.31,0.313035,2.298359,0.946289,0.278,0.266654,2.307086,0.983409,0.326029,0.29042,0.39132,1,24,,,,,0.15,0.14866,0.00667,0.00038,0.5,0.05966,,,,,,0.2485,,4225688,9f9bb01aee1b,flip=0.1890
M4_mrf_mlp-f45273700a,sbm,M4_mrf_mlp,tuned_grid,mf,5,3,,0.5,,0,,0.47,0.466201,1.51551,0.687488,0.448,0.450504,1.528416,0.714222,0.155244,0.189771,0.225644,1,19,,,,,0.15,0.14866,0.00667,0.00038,0.5,0.05966,,,,,,0.3882,,4225688,9f9bb01aee1b,flip=0.1530
M4_mrf_gcn-955a7555ee,sbm,M4_mrf_gcn,tuned_grid,mf,5,3,,1.0,,0,,0.162,0.090129,6.042389,1.580554,0.174,0.082041,5.946065,1.538848,0.752524,0.898203,0.949847,1,44,,,,,0.15,0.14866,0.00667,0.00038,0.5,0.05966,,,,,,0.6854,,4225688,9f9bb01aee1b,flip=0.7350
M4_mrf_mlp-488f7644d6,sbm,M4_mrf_mlp,tuned_grid,mf,5,3,,1.0,,0,,0.168,0.106302,5.352092,1.546446,0.181,0.094975,5.279372,1.511677,0.746429,0.892088,0.947866,1,25,,,,,0.15,0.14866,0.00667,0.00038,0.5,0.05966,,,,,,0.3359,,4225688,9f9bb01aee1b,flip=0.7570
M4_mrf_gcn-0ea445d25a,sbm,M4_mrf_gcn,tuned_grid,mf,5,3,,2.0,,0,,0.134,0.037949,13.056587,1.712041,0.156,0.044113,12.879469,1.673867,0.836129,0.992677,0.996218,1,15,,,,,0.15,0.14866,0.00667,0.00038,0.5,0.05966,,,,,,0.2532,,4225688,9f9bb01aee1b,flip=0.7800
M4_mrf_mlp-f72096bbf9,sbm,M4_mrf_mlp,tuned_grid,mf,5,3,,2.0,,0,,0.138,0.044935,12.383375,1.708699,0.153,0.037914,12.227152,1.674806,0.838805,0.993673,0.998109,1,23,,,,,0.15,0.14866,0.00667,0.00038,0.5,0.05966,,,,,,0.215,,4225688,9f9bb01aee1b,flip=0.8050
OF-9df2c94290,sbm,Oracle_F,oracle,closed_form,5,3,,,,,,0.702,,,,0.719,,,,,,,,,,,,,0.15,0.14866,0.00667,0.00038,0.5,0.05966,,,,,,,,4225688,9f9bb01aee1b,"feature-only Bayes rule, known generative parameters"
OG-666fc31224,sbm,Oracle_G,oracle,mf,5,3,,0.05966,,,,0.704,0.702254,0.824859,0.40844,0.721,0.72084,0.778574,0.383616,0.033301,0.145655,0.145237,1,4,,,,,0.15,0.14866,0.00667,0.00038,0.5,0.05966,,,,,,,,4225688,9f9bb01aee1b,true Gaussian unaries + generator-implied coupling
M0_mlp-bd88387efc,sbm,M0_mlp,train,none,20,3,0.0,,,,67,0.604,0.603052,1.447101,0.607956,0.573,0.573376,1.50165,0.619729,0.205592,0.144267,0.145237,,,,,,,0.15,0.14866,0.00667,0.00038,0.5,0.05966,0.01,0.0005,64,0.5,0.677,,results/logits/M0_mlp-bd88387efc.npz,4225688,9f9bb01aee1b,
M1_gcn-98bd3d6713,sbm,M1_gcn,train,none,20,3,0.0,,,,39,0.398,0.393927,1.715114,0.780803,0.386,0.382239,1.686609,0.774129,0.135553,0.153545,0.284441,,,,,,,0.15,0.14866,0.00667,0.00038,0.5,0.05966,0.005,0.001,64,0.5,3.832,,results/logits/M1_gcn-98bd3d6713.npz,4225688,9f9bb01aee1b,
LP-a3f83fe29e,sbm,LP,closed_form,label_prop,20,3,,,,,,0.164,0.143498,1.959809,0.862401,0.142,0.129889,1.992878,0.867061,0.066214,0.157392,0.443364,,,,,,,0.15,0.14866,0.00667,0.00038,0.5,0.05966,,,,,,,,4225688,9f9bb01aee1b,uses train labels as inference-time evidence
M2_lap-918193f6c4,sbm,M2_lap,train,none,20,3,0.001,,,,39,0.398,0.393927,1.715128,0.780809,0.386,0.382208,1.686625,0.774135,0.135562,0.153543,0.284441,,,,,,,0.15,0.14866,0.00667,0.00038,0.5,0.05966,0.005,0.001,64,0.5,3.978,,,4225688,9f9bb01aee1b,
M2_lap-6b8ed5fe7b,sbm,M2_lap,train,none,20,3,0.01,,,,39,0.398,0.393927,1.715203,0.780839,0.387,0.383115,1.686716,0.774169,0.136633,0.153531,0.284891,,,,,,,0.15,0.14866,0.00667,0.00038,0.5,0.05966,0.005,0.001,64,0.5,3.798,,,4225688,9f9bb01aee1b,
M2_lap-95396cf9f3,sbm,M2_lap,train,none,20,3,0.1,,,,39,0.4,0.395797,1.716127,0.781191,0.386,0.382491,1.687742,0.774547,0.136368,0.153406,0.283901,,,,,,,0.15,0.14866,0.00667,0.00038,0.5,0.05966,0.005,0.001,64,0.5,4.469,,,4225688,9f9bb01aee1b,
M2_lap-0cf79ca56a,sbm,M2_lap,train,none,20,3,0.5,,,,38,0.398,0.394018,1.725015,0.784562,0.387,0.383693,1.698072,0.778218,0.141245,0.152196,0.284171,,,,,,,0.15,0.14866,0.00667,0.00038,0.5,0.05966,0.005,0.001,64,0.5,3.903,,,4225688,9f9bb01aee1b,
M2_lap-b45170b98a,sbm,M2_lap,train,none,20,3,1.0,,,,34,0.4,0.395784,1.750349,0.794115,0.387,0.382692,1.728203,0.788672,0.159951,0.14942,0.286422,,,,,,,0.15,0.14866,0.00667,0.00038,0.5,0.05966,0.005,0.001,64,0.5,3.672,,,4225688,9f9bb01aee1b,
M2_lap-0af844ff6b,sbm,M2_lap,train,none,20,3,5.0,,,,25,0.396,0.392196,1.820063,0.818488,0.375,0.371132,1.807395,0.815168,0.186391,0.145083,0.28246,,,,,,,0.15,0.14866,0.00667,0.00038,0.5,0.05966,0.005,0.001,64,0.5,3.382,,,4225688,9f9bb01aee1b,
M4_mrf_gcn-47807fd256,sbm,M4_mrf_gcn,tuned_grid,mf,20,3,,0.05,,0,,0.39,0.38558,1.715548,0.78081,0.38,0.37638,1.685684,0.773706,0.126784,0.154472,0.292995,1,4,,,,,0.15,0.14866,0.00667,0.00038,0.5,0.05966,,,,,,0.0266,,4225688,9f9bb01aee1b,flip=0.0200
M4_mrf_mlp-ceb228e613,sbm,M4_mrf_mlp,tuned_grid,mf,20,3,,0.05,,0,,0.602,0.600801,1.449026,0.608168,0.57,0.570453,1.501593,0.619402,0.208368,0.147112,0.146858,1,4,,,,,0.15,0.14866,0.00667,0.00038,0.5,0.05966,,,,,,0.0266,,4225688,9f9bb01aee1b,flip=0.0030
M4_mrf_gcn-19fb7f4f78,sbm,M4_mrf_gcn,tuned_grid,mf,20,3,,0.1,,0,,0.388,0.383564,1.716049,0.780827,0.377,0.372832,1.68473,0.773263,0.126622,0.155489,0.301999,1,5,,,,,0.15,0.14866,0.00667,0.00038,0.5,0.05966,,,,,,0.0492,,4225688,9f9bb01aee1b,flip=0.0400
M4_mrf_mlp-24ad15f63b,sbm,M4_mrf_mlp,tuned_grid,mf,20,3,,0.1,,0,,0.604,0.602576,1.451882,0.608651,0.571,0.571324,1.502451,0.619358,0.207268,0.150015,0.150549,1,5,,,,,0.15,0.14866,0.00667,0.00038,0.5,0.05966,,,,,,0.0623,,4225688,9f9bb01aee1b,flip=0.0120
M4_mrf_gcn-5e6af3e47d,sbm,M4_mrf_gcn,tuned_grid,mf,20,3,,0.25,,0,,0.384,0.380133,1.718488,0.781159,0.365,0.360273,1.682072,0.771957,0.097871,0.159335,0.323339,1,7,,,,,0.15,0.14866,0.00667,0.00038,0.5,0.05966,,,,,,0.0946,,4225688,9f9bb01aee1b,flip=0.0850
M4_mrf_mlp-abce19f07b,sbm,M4_mrf_mlp,tuned_grid,mf,20,3,,0.25,,0,,0.604,0.602342,1.466459,0.611834,0.575,0.575158,1.5109,0.621076,0.204381,0.159139,0.162345,1,6,,,,,0.15,0.14866,0.00667,0.00038,0.5,0.05966,,,,,,0.0863,,4225688,9f9bb01aee1b,flip=0.0380
M4_mrf_gcn-9593f4f620,sbm,M4_mrf_gcn,tuned_grid,mf,20,3,,0.5,,0,,0.354,0.344586,1.735122,0.787308,0.354,0.345644,1.68637,0.7737,0.055467,0.172967,0.364308,1,26,,,,,0.15,0.14866,0.00667,0.00038,0.5,0.05966,,,,,,0.2837,,4225688,9f9bb01aee1b,flip=0.1800
M4_mrf_mlp-4b6bc224be,sbm,M4_mrf_mlp,tuned_grid,mf,20,3,,0.5,,0,,0.6,0.599483,1.51418,0.623489,0.573,0.572887,1.5481,0.630814,0.21115,0.176183,0.179723,1,11,,,,,0.15,0.14866,0.00667,0.00038,0.5,0.05966,,,,,,0.2553,,4225688,9f9bb01aee1b,flip=0.0720
M4_mrf_gcn-d69678937c,sbm,M4_mrf_gcn,tuned_grid,mf,20,3,,1.0,,0,,0.164,0.047634,6.390028,1.620619,0.142,0.035652,6.251408,1.642137,0.820613,0.966581,0.998109,1,19,,,,,0.15,0.14866,0.00667,0.00038,0.5,0.05966,,,,,,0.2685,,4225688,9f9bb01aee1b,flip=0.8290
M4_mrf_mlp-887a12596d,sbm,M4_mrf_mlp,tuned_grid,mf,20,3,,1.0,,0,,0.57,0.569856,1.747955,0.680992,0.55,0.550983,1.772031,0.691977,0.260043,0.223002,0.232577,1,66,,,,,0.15,0.14866,0.00667,0.00038,0.5,0.05966,,,,,,1.2417,,4225688,9f9bb01aee1b,flip=0.1630
M4_mrf_gcn-d50a917a85,sbm,M4_mrf_gcn,tuned_grid,mf,20,3,,2.0,,0,,0.16,0.039409,13.275185,1.673276,0.142,0.035589,13.005444,1.708526,0.853894,0.997937,0.99955,1,12,,,,,0.15,0.14866,0.00667,0.00038,0.5,0.05966,,,,,,0.1973,,4225688,9f9bb01aee1b,flip=0.8310
M4_mrf_mlp-5a07d69d5d,sbm,M4_mrf_mlp,tuned_grid,mf,20,3,,2.0,,0,,0.174,0.083629,9.896419,1.612031,0.177,0.090652,10.051712,1.598717,0.798431,0.947123,0.958041,1,41,,,,,0.15,0.14866,0.00667,0.00038,0.5,0.05966,,,,,,0.5445,,4225688,9f9bb01aee1b,flip=0.7860
OF-1a7992fd37,sbm,Oracle_F,oracle,closed_form,20,3,,,,,,0.734,,,,0.719,,,,,,,,,,,,,0.15,0.14866,0.00667,0.00038,0.5,0.05966,,,,,,,,4225688,9f9bb01aee1b,"feature-only Bayes rule, known generative parameters"
OG-fa39443b96,sbm,Oracle_G,oracle,mf,20,3,,0.05966,,,,0.736,0.734894,0.718433,0.37136,0.722,0.721323,0.805496,0.393072,0.041515,0.145655,0.145237,1,4,,,,,0.15,0.14866,0.00667,0.00038,0.5,0.05966,,,,,,,,4225688,9f9bb01aee1b,true Gaussian unaries + generator-implied coupling
M0_mlp-9568a6822f,sbm,M0_mlp,train,none,1,4,0.0,,,,134,0.364,0.351671,1.992352,0.859019,0.363,0.353529,2.039961,0.870547,0.24947,0.148259,0.152084,,,,,,,0.15,0.15091,0.00934,0.00054,0.5,0.05966,0.01,0.0005,64,0.5,1.13,,results/logits/M0_mlp-9568a6822f.npz,4225688,9f9bb01aee1b,
M1_gcn-f24a3b4f17,sbm,M1_gcn,train,none,1,4,0.0,,,,124,0.264,0.238989,2.061949,0.888281,0.205,0.178915,2.289974,0.961212,0.257841,0.228394,0.399784,,,,,,,0.15,0.15091,0.00934,0.00054,0.5,0.05966,0.005,0.001,64,0.5,6.901,,results/logits/M1_gcn-f24a3b4f17.npz,4225688,9f9bb01aee1b,
LP-3abc54bf1f,sbm,LP,closed_form,label_prop,1,4,,,,,,0.158,0.042242,1.960021,0.861654,0.142,0.037783,2.000375,0.872884,0.077494,0.155899,0.975284,,,,,,,0.15,0.15091,0.00934,0.00054,0.5,0.05966,,,,,,,,4225688,9f9bb01aee1b,uses train labels as inference-time evidence
M2_lap-021392867c,sbm,M2_lap,train,none,1,4,0.001,,,,125,0.266,0.241109,2.062181,0.888183,0.206,0.179846,2.2902,0.961059,0.256759,0.228068,0.397889,,,,,,,0.15,0.15091,0.00934,0.00054,0.5,0.05966,0.005,0.001,64,0.5,7.769,,,4225688,9f9bb01aee1b,
M2_lap-171fbee1f7,sbm,M2_lap,train,none,1,4,0.01,,,,125,0.266,0.241109,2.061231,0.888054,0.206,0.179875,2.287938,0.960519,0.255762,0.227956,0.398611,,,,,,,0.15,0.15091,0.00934,0.00054,0.5,0.05966,0.005,0.001,64,0.5,7.364,,,4225688,9f9bb01aee1b,
M2_lap-af35257c1c,sbm,M2_lap,train,none,1,4,0.1,,,,73,0.252,0.217503,1.99003,0.865927,0.198,0.169309,2.156718,0.922538,0.208946,0.211622,0.430723,,,,,,,0.15,0.15091,0.00934,0.00054,0.5,0.05966,0.005,0.001,64,0.5,5.993,,,4225688,9f9bb01aee1b,
M2_lap-67226ad357,sbm,M2_lap,train,none,1,4,0.5,,,,65,0.248,0.214957,1.951346,0.852919,0.197,0.171836,2.092375,0.901294,0.174717,0.197838,0.426574,,,,,,,0.15,0.15091,0.00934,0.00054,0.5,0.05966,0.005,0.001,64,0.5,5.014,,,4225688,9f9bb01aee1b,
M2_lap-ec7aa80007,sbm,M2_lap,train,none,1,4,1.0,,,,34,0.246,0.216339,1.87157,0.832608,0.204,0.171013,1.93274,0.851406,0.048292,0.158132,0.434332,,,,,,,0.15,0.15091,0.00934,0.00054,0.5,0.05966,0.005,0.001,64,0.5,3.529,,,4225688,9f9bb01aee1b,
M2_lap-d46ec02e1c,sbm,M2_lap,train,none,1,4,5.0,,,,47,0.242,0.207119,1.903074,0.838822,0.197,0.168507,1.982534,0.864736,0.088547,0.170923,0.444254,,,,,,,0.15,0.15091,0.00934,0.00054,0.5,0.05966,0.005,0.001,64,0.5,4.447,,,4225688,9f9bb01aee1b,
M4_mrf_gcn-4fb9b9f20e,sbm,M4_mrf_gcn,tuned_grid,mf,1,4,,0.05,,0,,0.256,0.228162,2.08896,0.89851,0.204,0.176999,2.324691,0.97242,0.270928,0.238705,0.419628,1,5,,,,,0.15,0.15091,0.00934,0.00054,0.5,0.05966,,,,,,0.0589,,4225688,9f9bb01aee1b,flip=0.0220
M4_mrf_mlp-5540ddf393,sbm,M4_mrf_mlp,tuned_grid,mf,1,4,,0.05,,0,,0.362,0.349138,1.99484,0.859042,0.364,0.354612,2.041127,0.870734,0.248718,0.15161,0.156684,1,4,,,,,0.15,0.15091,0.00934,0.00054,0.5,0.05966,,,,,,0.0296,,4225688,9f9bb01aee1b,flip=0.0100
M4_mrf_gcn-ed019bb976,sbm,M4_mrf_gcn,tuned_grid,mf,1,4,,0.1,,0,,0.25,0.217863,2.122132,0.911457,0.2,0.170617,2.366316,0.986093,0.289258,0.251243,0.439563,1,6,,,,,0.15,0.15091,0.00934,0.00054,0.5,0.05966,,,,,,0.1043,,4225688,9f9bb01aee1b,flip=0.0500
M4_mrf_mlp-6c3de82c2f,sbm,M4_mrf_mlp,tuned_grid,mf,1,4,,0.1,,0,,0.36,0.347098,1.998714,0.859403,0.361,0.351798,2.043798,0.871293,0.252242,0.155112,0.162638,1,5,,,,,0.15,0.15091,0.00934,0.00054,0.5,0.05966,,,,,,0.0388,,4225688,9f9bb01aee1b,flip=0.0230
M4_mrf_gcn-c55c328457,sbm,M4_mrf_gcn,tuned_grid,mf,1,4,,0.25,,0,,0.224,0.179174,2.291342,0.979354,0.186,0.150489,2.565382,1.053293,0.368051,0.314507,0.529046,1,12,,,,,0.15,0.15091,0.00934,0.00054,0.5,0.05966,,,,,,0.0733,,4225688,9f9bb01aee1b,flip=0.1500
M4_mrf_mlp-6145f17a16,sbm,M4_mrf_mlp,tuned_grid,mf,1,4,,0.25,,0,,0.354,0.337699,2.020084,0.862902,0.351,0.340731,2.062115,0.875562,0.265995,0.166953,0.183204,1,8,,,,,0.15,0.15091,0.00934,0.00054,0.5,0.05966,,,,,,0.1733,,4225688,9f9bb01aee1b,flip=0.0620
M4_mrf_gcn-6d446208f5,sbm,M4_mrf_gcn,tuned_grid,mf,1,4,,0.5,,0,,0.208,0.127031,3.360347,1.291413,0.167,0.091362,3.712555,1.356566,0.614725,0.641158,0.811384,1,25,,,,,0.15,0.15091,0.00934,0.00054,0.5,0.05966,,,,,,0.2761,,4225688,9f9bb01aee1b,flip=0.4300
M4_mrf_mlp-12344d231d,sbm,M4_mrf_mlp,tuned_grid,mf,1,4,,0.5,,0,,0.362,0.339419,2.112861,0.884115,0.357,0.34211,2.149011,0.896747,0.276498,0.198075,0.227494,1,20,,,,,0.15,0.15091,0.00934,0.00054,0.5,0.05966,,,,,,0.2404,,4225688,9f9bb01aee1b,flip=0.1350
M4_mrf_gcn-01cfd19d63,sbm,M4_mrf_gcn,tuned_grid,mf,1,4,,1.0,,0,,0.166,0.056783,6.997678,1.612214,0.145,0.038416,7.491401,1.653672,0.822983,0.962532,0.988725,1,21,,,,,0.15,0.15091,0.00934,0.00054,0.5,0.05966,,,,,,0.4146,,4225688,9f9bb01aee1b,flip=0.5780
M4_mrf_mlp-a1a8ede78f,sbm,M4_mrf_mlp,tuned_grid,mf,1,4,,1.0,,0,,0.188,0.093325,5.678771,1.501208,0.176,0.084951,5.798572,1.527999,0.751572,0.892259,0.946148,1,23,,,,,0.15,0.15091,0.00934,0.00054,0.5,0.05966,,,,,,0.2678,,4225688,9f9bb01aee1b,flip=0.7490
M4_mrf_gcn-bf725c9294,sbm,M4_mrf_gcn,tuned_grid,mf,1,4,,2.0,,0,,0.158,0.038983,13.574593,1.674338,0.145,0.036245,14.352655,1.704203,0.851699,0.996858,0.998647,1,16,,,,,0.15,0.15091,0.00934,0.00054,0.5,0.05966,,,,,,0.1101,,4225688,9f9bb01aee1b,flip=0.5890
M4_mrf_mlp-a4230142df,sbm,M4_mrf_mlp,tuned_grid,mf,1,4,,2.0,,0,,0.162,0.043806,12.453236,1.659062,0.157,0.038938,12.718674,1.669267,0.835106,0.993124,0.996843,1,35,,,,,0.15,0.15091,0.00934,0.00054,0.5,0.05966,,,,,,0.4811,,4225688,9f9bb01aee1b,flip=0.8040
OF-a964fe14ca,sbm,Oracle_F,oracle,closed_form,1,4,,,,,,0.738,,,,0.723,,,,,,,,,,,,,0.15,0.15091,0.00934,0.00054,0.5,0.05966,,,,,,,,4225688,9f9bb01aee1b,"feature-only Bayes rule, known generative parameters"
OG-098f42c10b,sbm,Oracle_G,oracle,mf,1,4,,0.05966,,,,0.74,0.738645,0.737358,0.364782,0.721,0.720091,0.763893,0.377743,0.039836,0.152001,0.154609,1,4,,,,,0.15,0.15091,0.00934,0.00054,0.5,0.05966,,,,,,,,4225688,9f9bb01aee1b,true Gaussian unaries + generator-implied coupling
M0_mlp-67277b0c12,sbm,M0_mlp,train,none,5,4,0.0,,,,38,0.452,0.455648,1.701747,0.741834,0.445,0.446206,1.69486,0.761987,0.203603,0.154447,0.162277,,,,,,,0.15,0.15091,0.00934,0.00054,0.5,0.05966,0.01,0.0005,64,0.5,0.513,,results/logits/M0_mlp-67277b0c12.npz,4225688,9f9bb01aee1b,
M1_gcn-ab6b4d9f57,sbm,M1_gcn,train,none,5,4,0.0,,,,32,0.282,0.277057,1.837429,0.82465,0.303,0.293079,1.820488,0.819453,0.082249,0.149487,0.304889,,,,,,,0.15,0.15091,0.00934,0.00054,0.5,0.05966,0.005,0.001,64,0.5,3.157,,results/logits/M1_gcn-ab6b4d9f57.npz,4225688,9f9bb01aee1b,
LP-fb9ab8cfc1,sbm,LP,closed_form,label_prop,5,4,,,,,,0.148,0.105574,2.010629,0.86188,0.127,0.08402,1.962863,0.862499,0.053215,0.148676,0.536803,,,,,,,0.15,0.15091,0.00934,0.00054,0.5,0.05966,,,,,,,,4225688,9f9bb01aee1b,uses train labels as inference-time evidence
M2_lap-d9ec17f6e1,sbm,M2_lap,train,none,5,4,0.001,,,,32,0.282,0.277057,1.83743,0.82465,0.303,0.293079,1.82049,0.819454,0.082253,0.149487,0.304889,,,,,,,0.15,0.15091,0.00934,0.00054,0.5,0.05966,0.005,0.001,64,0.5,3.776,,,4225688,9f9bb01aee1b,
M2_lap-07ed81ef5c,sbm,M2_lap,train,none,5,4,0.01,,,,32,0.282,0.277114,1.83747,0.82466,0.304,0.294219,1.820533,0.819467,0.083285,0.149485,0.30516,,,,,,,0.15,0.15091,0.00934,0.00054,0.5,0.05966,0.005,0.001,64,0.5,4.179,,,4225688,9f9bb01aee1b,
M2_lap-d577a42a11,sbm,M2_lap,train,none,5,4,0.1,,,,32,0.282,0.277114,1.837505,0.824672,0.304,0.294624,1.82065,0.819515,0.083557,0.149443,0.304348,,,,,,,0.15,0.15091,0.00934,0.00054,0.5,0.05966,0.005,0.001,64,0.5,3.79,,,4225688,9f9bb01aee1b,
M2_lap-8193deeb50,sbm,M2_lap,train,none,5,4,0.5,,,,26,0.28,0.275454,1.857697,0.830828,0.292,0.282086,1.845353,0.827221,0.091728,0.146939,0.320855,,,,,,,0.15,0.15091,0.00934,0.00054,0.5,0.05966,0.005,0.001,64,0.5,3.244,,,4225688,9f9bb01aee1b,
M2_lap-032ab7280e,sbm,M2_lap,train,none,5,4,1.0,,,,34,0.28,0.276607,1.832876,0.823243,0.298,0.289537,1.814682,0.817707,0.079059,0.150091,0.299296,,,,,,,0.15,0.15091,0.00934,0.00054,0.5,0.05966,0.005,0.001,64,0.5,4.045,,,4225688,9f9bb01aee1b,
M2_lap-a4e6a38cbb,sbm,M2_lap,train,none,5,4,5.0,,,,19,0.28,0.273955,1.883601,0.838619,0.285,0.274293,1.876127,0.836671,0.109257,0.144518,0.314992,,,,,,,0.15,0.15091,0.00934,0.00054,0.5,0.05966,0.005,0.001,64,0.5,2.85,,,4225688,9f9bb01aee1b,
M4_mrf_gcn-810452652d,sbm,M4_mrf_gcn,tuned_grid,mf,5,4,,0.05,,0,,0.276,0.271355,1.837493,0.824673,0.295,0.284271,1.820613,0.819455,0.078102,0.150088,0.315984,1,4,,,,,0.15,0.15091,0.00934,0.00054,0.5,0.05966,,,,,,0.0517,,4225688,9f9bb01aee1b,flip=0.0260
M4_mrf_mlp-d3fa2969e9,sbm,M4_mrf_mlp,tuned_grid,mf,5,4,,0.05,,0,,0.446,0.450406,1.701766,0.741397,0.445,0.446244,1.696406,0.762617,0.204345,0.15805,0.166607,1,4,,,,,0.15,0.15091,0.00934,0.00054,0.5,0.05966,,,,,,0.073,,4225688,9f9bb01aee1b,flip=0.0070
M4_mrf_gcn-87ed4c2bd5,sbm,M4_mrf_gcn,tuned_grid,mf,5,4,,0.1,,0,,0.274,0.269179,1.837668,0.824728,0.293,0.281629,1.820865,0.819491,0.067915,0.150761,0.324553,1,5,,,,,0.15,0.15091,0.00934,0.00054,0.5,0.05966,,,,,,0.0334,,4225688,9f9bb01aee1b,flip=0.0510
M4_mrf_mlp-a37558d131,sbm,M4_mrf_mlp,tuned_grid,mf,5,4,,0.1,,0,,0.444,0.447928,1.703071,0.74133,0.449,0.450126,1.699331,0.763623,0.20141,0.161821,0.172921,1,5,,,,,0.15,0.15091,0.00934,0.00054,0.5,0.05966,,,,,,0.0292,,4225688,9f9bb01aee1b,flip=0.0180
M4_mrf_gcn-0ec13aef19,sbm,M4_mrf_gcn,tuned_grid,mf,5,4,,0.25,,0,,0.274,0.268434,1.839382,0.825268,0.286,0.273098,1.823005,0.819993,0.058699,0.153467,0.345661,1,8,,,,,0.15,0.15091,0.00934,0.00054,0.5,0.05966,,,,,,0.1036,,4225688,9f9bb01aee1b,flip=0.0900
M4_mrf_mlp-fff072f2c5,sbm,M4_mrf_mlp,tuned_grid,mf,5,4,,0.25,,0,,0.438,0.440582,1.715872,0.74388,0.442,0.442788,1.717845,0.76938,0.214194,0.174517,0.192585,1,7,,,,,0.15,0.15091,0.00934,0.00054,0.5,0.05966,,,,,,0.0882,,4225688,9f9bb01aee1b,flip=0.0550
M4_mrf_gcn-9b17002ba6,sbm,M4_mrf_gcn,tuned_grid,mf,5,4,,0.5,,0,,0.25,0.233838,1.875646,0.840454,0.254,0.229741,1.861006,0.835053,0.072286,0.17373,0.454447,1,125,,,,,0.15,0.15091,0.00934,0.00054,0.5,0.05966,,,,,,1.7446,,4225688,9f9bb01aee1b,flip=0.2720
M4_mrf_mlp-2343c780d6,sbm,M4_mrf_mlp,tuned_grid,mf,5,4,,0.5,,0,,0.436,0.438336,1.782496,0.764555,0.427,0.426405,1.79994,0.794428,0.24867,0.204547,0.228757,1,16,,,,,0.15,0.15091,0.00934,0.00054,0.5,0.05966,,,,,,0.2167,,4225688,9f9bb01aee1b,flip=0.1170
M4_mrf_gcn-eca6bff524,sbm,M4_mrf_gcn,tuned_grid,mf,5,4,,1.0,,0,,0.136,0.040856,6.618141,1.665196,0.138,0.034647,6.625798,1.664641,0.830784,0.970716,0.999729,1,14,,,,,0.15,0.15091,0.00934,0.00054,0.5,0.05966,,,,,,0.2422,,4225688,9f9bb01aee1b,flip=0.7630
M4_mrf_mlp-4f0df2161b,sbm,M4_mrf_mlp,tuned_grid,mf,5,4,,1.0,,0,,0.202,0.128822,5.08804,1.454995,0.196,0.131092,5.258554,1.494585,0.73254,0.852786,0.906549,1,43,,,,,0.15,0.15091,0.00934,0.00054,0.5,0.05966,,,,,,0.5871,,4225688,9f9bb01aee1b,flip=0.7190
M4_mrf_gcn-5fb99e3fc1,sbm,M4_mrf_gcn,tuned_grid,mf,5,4,,2.0,,0,,0.134,0.037135,13.458091,1.723037,0.138,0.034647,13.489644,1.718794,0.859575,0.998411,0.99991,1,10,,,,,0.15,0.15091,0.00934,0.00054,0.5,0.05966,,,,,,0.1057,,4225688,9f9bb01aee1b,flip=0.7630
M4_mrf_mlp-e6cc93e828,sbm,M4_mrf_mlp,tuned_grid,mf,5,4,,2.0,,0,,0.158,0.046416,12.014919,1.669232,0.149,0.042574,12.366075,1.687533,0.845224,0.993255,0.997023,1,12,,,,,0.15,0.15091,0.00934,0.00054,0.5,0.05966,,,,,,0.1023,,4225688,9f9bb01aee1b,flip=0.7900
OF-4b8e458d14,sbm,Oracle_F,oracle,closed_form,5,4,,,,,,0.72,,,,0.733,,,,,,,,,,,,,0.15,0.15091,0.00934,0.00054,0.5,0.05966,,,,,,,,4225688,9f9bb01aee1b,"feature-only Bayes rule, known generative parameters"
OG-1463dd66e2,sbm,Oracle_G,oracle,mf,5,4,,0.05966,,,,0.718,0.716174,0.804805,0.398518,0.739,0.737073,0.745214,0.369044,0.052976,0.152001,0.154609,1,4,,,,,0.15,0.15091,0.00934,0.00054,0.5,0.05966,,,,,,,,4225688,9f9bb01aee1b,true Gaussian unaries + generator-implied coupling
M0_mlp-d3de36e81f,sbm,M0_mlp,train,none,20,4,0.0,,,,28,0.646,0.64654,1.02194,0.493937,0.628,0.627619,1.042977,0.502708,0.070407,0.147468,0.149468,,,,,,,0.15,0.15091,0.00934,0.00054,0.5,0.05966,0.01,0.0005,64,0.5,0.438,,results/logits/M0_mlp-d3de36e81f.npz,4225688,9f9bb01aee1b,
M1_gcn-f05fd04e51,sbm,M1_gcn,train,none,20,4,0.0,,,,39,0.342,0.343265,1.754531,0.798111,0.339,0.338768,1.724007,0.788711,0.084869,0.154162,0.291719,,,,,,,0.15,0.15091,0.00934,0.00054,0.5,0.05966,0.005,0.001,64,0.5,3.42,,results/logits/M1_gcn-f05fd04e51.npz,4225688,9f9bb01aee1b,
LP-e97469da83,sbm,LP,closed_form,label_prop,20,4,,,,,,0.15,0.145752,1.971654,0.867399,0.15,0.143729,1.962374,0.864483,0.068879,0.157435,0.414577,,,,,,,0.15,0.15091,0.00934,0.00054,0.5,0.05966,,,,,,,,4225688,9f9bb01aee1b,uses train labels as inference-time evidence
M2_lap-946664cc44,sbm,M2_lap,train,none,20,4,0.001,,,,39,0.342,0.343265,1.754538,0.798113,0.339,0.338768,1.724017,0.788713,0.084872,0.154161,0.291719,,,,,,,0.15,0.15091,0.00934,0.00054,0.5,0.05966,0.005,0.001,64,0.5,3.851,,,4225688,9f9bb01aee1b,
M2_lap-9ba6135e6b,sbm,M2_lap,train,none,20,4,0.01,,,,39,0.342,0.343265,1.754586,0.798125,0.339,0.338768,1.724079,0.788732,0.084932,0.154152,0.291719,,,,,,,0.15,0.15091,0.00934,0.00054,0.5,0.05966,0.005,0.001,64,0.5,3.825,,,4225688,9f9bb01aee1b,
M2_lap-efe7033a86,sbm,M2_lap,train,none,20,4,0.1,,,,49,0.342,0.342219,1.730466,0.789577,0.348,0.346411,1.686772,0.775992,0.058824,0.163816,0.288111,,,,,,,0.15,0.15091,0.00934,0.00054,0.5,0.05966,0.005,0.001,64,0.5,4.053,,,4225688,9f9bb01aee1b,
M2_lap-a981b38d4e,sbm,M2_lap,train,none,20,4,0.5,,,,43,0.34,0.340471,1.746212,0.79485,0.337,0.335905,1.710012,0.783701,0.080817,0.156977,0.289284,,,,,,,0.15,0.15091,0.00934,0.00054,0.5,0.05966,0.005,0.001,64,0.5,4.592,,,4225688,9f9bb01aee1b,
M2_lap-c12fe1ae06,sbm,M2_lap,train,none,20,4,1.0,,,,37,0.342,0.342958,1.769971,0.803136,0.338,0.337114,1.742162,0.794583,0.100034,0.151629,0.290547,,,,,,,0.15,0.15091,0.00934,0.00054,0.5,0.05966,0.005,0.001,64,0.5,3.674,,,4225688,9f9bb01aee1b,
M2_lap-5c20d62124,sbm,M2_lap,train,none,20,4,5.0,,,,28,0.336,0.335252,1.829771,0.822457,0.337,0.334905,1.812984,0.817311,0.142173,0.145942,0.293072,,,,,,,0.15,0.15091,0.00934,0.00054,0.5,0.05966,0.005,0.001,64,0.5,3.278,,,4225688,9f9bb01aee1b,
M4_mrf_gcn-bad92efaf4,sbm,M4_mrf_gcn,tuned_grid,mf,20,4,,0.05,,0,,0.342,0.343508,1.755416,0.798375,0.335,0.334602,1.723971,0.788766,0.076807,0.15509,0.30074,1,4,,,,,0.15,0.15091,0.00934,0.00054,0.5,0.05966,,,,,,0.0444,,4225688,9f9bb01aee1b,flip=0.0200
M4_mrf_mlp-f4efc7d6e9,sbm,M4_mrf_mlp,tuned_grid,mf,20,4,,0.05,,0,,0.64,0.640374,1.024404,0.495154,0.628,0.627834,1.042693,0.502019,0.063664,0.150805,0.153888,1,4,,,,,0.15,0.15091,0.00934,0.00054,0.5,0.05966,,,,,,0.0481,,4225688,9f9bb01aee1b,flip=0.0070
M4_mrf_gcn-d2f5e97384,sbm,M4_mrf_gcn,tuned_grid,mf,20,4,,0.1,,0,,0.344,0.346003,1.756419,0.798686,0.335,0.334305,1.724023,0.788861,0.082325,0.156105,0.306603,1,5,,,,,0.15,0.15091,0.00934,0.00054,0.5,0.05966,,,,,,0.0671,,4225688,9f9bb01aee1b,flip=0.0310
M4_mrf_mlp-4c74c5e173,sbm,M4_mrf_mlp,tuned_grid,mf,20,4,,0.1,,0,,0.634,0.634327,1.027725,0.49673,0.628,0.6277,1.043212,0.501683,0.062278,0.154228,0.159029,1,5,,,,,0.15,0.15091,0.00934,0.00054,0.5,0.05966,,,,,,0.0478,,4225688,9f9bb01aee1b,flip=0.0140
M4_mrf_gcn-d394327a22,sbm,M4_mrf_gcn,tuned_grid,mf,20,4,,0.25,,0,,0.326,0.327513,1.760681,0.800128,0.318,0.317102,1.725266,0.789618,0.053153,0.159912,0.325636,1,7,,,,,0.15,0.15091,0.00934,0.00054,0.5,0.05966,,,,,,0.0546,,4225688,9f9bb01aee1b,flip=0.0750
M4_mrf_mlp-458242dd96,sbm,M4_mrf_mlp,tuned_grid,mf,20,4,,0.25,,0,,0.632,0.631797,1.04343,0.503895,0.627,0.626671,1.050084,0.503065,0.063073,0.165139,0.17274,1,7,,,,,0.15,0.15091,0.00934,0.00054,0.5,0.05966,,,,,,0.1324,,4225688,9f9bb01aee1b,flip=0.0470
M4_mrf_gcn-c19ed77898,sbm,M4_mrf_gcn,tuned_grid,mf,20,4,,0.5,,0,,0.3,0.300885,1.781061,0.808136,0.293,0.291332,1.740274,0.796593,0.046143,0.17254,0.362168,1,29,,,,,0.15,0.15091,0.00934,0.00054,0.5,0.05966,,,,,,0.2959,,4225688,9f9bb01aee1b,flip=0.1480
M4_mrf_mlp-ae76dc4950,sbm,M4_mrf_mlp,tuned_grid,mf,20,4,,0.5,,0,,0.616,0.615756,1.094635,0.525906,0.623,0.623265,1.084801,0.515802,0.0807,0.186363,0.201425,1,12,,,,,0.15,0.15091,0.00934,0.00054,0.5,0.05966,,,,,,0.1689,,4225688,9f9bb01aee1b,flip=0.1000
M4_mrf_gcn-6a378845fe,sbm,M4_mrf_gcn,tuned_grid,mf,20,4,,1.0,,0,,0.13,0.032928,6.700316,1.687506,0.145,0.038085,6.3566,1.649118,0.823458,0.970113,0.998918,1,17,,,,,0.15,0.15091,0.00934,0.00054,0.5,0.05966,,,,,,0.2557,,4225688,9f9bb01aee1b,flip=0.8430
M4_mrf_mlp-9b380af624,sbm,M4_mrf_mlp,tuned_grid,mf,20,4,,1.0,,0,,0.242,0.230392,4.074696,1.356342,0.252,0.226025,3.869252,1.327765,0.64522,0.776645,0.839618,1,79,,,,,0.15,0.15091,0.00934,0.00054,0.5,0.05966,,,,,,1.0485,,4225688,9f9bb01aee1b,flip=0.6890
M4_mrf_gcn-3971385927,sbm,M4_mrf_gcn,tuned_grid,mf,20,4,,2.0,,0,,0.13,0.03287,13.719634,1.73705,0.144,0.035996,13.055788,1.704936,0.852425,0.99839,0.99991,1,10,,,,,0.15,0.15091,0.00934,0.00054,0.5,0.05966,,,,,,0.0998,,4225688,9f9bb01aee1b,flip=0.8450
M4_mrf_mlp-5a6652c73a,sbm,M4_mrf_mlp,tuned_grid,mf,20,4,,2.0,,0,,0.132,0.043615,11.600071,1.719129,0.16,0.06462,11.075364,1.660336,0.826294,0.985512,0.989987,1,54,,,,,0.15,0.15091,0.00934,0.00054,0.5,0.05966,,,,,,1.0199,,4225688,9f9bb01aee1b,flip=0.8040
OF-d9c64d13f5,sbm,Oracle_F,oracle,closed_form,20,4,,,,,,0.76,,,,0.74,,,,,,,,,,,,,0.15,0.15091,0.00934,0.00054,0.5,0.05966,,,,,,,,4225688,9f9bb01aee1b,"feature-only Bayes rule, known generative parameters"
OG-ad3e375344,sbm,Oracle_G,oracle,mf,20,4,,0.05966,,,,0.762,0.759784,0.716923,0.352253,0.737,0.736796,0.737574,0.360916,0.050209,0.152001,0.154609,1,4,,,,,0.15,0.15091,0.00934,0.00054,0.5,0.05966,,,,,,,,4225688,9f9bb01aee1b,true Gaussian unaries + generator-implied coupling
M0_mlp-08a55dbee5,sbm,M0_mlp,train,none,1,5,0.0,,,,21,0.302,0.298164,1.835628,0.822449,0.313,0.308454,1.751645,0.799305,0.086164,0.147688,0.158951,,,,,,,0.15,0.15485,0.01393,0.00087,0.5,0.05966,0.01,0.0005,64,0.5,0.316,,results/logits/M0_mlp-08a55dbee5.npz,4225688,9f9bb01aee1b,
M1_gcn-dc40ef5773,sbm,M1_gcn,train,none,1,5,0.0,,,,4,0.214,0.159289,1.927347,0.85186,0.215,0.164149,1.931421,0.852962,0.06355,0.143268,0.424137,,,,,,,0.15,0.15485,0.01393,0.00087,0.5,0.05966,0.005,0.001,64,0.5,1.963,,results/logits/M1_gcn-dc40ef5773.npz,4225688,9f9bb01aee1b,
LP-3c43a9c0a9,sbm,LP,closed_form,label_prop,1,5,,,,,,0.152,0.041353,1.979319,0.867528,0.143,0.04127,2.012222,0.870036,0.091585,0.157917,0.962983,,,,,,,0.15,0.15485,0.01393,0.00087,0.5,0.05966,,,,,,,,4225688,9f9bb01aee1b,uses train labels as inference-time evidence
M2_lap-0e34b76c67,sbm,M2_lap,train,none,1,5,0.001,,,,4,0.214,0.159289,1.927347,0.85186,0.215,0.164149,1.931421,0.852962,0.06355,0.143268,0.424137,,,,,,,0.15,0.15485,0.01393,0.00087,0.5,0.05966,0.005,0.001,64,0.5,2.35,,,4225688,9f9bb01aee1b,
M2_lap-da286d056d,sbm,M2_lap,train,none,1,5,0.01,,,,4,0.214,0.159289,1.927347,0.85186,0.215,0.164149,1.931422,0.852963,0.06355,0.143268,0.424137,,,,,,,0.15,0.15485,0.01393,0.00087,0.5,0.05966,0.005,0.001,64,0.5,2.263,,,4225688,9f9bb01aee1b,
M2_lap-6960411e20,sbm,M2_lap,train,none,1,5,0.1,,,,4,0.214,0.159289,1.927349,0.851861,0.215,0.164149,1.931424,0.852963,0.063553,0.143268,0.424137,,,,,,,0.15,0.15485,0.01393,0.00087,0.5,0.05966,0.005,0.001,64,0.5,2.002,,,4225688,9f9bb01aee1b,
M2_lap-2093ebb149,sbm,M2_lap,train,none,1,5,0.5,,,,22,0.216,0.167206,1.883711,0.840075,0.224,0.187764,1.894393,0.842189,0.051925,0.146726,0.474356,,,,,,,0.15,0.15485,0.01393,0.00087,0.5,0.05966,0.005,0.001,64,0.5,3.117,,,4225688,9f9bb01aee1b,
M2_lap-5a7995560a,sbm,M2_lap,train,none,1,5,1.0,,,,4,0.214,0.159455,1.927351,0.851862,0.213,0.161728,1.931455,0.852972,0.065369,0.143263,0.426902,,,,,,,0.15,0.15485,0.01393,0.00087,0.5,0.05966,0.005,0.001,64,0.5,2.195,,,4225688,9f9bb01aee1b,
M2_lap-b076429e70,sbm,M2_lap,train,none,1,5,5.0,,,,4,0.214,0.159939,1.927504,0.851906,0.212,0.161577,1.931581,0.853009,0.067841,0.143245,0.426099,,,,,,,0.15,0.15485,0.01393,0.00087,0.5,0.05966,0.005,0.001,64,0.5,2.232,,,4225688,9f9bb01aee1b,
M4_mrf_gcn-666e195034,sbm,M4_mrf_gcn,tuned_grid,mf,1,5,,0.05,,0,,0.212,0.152116,1.927113,0.851797,0.211,0.160147,1.931338,0.852935,0.060841,0.143319,0.441531,1,4,,,,,0.15,0.15485,0.01393,0.00087,0.5,0.05966,,,,,,0.0519,,4225688,9f9bb01aee1b,flip=0.0200
M4_mrf_mlp-ea679cb5ec,sbm,M4_mrf_mlp,tuned_grid,mf,1,5,,0.05,,0,,0.296,0.291377,1.838228,0.823159,0.315,0.310773,1.753122,0.799682,0.084302,0.149732,0.166354,1,4,,,,,0.15,0.15485,0.01393,0.00087,0.5,0.05966,,,,,,0.0378,,4225688,9f9bb01aee1b,flip=0.0190
M4_mrf_gcn-abc453a033,sbm,M4_mrf_gcn,tuned_grid,mf,1,5,,0.1,,0,,0.21,0.149308,1.926875,0.851734,0.21,0.157728,1.931258,0.852907,0.063272,0.14338,0.457319,1,5,,,,,0.15,0.15485,0.01393,0.00087,0.5,0.05966,,,,,,0.0547,,4225688,9f9bb01aee1b,flip=0.0370
M4_mrf_mlp-0740a3b5e0,sbm,M4_mrf_mlp,tuned_grid,mf,1,5,,0.1,,0,,0.3,0.293108,1.841786,0.824212,0.313,0.308649,1.75535,0.800344,0.08953,0.15197,0.174204,1,5,,,,,0.15,0.15485,0.01393,0.00087,0.5,0.05966,,,,,,0.0478,,4225688,9f9bb01aee1b,flip=0.0360
M4_mrf_gcn-7d9ecbf667,sbm,M4_mrf_gcn,tuned_grid,mf,1,5,,0.25,,0,,0.206,0.137737,1.926233,0.851572,0.212,0.154845,1.931122,0.852849,0.054559,0.143667,0.518152,1,7,,,,,0.15,0.15485,0.01393,0.00087,0.5,0.05966,,,,,,0.065,,4225688,9f9bb01aee1b,flip=0.1070
M4_mrf_mlp-2b8ca7b536,sbm,M4_mrf_mlp,tuned_grid,mf,1,5,,0.25,,0,,0.286,0.277513,1.861057,0.830611,0.314,0.306759,1.768814,0.804971,0.096147,0.160919,0.206404,1,9,,,,,0.15,0.15485,0.01393,0.00087,0.5,0.05966,,,,,,0.1408,,4225688,9f9bb01aee1b,flip=0.0930
M4_mrf_gcn-4c792584ab,sbm,M4_mrf_gcn,tuned_grid,mf,1,5,,0.5,,0,,0.172,0.084755,1.928926,0.852575,0.176,0.102291,1.934328,0.853752,0.031132,0.145859,0.805816,1,27,,,,,0.15,0.15485,0.01393,0.00087,0.5,0.05966,,,,,,0.3501,,4225688,9f9bb01aee1b,flip=0.3670
M4_mrf_mlp-35cc1e2ab7,sbm,M4_mrf_mlp,tuned_grid,mf,1,5,,0.5,,0,,0.19,0.135224,2.583858,1.127552,0.219,0.161703,2.408625,1.075624,0.417362,0.475126,0.786371,1,54,,,,,0.15,0.15485,0.01393,0.00087,0.5,0.05966,,,,,,0.7855,,4225688,9f9bb01aee1b,flip=0.5980
M4_mrf_gcn-da685eda1a,sbm,M4_mrf_gcn,tuned_grid,mf,1,5,,1.0,,0,,0.152,0.037698,6.897953,1.651311,0.144,0.035996,6.766346,1.660093,0.826292,0.976951,1.0,1,12,,,,,0.15,0.15485,0.01393,0.00087,0.5,0.05966,,,,,,0.0633,,4225688,9f9bb01aee1b,flip=0.5290
M4_mrf_mlp-b00347c07e,sbm,M4_mrf_mlp,tuned_grid,mf,1,5,,1.0,,0,,0.138,0.038037,6.674099,1.654918,0.163,0.043858,6.34997,1.608831,0.798516,0.966676,0.997235,1,12,,,,,0.15,0.15485,0.01393,0.00087,0.5,0.05966,,,,,,0.1867,,4225688,9f9bb01aee1b,flip=0.7680
M4_mrf_gcn-1310f24ba8,sbm,M4_mrf_gcn,tuned_grid,mf,1,5,,2.0,,0,,0.152,0.037698,13.764595,1.692871,0.144,0.035996,13.534912,1.703946,0.851179,0.998671,1.0,1,6,,,,,0.15,0.15485,0.01393,0.00087,0.5,0.05966,,,,,,0.0551,,4225688,9f9bb01aee1b,flip=0.5290
M4_mrf_mlp-8804d12c3a,sbm,M4_mrf_mlp,tuned_grid,mf,1,5,,2.0,,0,,0.136,0.034205,13.576824,1.7193,0.162,0.041653,13.062068,1.670219,0.833297,0.998262,0.999911,1,7,,,,,0.15,0.15485,0.01393,0.00087,0.5,0.05966,,,,,,0.1193,,4225688,9f9bb01aee1b,flip=0.7740
OF-2f51890f9e,sbm,Oracle_F,oracle,closed_form,1,5,,,,,,0.734,,,,0.729,,,,,,,,,,,,,0.15,0.15485,0.01393,0.00087,0.5,0.05966,,,,,,,,4225688,9f9bb01aee1b,"feature-only Bayes rule, known generative parameters"
OG-92e02af355,sbm,Oracle_G,oracle,mf,1,5,,0.05966,,,,0.732,0.730646,0.692633,0.354719,0.73,0.729775,0.752819,0.370286,0.026594,0.150616,0.15467,1,4,,,,,0.15,0.15485,0.01393,0.00087,0.5,0.05966,,,,,,,,4225688,9f9bb01aee1b,true Gaussian unaries + generator-implied coupling
M0_mlp-89403706b3,sbm,M0_mlp,train,none,5,5,0.0,,,,26,0.46,0.454861,1.475155,0.694604,0.433,0.434611,1.585061,0.7236,0.081291,0.146115,0.149585,,,,,,,0.15,0.15485,0.01393,0.00087,0.5,0.05966,0.01,0.0005,64,0.5,0.321,,results/logits/M0_mlp-89403706b3.npz,4225688,9f9bb01aee1b,
M1_gcn-ffb9ae3c53,sbm,M1_gcn,train,none,5,5,0.0,,,,36,0.292,0.266246,1.836755,0.825879,0.232,0.224956,1.855827,0.829671,0.052184,0.151945,0.345999,,,,,,,0.15,0.15485,0.01393,0.00087,0.5,0.05966,0.005,0.001,64,0.5,3.183,,results/logits/M1_gcn-ffb9ae3c53.npz,4225688,9f9bb01aee1b,
LP-b24d7b892e,sbm,LP,closed_form,label_prop,5,5,,,,,,0.146,0.072366,2.010452,0.862221,0.146,0.083115,2.040033,0.86234,0.046391,0.14967,0.723843,,,,,,,0.15,0.15485,0.01393,0.00087,0.5,0.05966,,,,,,,,4225688,9f9bb01aee1b,uses train labels as inference-time evidence
M2_lap-4e2be99c20,sbm,M2_lap,train,none,5,5,0.001,,,,36,0.292,0.266246,1.836758,0.82588,0.232,0.224956,1.855824,0.82967,0.052184,0.151944,0.345999,,,,,,,0.15,0.15485,0.01393,0.00087,0.5,0.05966,0.005,0.001,64,0.5,3.798,,,4225688,9f9bb01aee1b,
M2_lap-4b4f7a78ca,sbm,M2_lap,train,none,5,5,0.01,,,,35,0.29,0.262932,1.838774,0.826419,0.231,0.22381,1.856863,0.830047,0.045217,0.151296,0.352689,,,,,,,0.15,0.15485,0.01393,0.00087,0.5,0.05966,0.005,0.001,64,0.5,3.22,,,4225688,9f9bb01aee1b,
M2_lap-41f2e095f8,sbm,M2_lap,train,none,5,5,0.1,,,,35,0.292,0.264828,1.839027,0.826493,0.233,0.225033,1.857104,0.830127,0.040466,0.151256,0.353671,,,,,,,0.15,0.15485,0.01393,0.00087,0.5,0.05966,0.005,0.001,64,0.5,3.131,,,4225688,9f9bb01aee1b,
M2_lap-50944d9d87,sbm,M2_lap,train,none,5,5,0.5,,,,35,0.292,0.265812,1.840015,0.826793,0.232,0.224649,1.858392,0.830531,0.05508,0.151185,0.352689,,,,,,,0.15,0.15485,0.01393,0.00087,0.5,0.05966,0.005,0.001,64,0.5,3.18,,,4225688,9f9bb01aee1b,
M2_lap-eb5872f3f4,sbm,M2_lap,train,none,5,5,1.0,,,,35,0.292,0.266408,1.8411,0.827116,0.236,0.228274,1.859866,0.830981,0.061052,0.151131,0.354295,,,,,,,0.15,0.15485,0.01393,0.00087,0.5,0.05966,0.005,0.001,64,0.5,3.738,,,4225688,9f9bb01aee1b,
M2_lap-96f6bb3d98,sbm,M2_lap,train,none,5,5,5.0,,,,29,0.272,0.242847,1.862364,0.833279,0.233,0.223163,1.876234,0.836377,0.046925,0.147322,0.368477,,,,,,,0.15,0.15485,0.01393,0.00087,0.5,0.05966,0.005,0.001,64,0.5,3.282,,,4225688,9f9bb01aee1b,
M4_mrf_gcn-c5a06edc29,sbm,M4_mrf_gcn,tuned_grid,mf,5,5,,0.05,,0,,0.286,0.259213,1.838206,0.826376,0.235,0.225833,1.857898,0.830313,0.047234,0.152883,0.364463,1,4,,,,,0.15,0.15485,0.01393,0.00087,0.5,0.05966,,,,,,0.0269,,4225688,9f9bb01aee1b,flip=0.0220
M4_mrf_mlp-cdfa75ca88,sbm,M4_mrf_mlp,tuned_grid,mf,5,5,,0.05,,0,,0.46,0.454933,1.474034,0.693559,0.427,0.428646,1.586611,0.724142,0.085814,0.148727,0.155116,1,4,,,,,0.15,0.15485,0.01393,0.00087,0.5,0.05966,,,,,,0.1278,,4225688,9f9bb01aee1b,flip=0.0140
M4_mrf_gcn-788565b5d6,sbm,M4_mrf_gcn,tuned_grid,mf,5,5,,0.1,,0,,0.276,0.246046,1.839998,0.827002,0.23,0.220422,1.860398,0.831103,0.05225,0.153992,0.378111,1,5,,,,,0.15,0.15485,0.01393,0.00087,0.5,0.05966,,,,,,0.0382,,4225688,9f9bb01aee1b,flip=0.0450
M4_mrf_mlp-d4fbf13c84,sbm,M4_mrf_mlp,tuned_grid,mf,5,5,,0.1,,0,,0.454,0.448009,1.473572,0.692762,0.422,0.423688,1.589061,0.725027,0.093582,0.151449,0.160111,1,5,,,,,0.15,0.15485,0.01393,0.00087,0.5,0.05966,,,,,,0.046,,4225688,9f9bb01aee1b,flip=0.0270
M4_mrf_gcn-ccc596ef0f,sbm,M4_mrf_gcn,tuned_grid,mf,5,5,,0.25,,0,,0.25,0.218836,1.849784,0.830705,0.216,0.198726,1.872994,0.835444,0.040601,0.15951,0.462314,1,10,,,,,0.15,0.15485,0.01393,0.00087,0.5,0.05966,,,,,,0.0995,,4225688,9f9bb01aee1b,flip=0.1470
M4_mrf_mlp-1bb76efcf2,sbm,M4_mrf_mlp,tuned_grid,mf,5,5,,0.25,,0,,0.46,0.454112,1.47694,0.692321,0.425,0.426883,1.60315,0.730388,0.088376,0.160723,0.182232,1,8,,,,,0.15,0.15485,0.01393,0.00087,0.5,0.05966,,,,,,0.1164,,4225688,9f9bb01aee1b,flip=0.0730
M4_mrf_gcn-cacebe71c6,sbm,M4_mrf_gcn,tuned_grid,mf,5,5,,0.5,,0,,0.148,0.037028,3.182303,1.359251,0.145,0.05041,3.228637,1.378683,0.651413,0.723505,0.993845,1,19,,,,,0.15,0.15485,0.01393,0.00087,0.5,0.05966,,,,,,0.2446,,4225688,9f9bb01aee1b,flip=0.6250
M4_mrf_mlp-7ebe33b808,sbm,M4_mrf_mlp,tuned_grid,mf,5,5,,0.5,,0,,0.436,0.427481,1.522671,0.71096,0.393,0.39306,1.681505,0.763688,0.146796,0.189507,0.240835,1,30,,,,,0.15,0.15485,0.01393,0.00087,0.5,0.05966,,,,,,0.3223,,4225688,9f9bb01aee1b,flip=0.1930
M4_mrf_gcn-a908d1f74e,sbm,M4_mrf_gcn,tuned_grid,mf,5,5,,1.0,,0,,0.148,0.036899,6.904913,1.659676,0.141,0.042306,6.955895,1.67484,0.833866,0.978372,0.999554,1,13,,,,,0.15,0.15485,0.01393,0.00087,0.5,0.05966,,,,,,0.1792,,4225688,9f9bb01aee1b,flip=0.6320
M4_mrf_mlp-72b63a1ad4,sbm,M4_mrf_mlp,tuned_grid,mf,5,5,,1.0,,0,,0.154,0.054327,5.838266,1.594391,0.152,0.057513,6.054168,1.613738,0.802331,0.943959,0.98778,1,17,,,,,0.15,0.15485,0.01393,0.00087,0.5,0.05966,,,,,,0.229,,4225688,9f9bb01aee1b,flip=0.7820
M4_mrf_gcn-e57df82637,sbm,M4_mrf_gcn,tuned_grid,mf,5,5,,2.0,,0,,0.148,0.036834,13.724034,1.697497,0.139,0.038629,13.816047,1.715112,0.856661,0.998641,1.0,1,6,,,,,0.15,0.15485,0.01393,0.00087,0.5,0.05966,,,,,,0.0728,,4225688,9f9bb01aee1b,flip=0.6340
M4_mrf_mlp-dcfb26ba04,sbm,M4_mrf_mlp,tuned_grid,mf,5,5,,2.0,,0,,0.148,0.043773,12.875503,1.696193,0.145,0.043425,13.01766,1.699874,0.84898,0.996859,0.999019,1,8,,,,,0.15,0.15485,0.01393,0.00087,0.5,0.05966,,,,,,0.088,,4225688,9f9bb01aee1b,flip=0.7970
OF-104575419f,sbm,Oracle_F,oracle,closed_form,5,5,,,,,,0.758,,,,0.726,,,,,,,,,,,,,0.15,0.15485,0.01393,0.00087,0.5,0.05966,,,,,,,,4225688,9f9bb01aee1b,"feature-only Bayes rule, known generative parameters"
OG-0828b4b525,sbm,Oracle_G,oracle,mf,5,5,,0.05966,,,,0.764,0.762254,0.693948,0.343834,0.73,0.728591,0.767127,0.371536,0.029001,0.150616,0.15467,1,4,,,,,0.15,0.15485,0.01393,0.00087,0.5,0.05966,,,,,,,,4225688,9f9bb01aee1b,true Gaussian unaries + generator-implied coupling
M0_mlp-a3fde5795f,sbm,M0_mlp,train,none,20,5,0.0,,,,21,0.614,0.616212,1.133943,0.55324,0.598,0.597948,1.11213,0.540623,0.054783,0.143677,0.145304,,,,,,,0.15,0.15485,0.01393,0.00087,0.5,0.05966,0.01,0.0005,64,0.5,0.336,,results/logits/M0_mlp-a3fde5795f.npz,4225688,9f9bb01aee1b,
M1_gcn-e4dfc5550c,sbm,M1_gcn,train,none,20,5,0.0,,,,42,0.392,0.388006,1.697053,0.776905,0.379,0.377712,1.694379,0.776159,0.124157,0.154066,0.276782,,,,,,,0.15,0.15485,0.01393,0.00087,0.5,0.05966,0.005,0.001,64,0.5,3.106,,results/logits/M1_gcn-e4dfc5550c.npz,4225688,9f9bb01aee1b,
LP-5091c99846,sbm,LP,closed_form,label_prop,20,5,,,,,,0.152,0.139684,1.974263,0.868276,0.155,0.147587,2.042003,0.864263,0.05796,0.15604,0.405405,,,,,,,0.15,0.15485,0.01393,0.00087,0.5,0.05966,,,,,,,,4225688,9f9bb01aee1b,uses train labels as inference-time evidence
M2_lap-9f5128077c,sbm,M2_lap,train,none,20,5,0.001,,,,42,0.392,0.387939,1.697047,0.776904,0.379,0.377655,1.694386,0.776161,0.124159,0.154066,0.276247,,,,,,,0.15,0.15485,0.01393,0.00087,0.5,0.05966,0.005,0.001,64,0.5,3.794,,,4225688,9f9bb01aee1b,
M2_lap-ac08a7eab6,sbm,M2_lap,train,none,20,5,0.01,,,,42,0.392,0.388003,1.69714,0.77694,0.38,0.378768,1.694473,0.776195,0.123233,0.154055,0.276782,,,,,,,0.15,0.15485,0.01393,0.00087,0.5,0.05966,0.005,0.001,64,0.5,3.421,,,4225688,9f9bb01aee1b,
M2_lap-de46f50393,sbm,M2_lap,train,none,20,5,0.1,,,,42,0.392,0.387496,1.698145,0.777307,0.38,0.37871,1.695512,0.776563,0.122028,0.153937,0.276871,,,,,,,0.15,0.15485,0.01393,0.00087,0.5,0.05966,0.005,0.001,64,0.5,3.502,,,4225688,9f9bb01aee1b,
M2_lap-a9ee467b57,sbm,M2_lap,train,none,20,5,0.5,,,,39,0.394,0.388702,1.718338,0.784475,0.376,0.374704,1.716668,0.784039,0.136322,0.151595,0.277139,,,,,,,0.15,0.15485,0.01393,0.00087,0.5,0.05966,0.005,0.001,64,0.5,3.393,,,4225688,9f9bb01aee1b,
M2_lap-e80956a298,sbm,M2_lap,train,none,20,5,1.0,,,,38,0.392,0.386644,1.728734,0.788149,0.376,0.374593,1.727328,0.787759,0.141671,0.150684,0.277585,,,,,,,0.15,0.15485,0.01393,0.00087,0.5,0.05966,0.005,0.001,64,0.5,3.984,,,4225688,9f9bb01aee1b,
M2_lap-aba84ec006,sbm,M2_lap,train,none,20,5,5.0,,,,32,0.378,0.371484,1.791155,0.809608,0.369,0.365579,1.79038,0.809232,0.167375,0.146707,0.284631,,,,,,,0.15,0.15485,0.01393,0.00087,0.5,0.05966,0.005,0.001,64,0.5,3.409,,,4225688,9f9bb01aee1b,
M4_mrf_gcn-d4acc2cec0,sbm,M4_mrf_gcn,tuned_grid,mf,20,5,,0.05,,0,,0.382,0.378005,1.697496,0.776936,0.383,0.381509,1.694463,0.77615,0.119128,0.155062,0.28588,1,4,,,,,0.15,0.15485,0.01393,0.00087,0.5,0.05966,,,,,,0.1432,,4225688,9f9bb01aee1b,flip=0.0210
M4_mrf_mlp-8eda6a93ca,sbm,M4_mrf_mlp,tuned_grid,mf,20,5,,0.05,,0,,0.614,0.616126,1.133665,0.55293,0.602,0.602056,1.110604,0.540049,0.055886,0.146267,0.149853,1,4,,,,,0.15,0.15485,0.01393,0.00087,0.5,0.05966,,,,,,0.0468,,4225688,9f9bb01aee1b,flip=0.0090
M4_mrf_gcn-25e84e4499,sbm,M4_mrf_gcn,tuned_grid,mf,20,5,,0.1,,0,,0.378,0.373422,1.698055,0.776999,0.381,0.379586,1.694625,0.776164,0.113767,0.156152,0.293373,1,5,,,,,0.15,0.15485,0.01393,0.00087,0.5,0.05966,,,,,,0.04,,4225688,9f9bb01aee1b,flip=0.0320
M4_mrf_mlp-fefe4a4478,sbm,M4_mrf_mlp,tuned_grid,mf,20,5,,0.1,,0,,0.616,0.618009,1.133861,0.552854,0.599,0.599283,1.109466,0.539653,0.052348,0.148924,0.154848,1,5,,,,,0.15,0.15485,0.01393,0.00087,0.5,0.05966,,,,,,0.0433,,4225688,9f9bb01aee1b,flip=0.0220
M4_mrf_gcn-98e5e922bd,sbm,M4_mrf_gcn,tuned_grid,mf,20,5,,0.25,,0,,0.366,0.361591,1.701131,0.77766,0.363,0.359808,1.696224,0.776604,0.086015,0.160294,0.317634,1,8,,,,,0.15,0.15485,0.01393,0.00087,0.5,0.05966,,,,,,0.0867,,4225688,9f9bb01aee1b,flip=0.0970
M4_mrf_mlp-f61e1736fe,sbm,M4_mrf_mlp,tuned_grid,mf,20,5,,0.25,,0,,0.61,0.612772,1.137583,0.554189,0.606,0.606046,1.108693,0.539709,0.06159,0.157477,0.169387,1,7,,,,,0.15,0.15485,0.01393,0.00087,0.5,0.05966,,,,,,0.1426,,4225688,9f9bb01aee1b,flip=0.0560
M4_mrf_gcn-b23d8ce890,sbm,M4_mrf_gcn,tuned_grid,mf,20,5,,0.5,,0,,0.33,0.326716,1.742827,0.796492,0.326,0.316361,1.733433,0.793691,0.06655,0.184635,0.406387,1,126,,,,,0.15,0.15485,0.01393,0.00087,0.5,0.05966,,,,,,1.7654,,4225688,9f9bb01aee1b,flip=0.2640
M4_mrf_mlp-9ec4ebf2f1,sbm,M4_mrf_mlp,tuned_grid,mf,20,5,,0.5,,0,,0.594,0.596206,1.159301,0.564144,0.601,0.600901,1.120984,0.546283,0.050111,0.175362,0.200607,1,17,,,,,0.15,0.15485,0.01393,0.00087,0.5,0.05966,,,,,,0.2266,,4225688,9f9bb01aee1b,flip=0.1290
M4_mrf_gcn-081e13ed70,sbm,M4_mrf_gcn,tuned_grid,mf,20,5,,1.0,,0,,0.154,0.05064,6.428341,1.628293,0.143,0.044951,6.467141,1.653519,0.824621,0.969589,0.998484,1,17,,,,,0.15,0.15485,0.01393,0.00087,0.5,0.05966,,,,,,0.3022,,4225688,9f9bb01aee1b,flip=0.7980
M4_mrf_mlp-91a756fbdb,sbm,M4_mrf_mlp,tuned_grid,mf,20,5,,1.0,,0,,0.16,0.092881,5.264974,1.572846,0.191,0.100793,4.947234,1.503409,0.743756,0.914916,0.967532,1,26,,,,,0.15,0.15485,0.01393,0.00087,0.5,0.05966,,,,,,0.3529,,4225688,9f9bb01aee1b,flip=0.8080
M4_mrf_gcn-21edd9db1d,sbm,M4_mrf_gcn,tuned_grid,mf,20,5,,2.0,,0,,0.15,0.041294,13.269806,1.693276,0.141,0.040879,13.347531,1.711452,0.854396,0.998097,0.999643,1,10,,,,,0.15,0.15485,0.01393,0.00087,0.5,0.05966,,,,,,0.1824,,4225688,9f9bb01aee1b,flip=0.8000
M4_mrf_mlp-b38216b568,sbm,M4_mrf_mlp,tuned_grid,mf,20,5,,2.0,,0,,0.132,0.037382,12.465493,1.721907,0.163,0.045729,11.811326,1.659087,0.829092,0.995406,0.998573,1,21,,,,,0.15,0.15485,0.01393,0.00087,0.5,0.05966,,,,,,0.2544,,4225688,9f9bb01aee1b,flip=0.8430
OF-1d997eddeb,sbm,Oracle_F,oracle,closed_form,20,5,,,,,,0.754,,,,0.746,,,,,,,,,,,,,0.15,0.15485,0.01393,0.00087,0.5,0.05966,,,,,,,,4225688,9f9bb01aee1b,"feature-only Bayes rule, known generative parameters"
OG-bb432478a3,sbm,Oracle_G,oracle,mf,20,5,,0.05966,,,,0.756,0.757968,0.702585,0.351676,0.752,0.751731,0.719187,0.351885,0.030997,0.150616,0.15467,1,4,,,,,0.15,0.15485,0.01393,0.00087,0.5,0.05966,,,,,,,,4225688,9f9bb01aee1b,true Gaussian unaries + generator-implied coupling
M0_mlp-0462712b12,sbm,M0_mlp,train,none,1,6,0.0,,,,104,0.326,0.321575,2.070576,0.902464,0.352,0.34745,1.989479,0.86962,0.250957,0.148478,0.148765,,,,,,,0.15,0.15169,0.01029,0.00045,0.5,0.05966,0.01,0.0005,64,0.5,0.735,,results/logits/M0_mlp-0462712b12.npz,4225688,9f9bb01aee1b,
M1_gcn-062098ae9b,sbm,M1_gcn,train,none,1,6,0.0,,,,56,0.186,0.169758,2.040347,0.885986,0.204,0.178008,2.036721,0.87917,0.11934,0.172509,0.355264,,,,,,,0.15,0.15169,0.01029,0.00045,0.5,0.05966,0.005,0.001,64,0.5,4.106,,results/logits/M1_gcn-062098ae9b.npz,4225688,9f9bb01aee1b,
LP-ec7e817355,sbm,LP,closed_form,label_prop,1,6,,,,,,0.122,0.050137,1.978479,0.866481,0.149,0.066558,1.98914,0.862439,0.036535,0.147618,0.802887,,,,,,,0.15,0.15169,0.01029,0.00045,0.5,0.05966,,,,,,,,4225688,9f9bb01aee1b,uses train labels as inference-time evidence
M2_lap-a32e3b8e55,sbm,M2_lap,train,none,1,6,0.001,,,,56,0.186,0.169758,2.040326,0.885982,0.204,0.178008,2.0367,0.879166,0.119332,0.172506,0.355264,,,,,,,0.15,0.15169,0.01029,0.00045,0.5,0.05966,0.005,0.001,64,0.5,4.119,,,4225688,9f9bb01aee1b,
M2_lap-1977da3b91,sbm,M2_lap,train,none,1,6,0.01,,,,46,0.184,0.164898,2.004843,0.873805,0.201,0.169375,1.994253,0.867073,0.081323,0.164443,0.361109,,,,,,,0.15,0.15169,0.01029,0.00045,0.5,0.05966,0.005,0.001,64,0.5,3.864,,,4225688,9f9bb01aee1b,
M2_lap-fa3c81cc6f,sbm,M2_lap,train,none,1,6,0.1,,,,48,0.186,0.166699,2.012304,0.876104,0.202,0.170312,2.003549,0.869503,0.087775,0.16636,0.36713,,,,,,,0.15,0.15169,0.01029,0.00045,0.5,0.05966,0.005,0.001,64,0.5,4.257,,,4225688,9f9bb01aee1b,
M2_lap-23050d73a9,sbm,M2_lap,train,none,1,6,0.5,,,,52,0.184,0.167985,2.019031,0.878371,0.201,0.173342,2.014924,0.872612,0.098649,0.168298,0.362703,,,,,,,0.15,0.15169,0.01029,0.00045,0.5,0.05966,0.005,0.001,64,0.5,4.12,,,4225688,9f9bb01aee1b,
M2_lap-c23102518e,sbm,M2_lap,train,none,1,6,1.0,,,,52,0.182,0.165886,2.013052,0.876554,0.199,0.171541,2.009526,0.871217,0.100621,0.167181,0.362703,,,,,,,0.15,0.15169,0.01029,0.00045,0.5,0.05966,0.005,0.001,64,0.5,3.811,,,4225688,9f9bb01aee1b,
M2_lap-174297b1c9,sbm,M2_lap,train,none,1,6,5.0,,,,46,0.182,0.160669,1.976778,0.865704,0.199,0.169168,1.970807,0.861508,0.069842,0.159044,0.376605,,,,,,,0.15,0.15169,0.01029,0.00045,0.5,0.05966,0.005,0.001,64,0.5,4.246,,,4225688,9f9bb01aee1b,
M4_mrf_gcn-16c4fb5bbf,sbm,M4_mrf_gcn,tuned_grid,mf,1,6,,0.05,,0,,0.184,0.165585,2.051738,0.889859,0.204,0.175826,2.047703,0.88241,0.121388,0.175774,0.371646,1,5,,,,,0.15,0.15169,0.01029,0.00045,0.5,0.05966,,,,,,0.127,,4225688,9f9bb01aee1b,flip=0.0200
M4_mrf_mlp-a04d60352e,sbm,M4_mrf_mlp,tuned_grid,mf,1,6,,0.05,,0,,0.324,0.319177,2.074327,0.903217,0.353,0.348171,1.993541,0.870479,0.250239,0.151934,0.157,1,4,,,,,0.15,0.15169,0.01029,0.00045,0.5,0.05966,,,,,,0.0244,,4225688,9f9bb01aee1b,flip=0.0160
M4_mrf_gcn-49588c1770,sbm,M4_mrf_gcn,tuned_grid,mf,1,6,,0.1,,0,,0.186,0.166844,2.065369,0.894606,0.202,0.171918,2.060653,0.88637,0.138162,0.179633,0.38608,1,6,,,,,0.15,0.15169,0.01029,0.00045,0.5,0.05966,,,,,,0.0365,,4225688,9f9bb01aee1b,flip=0.0420
M4_mrf_mlp-bb85da34a4,sbm,M4_mrf_mlp,tuned_grid,mf,1,6,,0.1,,0,,0.324,0.317662,2.07987,0.90447,0.351,0.346331,1.999243,0.871783,0.252901,0.155547,0.161427,1,5,,,,,0.15,0.15169,0.01029,0.00045,0.5,0.05966,,,,,,0.0725,,4225688,9f9bb01aee1b,flip=0.0230
M4_mrf_gcn-c603126ebd,sbm,M4_mrf_gcn,tuned_grid,mf,1,6,,0.25,,0,,0.178,0.155164,2.128698,0.918079,0.203,0.166881,2.119365,0.905949,0.167101,0.197886,0.43496,1,11,,,,,0.15,0.15169,0.01029,0.00045,0.5,0.05966,,,,,,0.2041,,4225688,9f9bb01aee1b,flip=0.1160
M4_mrf_mlp-30fd5c534b,sbm,M4_mrf_mlp,tuned_grid,mf,1,6,,0.25,,0,,0.324,0.315391,2.108895,0.911581,0.35,0.345704,2.02787,0.878813,0.262066,0.167731,0.178518,1,7,,,,,0.15,0.15169,0.01029,0.00045,0.5,0.05966,,,,,,0.0509,,4225688,9f9bb01aee1b,flip=0.0640
M4_mrf_gcn-6004a60513,sbm,M4_mrf_gcn,tuned_grid,mf,1,6,,0.5,,0,,0.144,0.054775,3.408238,1.367467,0.135,0.061273,3.342592,1.351518,0.621221,0.670448,0.942354,1,32,,,,,0.15,0.15169,0.01029,0.00045,0.5,0.05966,,,,,,0.4583,,4225688,9f9bb01aee1b,flip=0.6500
M4_mrf_mlp-519d413ce0,sbm,M4_mrf_mlp,tuned_grid,mf,1,6,,0.5,,0,,0.314,0.303043,2.220618,0.939274,0.332,0.325003,2.136931,0.907441,0.296586,0.197589,0.226689,1,16,,,,,0.15,0.15169,0.01029,0.00045,0.5,0.05966,,,,,,0.2178,,4225688,9f9bb01aee1b,flip=0.1420
M4_mrf_gcn-43ab003731,sbm,M4_mrf_gcn,tuned_grid,mf,1,6,,1.0,,0,,0.138,0.034769,7.371537,1.68243,0.125,0.037208,7.277357,1.698096,0.843594,0.975995,0.998583,1,14,,,,,0.15,0.15169,0.01029,0.00045,0.5,0.05966,,,,,,0.0853,,4225688,9f9bb01aee1b,flip=0.7120
M4_mrf_mlp-7c35629b82,sbm,M4_mrf_mlp,tuned_grid,mf,1,6,,1.0,,0,,0.16,0.077731,6.022833,1.57115,0.16,0.10566,5.768288,1.546688,0.75423,0.862471,0.915434,1,53,,,,,0.15,0.15169,0.01029,0.00045,0.5,0.05966,,,,,,0.7259,,4225688,9f9bb01aee1b,flip=0.7290
M4_mrf_gcn-c84c309b6b,sbm,M4_mrf_gcn,tuned_grid,mf,1,6,,2.0,,0,,0.138,0.034708,14.391932,1.719379,0.122,0.031122,14.328301,1.744841,0.872634,0.998475,0.999823,1,13,,,,,0.15,0.15169,0.01029,0.00045,0.5,0.05966,,,,,,0.2379,,4225688,9f9bb01aee1b,flip=0.7190
M4_mrf_mlp-88eb8a388a,sbm,M4_mrf_mlp,tuned_grid,mf,1,6,,2.0,,0,,0.142,0.04384,13.442304,1.708526,0.129,0.046708,13.118743,1.723325,0.859014,0.991851,0.994598,1,18,,,,,0.15,0.15169,0.01029,0.00045,0.5,0.05966,,,,,,0.2078,,4225688,9f9bb01aee1b,flip=0.7980
OF-a72aaf619c,sbm,Oracle_F,oracle,closed_form,1,6,,,,,,0.768,,,,0.723,,,,,,,,,,,,,0.15,0.15169,0.01029,0.00045,0.5,0.05966,,,,,,,,4225688,9f9bb01aee1b,"feature-only Bayes rule, known generative parameters"
OG-b8f86bb4cf,sbm,Oracle_G,oracle,mf,1,6,,0.05966,,,,0.766,0.763517,0.631971,0.322286,0.724,0.722732,0.773223,0.378371,0.030228,0.146747,0.148145,1,4,,,,,0.15,0.15169,0.01029,0.00045,0.5,0.05966,,,,,,,,4225688,9f9bb01aee1b,true Gaussian unaries + generator-implied coupling
M0_mlp-6d7e84c55b,sbm,M0_mlp,train,none,5,6,0.0,,,,18,0.472,0.470836,1.417948,0.665855,0.49,0.488857,1.413846,0.661482,0.080502,0.143982,0.142566,,,,,,,0.15,0.15169,0.01029,0.00045,0.5,0.05966,0.01,0.0005,64,0.5,0.315,,results/logits/M0_mlp-6d7e84c55b.npz,4225688,9f9bb01aee1b,
M1_gcn-3df6bd33a4,sbm,M1_gcn,train,none,5,6,0.0,,,,50,0.306,0.292948,1.831374,0.814238,0.279,0.27024,1.827337,0.820125,0.020043,0.16004,0.290977,,,,,,,0.15,0.15169,0.01029,0.00045,0.5,0.05966,0.005,0.001,64,0.5,3.912,,results/logits/M1_gcn-3df6bd33a4.npz,4225688,9f9bb01aee1b,
LP-c1f7a01d81,sbm,LP,closed_form,label_prop,5,6,,,,,,0.132,0.0815,1.957063,0.861081,0.137,0.089823,1.981959,0.86082,0.043554,0.147591,0.577083,,,,,,,0.15,0.15169,0.01029,0.00045,0.5,0.05966,,,,,,,,4225688,9f9bb01aee1b,uses train labels as inference-time evidence
M2_lap-cb5533dc83,sbm,M2_lap,train,none,5,6,0.001,,,,50,0.306,0.292948,1.831383,0.814245,0.279,0.27024,1.827364,0.820134,0.02003,0.160033,0.2908,,,,,,,0.15,0.15169,0.01029,0.00045,0.5,0.05966,0.005,0.001,64,0.5,4.302,,,4225688,9f9bb01aee1b,
M2_lap-1d8a5bd8dd,sbm,M2_lap,train,none,5,6,0.01,,,,50,0.306,0.292948,1.831409,0.814263,0.279,0.27024,1.827367,0.820134,0.022013,0.160027,0.2908,,,,,,,0.15,0.15169,0.01029,0.00045,0.5,0.05966,0.005,0.001,64,0.5,4.277,,,4225688,9f9bb01aee1b,
M2_lap-e7ea492c26,sbm,M2_lap,train,none,5,6,0.1,,,,49,0.306,0.292442,1.830777,0.81446,0.275,0.266064,1.827492,0.820148,0.029704,0.159117,0.291862,,,,,,,0.15,0.15169,0.01029,0.00045,0.5,0.05966,0.005,0.001,64,0.5,4.251,,,4225688,9f9bb01aee1b,
M2_lap-95ed1da592,sbm,M2_lap,train,none,5,6,0.5,,,,49,0.304,0.291469,1.831152,0.814914,0.275,0.266778,1.828352,0.82051,0.036003,0.15856,0.290711,,,,,,,0.15,0.15169,0.01029,0.00045,0.5,0.05966,0.005,0.001,64,0.5,4.153,,,4225688,9f9bb01aee1b,
M2_lap-a3d29399e8,sbm,M2_lap,train,none,5,6,1.0,,,,56,0.306,0.297171,1.840081,0.816032,0.263,0.259084,1.83722,0.823958,0.047575,0.163666,0.286372,,,,,,,0.15,0.15169,0.01029,0.00045,0.5,0.05966,0.005,0.001,64,0.5,4.561,,,4225688,9f9bb01aee1b,
M2_lap-113acee6e6,sbm,M2_lap,train,none,5,6,5.0,,,,60,0.306,0.296639,1.849159,0.821909,0.249,0.241812,1.850216,0.827333,0.056771,0.158254,0.296555,,,,,,,0.15,0.15169,0.01029,0.00045,0.5,0.05966,0.005,0.001,64,0.5,4.412,,,4225688,9f9bb01aee1b,
M4_mrf_gcn-85942767ce,sbm,M4_mrf_gcn,tuned_grid,mf,5,6,,0.05,,0,,0.3,0.287607,1.834983,0.81506,0.275,0.265714,1.830768,0.821195,0.040392,0.16159,0.298503,1,4,,,,,0.15,0.15169,0.01029,0.00045,0.5,0.05966,,,,,,0.0848,,4225688,9f9bb01aee1b,flip=0.0190
M4_mrf_mlp-cec0566c71,sbm,M4_mrf_mlp,tuned_grid,mf,5,6,,0.05,,0,,0.472,0.47096,1.418764,0.665806,0.489,0.487855,1.414035,0.661538,0.082558,0.145698,0.149562,1,4,,,,,0.15,0.15169,0.01029,0.00045,0.5,0.05966,,,,,,0.0506,,4225688,9f9bb01aee1b,flip=0.0180
M4_mrf_gcn-59d833e07d,sbm,M4_mrf_gcn,tuned_grid,mf,5,6,,0.1,,0,,0.3,0.287637,1.839132,0.816033,0.277,0.267449,1.834751,0.822454,0.049701,0.163315,0.307536,1,5,,,,,0.15,0.15169,0.01029,0.00045,0.5,0.05966,,,,,,0.0484,,4225688,9f9bb01aee1b,flip=0.0340
M4_mrf_mlp-953dbd3ff7,sbm,M4_mrf_mlp,tuned_grid,mf,5,6,,0.1,,0,,0.468,0.466893,1.41986,0.665862,0.486,0.484274,1.414447,0.661679,0.088466,0.14748,0.156292,1,5,,,,,0.15,0.15169,0.01029,0.00045,0.5,0.05966,,,,,,0.0404,,4225688,9f9bb01aee1b,flip=0.0360
M4_mrf_gcn-356e7e3b4e,sbm,M4_mrf_gcn,tuned_grid,mf,5,6,,0.25,,0,,0.294,0.278822,1.856408,0.820455,0.266,0.253698,1.851558,0.827972,0.055977,0.170111,0.336137,1,9,,,,,0.15,0.15169,0.01029,0.00045,0.5,0.05966,,,,,,0.1258,,4225688,9f9bb01aee1b,flip=0.0860
M4_mrf_mlp-3e3ab86036,sbm,M4_mrf_mlp,tuned_grid,mf,5,6,,0.25,,0,,0.472,0.471516,1.425335,0.666923,0.469,0.467626,1.417477,0.662845,0.075803,0.153496,0.179315,1,8,,,,,0.15,0.15169,0.01029,0.00045,0.5,0.05966,,,,,,0.134,,4225688,9f9bb01aee1b,flip=0.0970
M4_mrf_gcn-53af63c72a,sbm,M4_mrf_gcn,tuned_grid,mf,5,6,,0.5,,0,,0.266,0.242455,1.948027,0.852452,0.253,0.224652,1.935941,0.860011,0.131396,0.205045,0.417338,1,150,,,,,0.15,0.15169,0.01029,0.00045,0.5,0.05966,,,,,,1.9693,,4225688,9f9bb01aee1b,flip=0.2490
M4_mrf_mlp-c3e57964bb,sbm,M4_mrf_mlp,tuned_grid,mf,5,6,,0.5,,0,,0.464,0.459243,1.453531,0.677742,0.458,0.457624,1.440377,0.673047,0.041474,0.17047,0.226512,1,27,,,,,0.15,0.15169,0.01029,0.00045,0.5,0.05966,,,,,,0.4235,,4225688,9f9bb01aee1b,flip=0.1990
M4_mrf_gcn-57af33d73c,sbm,M4_mrf_gcn,tuned_grid,mf,5,6,,1.0,,0,,0.148,0.036834,6.454246,1.644519,0.144,0.036154,6.696144,1.655364,0.824614,0.971185,0.998583,1,15,,,,,0.15,0.15169,0.01029,0.00045,0.5,0.05966,,,,,,0.1356,,4225688,9f9bb01aee1b,flip=0.7970
M4_mrf_mlp-fb5a1cd67c,sbm,M4_mrf_mlp,tuned_grid,mf,5,6,,1.0,,0,,0.158,0.054941,5.767423,1.600408,0.143,0.04111,6.105441,1.633123,0.815097,0.960133,0.994953,1,14,,,,,0.15,0.15169,0.01029,0.00045,0.5,0.05966,,,,,,0.2668,,4225688,9f9bb01aee1b,flip=0.8460
M4_mrf_gcn-ed15e48c95,sbm,M4_mrf_gcn,tuned_grid,mf,5,6,,2.0,,0,,0.148,0.036834,13.168761,1.699525,0.144,0.036027,13.60656,1.704318,0.851979,0.998419,0.999911,1,17,,,,,0.15,0.15169,0.01029,0.00045,0.5,0.05966,,,,,,0.1293,,4225688,9f9bb01aee1b,flip=0.8010
M4_mrf_mlp-63db392122,sbm,M4_mrf_mlp,tuned_grid,mf,5,6,,2.0,,0,,0.15,0.037267,12.474261,1.686374,0.141,0.037178,13.159693,1.708806,0.853874,0.997569,0.999469,1,18,,,,,0.15,0.15169,0.01029,0.00045,0.5,0.05966,,,,,,0.2523,,4225688,9f9bb01aee1b,flip=0.8520
OF-078c010dd5,sbm,Oracle_F,oracle,closed_form,5,6,,,,,,0.736,,,,0.743,,,,,,,,,,,,,0.15,0.15169,0.01029,0.00045,0.5,0.05966,,,,,,,,4225688,9f9bb01aee1b,"feature-only Bayes rule, known generative parameters"
OG-6bdaaf8a50,sbm,Oracle_G,oracle,mf,5,6,,0.05966,,,,0.73,0.728402,0.764611,0.379996,0.743,0.742609,0.750427,0.365823,0.033103,0.146747,0.148145,1,4,,,,,0.15,0.15169,0.01029,0.00045,0.5,0.05966,,,,,,,,4225688,9f9bb01aee1b,true Gaussian unaries + generator-implied coupling
M0_mlp-1884e798b5,sbm,M0_mlp,train,none,20,6,0.0,,,,15,0.602,0.598671,1.232358,0.581348,0.589,0.584144,1.245997,0.593759,0.180715,0.14439,0.144337,,,,,,,0.15,0.15169,0.01029,0.00045,0.5,0.05966,0.01,0.0005,64,0.5,0.373,,results/logits/M0_mlp-1884e798b5.npz,4225688,9f9bb01aee1b,
M1_gcn-27dde24d18,sbm,M1_gcn,train,none,20,6,0.0,,,,44,0.344,0.33221,1.712594,0.78241,0.342,0.337001,1.725008,0.786274,0.080162,0.155936,0.294165,,,,,,,0.15,0.15169,0.01029,0.00045,0.5,0.05966,0.005,0.001,64,0.5,3.902,,results/logits/M1_gcn-27dde24d18.npz,4225688,9f9bb01aee1b,
LP-37c72dfecd,sbm,LP,closed_form,label_prop,20,6,,,,,,0.132,0.123614,1.992469,0.874172,0.14,0.131815,1.980154,0.869215,0.067518,0.157127,0.405295,,,,,,,0.15,0.15169,0.01029,0.00045,0.5,0.05966,,,,,,,,4225688,9f9bb01aee1b,uses train labels as inference-time evidence
M2_lap-48f1b816a3,sbm,M2_lap,train,none,20,6,0.001,,,,44,0.344,0.33221,1.712613,0.782416,0.342,0.337001,1.725032,0.786283,0.080181,0.155933,0.294342,,,,,,,0.15,0.15169,0.01029,0.00045,0.5,0.05966,0.005,0.001,64,0.5,4.212,,,4225688,9f9bb01aee1b,
M2_lap-99dce624f5,sbm,M2_lap,train,none,20,6,0.01,,,,44,0.346,0.334114,1.71272,0.782455,0.342,0.337001,1.725101,0.78631,0.080254,0.155923,0.294076,,,,,,,0.15,0.15169,0.01029,0.00045,0.5,0.05966,0.005,0.001,64,0.5,4.072,,,4225688,9f9bb01aee1b,
M2_lap-38c8ec89f1,sbm,M2_lap,train,none,20,6,0.1,,,,44,0.348,0.335992,1.713704,0.782828,0.342,0.337408,1.725871,0.78661,0.079166,0.155782,0.294519,,,,,,,0.15,0.15169,0.01029,0.00045,0.5,0.05966,0.005,0.001,64,0.5,4.523,,,4225688,9f9bb01aee1b,
M2_lap-f0217b16a0,sbm,M2_lap,train,none,20,6,0.5,,,,44,0.35,0.339631,1.718576,0.784623,0.344,0.340983,1.729885,0.788125,0.083384,0.155159,0.293102,,,,,,,0.15,0.15169,0.01029,0.00045,0.5,0.05966,0.005,0.001,64,0.5,4.026,,,4225688,9f9bb01aee1b,
M2_lap-c12e07d0ea,sbm,M2_lap,train,none,20,6,1.0,,,,45,0.344,0.334047,1.720854,0.785497,0.341,0.338244,1.731873,0.788906,0.081152,0.155113,0.294784,,,,,,,0.15,0.15169,0.01029,0.00045,0.5,0.05966,0.005,0.001,64,0.5,3.902,,,4225688,9f9bb01aee1b,
M2_lap-4e67b28d82,sbm,M2_lap,train,none,20,6,5.0,,,,37,0.352,0.347423,1.788194,0.808977,0.335,0.334242,1.793314,0.810333,0.12474,0.147871,0.288497,,,,,,,0.15,0.15169,0.01029,0.00045,0.5,0.05966,0.005,0.001,64,0.5,3.638,,,4225688,9f9bb01aee1b,
M4_mrf_gcn-fd852fa7cd,sbm,M4_mrf_gcn,tuned_grid,mf,20,6,,0.05,,0,,0.338,0.326692,1.713433,0.782596,0.337,0.333207,1.726183,0.786622,0.068959,0.157114,0.301603,1,4,,,,,0.15,0.15169,0.01029,0.00045,0.5,0.05966,,,,,,0.0517,,4225688,9f9bb01aee1b,flip=0.0140
M4_mrf_mlp-7405cef1f0,sbm,M4_mrf_mlp,tuned_grid,mf,20,6,,0.05,,0,,0.59,0.586127,1.232862,0.581469,0.587,0.582269,1.246257,0.593906,0.179198,0.146093,0.151864,1,4,,,,,0.15,0.15169,0.01029,0.00045,0.5,0.05966,,,,,,0.0457,,4225688,9f9bb01aee1b,flip=0.0230
M4_mrf_gcn-4bfc1dad70,sbm,M4_mrf_gcn,tuned_grid,mf,20,6,,0.1,,0,,0.332,0.321135,1.714478,0.782844,0.336,0.33191,1.72756,0.787048,0.064066,0.158413,0.310901,1,5,,,,,0.15,0.15169,0.01029,0.00045,0.5,0.05966,,,,,,0.032,,4225688,9f9bb01aee1b,flip=0.0340
M4_mrf_mlp-38a3fb4cac,sbm,M4_mrf_mlp,tuned_grid,mf,20,6,,0.1,,0,,0.586,0.582207,1.23348,0.581644,0.59,0.585391,1.246575,0.594074,0.183527,0.147869,0.15762,1,5,,,,,0.15,0.15169,0.01029,0.00045,0.5,0.05966,,,,,,0.0647,,4225688,9f9bb01aee1b,flip=0.0360
M4_mrf_gcn-67c72a3887,sbm,M4_mrf_gcn,tuned_grid,mf,20,6,,0.25,,0,,0.314,0.298918,1.719725,0.784309,0.332,0.327342,1.733821,0.789216,0.059242,0.163446,0.337643,1,8,,,,,0.15,0.15169,0.01029,0.00045,0.5,0.05966,,,,,,0.1267,,4225688,9f9bb01aee1b,flip=0.0820
M4_mrf_mlp-ad9e3a7f20,sbm,M4_mrf_mlp,tuned_grid,mf,20,6,,0.25,,0,,0.578,0.573107,1.23663,0.582845,0.581,0.576231,1.248365,0.594971,0.16623,0.153962,0.175507,1,8,,,,,0.15,0.15169,0.01029,0.00045,0.5,0.05966,,,,,,0.1248,,4225688,9f9bb01aee1b,flip=0.0780
M4_mrf_gcn-4761ea4f27,sbm,M4_mrf_gcn,tuned_grid,mf,20,6,,0.5,,0,,0.304,0.281697,1.757793,0.800011,0.306,0.293301,1.775,0.807398,0.077229,0.185447,0.394669,1,64,,,,,0.15,0.15169,0.01029,0.00045,0.5,0.05966,,,,,,1.0587,,4225688,9f9bb01aee1b,flip=0.2190
M4_mrf_mlp-2b533686cb,sbm,M4_mrf_mlp,tuned_grid,mf,20,6,,0.5,,0,,0.57,0.561747,1.267903,0.599278,0.539,0.532181,1.273845,0.609256,0.102162,0.175174,0.230497,1,41,,,,,0.15,0.15169,0.01029,0.00045,0.5,0.05966,,,,,,0.5348,,4225688,9f9bb01aee1b,flip=0.1970
M4_mrf_gcn-6561defae9,sbm,M4_mrf_gcn,tuned_grid,mf,20,6,,1.0,,0,,0.146,0.036464,6.471327,1.643384,0.146,0.044327,6.590952,1.657023,0.824159,0.972914,0.999115,1,15,,,,,0.15,0.15169,0.01029,0.00045,0.5,0.05966,,,,,,0.0916,,4225688,9f9bb01aee1b,flip=0.8260
M4_mrf_mlp-3fc25dd6a5,sbm,M4_mrf_mlp,tuned_grid,mf,20,6,,1.0,,0,,0.14,0.041804,5.999631,1.645029,0.15,0.041359,5.849777,1.620814,0.813244,0.965231,0.997432,1,16,,,,,0.15,0.15169,0.01029,0.00045,0.5,0.05966,,,,,,0.2899,,4225688,9f9bb01aee1b,flip=0.8200
M4_mrf_gcn-164f944150,sbm,M4_mrf_gcn,tuned_grid,mf,20,6,,2.0,,0,,0.146,0.0364,13.243957,1.702309,0.144,0.039985,13.489099,1.706347,0.851801,0.998388,0.999734,1,13,,,,,0.15,0.15169,0.01029,0.00045,0.5,0.05966,,,,,,0.1148,,4225688,9f9bb01aee1b,flip=0.8280
M4_mrf_mlp-8ec4cd5d74,sbm,M4_mrf_mlp,tuned_grid,mf,20,6,,2.0,,0,,0.136,0.034205,12.981475,1.721464,0.15,0.041294,12.672078,1.692377,0.844895,0.998035,0.999734,1,20,,,,,0.15,0.15169,0.01029,0.00045,0.5,0.05966,,,,,,0.3187,,4225688,9f9bb01aee1b,flip=0.8220
OF-0b1d23334f,sbm,Oracle_F,oracle,closed_form,20,6,,,,,,0.754,,,,0.73,,,,,,,,,,,,,0.15,0.15169,0.01029,0.00045,0.5,0.05966,,,,,,,,4225688,9f9bb01aee1b,"feature-only Bayes rule, known generative parameters"
OG-d828315721,sbm,Oracle_G,oracle,mf,20,6,,0.05966,,,,0.748,0.747709,0.7289,0.359461,0.727,0.725065,0.755811,0.371305,0.043816,0.146747,0.148145,1,4,,,,,0.15,0.15169,0.01029,0.00045,0.5,0.05966,,,,,,,,4225688,9f9bb01aee1b,true Gaussian unaries + generator-implied coupling
M0_mlp-3cac453d9e,sbm,M0_mlp,train,none,1,7,0.0,,,,157,0.286,0.284431,2.28359,0.972894,0.239,0.240767,2.299781,0.995395,0.342377,0.146208,0.145334,,,,,,,0.15,0.14746,0.00532,0.0006,0.5,0.05966,0.01,0.0005,64,0.5,1.061,,results/logits/M0_mlp-3cac453d9e.npz,4225688,9f9bb01aee1b,
M1_gcn-17e2d474b5,sbm,M1_gcn,train,none,1,7,0.0,,,,31,0.172,0.132563,1.936952,0.855605,0.16,0.128279,1.93566,0.856694,0.062731,0.152552,0.442017,,,,,,,0.15,0.14746,0.00532,0.0006,0.5,0.05966,0.005,0.001,64,0.5,2.993,,results/logits/M1_gcn-17e2d474b5.npz,4225688,9f9bb01aee1b,
LP-19a3712c83,sbm,LP,closed_form,label_prop,1,7,,,,,,0.17,0.049306,1.959485,0.8611,0.146,0.041781,1.999921,0.865738,0.064253,0.15342,0.971871,,,,,,,0.15,0.14746,0.00532,0.0006,0.5,0.05966,,,,,,,,4225688,9f9bb01aee1b,uses train labels as inference-time evidence
M2_lap-bfd2d16376,sbm,M2_lap,train,none,1,7,0.001,,,,39,0.174,0.135583,1.960411,0.864039,0.151,0.120439,1.962925,0.86788,0.109663,0.162221,0.457851,,,,,,,0.15,0.14746,0.00532,0.0006,0.5,0.05966,0.005,0.001,64,0.5,3.743,,,4225688,9f9bb01aee1b,
M2_lap-ca6f8451d6,sbm,M2_lap,train,none,1,7,0.01,,,,31,0.172,0.132557,1.93693,0.855597,0.16,0.128345,1.93563,0.856683,0.062713,0.152545,0.441398,,,,,,,0.15,0.14746,0.00532,0.0006,0.5,0.05966,0.005,0.001,64,0.5,3.948,,,4225688,9f9bb01aee1b,
M2_lap-6925b8c802,sbm,M2_lap,train,none,1,7,0.1,,,,39,0.174,0.137258,1.960068,0.863887,0.151,0.12046,1.962505,0.867686,0.105177,0.162042,0.456435,,,,,,,0.15,0.14746,0.00532,0.0006,0.5,0.05966,0.005,0.001,64,0.5,4.199,,,4225688,9f9bb01aee1b,
M2_lap-34417c2488,sbm,M2_lap,train,none,1,7,0.5,,,,36,0.174,0.132896,1.948688,0.859921,0.148,0.117825,1.949986,0.862691,0.092459,0.158006,0.454312,,,,,,,0.15,0.14746,0.00532,0.0006,0.5,0.05966,0.005,0.001,64,0.5,4.218,,,4225688,9f9bb01aee1b,
M2_lap-67a3fa8787,sbm,M2_lap,train,none,1,7,1.0,,,,76,0.176,0.159476,2.120521,0.912208,0.156,0.144416,2.132466,0.926459,0.206673,0.196596,0.38107,,,,,,,0.15,0.14746,0.00532,0.0006,0.5,0.05966,0.005,0.001,64,0.5,6.654,,,4225688,9f9bb01aee1b,
M2_lap-5945c5d974,sbm,M2_lap,train,none,1,7,5.0,,,,59,0.182,0.15614,2.015288,0.877669,0.156,0.139054,2.023817,0.88527,0.142309,0.175487,0.385228,,,,,,,0.15,0.14746,0.00532,0.0006,0.5,0.05966,0.005,0.001,64,0.5,5.309,,,4225688,9f9bb01aee1b,
M4_mrf_gcn-3f2a2dc86e,sbm,M4_mrf_gcn,tuned_grid,mf,1,7,,0.05,,0,,0.166,0.12244,1.93961,0.856509,0.159,0.127248,1.938869,0.857876,0.070458,0.15385,0.459089,1,4,,,,,0.15,0.14746,0.00532,0.0006,0.5,0.05966,,,,,,0.0563,,4225688,9f9bb01aee1b,flip=0.0180
M4_mrf_mlp-9112626e2b,sbm,M4_mrf_mlp,tuned_grid,mf,1,7,,0.05,,0,,0.284,0.282387,2.287219,0.973668,0.236,0.237663,2.301739,0.996499,0.345437,0.149328,0.150287,1,4,,,,,0.15,0.14746,0.00532,0.0006,0.5,0.05966,,,,,,0.0473,,4225688,9f9bb01aee1b,flip=0.0050
M4_mrf_gcn-93264465ad,sbm,M4_mrf_gcn,tuned_grid,mf,1,7,,0.1,,0,,0.166,0.122475,1.942953,0.857661,0.161,0.127112,1.942908,0.859369,0.080664,0.155457,0.471384,1,5,,,,,0.15,0.14746,0.00532,0.0006,0.5,0.05966,,,,,,0.0557,,4225688,9f9bb01aee1b,flip=0.0480
M4_mrf_mlp-153e22d359,sbm,M4_mrf_mlp,tuned_grid,mf,1,7,,0.1,,0,,0.282,0.280365,2.292452,0.974837,0.239,0.240556,2.305494,0.998113,0.342867,0.152591,0.156303,1,5,,,,,0.15,0.14746,0.00532,0.0006,0.5,0.05966,,,,,,0.0431,,4225688,9f9bb01aee1b,flip=0.0210
M4_mrf_gcn-e412af08f7,sbm,M4_mrf_gcn,tuned_grid,mf,1,7,,0.25,,0,,0.17,0.115806,1.960814,0.864049,0.161,0.11427,1.96456,0.867512,0.097575,0.163939,0.533215,1,10,,,,,0.15,0.14746,0.00532,0.0006,0.5,0.05966,,,,,,0.1912,,4225688,9f9bb01aee1b,flip=0.1330
M4_mrf_mlp-1795cdbf61,sbm,M4_mrf_mlp,tuned_grid,mf,1,7,,0.25,,0,,0.266,0.264103,2.319194,0.981094,0.236,0.237394,2.329361,1.006609,0.35013,0.163649,0.17249,1,8,,,,,0.15,0.14746,0.00532,0.0006,0.5,0.05966,,,,,,0.148,,4225688,9f9bb01aee1b,flip=0.0590
M4_mrf_gcn-dbddf9f37d,sbm,M4_mrf_gcn,tuned_grid,mf,1,7,,0.5,,0,,0.152,0.037764,3.280066,1.372943,0.147,0.03848,3.306089,1.381074,0.651619,0.733328,0.997169,1,20,,,,,0.15,0.14746,0.00532,0.0006,0.5,0.05966,,,,,,0.2517,,4225688,9f9bb01aee1b,flip=0.5990
M4_mrf_mlp-f6f67cffa6,sbm,M4_mrf_mlp,tuned_grid,mf,1,7,,0.5,,0,,0.26,0.259452,2.423555,1.006515,0.225,0.224827,2.440374,1.041756,0.383051,0.192744,0.224945,1,20,,,,,0.15,0.14746,0.00532,0.0006,0.5,0.05966,,,,,,0.2522,,4225688,9f9bb01aee1b,flip=0.1540
M4_mrf_gcn-a1143c99eb,sbm,M4_mrf_gcn,tuned_grid,mf,1,7,,1.0,,0,,0.152,0.037698,7.003635,1.657747,0.146,0.0364,6.989811,1.667614,0.831737,0.980295,0.999823,1,11,,,,,0.15,0.14746,0.00532,0.0006,0.5,0.05966,,,,,,0.1996,,4225688,9f9bb01aee1b,flip=0.6020
M4_mrf_mlp-2445b8f28b,sbm,M4_mrf_mlp,tuned_grid,mf,1,7,,1.0,,0,,0.142,0.054191,6.379964,1.607027,0.141,0.067716,6.522802,1.621315,0.798707,0.912812,0.957806,1,25,,,,,0.15,0.14746,0.00532,0.0006,0.5,0.05966,,,,,,0.3522,,4225688,9f9bb01aee1b,flip=0.7580
M4_mrf_gcn-f744ab0f43,sbm,M4_mrf_gcn,tuned_grid,mf,1,7,,2.0,,0,,0.152,0.037698,13.838736,1.692751,0.146,0.0364,13.769224,1.702479,0.851009,0.998923,1.0,1,9,,,,,0.15,0.14746,0.00532,0.0006,0.5,0.05966,,,,,,0.1703,,4225688,9f9bb01aee1b,flip=0.6020
M4_mrf_mlp-e0a5895cd3,sbm,M4_mrf_mlp,tuned_grid,mf,1,7,,2.0,,0,,0.142,0.035527,13.452712,1.706071,0.125,0.031774,13.656665,1.737183,0.86899,0.995203,0.998142,1,16,,,,,0.15,0.14746,0.00532,0.0006,0.5,0.05966,,,,,,0.2419,,4225688,9f9bb01aee1b,flip=0.7960
OF-133f773bd8,sbm,Oracle_F,oracle,closed_form,1,7,,,,,,0.684,,,,0.73,,,,,,,,,,,,,0.15,0.14746,0.00532,0.0006,0.5,0.05966,,,,,,,,4225688,9f9bb01aee1b,"feature-only Bayes rule, known generative parameters"
OG-c7a7376d71,sbm,Oracle_G,oracle,mf,1,7,,0.05966,,,,0.69,0.687073,0.815069,0.404687,0.731,0.730791,0.74748,0.372789,0.026553,0.149968,0.155506,1,4,,,,,0.15,0.14746,0.00532,0.0006,0.5,0.05966,,,,,,,,4225688,9f9bb01aee1b,true Gaussian unaries + generator-implied coupling
M0_mlp-144dbbaf22,sbm,M0_mlp,train,none,5,7,0.0,,,,14,0.464,0.450343,1.496651,0.700193,0.443,0.438958,1.544853,0.717609,0.107954,0.145425,0.155595,,,,,,,0.15,0.14746,0.00532,0.0006,0.5,0.05966,0.01,0.0005,64,0.5,0.382,,results/logits/M0_mlp-144dbbaf22.npz,4225688,9f9bb01aee1b,
M1_gcn-17017e59d1,sbm,M1_gcn,train,none,5,7,0.0,,,,25,0.308,0.289651,1.861546,0.831687,0.245,0.223708,1.886116,0.839228,0.071932,0.145579,0.334365,,,,,,,0.15,0.14746,0.00532,0.0006,0.5,0.05966,0.005,0.001,64,0.5,3.056,,results/logits/M1_gcn-17017e59d1.npz,4225688,9f9bb01aee1b,
LP-e31586e03d,sbm,LP,closed_form,label_prop,5,7,,,,,,0.138,0.069282,1.962183,0.86228,0.154,0.085188,1.95091,0.858667,0.037011,0.148014,0.674923,,,,,,,0.15,0.14746,0.00532,0.0006,0.5,0.05966,,,,,,,,4225688,9f9bb01aee1b,uses train labels as inference-time evidence
M2_lap-dcf1f291d2,sbm,M2_lap,train,none,5,7,0.001,,,,25,0.308,0.289651,1.861547,0.831687,0.245,0.223708,1.886116,0.839228,0.071933,0.145579,0.334719,,,,,,,0.15,0.14746,0.00532,0.0006,0.5,0.05966,0.005,0.001,64,0.5,3.243,,,4225688,9f9bb01aee1b,
M2_lap-649b1c2084,sbm,M2_lap,train,none,5,7,0.01,,,,25,0.308,0.289651,1.861546,0.831688,0.246,0.224906,1.886107,0.839226,0.072947,0.145576,0.334277,,,,,,,0.15,0.14746,0.00532,0.0006,0.5,0.05966,0.005,0.001,64,0.5,3.231,,,4225688,9f9bb01aee1b,
M2_lap-0be84eaf4e,sbm,M2_lap,train,none,5,7,0.1,,,,37,0.31,0.300345,1.81688,0.816924,0.268,0.253888,1.857377,0.830308,0.055394,0.151399,0.317293,,,,,,,0.15,0.14746,0.00532,0.0006,0.5,0.05966,0.005,0.001,64,0.5,3.748,,,4225688,9f9bb01aee1b,
M2_lap-0b7f4f6f47,sbm,M2_lap,train,none,5,7,0.5,,,,41,0.31,0.30512,1.807855,0.813523,0.26,0.251792,1.854101,0.829514,0.040584,0.153841,0.305705,,,,,,,0.15,0.14746,0.00532,0.0006,0.5,0.05966,0.005,0.001,64,0.5,4.122,,,4225688,9f9bb01aee1b,
M2_lap-5bc8aa8617,sbm,M2_lap,train,none,5,7,1.0,,,,40,0.308,0.303313,1.812377,0.815296,0.258,0.249743,1.856462,0.83039,0.039836,0.152896,0.30314,,,,,,,0.15,0.14746,0.00532,0.0006,0.5,0.05966,0.005,0.001,64,0.5,3.639,,,4225688,9f9bb01aee1b,
M2_lap-cd3bac6f5b,sbm,M2_lap,train,none,5,7,5.0,,,,34,0.294,0.289456,1.840158,0.825302,0.258,0.249931,1.872322,0.835756,0.070497,0.148513,0.303406,,,,,,,0.15,0.14746,0.00532,0.0006,0.5,0.05966,0.005,0.001,64,0.5,3.565,,,4225688,9f9bb01aee1b,
M4_mrf_gcn-7b578fed8d,sbm,M4_mrf_gcn,tuned_grid,mf,5,7,,0.05,,0,,0.3,0.279762,1.861087,0.831525,0.243,0.220203,1.885966,0.839148,0.074363,0.145859,0.343919,1,4,,,,,0.15,0.14746,0.00532,0.0006,0.5,0.05966,,,,,,0.0512,,4225688,9f9bb01aee1b,flip=0.0210
M4_mrf_mlp-3df2975223,sbm,M4_mrf_mlp,tuned_grid,mf,5,7,,0.05,,0,,0.462,0.447777,1.497509,0.700655,0.437,0.432493,1.546165,0.718099,0.103876,0.146662,0.161521,1,4,,,,,0.15,0.14746,0.00532,0.0006,0.5,0.05966,,,,,,0.0291,,4225688,9f9bb01aee1b,flip=0.0180
M4_mrf_gcn-87e02efe19,sbm,M4_mrf_gcn,tuned_grid,mf,5,7,,0.1,,0,,0.292,0.271392,1.860649,0.831366,0.245,0.221859,1.88584,0.839068,0.069039,0.146181,0.353207,1,5,,,,,0.15,0.14746,0.00532,0.0006,0.5,0.05966,,,,,,0.0761,,4225688,9f9bb01aee1b,flip=0.0400
M4_mrf_mlp-1d8f4fc77d,sbm,M4_mrf_mlp,tuned_grid,mf,5,7,,0.1,,0,,0.46,0.443942,1.498492,0.701169,0.434,0.429175,1.547659,0.718661,0.105036,0.147978,0.165502,1,5,,,,,0.15,0.14746,0.00532,0.0006,0.5,0.05966,,,,,,0.0332,,4225688,9f9bb01aee1b,flip=0.0270
M4_mrf_gcn-4bd9e5f9e1,sbm,M4_mrf_gcn,tuned_grid,mf,5,7,,0.25,,0,,0.278,0.255893,1.859863,0.831025,0.243,0.217502,1.885893,0.838881,0.055266,0.147568,0.381159,1,8,,,,,0.15,0.14746,0.00532,0.0006,0.5,0.05966,,,,,,0.0539,,4225688,9f9bb01aee1b,flip=0.1040
M4_mrf_mlp-dfd96172be,sbm,M4_mrf_mlp,tuned_grid,mf,5,7,,0.25,,0,,0.444,0.428963,1.502998,0.70339,0.43,0.426152,1.554047,0.721133,0.087973,0.152743,0.187174,1,8,,,,,0.15,0.14746,0.00532,0.0006,0.5,0.05966,,,,,,0.0599,,4225688,9f9bb01aee1b,flip=0.0760
M4_mrf_gcn-fd83410bd7,sbm,M4_mrf_gcn,tuned_grid,mf,5,7,,0.5,,0,,0.134,0.033762,3.002852,1.307322,0.148,0.044123,2.979031,1.29935,0.601247,0.649333,0.995135,1,42,,,,,0.15,0.14746,0.00532,0.0006,0.5,0.05966,,,,,,0.7284,,4225688,9f9bb01aee1b,flip=0.6810
M4_mrf_mlp-86e0a634f0,sbm,M4_mrf_mlp,tuned_grid,mf,5,7,,0.5,,0,,0.404,0.375133,1.537249,0.718827,0.391,0.384964,1.593544,0.737736,0.056468,0.172634,0.276426,1,55,,,,,0.15,0.14746,0.00532,0.0006,0.5,0.05966,,,,,,0.6883,,4225688,9f9bb01aee1b,flip=0.2460
M4_mrf_gcn-86b95fb26e,sbm,M4_mrf_gcn,tuned_grid,mf,5,7,,1.0,,0,,0.134,0.033762,6.937027,1.683976,0.144,0.035964,6.883041,1.668203,0.83354,0.976898,0.999646,1,11,,,,,0.15,0.14746,0.00532,0.0006,0.5,0.05966,,,,,,0.0989,,4225688,9f9bb01aee1b,flip=0.6880
M4_mrf_mlp-fe330763af,sbm,M4_mrf_mlp,tuned_grid,mf,5,7,,1.0,,0,,0.164,0.043762,6.273728,1.623162,0.146,0.039957,6.51667,1.653453,0.828051,0.971668,0.997258,1,12,,,,,0.15,0.14746,0.00532,0.0006,0.5,0.05966,,,,,,0.2273,,4225688,9f9bb01aee1b,flip=0.8130
M4_mrf_gcn-b3f4bc8972,sbm,M4_mrf_gcn,tuned_grid,mf,5,7,,2.0,,0,,0.134,0.033762,13.967767,1.727371,0.144,0.035964,13.844918,1.708071,0.854102,0.998701,1.0,1,9,,,,,0.15,0.14746,0.00532,0.0006,0.5,0.05966,,,,,,0.0484,,4225688,9f9bb01aee1b,flip=0.6880
M4_mrf_mlp-9de65ed782,sbm,M4_mrf_mlp,tuned_grid,mf,5,7,,2.0,,0,,0.162,0.039833,13.088492,1.672938,0.144,0.035964,13.596746,1.706766,0.853651,0.998679,0.999912,1,8,,,,,0.15,0.14746,0.00532,0.0006,0.5,0.05966,,,,,,0.0847,,4225688,9f9bb01aee1b,flip=0.8160
OF-ee6f69bbe5,sbm,Oracle_F,oracle,closed_form,5,7,,,,,,0.716,,,,0.723,,,,,,,,,,,,,0.15,0.14746,0.00532,0.0006,0.5,0.05966,,,,,,,,4225688,9f9bb01aee1b,"feature-only Bayes rule, known generative parameters"
OG-fa9ad0c07b,sbm,Oracle_G,oracle,mf,5,7,,0.05966,,,,0.718,0.71581,0.778169,0.384348,0.724,0.72309,0.778269,0.37945,0.022896,0.149968,0.155506,1,4,,,,,0.15,0.14746,0.00532,0.0006,0.5,0.05966,,,,,,,,4225688,9f9bb01aee1b,true Gaussian unaries + generator-implied coupling
M0_mlp-0f214a3459,sbm,M0_mlp,train,none,20,7,0.0,,,,21,0.602,0.598341,1.136972,0.542559,0.597,0.59879,1.122623,0.537128,0.046962,0.145677,0.148341,,,,,,,0.15,0.14746,0.00532,0.0006,0.5,0.05966,0.01,0.0005,64,0.5,0.374,,results/logits/M0_mlp-0f214a3459.npz,4225688,9f9bb01aee1b,
M1_gcn-8f083eadcb,sbm,M1_gcn,train,none,20,7,0.0,,,,68,0.356,0.349888,1.657886,0.767349,0.363,0.361483,1.634606,0.753424,0.031638,0.182703,0.294029,,,,,,,0.15,0.14746,0.00532,0.0006,0.5,0.05966,0.005,0.001,64,0.5,4.637,,results/logits/M1_gcn-8f083eadcb.npz,4225688,9f9bb01aee1b,
LP-f9b35bcd2b,sbm,LP,closed_form,label_prop,20,7,,,,,,0.138,0.130765,1.968792,0.865919,0.152,0.135726,1.961674,0.863023,0.059861,0.156713,0.427156,,,,,,,0.15,0.14746,0.00532,0.0006,0.5,0.05966,,,,,,,,4225688,9f9bb01aee1b,uses train labels as inference-time evidence
M2_lap-02a858512d,sbm,M2_lap,train,none,20,7,0.001,,,,68,0.356,0.349888,1.657884,0.767347,0.363,0.36147,1.634603,0.753423,0.031593,0.18269,0.294206,,,,,,,0.15,0.14746,0.00532,0.0006,0.5,0.05966,0.005,0.001,64,0.5,4.543,,,4225688,9f9bb01aee1b,
M2_lap-5e48e1b27d,sbm,M2_lap,train,none,20,7,0.01,,,,68,0.356,0.349842,1.658004,0.767371,0.365,0.363371,1.634744,0.753462,0.036075,0.1826,0.294471,,,,,,,0.15,0.14746,0.00532,0.0006,0.5,0.05966,0.005,0.001,64,0.5,4.221,,,4225688,9f9bb01aee1b,
M2_lap-7e7a6afde6,sbm,M2_lap,train,none,20,7,0.1,,,,68,0.356,0.34986,1.658223,0.76726,0.364,0.362548,1.635127,0.753532,0.029805,0.181336,0.293764,,,,,,,0.15,0.14746,0.00532,0.0006,0.5,0.05966,0.005,0.001,64,0.5,4.767,,,4225688,9f9bb01aee1b,
M2_lap-4534157a3e,sbm,M2_lap,train,none,20,7,0.5,,,,56,0.356,0.35095,1.665928,0.767849,0.374,0.372608,1.646562,0.757867,0.074901,0.166781,0.292437,,,,,,,0.15,0.14746,0.00532,0.0006,0.5,0.05966,0.005,0.001,64,0.5,3.872,,,4225688,9f9bb01aee1b,
M2_lap-113063faa3,sbm,M2_lap,train,none,20,7,1.0,,,,56,0.354,0.350085,1.675037,0.770838,0.375,0.373932,1.655993,0.76144,0.081764,0.164073,0.291552,,,,,,,0.15,0.14746,0.00532,0.0006,0.5,0.05966,0.005,0.001,64,0.5,3.783,,,4225688,9f9bb01aee1b,
M2_lap-6ac3a577a8,sbm,M2_lap,train,none,20,7,5.0,,,,42,0.35,0.350082,1.765315,0.801387,0.366,0.365312,1.750638,0.796192,0.145517,0.149197,0.293764,,,,,,,0.15,0.14746,0.00532,0.0006,0.5,0.05966,0.005,0.001,64,0.5,3.48,,,4225688,9f9bb01aee1b,
M4_mrf_gcn-f56f86e5ce,sbm,M4_mrf_gcn,tuned_grid,mf,20,7,,0.05,,0,,0.35,0.343393,1.665684,0.770749,0.361,0.358819,1.64233,0.756848,0.043709,0.186315,0.303406,1,4,,,,,0.15,0.14746,0.00532,0.0006,0.5,0.05966,,,,,,0.1589,,4225688,9f9bb01aee1b,flip=0.0170
M4_mrf_mlp-57820e8a22,sbm,M4_mrf_mlp,tuned_grid,mf,20,7,,0.05,,0,,0.6,0.595452,1.137284,0.542783,0.601,0.6028,1.122326,0.537134,0.052642,0.148521,0.153472,1,4,,,,,0.15,0.14746,0.00532,0.0006,0.5,0.05966,,,,,,0.0955,,4225688,9f9bb01aee1b,flip=0.0100
M4_mrf_gcn-12463f8c8b,sbm,M4_mrf_gcn,tuned_grid,mf,20,7,,0.1,,0,,0.336,0.329048,1.674751,0.774724,0.357,0.354487,1.651309,0.760877,0.057603,0.190263,0.317028,1,5,,,,,0.15,0.14746,0.00532,0.0006,0.5,0.05966,,,,,,0.0472,,4225688,9f9bb01aee1b,flip=0.0410
M4_mrf_mlp-444d5152ad,sbm,M4_mrf_mlp,tuned_grid,mf,20,7,,0.1,,0,,0.592,0.587505,1.13815,0.543243,0.596,0.59751,1.122557,0.537386,0.055519,0.151454,0.159752,1,5,,,,,0.15,0.14746,0.00532,0.0006,0.5,0.05966,,,,,,0.0465,,4225688,9f9bb01aee1b,flip=0.0220
M4_mrf_gcn-f5553cb586,sbm,M4_mrf_gcn,tuned_grid,mf,20,7,,0.25,,0,,0.308,0.300766,1.71245,0.791308,0.345,0.341882,1.689151,0.77815,0.094398,0.204997,0.342769,1,9,,,,,0.15,0.14746,0.00532,0.0006,0.5,0.05966,,,,,,0.1072,,4225688,9f9bb01aee1b,flip=0.0880
M4_mrf_mlp-9690421cc0,sbm,M4_mrf_mlp,tuned_grid,mf,20,7,,0.25,,0,,0.588,0.583463,1.144706,0.546341,0.599,0.600792,1.126969,0.539915,0.044546,0.16104,0.177532,1,7,,,,,0.15,0.14746,0.00532,0.0006,0.5,0.05966,,,,,,0.0503,,4225688,9f9bb01aee1b,flip=0.0600
M4_mrf_gcn-1cc3549e91,sbm,M4_mrf_gcn,tuned_grid,mf,20,7,,0.5,,0,,0.292,0.282353,1.854641,0.852149,0.318,0.309563,1.840355,0.84521,0.1877,0.252236,0.397523,1,38,,,,,0.15,0.14746,0.00532,0.0006,0.5,0.05966,,,,,,0.5223,,4225688,9f9bb01aee1b,flip=0.2150
M4_mrf_mlp-ea4a2d979c,sbm,M4_mrf_mlp,tuned_grid,mf,20,7,,0.5,,0,,0.568,0.560961,1.178476,0.561371,0.587,0.589031,1.155052,0.554229,0.046669,0.182103,0.211499,1,16,,,,,0.15,0.14746,0.00532,0.0006,0.5,0.05966,,,,,,0.2241,,4225688,9f9bb01aee1b,flip=0.1410
M4_mrf_gcn-2425916fde,sbm,M4_mrf_gcn,tuned_grid,mf,20,7,,1.0,,0,,0.154,0.048954,5.894774,1.597186,0.151,0.055441,6.152717,1.620661,0.804272,0.943024,0.985847,1,31,,,,,0.15,0.14746,0.00532,0.0006,0.5,0.05966,,,,,,0.4003,,4225688,9f9bb01aee1b,flip=0.7930
M4_mrf_mlp-64da9c332d,sbm,M4_mrf_mlp,tuned_grid,mf,20,7,,1.0,,0,,0.142,0.068719,5.341523,1.591746,0.163,0.0734,5.27507,1.56829,0.784599,0.924456,0.972844,1,34,,,,,0.15,0.14746,0.00532,0.0006,0.5,0.05966,,,,,,0.4211,,4225688,9f9bb01aee1b,flip=0.8040
M4_mrf_gcn-df938d6288,sbm,M4_mrf_gcn,tuned_grid,mf,20,7,,2.0,,0,,0.152,0.041473,12.7203,1.691041,0.142,0.037197,13.194727,1.705322,0.852914,0.997074,0.999381,1,12,,,,,0.15,0.14746,0.00532,0.0006,0.5,0.05966,,,,,,0.1107,,4225688,9f9bb01aee1b,flip=0.8080
M4_mrf_mlp-9dbe8d9c3f,sbm,M4_mrf_mlp,tuned_grid,mf,20,7,,2.0,,0,,0.124,0.035263,12.502304,1.743713,0.146,0.03963,12.346336,1.699185,0.849866,0.995898,0.998939,1,14,,,,,0.15,0.14746,0.00532,0.0006,0.5,0.05966,,,,,,0.1225,,4225688,9f9bb01aee1b,flip=0.8280
OF-c236d88dc1,sbm,Oracle_F,oracle,closed_form,20,7,,,,,,0.726,,,,0.708,,,,,,,,,,,,,0.15,0.14746,0.00532,0.0006,0.5,0.05966,,,,,,,,4225688,9f9bb01aee1b,"feature-only Bayes rule, known generative parameters"
OG-0a4c78c59b,sbm,Oracle_G,oracle,mf,20,7,,0.05966,,,,0.728,0.726279,0.801326,0.383763,0.71,0.708267,0.776885,0.386346,0.039253,0.149968,0.155506,1,4,,,,,0.15,0.14746,0.00532,0.0006,0.5,0.05966,,,,,,,,4225688,9f9bb01aee1b,true Gaussian unaries + generator-implied coupling
M0_mlp-c40901d7cb,sbm,M0_mlp,train,none,1,8,0.0,,,,46,0.334,0.327252,1.912624,0.853457,0.321,0.315012,1.905324,0.859592,0.209805,0.149676,0.154447,,,,,,,0.15,0.14718,0.00501,0.00057,0.5,0.05966,0.01,0.0005,64,0.5,0.433,,results/logits/M0_mlp-c40901d7cb.npz,4225688,9f9bb01aee1b,
M1_gcn-2d9b158964,sbm,M1_gcn,train,none,1,8,0.0,,,,37,0.21,0.184467,1.93099,0.853229,0.198,0.173446,1.93595,0.854909,0.063004,0.164143,0.392085,,,,,,,0.15,0.14718,0.00501,0.00057,0.5,0.05966,0.005,0.001,64,0.5,2.828,,results/logits/M1_gcn-2d9b158964.npz,4225688,9f9bb01aee1b,
LP-bcdd3ca092,sbm,LP,closed_form,label_prop,1,8,,,,,,0.164,0.053909,2.029686,0.873027,0.139,0.038655,2.067326,0.879483,0.080845,0.164525,0.962488,,,,,,,0.15,0.14718,0.00501,0.00057,0.5,0.05966,,,,,,,,4225688,9f9bb01aee1b,uses train labels as inference-time evidence
M2_lap-82edbdc2df,sbm,M2_lap,train,none,1,8,0.001,,,,37,0.21,0.184467,1.931033,0.853239,0.198,0.173446,1.93598,0.854915,0.062083,0.164153,0.392085,,,,,,,0.15,0.14718,0.00501,0.00057,0.5,0.05966,0.005,0.001,64,0.5,3.105,,,4225688,9f9bb01aee1b,
M2_lap-180102748c,sbm,M2_lap,train,none,1,8,0.01,,,,37,0.21,0.184467,1.931023,0.853234,0.198,0.173446,1.935968,0.854909,0.062995,0.164145,0.392085,,,,,,,0.15,0.14718,0.00501,0.00057,0.5,0.05966,0.005,0.001,64,0.5,3.555,,,4225688,9f9bb01aee1b,
M2_lap-0239a5e675,sbm,M2_lap,train,none,1,8,0.1,,,,36,0.21,0.184069,1.927133,0.852231,0.202,0.17878,1.931979,0.853949,0.064754,0.162799,0.39711,,,,,,,0.15,0.14718,0.00501,0.00057,0.5,0.05966,0.005,0.001,64,0.5,3.314,,,4225688,9f9bb01aee1b,
M2_lap-a0e86d6394,sbm,M2_lap,train,none,1,8,0.5,,,,36,0.21,0.18415,1.92695,0.852084,0.2,0.176095,1.931601,0.853726,0.057927,0.162487,0.39379,,,,,,,0.15,0.14718,0.00501,0.00057,0.5,0.05966,0.005,0.001,64,0.5,3.118,,,4225688,9f9bb01aee1b,
M2_lap-f2f95a9c0f,sbm,M2_lap,train,none,1,8,1.0,,,,36,0.21,0.185299,1.926558,0.851884,0.197,0.174062,1.931079,0.853454,0.059533,0.162147,0.39029,,,,,,,0.15,0.14718,0.00501,0.00057,0.5,0.05966,0.005,0.001,64,0.5,3.181,,,4225688,9f9bb01aee1b,
M2_lap-22a3536d8b,sbm,M2_lap,train,none,1,8,5.0,,,,33,0.206,0.180365,1.917665,0.849179,0.197,0.178706,1.921544,0.850633,0.05413,0.156961,0.381405,,,,,,,0.15,0.14718,0.00501,0.00057,0.5,0.05966,0.005,0.001,64,0.5,3.324,,,4225688,9f9bb01aee1b,
M4_mrf_gcn-cd71125aec,sbm,M4_mrf_gcn,tuned_grid,mf,1,8,,0.05,,0,,0.206,0.179301,1.937376,0.855023,0.201,0.176015,1.943893,0.857233,0.066725,0.166263,0.406354,1,5,,,,,0.15,0.14718,0.00501,0.00057,0.5,0.05966,,,,,,0.1085,,4225688,9f9bb01aee1b,flip=0.0200
M4_mrf_mlp-cc78468ef2,sbm,M4_mrf_mlp,tuned_grid,mf,1,8,,0.05,,0,,0.33,0.323728,1.915905,0.854685,0.319,0.31315,1.907558,0.860145,0.212539,0.152766,0.159562,1,4,,,,,0.15,0.14718,0.00501,0.00057,0.5,0.05966,,,,,,0.0341,,4225688,9f9bb01aee1b,flip=0.0100
M4_mrf_gcn-0025333ca6,sbm,M4_mrf_gcn,tuned_grid,mf,1,8,,0.1,,0,,0.206,0.173413,1.94497,0.857219,0.199,0.174654,1.953238,0.860036,0.069691,0.16877,0.423315,1,6,,,,,0.15,0.14718,0.00501,0.00057,0.5,0.05966,,,,,,0.0766,,4225688,9f9bb01aee1b,flip=0.0440
M4_mrf_mlp-b88e976139,sbm,M4_mrf_mlp,tuned_grid,mf,1,8,,0.1,,0,,0.322,0.315122,1.920593,0.856298,0.319,0.31232,1.911258,0.861157,0.213712,0.156011,0.165934,1,5,,,,,0.15,0.14718,0.00501,0.00057,0.5,0.05966,,,,,,0.0414,,4225688,9f9bb01aee1b,flip=0.0240
M4_mrf_gcn-ea0f335a10,sbm,M4_mrf_gcn,tuned_grid,mf,1,8,,0.25,,0,,0.176,0.136988,1.981119,0.869141,0.172,0.14575,1.996535,0.874683,0.11551,0.181556,0.514583,1,12,,,,,0.15,0.14718,0.00501,0.00057,0.5,0.05966,,,,,,0.096,,4225688,9f9bb01aee1b,flip=0.1550
M4_mrf_mlp-ad027e09da,sbm,M4_mrf_mlp,tuned_grid,mf,1,8,,0.25,,0,,0.312,0.301985,1.944522,0.863819,0.318,0.310811,1.932737,0.867478,0.221257,0.16709,0.18819,1,7,,,,,0.15,0.14718,0.00501,0.00057,0.5,0.05966,,,,,,0.1045,,4225688,9f9bb01aee1b,flip=0.0630
M4_mrf_gcn-461b37a233,sbm,M4_mrf_gcn,tuned_grid,mf,1,8,,0.5,,0,,0.158,0.043496,3.419724,1.404772,0.15,0.044371,3.39184,1.393378,0.651859,0.747728,0.992372,1,17,,,,,0.15,0.14718,0.00501,0.00057,0.5,0.05966,,,,,,0.2505,,4225688,9f9bb01aee1b,flip=0.5780
M4_mrf_mlp-0e8010f4b0,sbm,M4_mrf_mlp,tuned_grid,mf,1,8,,0.5,,0,,0.31,0.293257,2.035025,0.890098,0.324,0.313935,2.023677,0.895679,0.241048,0.194507,0.237458,1,19,,,,,0.15,0.14718,0.00501,0.00057,0.5,0.05966,,,,,,0.24,,4225688,9f9bb01aee1b,flip=0.1620
M4_mrf_gcn-cc3874ff21,sbm,M4_mrf_gcn,tuned_grid,mf,1,8,,1.0,,0,,0.158,0.038983,7.142789,1.648741,0.149,0.039146,7.017991,1.655658,0.82234,0.978358,0.999462,1,15,,,,,0.15,0.14718,0.00501,0.00057,0.5,0.05966,,,,,,0.0982,,4225688,9f9bb01aee1b,flip=0.5920
M4_mrf_mlp-d13e6ec5f5,sbm,M4_mrf_mlp,tuned_grid,mf,1,8,,1.0,,0,,0.136,0.05671,6.207482,1.629515,0.177,0.071299,5.792804,1.542389,0.761359,0.917458,0.966975,1,27,,,,,0.15,0.14718,0.00501,0.00057,0.5,0.05966,,,,,,0.3261,,4225688,9f9bb01aee1b,flip=0.7710
M4_mrf_gcn-9ef78e4cff,sbm,M4_mrf_gcn,tuned_grid,mf,1,8,,2.0,,0,,0.158,0.038983,14.035904,1.681313,0.148,0.036866,13.757264,1.695003,0.847262,0.998599,1.0,1,7,,,,,0.15,0.14718,0.00501,0.00057,0.5,0.05966,,,,,,0.0507,,4225688,9f9bb01aee1b,flip=0.5940
M4_mrf_mlp-82cca35079,sbm,M4_mrf_mlp,tuned_grid,mf,1,8,,2.0,,0,,0.16,0.042668,13.092185,1.66997,0.153,0.046757,12.782923,1.682252,0.838701,0.994434,0.997936,1,26,,,,,0.15,0.14718,0.00501,0.00057,0.5,0.05966,,,,,,0.184,,4225688,9f9bb01aee1b,flip=0.8080
OF-72bc14d77f,sbm,Oracle_F,oracle,closed_form,1,8,,,,,,0.728,,,,0.715,,,,,,,,,,,,,0.15,0.14718,0.00501,0.00057,0.5,0.05966,,,,,,,,4225688,9f9bb01aee1b,"feature-only Bayes rule, known generative parameters"
OG-5232c61d6f,sbm,Oracle_G,oracle,mf,1,8,,0.05966,,,,0.722,0.720805,0.755699,0.373178,0.713,0.712533,0.745707,0.369547,0.050096,0.147332,0.149152,1,4,,,,,0.15,0.14718,0.00501,0.00057,0.5,0.05966,,,,,,,,4225688,9f9bb01aee1b,true Gaussian unaries + generator-implied coupling
M0_mlp-aabd177e32,sbm,M0_mlp,train,none,5,8,0.0,,,,39,0.452,0.450637,1.80358,0.770198,0.414,0.409819,1.84777,0.797384,0.230799,0.147349,0.146819,,,,,,,0.15,0.14718,0.00501,0.00057,0.5,0.05966,0.01,0.0005,64,0.5,0.416,,results/logits/M0_mlp-aabd177e32.npz,4225688,9f9bb01aee1b,
M1_gcn-97378b3338,sbm,M1_gcn,train,none,5,8,0.0,,,,32,0.276,0.271631,1.866817,0.833437,0.244,0.234406,1.862478,0.832492,0.044015,0.147484,0.316163,,,,,,,0.15,0.14718,0.00501,0.00057,0.5,0.05966,0.005,0.001,64,0.5,2.649,,results/logits/M1_gcn-97378b3338.npz,4225688,9f9bb01aee1b,
LP-09707a2c87,sbm,LP,closed_form,label_prop,5,8,,,,,,0.14,0.053628,1.974647,0.866437,0.139,0.062196,1.991332,0.863887,0.064527,0.150522,0.842053,,,,,,,0.15,0.14718,0.00501,0.00057,0.5,0.05966,,,,,,,,4225688,9f9bb01aee1b,uses train labels as inference-time evidence
M2_lap-e513caf10b,sbm,M2_lap,train,none,5,8,0.001,,,,32,0.276,0.271631,1.866814,0.833436,0.244,0.234406,1.862472,0.83249,0.044016,0.147484,0.316163,,,,,,,0.15,0.14718,0.00501,0.00057,0.5,0.05966,0.005,0.001,64,0.5,3.09,,,4225688,9f9bb01aee1b,
M2_lap-696ac4c171,sbm,M2_lap,train,none,5,8,0.01,,,,32,0.276,0.271631,1.866807,0.833433,0.244,0.234357,1.86248,0.832491,0.044026,0.147481,0.31706,,,,,,,0.15,0.14718,0.00501,0.00057,0.5,0.05966,0.005,0.001,64,0.5,3.378,,,4225688,9f9bb01aee1b,
M2_lap-c8041859d6,sbm,M2_lap,train,none,5,8,0.1,,,,32,0.276,0.271704,1.86679,0.833432,0.242,0.232496,1.86246,0.832485,0.048243,0.147455,0.316791,,,,,,,0.15,0.14718,0.00501,0.00057,0.5,0.05966,0.005,0.001,64,0.5,2.991,,,4225688,9f9bb01aee1b,
M2_lap-0db8edccf1,sbm,M2_lap,train,none,5,8,0.5,,,,30,0.276,0.274886,1.871339,0.834888,0.241,0.232345,1.867466,0.834005,0.054961,0.146617,0.320381,,,,,,,0.15,0.14718,0.00501,0.00057,0.5,0.05966,0.005,0.001,64,0.5,2.93,,,4225688,9f9bb01aee1b,
M2_lap-840e8e6081,sbm,M2_lap,train,none,5,8,1.0,,,,31,0.274,0.271633,1.869602,0.834342,0.244,0.235914,1.865668,0.833462,0.048335,0.146859,0.316342,,,,,,,0.15,0.14718,0.00501,0.00057,0.5,0.05966,0.005,0.001,64,0.5,2.939,,,4225688,9f9bb01aee1b,
M2_lap-5556d1f326,sbm,M2_lap,train,none,5,8,5.0,,,,31,0.278,0.277419,1.873706,0.835684,0.24,0.23469,1.870448,0.834926,0.060117,0.146135,0.310688,,,,,,,0.15,0.14718,0.00501,0.00057,0.5,0.05966,0.005,0.001,64,0.5,3.168,,,4225688,9f9bb01aee1b,
M4_mrf_gcn-410ac4b60a,sbm,M4_mrf_gcn,tuned_grid,mf,5,8,,0.05,,0,,0.272,0.268544,1.866969,0.833465,0.238,0.227441,1.862897,0.832611,0.046695,0.147942,0.324688,1,4,,,,,0.15,0.14718,0.00501,0.00057,0.5,0.05966,,,,,,0.0246,,4225688,9f9bb01aee1b,flip=0.0210
M4_mrf_mlp-0485ce0ff5,sbm,M4_mrf_mlp,tuned_grid,mf,5,8,,0.05,,0,,0.45,0.448332,1.804664,0.770262,0.41,0.405033,1.851421,0.798262,0.235187,0.150732,0.150678,1,4,,,,,0.15,0.14718,0.00501,0.00057,0.5,0.05966,,,,,,0.0427,,4225688,9f9bb01aee1b,flip=0.0110
M4_mrf_gcn-aa5195437d,sbm,M4_mrf_gcn,tuned_grid,mf,5,8,,0.1,,0,,0.264,0.26073,1.867243,0.833531,0.235,0.224269,1.863424,0.832763,0.034722,0.148466,0.334739,1,5,,,,,0.15,0.14718,0.00501,0.00057,0.5,0.05966,,,,,,0.0577,,4225688,9f9bb01aee1b,flip=0.0410
M4_mrf_mlp-2261079581,sbm,M4_mrf_mlp,tuned_grid,mf,5,8,,0.1,,0,,0.448,0.446334,1.807146,0.770732,0.406,0.400558,1.856417,0.799527,0.240008,0.154229,0.157319,1,5,,,,,0.15,0.14718,0.00501,0.00057,0.5,0.05966,,,,,,0.0679,,4225688,9f9bb01aee1b,flip=0.0280
M4_mrf_gcn-7bd81eec5f,sbm,M4_mrf_gcn,tuned_grid,mf,5,8,,0.25,,0,,0.258,0.251914,1.86956,0.834234,0.228,0.213003,1.866374,0.833666,0.039962,0.150757,0.381495,1,9,,,,,0.15,0.14718,0.00501,0.00057,0.5,0.05966,,,,,,0.095,,4225688,9f9bb01aee1b,flip=0.1170
M4_mrf_mlp-9a5c01ddf2,sbm,M4_mrf_mlp,tuned_grid,mf,5,8,,0.25,,0,,0.442,0.438969,1.823913,0.774898,0.406,0.400176,1.880394,0.805898,0.244933,0.165631,0.174908,1,7,,,,,0.15,0.14718,0.00501,0.00057,0.5,0.05966,,,,,,0.0543,,4225688,9f9bb01aee1b,flip=0.0590
M4_mrf_gcn-b83a8b4e2c,sbm,M4_mrf_gcn,tuned_grid,mf,5,8,,0.5,,0,,0.134,0.037578,3.097381,1.339767,0.137,0.038214,3.016314,1.322557,0.611848,0.672415,0.995513,1,26,,,,,0.15,0.14718,0.00501,0.00057,0.5,0.05966,,,,,,0.2751,,4225688,9f9bb01aee1b,flip=0.7230
M4_mrf_mlp-b6fa4e74da,sbm,M4_mrf_mlp,tuned_grid,mf,5,8,,0.5,,0,,0.426,0.422173,1.893987,0.79435,0.406,0.399828,1.960386,0.827709,0.260486,0.189974,0.20901,1,14,,,,,0.15,0.14718,0.00501,0.00057,0.5,0.05966,,,,,,0.1818,,4225688,9f9bb01aee1b,flip=0.1160
M4_mrf_gcn-2f47ed6c1f,sbm,M4_mrf_gcn,tuned_grid,mf,5,8,,1.0,,0,,0.132,0.033375,6.964595,1.682535,0.136,0.034235,6.779145,1.674799,0.835078,0.975841,0.999821,1,9,,,,,0.15,0.14718,0.00501,0.00057,0.5,0.05966,,,,,,0.1116,,4225688,9f9bb01aee1b,flip=0.7330
M4_mrf_mlp-6d2e788a45,sbm,M4_mrf_mlp,tuned_grid,mf,5,8,,1.0,,0,,0.216,0.14898,4.997552,1.40763,0.204,0.143909,4.789894,1.417235,0.68393,0.78911,0.854438,1,58,,,,,0.15,0.14718,0.00501,0.00057,0.5,0.05966,,,,,,0.7869,,4225688,9f9bb01aee1b,flip=0.6830
M4_mrf_gcn-2d9a26c565,sbm,M4_mrf_gcn,tuned_grid,mf,5,8,,2.0,,0,,0.132,0.033317,13.943993,1.728768,0.136,0.034235,13.590298,1.721163,0.860466,0.998605,1.0,1,6,,,,,0.15,0.14718,0.00501,0.00057,0.5,0.05966,,,,,,0.0419,,4225688,9f9bb01aee1b,flip=0.7330
M4_mrf_mlp-ddc06d1b6f,sbm,M4_mrf_mlp,tuned_grid,mf,5,8,,2.0,,0,,0.166,0.050741,12.210984,1.64273,0.156,0.051211,11.915984,1.670031,0.832894,0.988288,0.995064,1,20,,,,,0.15,0.14718,0.00501,0.00057,0.5,0.05966,,,,,,0.3146,,4225688,9f9bb01aee1b,flip=0.8040
OF-db174c2d1b,sbm,Oracle_F,oracle,closed_form,5,8,,,,,,0.74,,,,0.734,,,,,,,,,,,,,0.15,0.14718,0.00501,0.00057,0.5,0.05966,,,,,,,,4225688,9f9bb01aee1b,"feature-only Bayes rule, known generative parameters"
OG-70746dae46,sbm,Oracle_G,oracle,mf,5,8,,0.05966,,,,0.744,0.745153,0.720052,0.357058,0.734,0.734494,0.757007,0.367701,0.031168,0.147332,0.149152,1,4,,,,,0.15,0.14718,0.00501,0.00057,0.5,0.05966,,,,,,,,4225688,9f9bb01aee1b,true Gaussian unaries + generator-implied coupling
M0_mlp-b5fca01f61,sbm,M0_mlp,train,none,20,8,0.0,,,,18,0.618,0.617933,1.156405,0.552441,0.614,0.614398,1.157345,0.549006,0.134287,0.143254,0.14287,,,,,,,0.15,0.14718,0.00501,0.00057,0.5,0.05966,0.01,0.0005,64,0.5,0.271,,results/logits/M0_mlp-b5fca01f61.npz,4225688,9f9bb01aee1b,
M1_gcn-c65c45a2d1,sbm,M1_gcn,train,none,20,8,0.0,,,,24,0.372,0.370749,1.816489,0.817816,0.355,0.351966,1.813825,0.816964,0.161906,0.145655,0.282958,,,,,,,0.15,0.14718,0.00501,0.00057,0.5,0.05966,0.005,0.001,64,0.5,2.362,,results/logits/M1_gcn-c65c45a2d1.npz,4225688,9f9bb01aee1b,
LP-53dbab9eb5,sbm,LP,closed_form,label_prop,20,8,,,,,,0.152,0.150145,1.973604,0.867644,0.134,0.130048,2.003076,0.86974,0.079588,0.156715,0.391008,,,,,,,0.15,0.14718,0.00501,0.00057,0.5,0.05966,,,,,,,,4225688,9f9bb01aee1b,uses train labels as inference-time evidence
M2_lap-97ea5dce54,sbm,M2_lap,train,none,20,8,0.001,,,,24,0.372,0.370749,1.816492,0.817817,0.355,0.351966,1.813828,0.816965,0.161907,0.145655,0.282958,,,,,,,0.15,0.14718,0.00501,0.00057,0.5,0.05966,0.005,0.001,64,0.5,2.73,,,4225688,9f9bb01aee1b,
M2_lap-7d731f52a1,sbm,M2_lap,train,none,20,8,0.01,,,,24,0.372,0.370749,1.816517,0.817825,0.355,0.351966,1.813849,0.816972,0.161918,0.145654,0.282958,,,,,,,0.15,0.14718,0.00501,0.00057,0.5,0.05966,0.005,0.001,64,0.5,2.84,,,4225688,9f9bb01aee1b,
M2_lap-538ce4eaf7,sbm,M2_lap,train,none,20,8,0.1,,,,23,0.37,0.36885,1.82327,0.81999,0.352,0.349359,1.820805,0.819245,0.161965,0.145345,0.281971,,,,,,,0.15,0.14718,0.00501,0.00057,0.5,0.05966,0.005,0.001,64,0.5,3.003,,,4225688,9f9bb01aee1b,
M2_lap-f14be8d864,sbm,M2_lap,train,none,20,8,0.5,,,,24,0.37,0.368472,1.818054,0.818328,0.356,0.353181,1.815262,0.817432,0.163674,0.145573,0.282689,,,,,,,0.15,0.14718,0.00501,0.00057,0.5,0.05966,0.005,0.001,64,0.5,2.854,,,4225688,9f9bb01aee1b,
M2_lap-32e8d50e3a,sbm,M2_lap,train,none,20,8,1.0,,,,22,0.368,0.366949,1.832054,0.822793,0.352,0.350132,1.829723,0.822125,0.165882,0.144975,0.28215,,,,,,,0.15,0.14718,0.00501,0.00057,0.5,0.05966,0.005,0.001,64,0.5,2.735,,,4225688,9f9bb01aee1b,
M2_lap-b1f03e4723,sbm,M2_lap,train,none,20,8,5.0,,,,19,0.368,0.367092,1.858045,0.830956,0.341,0.339053,1.856633,0.830629,0.166268,0.144096,0.284304,,,,,,,0.15,0.14718,0.00501,0.00057,0.5,0.05966,0.005,0.001,64,0.5,2.524,,,4225688,9f9bb01aee1b,
M4_mrf_gcn-7ad5fe60db,sbm,M4_mrf_gcn,tuned_grid,mf,20,8,,0.05,,0,,0.366,0.364513,1.815909,0.817584,0.355,0.35216,1.812887,0.816635,0.160708,0.145891,0.290048,1,4,,,,,0.15,0.14718,0.00501,0.00057,0.5,0.05966,,,,,,0.0309,,4225688,9f9bb01aee1b,flip=0.0150
M4_mrf_mlp-76a48e5524,sbm,M4_mrf_mlp,tuned_grid,mf,20,8,,0.05,,0,,0.618,0.617618,1.156873,0.552798,0.616,0.616383,1.157091,0.548772,0.136056,0.145535,0.148434,1,4,,,,,0.15,0.14718,0.00501,0.00057,0.5,0.05966,,,,,,0.0622,,4225688,9f9bb01aee1b,flip=0.0090
M4_mrf_gcn-70bab1c393,sbm,M4_mrf_gcn,tuned_grid,mf,20,8,,0.1,,0,,0.368,0.367025,1.815247,0.817319,0.351,0.348369,1.811864,0.816272,0.155352,0.146149,0.297047,1,5,,,,,0.15,0.14718,0.00501,0.00057,0.5,0.05966,,,,,,0.0522,,4225688,9f9bb01aee1b,flip=0.0400
M4_mrf_mlp-c54e82aba8,sbm,M4_mrf_mlp,tuned_grid,mf,20,8,,0.1,,0,,0.61,0.609513,1.157562,0.553269,0.616,0.616461,1.157138,0.548688,0.135486,0.147903,0.152113,1,5,,,,,0.15,0.14718,0.00501,0.00057,0.5,0.05966,,,,,,0.0362,,4225688,9f9bb01aee1b,flip=0.0180
M4_mrf_gcn-2e56bf068f,sbm,M4_mrf_gcn,tuned_grid,mf,20,8,,0.25,,0,,0.36,0.358846,1.812823,0.816328,0.333,0.330027,1.808338,0.81499,0.131314,0.147105,0.321637,1,7,,,,,0.15,0.14718,0.00501,0.00057,0.5,0.05966,,,,,,0.1081,,4225688,9f9bb01aee1b,flip=0.1010
M4_mrf_mlp-b8926a66a2,sbm,M4_mrf_mlp,tuned_grid,mf,20,8,,0.25,,0,,0.604,0.603843,1.161471,0.555676,0.615,0.615234,1.15966,0.549694,0.129988,0.155815,0.171139,1,8,,,,,0.15,0.14718,0.00501,0.00057,0.5,0.05966,,,,,,0.0646,,4225688,9f9bb01aee1b,flip=0.0700
M4_mrf_gcn-751a39933d,sbm,M4_mrf_gcn,tuned_grid,mf,20,8,,0.5,,0,,0.324,0.320246,1.807937,0.814068,0.319,0.314762,1.80221,0.812462,0.102385,0.150186,0.359329,1,20,,,,,0.15,0.14718,0.00501,0.00057,0.5,0.05966,,,,,,0.2765,,4225688,9f9bb01aee1b,flip=0.1850
M4_mrf_mlp-e31114e749,sbm,M4_mrf_mlp,tuned_grid,mf,20,8,,0.5,,0,,0.578,0.576998,1.182739,0.567932,0.589,0.589,1.18298,0.561998,0.083536,0.175359,0.207664,1,21,,,,,0.15,0.14718,0.00501,0.00057,0.5,0.05966,,,,,,0.1805,,4225688,9f9bb01aee1b,flip=0.1400
M4_mrf_gcn-93e2276d6a,sbm,M4_mrf_gcn,tuned_grid,mf,20,8,,1.0,,0,,0.168,0.041096,6.259437,1.599959,0.144,0.037657,6.573307,1.65652,0.82494,0.972793,0.99991,1,14,,,,,0.15,0.14718,0.00501,0.00057,0.5,0.05966,,,,,,0.194,,4225688,9f9bb01aee1b,flip=0.8120
M4_mrf_mlp-4dd546a760,sbm,M4_mrf_mlp,tuned_grid,mf,20,8,,1.0,,0,,0.176,0.057995,5.232201,1.537234,0.156,0.061911,5.462935,1.583804,0.792903,0.945193,0.990039,1,17,,,,,0.15,0.14718,0.00501,0.00057,0.5,0.05966,,,,,,0.2125,,4225688,9f9bb01aee1b,flip=0.8360
M4_mrf_gcn-7ac0e39516,sbm,M4_mrf_gcn,tuned_grid,mf,20,8,,2.0,,0,,0.168,0.041096,12.767264,1.65454,0.144,0.037657,13.373577,1.707028,0.852145,0.998411,1.0,1,8,,,,,0.15,0.14718,0.00501,0.00057,0.5,0.05966,,,,,,0.1311,,4225688,9f9bb01aee1b,flip=0.8120
M4_mrf_mlp-f253598afd,sbm,M4_mrf_mlp,tuned_grid,mf,20,8,,2.0,,0,,0.17,0.045191,11.80861,1.647002,0.145,0.039804,12.340504,1.698473,0.848962,0.996843,0.999462,1,9,,,,,0.15,0.14718,0.00501,0.00057,0.5,0.05966,,,,,,0.055,,4225688,9f9bb01aee1b,flip=0.8480
OF-70e8cbb139,sbm,Oracle_F,oracle,closed_form,20,8,,,,,,0.758,,,,0.738,,,,,,,,,,,,,0.15,0.14718,0.00501,0.00057,0.5,0.05966,,,,,,,,4225688,9f9bb01aee1b,"feature-only Bayes rule, known generative parameters"
OG-76936de197,sbm,Oracle_G,oracle,mf,20,8,,0.05966,,,,0.762,0.761119,0.738689,0.353937,0.737,0.737227,0.747832,0.370369,0.036322,0.147332,0.149152,1,4,,,,,0.15,0.14718,0.00501,0.00057,0.5,0.05966,,,,,,,,4225688,9f9bb01aee1b,true Gaussian unaries + generator-implied coupling
M0_mlp-65a82471dc,sbm,M0_mlp,train,none,1,9,0.0,,,,30,0.27,0.264788,2.107485,0.913714,0.267,0.249563,2.200222,0.927358,0.215669,0.148415,0.168199,,,,,,,0.15,0.14802,0.006,0.00045,0.5,0.05966,0.01,0.0005,64,0.5,0.357,,results/logits/M0_mlp-65a82471dc.npz,4225688,9f9bb01aee1b,
M1_gcn-fc5265f69b,sbm,M1_gcn,train,none,1,9,0.0,,,,98,0.222,0.190901,2.238177,0.949018,0.184,0.160767,2.235436,0.947555,0.240122,0.219057,0.384698,,,,,,,0.15,0.14802,0.006,0.00045,0.5,0.05966,0.005,0.001,64,0.5,5.158,,results/logits/M1_gcn-fc5265f69b.npz,4225688,9f9bb01aee1b,
LP-0c0fb1f054,sbm,LP,closed_form,label_prop,1,9,,,,,,0.134,0.040882,2.056388,0.876419,0.136,0.038037,2.00009,0.874755,0.110534,0.159245,0.976877,,,,,,,0.15,0.14802,0.006,0.00045,0.5,0.05966,,,,,,,,4225688,9f9bb01aee1b,uses train labels as inference-time evidence
M2_lap-d84b548268,sbm,M2_lap,train,none,1,9,0.001,,,,98,0.222,0.190901,2.237995,0.948977,0.184,0.160767,2.235313,0.947524,0.24005,0.219022,0.384698,,,,,,,0.15,0.14802,0.006,0.00045,0.5,0.05966,0.005,0.001,64,0.5,5.645,,,4225688,9f9bb01aee1b,
M2_lap-6bed49fcd7,sbm,M2_lap,train,none,1,9,0.01,,,,98,0.222,0.190901,2.236126,0.948458,0.184,0.160767,2.233486,0.946972,0.23936,0.218767,0.384609,,,,,,,0.15,0.14802,0.006,0.00045,0.5,0.05966,0.005,0.001,64,0.5,5.911,,,4225688,9f9bb01aee1b,
M2_lap-2dd42d4f2f,sbm,M2_lap,train,none,1,9,0.1,,,,98,0.224,0.195533,2.21876,0.94343,0.185,0.161409,2.216605,0.941806,0.23159,0.216141,0.386216,,,,,,,0.15,0.14802,0.006,0.00045,0.5,0.05966,0.005,0.001,64,0.5,5.76,,,4225688,9f9bb01aee1b,
M2_lap-19717b5efc,sbm,M2_lap,train,none,1,9,0.5,,,,130,0.222,0.185595,2.158367,0.927006,0.182,0.160482,2.172018,0.927602,0.213281,0.210643,0.393179,,,,,,,0.15,0.14802,0.006,0.00045,0.5,0.05966,0.005,0.001,64,0.5,6.948,,,4225688,9f9bb01aee1b,
M2_lap-2538e41523,sbm,M2_lap,train,none,1,9,1.0,,,,67,0.21,0.183207,2.060485,0.895892,0.173,0.148916,2.062886,0.894568,0.162857,0.186328,0.382734,,,,,,,0.15,0.14802,0.006,0.00045,0.5,0.05966,0.005,0.001,64,0.5,4.793,,,4225688,9f9bb01aee1b,
M2_lap-500087ae5d,sbm,M2_lap,train,none,1,9,5.0,,,,45,0.198,0.173902,1.957077,0.861421,0.167,0.147064,1.955756,0.860983,0.079455,0.159546,0.366485,,,,,,,0.15,0.14802,0.006,0.00045,0.5,0.05966,0.005,0.001,64,0.5,3.275,,,4225688,9f9bb01aee1b,
M4_mrf_gcn-9ace449335,sbm,M4_mrf_gcn,tuned_grid,mf,1,9,,0.05,,0,,0.218,0.183989,2.267998,0.958335,0.181,0.158056,2.265642,0.957025,0.253396,0.226688,0.397822,1,5,,,,,0.15,0.14802,0.006,0.00045,0.5,0.05966,,,,,,0.0814,,4225688,9f9bb01aee1b,flip=0.0190
M4_mrf_mlp-bc109fa568,sbm,M4_mrf_mlp,tuned_grid,mf,1,9,,0.05,,0,,0.266,0.260353,2.111241,0.914727,0.264,0.246716,2.202934,0.928181,0.213925,0.151152,0.172127,1,4,,,,,0.15,0.14802,0.006,0.00045,0.5,0.05966,,,,,,0.0301,,4225688,9f9bb01aee1b,flip=0.0110
M4_mrf_gcn-db2a8096c0,sbm,M4_mrf_gcn,tuned_grid,mf,1,9,,0.1,,0,,0.21,0.175056,2.302793,0.969332,0.183,0.157721,2.30078,0.968153,0.263314,0.235405,0.411392,1,6,,,,,0.15,0.14802,0.006,0.00045,0.5,0.05966,,,,,,0.0479,,4225688,9f9bb01aee1b,flip=0.0410
M4_mrf_mlp-d65179c26c,sbm,M4_mrf_mlp,tuned_grid,mf,1,9,,0.1,,0,,0.258,0.250626,2.1163,0.916149,0.264,0.246186,2.207082,0.929471,0.219838,0.154112,0.178555,1,5,,,,,0.15,0.14802,0.006,0.00045,0.5,0.05966,,,,,,0.0401,,4225688,9f9bb01aee1b,flip=0.0210
M4_mrf_gcn-d21091052f,sbm,M4_mrf_gcn,tuned_grid,mf,1,9,,0.25,,0,,0.204,0.156935,2.451219,1.016367,0.176,0.1422,2.449375,1.01569,0.318895,0.271757,0.457013,1,12,,,,,0.15,0.14802,0.006,0.00045,0.5,0.05966,,,,,,0.1034,,4225688,9f9bb01aee1b,flip=0.1100
M4_mrf_mlp-36a151214d,sbm,M4_mrf_mlp,tuned_grid,mf,1,9,,0.25,,0,,0.25,0.239485,2.141657,0.923624,0.265,0.243453,2.230917,0.937095,0.232723,0.165263,0.206946,1,8,,,,,0.15,0.14802,0.006,0.00045,0.5,0.05966,,,,,,0.0694,,4225688,9f9bb01aee1b,flip=0.0710
M4_mrf_gcn-490c72ca51,sbm,M4_mrf_gcn,tuned_grid,mf,1,9,,0.5,,0,,0.158,0.085929,3.428971,1.296369,0.16,0.091647,3.434729,1.30547,0.573165,0.579771,0.784573,1,43,,,,,0.15,0.14802,0.006,0.00045,0.5,0.05966,,,,,,0.512,,4225688,9f9bb01aee1b,flip=0.4890
M4_mrf_mlp-c47880efeb,sbm,M4_mrf_mlp,tuned_grid,mf,1,9,,0.5,,0,,0.26,0.23274,2.288669,0.968826,0.25,0.214573,2.388148,0.986761,0.294398,0.219062,0.306133,1,39,,,,,0.15,0.14802,0.006,0.00045,0.5,0.05966,,,,,,0.472,,4225688,9f9bb01aee1b,flip=0.2190
M4_mrf_gcn-6a7971eb1f,sbm,M4_mrf_gcn,tuned_grid,mf,1,9,,1.0,,0,,0.142,0.035589,7.37764,1.662808,0.147,0.040608,7.351383,1.654258,0.821947,0.968333,0.993393,1,28,,,,,0.15,0.14802,0.006,0.00045,0.5,0.05966,,,,,,0.3519,,4225688,9f9bb01aee1b,flip=0.6630
M4_mrf_mlp-6f59176ff9,sbm,M4_mrf_mlp,tuned_grid,mf,1,9,,1.0,,0,,0.154,0.04236,6.498057,1.612742,0.148,0.042503,6.715024,1.627841,0.807659,0.946927,0.987323,1,22,,,,,0.15,0.14802,0.006,0.00045,0.5,0.05966,,,,,,0.2317,,4225688,9f9bb01aee1b,flip=0.7390
M4_mrf_gcn-08c4ac5d95,sbm,M4_mrf_gcn,tuned_grid,mf,1,9,,2.0,,0,,0.144,0.036027,14.201031,1.707913,0.145,0.036214,14.173237,1.703312,0.851498,0.997903,0.999286,1,19,,,,,0.15,0.14802,0.006,0.00045,0.5,0.05966,,,,,,0.191,,4225688,9f9bb01aee1b,flip=0.6740
M4_mrf_mlp-1df878c176,sbm,M4_mrf_mlp,tuned_grid,mf,1,9,,2.0,,0,,0.156,0.042523,13.244864,1.682211,0.145,0.036182,13.624942,1.702797,0.851548,0.997169,0.999464,1,10,,,,,0.15,0.14802,0.006,0.00045,0.5,0.05966,,,,,,0.1504,,4225688,9f9bb01aee1b,flip=0.7500
OF-35014fd4d3,sbm,Oracle_F,oracle,closed_form,1,9,,,,,,0.736,,,,0.738,,,,,,,,,,,,,0.15,0.14802,0.006,0.00045,0.5,0.05966,,,,,,,,4225688,9f9bb01aee1b,"feature-only Bayes rule, known generative parameters"
OG-54387e3214,sbm,Oracle_G,oracle,mf,1,9,,0.05966,,,,0.74,0.74035,0.780625,0.384364,0.743,0.742742,0.733367,0.366146,0.045707,0.147495,0.148647,1,4,,,,,0.15,0.14802,0.006,0.00045,0.5,0.05966,,,,,,,,4225688,9f9bb01aee1b,true Gaussian unaries + generator-implied coupling
M0_mlp-a5e18c359a,sbm,M0_mlp,train,none,5,9,0.0,,,,23,0.41,0.406251,1.618843,0.75059,0.401,0.395227,1.572024,0.726989,0.059409,0.145579,0.145433,,,,,,,0.15,0.14802,0.006,0.00045,0.5,0.05966,0.01,0.0005,64,0.5,0.339,,results/logits/M0_mlp-a5e18c359a.npz,4225688,9f9bb01aee1b,
M1_gcn-763ec2bfb3,sbm,M1_gcn,train,none,5,9,0.0,,,,44,0.236,0.226636,1.884882,0.840554,0.252,0.246345,1.841185,0.826232,0.036127,0.154219,0.292652,,,,,,,0.15,0.14802,0.006,0.00045,0.5,0.05966,0.005,0.001,64,0.5,2.79,,results/logits/M1_gcn-763ec2bfb3.npz,4225688,9f9bb01aee1b,
LP-41e2bdf2d6,sbm,LP,closed_form,label_prop,5,9,,,,,,0.146,0.083882,2.012411,0.86276,0.15,0.078877,1.958324,0.86144,0.055743,0.14872,0.738327,,,,,,,0.15,0.14802,0.006,0.00045,0.5,0.05966,,,,,,,,4225688,9f9bb01aee1b,uses train labels as inference-time evidence
M2_lap-7b715d1e42,sbm,M2_lap,train,none,5,9,0.001,,,,44,0.236,0.226636,1.884902,0.840557,0.252,0.246345,1.841209,0.82624,0.036119,0.154218,0.292474,,,,,,,0.15,0.14802,0.006,0.00045,0.5,0.05966,0.005,0.001,64,0.5,3.583,,,4225688,9f9bb01aee1b,
M2_lap-600b578132,sbm,M2_lap,train,none,5,9,0.01,,,,44,0.236,0.226636,1.884909,0.840558,0.252,0.246345,1.841237,0.826252,0.036168,0.154207,0.292652,,,,,,,0.15,0.14802,0.006,0.00045,0.5,0.05966,0.005,0.001,64,0.5,3.094,,,4225688,9f9bb01aee1b,
M2_lap-335d5a8a26,sbm,M2_lap,train,none,5,9,0.1,,,,44,0.236,0.226862,1.884845,0.840511,0.251,0.245342,1.841287,0.826251,0.036191,0.154094,0.292206,,,,,,,0.15,0.14802,0.006,0.00045,0.5,0.05966,0.005,0.001,64,0.5,3.002,,,4225688,9f9bb01aee1b,
M2_lap-cc5881ca63,sbm,M2_lap,train,none,5,9,0.5,,,,43,0.236,0.227688,1.88466,0.840151,0.253,0.247653,1.843331,0.82677,0.030449,0.153062,0.290778,,,,,,,0.15,0.14802,0.006,0.00045,0.5,0.05966,0.005,0.001,64,0.5,2.936,,,4225688,9f9bb01aee1b,
M2_lap-f07af63ae8,sbm,M2_lap,train,none,5,9,1.0,,,,42,0.236,0.227774,1.884736,0.839925,0.249,0.244049,1.845706,0.827407,0.029287,0.152069,0.291224,,,,,,,0.15,0.14802,0.006,0.00045,0.5,0.05966,0.005,0.001,64,0.5,2.928,,,4225688,9f9bb01aee1b,
M2_lap-458c43d761,sbm,M2_lap,train,none,5,9,5.0,,,,37,0.222,0.214297,1.891295,0.841045,0.242,0.23778,1.862616,0.832385,0.053813,0.14805,0.291045,,,,,,,0.15,0.14802,0.006,0.00045,0.5,0.05966,0.005,0.001,64,0.5,2.615,,,4225688,9f9bb01aee1b,
M4_mrf_gcn-870f1f2170,sbm,M4_mrf_gcn,tuned_grid,mf,5,9,,0.05,,0,,0.23,0.221269,1.887716,0.841459,0.25,0.243526,1.842682,0.82678,0.036695,0.155255,0.301045,1,4,,,,,0.15,0.14802,0.006,0.00045,0.5,0.05966,,,,,,0.0227,,4225688,9f9bb01aee1b,flip=0.0190
M4_mrf_mlp-b309191418,sbm,M4_mrf_mlp,tuned_grid,mf,5,9,,0.05,,0,,0.404,0.399371,1.618899,0.750507,0.399,0.39274,1.573605,0.727708,0.058141,0.147887,0.152397,1,4,,,,,0.15,0.14802,0.006,0.00045,0.5,0.05966,,,,,,0.0221,,4225688,9f9bb01aee1b,flip=0.0140
M4_mrf_gcn-359050f81a,sbm,M4_mrf_gcn,tuned_grid,mf,5,9,,0.1,,0,,0.23,0.221346,1.891,0.842534,0.252,0.245287,1.844478,0.827446,0.04681,0.156409,0.308812,1,5,,,,,0.15,0.14802,0.006,0.00045,0.5,0.05966,,,,,,0.0329,,4225688,9f9bb01aee1b,flip=0.0370
M4_mrf_mlp-5404eef557,sbm,M4_mrf_mlp,tuned_grid,mf,5,9,,0.1,,0,,0.406,0.400502,1.619734,0.750681,0.396,0.390043,1.575861,0.72869,0.060145,0.150322,0.159539,1,5,,,,,0.15,0.14802,0.006,0.00045,0.5,0.05966,,,,,,0.0302,,4225688,9f9bb01aee1b,flip=0.0320
M4_mrf_gcn-33cb67db81,sbm,M4_mrf_gcn,tuned_grid,mf,5,9,,0.25,,0,,0.214,0.203911,1.90488,0.84732,0.245,0.237032,1.852677,0.830588,0.05498,0.161014,0.337738,1,9,,,,,0.15,0.14802,0.006,0.00045,0.5,0.05966,,,,,,0.0594,,4225688,9f9bb01aee1b,flip=0.0890
M4_mrf_mlp-a2aa43d0bf,sbm,M4_mrf_mlp,tuned_grid,mf,5,9,,0.25,,0,,0.406,0.398422,1.628093,0.753132,0.396,0.390265,1.587973,0.733791,0.079467,0.158891,0.179359,1,8,,,,,0.15,0.14802,0.006,0.00045,0.5,0.05966,,,,,,0.0616,,4225688,9f9bb01aee1b,flip=0.0840
M4_mrf_gcn-909e028982,sbm,M4_mrf_gcn,tuned_grid,mf,5,9,,0.5,,0,,0.172,0.073735,2.656596,1.156821,0.16,0.090856,2.599462,1.157146,0.471701,0.516425,0.901437,1,64,,,,,0.15,0.14802,0.006,0.00045,0.5,0.05966,,,,,,0.6396,,4225688,9f9bb01aee1b,flip=0.7210
M4_mrf_mlp-a1bf0c4984,sbm,M4_mrf_mlp,tuned_grid,mf,5,9,,0.5,,0,,0.392,0.371244,1.692967,0.77572,0.372,0.36209,1.660416,0.765421,0.123684,0.189848,0.253281,1,36,,,,,0.15,0.14802,0.006,0.00045,0.5,0.05966,,,,,,0.3646,,4225688,9f9bb01aee1b,flip=0.1970
M4_mrf_gcn-3ec724de9d,sbm,M4_mrf_gcn,tuned_grid,mf,5,9,,1.0,,0,,0.162,0.039901,6.641875,1.625557,0.135,0.041013,6.62267,1.671223,0.830173,0.970947,0.997947,1,14,,,,,0.15,0.14802,0.006,0.00045,0.5,0.05966,,,,,,0.0957,,4225688,9f9bb01aee1b,flip=0.8170
M4_mrf_mlp-e9745e4671,sbm,M4_mrf_mlp,tuned_grid,mf,5,9,,1.0,,0,,0.17,0.055974,6.05111,1.591049,0.142,0.054063,6.018313,1.635783,0.814922,0.951533,0.98768,1,18,,,,,0.15,0.14802,0.006,0.00045,0.5,0.05966,,,,,,0.1694,,4225688,9f9bb01aee1b,flip=0.8090
M4_mrf_gcn-18d6f15780,sbm,M4_mrf_gcn,tuned_grid,mf,5,9,,2.0,,0,,0.162,0.039833,13.330559,1.671337,0.133,0.037039,13.467985,1.727817,0.862161,0.998406,0.999732,1,13,,,,,0.15,0.14802,0.006,0.00045,0.5,0.05966,,,,,,0.0945,,4225688,9f9bb01aee1b,flip=0.8230
M4_mrf_mlp-48609b12f9,sbm,M4_mrf_mlp,tuned_grid,mf,5,9,,2.0,,0,,0.162,0.039833,12.830212,1.668718,0.132,0.035053,12.933217,1.727137,0.863591,0.997554,0.999375,1,9,,,,,0.15,0.14802,0.006,0.00045,0.5,0.05966,,,,,,0.0463,,4225688,9f9bb01aee1b,flip=0.8200
OF-3814c8b436,sbm,Oracle_F,oracle,closed_form,5,9,,,,,,0.72,,,,0.755,,,,,,,,,,,,,0.15,0.14802,0.006,0.00045,0.5,0.05966,,,,,,,,4225688,9f9bb01aee1b,"feature-only Bayes rule, known generative parameters"
OG-11b3685b83,sbm,Oracle_G,oracle,mf,5,9,,0.05966,,,,0.72,0.719849,0.751465,0.383236,0.755,0.75477,0.71156,0.352648,0.040476,0.147495,0.148647,1,4,,,,,0.15,0.14802,0.006,0.00045,0.5,0.05966,,,,,,,,4225688,9f9bb01aee1b,true Gaussian unaries + generator-implied coupling
M0_mlp-3391081424,sbm,M0_mlp,train,none,20,9,0.0,,,,50,0.586,0.586834,1.381692,0.600015,0.608,0.607258,1.326739,0.574669,0.163756,0.139491,0.139273,,,,,,,0.15,0.14802,0.006,0.00045,0.5,0.05966,0.01,0.0005,64,0.5,0.373,,results/logits/M0_mlp-3391081424.npz,4225688,9f9bb01aee1b,
M1_gcn-90aae45a0a,sbm,M1_gcn,train,none,20,9,0.0,,,,83,0.32,0.316732,1.781421,0.805499,0.36,0.354862,1.712435,0.782051,0.070783,0.187635,0.287742,,,,,,,0.15,0.14802,0.006,0.00045,0.5,0.05966,0.005,0.001,64,0.5,3.182,,results/logits/M1_gcn-90aae45a0a.npz,4225688,9f9bb01aee1b,
LP-93e4b00174,sbm,LP,closed_form,label_prop,20,9,,,,,,0.156,0.147233,1.968478,0.866628,0.155,0.141303,1.977627,0.868761,0.077705,0.157773,0.424159,,,,,,,0.15,0.14802,0.006,0.00045,0.5,0.05966,,,,,,,,4225688,9f9bb01aee1b,uses train labels as inference-time evidence
M2_lap-df36bc682b,sbm,M2_lap,train,none,20,9,0.001,,,,83,0.32,0.316732,1.78141,0.805488,0.36,0.354862,1.712441,0.782054,0.06922,0.187614,0.287564,,,,,,,0.15,0.14802,0.006,0.00045,0.5,0.05966,0.005,0.001,64,0.5,3.763,,,4225688,9f9bb01aee1b,
M2_lap-cb1af06350,sbm,M2_lap,train,none,20,9,0.01,,,,83,0.32,0.316732,1.780975,0.805316,0.36,0.354777,1.712131,0.781961,0.070164,0.187451,0.287653,,,,,,,0.15,0.14802,0.006,0.00045,0.5,0.05966,0.005,0.001,64,0.5,4.002,,,4225688,9f9bb01aee1b,
M2_lap-049f201270,sbm,M2_lap,train,none,20,9,0.1,,,,43,0.318,0.313237,1.766407,0.800605,0.343,0.338438,1.744867,0.793577,0.09513,0.153103,0.292474,,,,,,,0.15,0.14802,0.006,0.00045,0.5,0.05966,0.005,0.001,64,0.5,2.559,,,4225688,9f9bb01aee1b,
M2_lap-3192150887,sbm,M2_lap,train,none,20,9,0.5,,,,54,0.322,0.320565,1.737643,0.790734,0.349,0.347622,1.710699,0.782047,0.073223,0.160503,0.286492,,,,,,,0.15,0.14802,0.006,0.00045,0.5,0.05966,0.005,0.001,64,0.5,2.849,,,4225688,9f9bb01aee1b,
M2_lap-8f4faee816,sbm,M2_lap,train,none,20,9,1.0,,,,52,0.316,0.315208,1.745915,0.793603,0.35,0.348146,1.721448,0.785692,0.081661,0.157358,0.284617,,,,,,,0.15,0.14802,0.006,0.00045,0.5,0.05966,0.005,0.001,64,0.5,2.901,,,4225688,9f9bb01aee1b,
M2_lap-f081bbaa37,sbm,M2_lap,train,none,20,9,5.0,,,,23,0.308,0.293049,1.871161,0.834833,0.303,0.293678,1.867783,0.833766,0.130429,0.144127,0.295599,,,,,,,0.15,0.14802,0.006,0.00045,0.5,0.05966,0.005,0.001,64,0.5,2.099,,,4225688,9f9bb01aee1b,
M4_mrf_gcn-8912c6d0a6,sbm,M4_mrf_gcn,tuned_grid,mf,20,9,,0.05,,0,,0.312,0.309591,1.794662,0.810815,0.359,0.353702,1.72273,0.786159,0.073875,0.191382,0.293277,1,4,,,,,0.15,0.14802,0.006,0.00045,0.5,0.05966,,,,,,0.0273,,4225688,9f9bb01aee1b,flip=0.0120
M4_mrf_mlp-29ba9717af,sbm,M4_mrf_mlp,tuned_grid,mf,20,9,,0.05,,0,,0.588,0.588682,1.383697,0.600888,0.607,0.606079,1.326363,0.574652,0.165271,0.14232,0.143202,1,4,,,,,0.15,0.14802,0.006,0.00045,0.5,0.05966,,,,,,0.0277,,4225688,9f9bb01aee1b,flip=0.0070
M4_mrf_gcn-a1db8e6b5b,sbm,M4_mrf_gcn,tuned_grid,mf,20,9,,0.1,,0,,0.308,0.306019,1.809523,0.816818,0.356,0.351058,1.734415,0.79079,0.078697,0.195396,0.302027,1,5,,,,,0.15,0.14802,0.006,0.00045,0.5,0.05966,,,,,,0.0344,,4225688,9f9bb01aee1b,flip=0.0300
M4_mrf_mlp-b44357de78,sbm,M4_mrf_mlp,tuned_grid,mf,20,9,,0.1,,0,,0.586,0.586602,1.386587,0.601994,0.608,0.606672,1.326863,0.57487,0.164523,0.145206,0.146326,1,5,,,,,0.15,0.14802,0.006,0.00045,0.5,0.05966,,,,,,0.0711,,4225688,9f9bb01aee1b,flip=0.0160
M4_mrf_gcn-fdb0d9bdad,sbm,M4_mrf_gcn,tuned_grid,mf,20,9,,0.25,,0,,0.294,0.292787,1.866706,0.840014,0.341,0.336221,1.780239,0.808647,0.12066,0.209608,0.328631,1,8,,,,,0.15,0.14802,0.006,0.00045,0.5,0.05966,,,,,,0.0999,,4225688,9f9bb01aee1b,flip=0.0800
M4_mrf_mlp-42efd24648,sbm,M4_mrf_mlp,tuned_grid,mf,20,9,,0.25,,0,,0.586,0.585573,1.400976,0.606807,0.61,0.609211,1.333884,0.577009,0.163954,0.154263,0.155165,1,6,,,,,0.15,0.14802,0.006,0.00045,0.5,0.05966,,,,,,0.0692,,4225688,9f9bb01aee1b,flip=0.0340
M4_mrf_gcn-eab7ea9fba,sbm,M4_mrf_gcn,tuned_grid,mf,20,9,,0.5,,0,,0.27,0.267636,2.034149,0.905511,0.326,0.321407,1.918812,0.859729,0.200271,0.24532,0.365771,1,25,,,,,0.15,0.14802,0.006,0.00045,0.5,0.05966,,,,,,0.2112,,4225688,9f9bb01aee1b,flip=0.1630
M4_mrf_mlp-2af6b41d21,sbm,M4_mrf_mlp,tuned_grid,mf,20,9,,0.5,,0,,0.594,0.593287,1.447912,0.620685,0.607,0.606772,1.366545,0.586229,0.171634,0.171156,0.173288,1,10,,,,,0.15,0.14802,0.006,0.00045,0.5,0.05966,,,,,,0.1182,,4225688,9f9bb01aee1b,flip=0.0620
M4_mrf_gcn-f1f3502156,sbm,M4_mrf_gcn,tuned_grid,mf,20,9,,1.0,,0,,0.162,0.069523,6.125746,1.595453,0.153,0.057192,6.054031,1.61418,0.801203,0.940157,0.980805,1,33,,,,,0.15,0.14802,0.006,0.00045,0.5,0.05966,,,,,,0.3871,,4225688,9f9bb01aee1b,flip=0.8140
M4_mrf_mlp-d55c444bd6,sbm,M4_mrf_mlp,tuned_grid,mf,20,9,,1.0,,0,,0.556,0.554683,1.705956,0.698175,0.588,0.588031,1.568029,0.644042,0.217729,0.221066,0.234086,1,63,,,,,0.15,0.14802,0.006,0.00045,0.5,0.05966,,,,,,0.5926,,4225688,9f9bb01aee1b,flip=0.1560
M4_mrf_gcn-377bd64f39,sbm,M4_mrf_gcn,tuned_grid,mf,20,9,,2.0,,0,,0.15,0.045595,12.941817,1.690505,0.146,0.041926,12.975677,1.700521,0.849112,0.995208,0.997411,1,19,,,,,0.15,0.14802,0.006,0.00045,0.5,0.05966,,,,,,0.1452,,4225688,9f9bb01aee1b,flip=0.8340
M4_mrf_mlp-1b603e0ca2,sbm,M4_mrf_mlp,tuned_grid,mf,20,9,,2.0,,0,,0.162,0.092458,10.232445,1.638846,0.173,0.095006,10.097133,1.617329,0.807604,0.948151,0.956968,1,23,,,,,0.15,0.14802,0.006,0.00045,0.5,0.05966,,,,,,0.2138,,4225688,9f9bb01aee1b,flip=0.7910
OF-eab3948477,sbm,Oracle_F,oracle,closed_form,20,9,,,,,,0.732,,,,0.73,,,,,,,,,,,,,0.15,0.14802,0.006,0.00045,0.5,0.05966,,,,,,,,4225688,9f9bb01aee1b,"feature-only Bayes rule, known generative parameters"
OG-89cd05bdee,sbm,Oracle_G,oracle,mf,20,9,,0.05966,,,,0.732,0.729765,0.792635,0.379412,0.734,0.732903,0.737185,0.374488,0.037585,0.147495,0.148647,1,4,,,,,0.15,0.14802,0.006,0.00045,0.5,0.05966,,,,,,,,4225688,9f9bb01aee1b,true Gaussian unaries + generator-implied coupling
