run_id,dataset,model,regime,inference_method,label_per_class,split_seed,lambda,beta,weighted_prior,clamped,best_epoch,val_acc,val_f1,val_nll,val_brier,test_acc,test_f1,test_nll,test_brier,ece,rule_score,edge_agreement,converged,iters,final_residual,ess_min,ess_median,rhat_max,target_h,empirical_h,adjusted_h,label_informativeness,sigma_x,beta_gen,lr,weight_decay,hidden,dropout,train_seconds,infer_seconds,logits_path,git_commit,protocol_hash,notes
M0_mlp-5e0e075e45,sbm,M0_mlp,train,none,1,0,0.0,,,,16,0.278,0.265642,1.837748,0.825275,0.271,0.253415,1.822019,0.819812,0.057838,0.152028,0.191925,,,,,,,0.5,0.50217,0.41919,0.18596,0.5,1.79426,0.01,0.0005,64,0.5,0.423,,results/logits/M0_mlp-5e0e075e45.npz,4225688,9f9bb01aee1b,
M1_gcn-0bce11755a,sbm,M1_gcn,train,none,1,0,0.0,,,,92,0.536,0.520383,1.299799,0.610177,0.536,0.520136,1.280101,0.607859,0.063996,0.240603,0.408383,,,,,,,0.5,0.50217,0.41919,0.18596,0.5,1.79426,0.005,0.001,64,0.5,4.784,,results/logits/M1_gcn-0bce11755a.npz,4225688,9f9bb01aee1b,
LP-6c14277e6a,sbm,LP,closed_form,label_prop,1,0,,,,,,0.17,0.052477,1.955856,0.859825,0.148,0.053137,1.998661,0.865226,0.097811,0.152187,0.971754,,,,,,,0.5,0.50217,0.41919,0.18596,0.5,1.79426,,,,,,,,4225688,9f9bb01aee1b,uses train labels as inference-time evidence
M2_lap-f135df006b,sbm,M2_lap,train,none,1,0,0.001,,,,92,0.536,0.520383,1.299966,0.610273,0.536,0.520136,1.280262,0.607951,0.062099,0.240526,0.408383,,,,,,,0.5,0.50217,0.41919,0.18596,0.5,1.79426,0.005,0.001,64,0.5,5.24,,,4225688,9f9bb01aee1b,
M2_lap-7dc60b1f45,sbm,M2_lap,train,none,1,0,0.01,,,,71,0.532,0.516922,1.312137,0.618207,0.54,0.524041,1.290646,0.614642,0.099834,0.22245,0.406663,,,,,,,0.5,0.50217,0.41919,0.18596,0.5,1.79426,0.005,0.001,64,0.5,4.519,,,4225688,9f9bb01aee1b,
M2_lap-eec6ed5bec,sbm,M2_lap,train,none,1,0,0.1,,,,49,0.526,0.511629,1.404028,0.661373,0.527,0.516052,1.393154,0.659778,0.178293,0.187302,0.408926,,,,,,,0.5,0.50217,0.41919,0.18596,0.5,1.79426,0.005,0.001,64,0.5,3.765,,,4225688,9f9bb01aee1b,
M2_lap-852c5b56cb,sbm,M2_lap,train,none,1,0,0.5,,,,48,0.522,0.510696,1.423636,0.670504,0.519,0.509095,1.412171,0.668266,0.181952,0.183056,0.406573,,,,,,,0.5,0.50217,0.41919,0.18596,0.5,1.79426,0.005,0.001,64,0.5,2.626,,,4225688,9f9bb01aee1b,
M2_lap-c3d68b8d2a,sbm,M2_lap,train,none,1,0,1.0,,,,47,0.524,0.514561,1.444694,0.679802,0.515,0.50728,1.432883,0.677125,0.189533,0.179029,0.405033,,,,,,,0.5,0.50217,0.41919,0.18596,0.5,1.79426,0.005,0.001,64,0.5,2.569,,,4225688,9f9bb01aee1b,
M2_lap-2e28a9e09b,sbm,M2_lap,train,none,1,0,5.0,,,,35,0.514,0.490759,1.596755,0.737982,0.515,0.496972,1.587989,0.735293,0.261944,0.158102,0.415354,,,,,,,0.5,0.50217,0.41919,0.18596,0.5,1.79426,0.005,0.001,64,0.5,2.315,,,4225688,9f9bb01aee1b,
M4_mrf_gcn-c93dacf23b,sbm,M4_mrf_gcn,tuned_grid,mf,1,0,,0.05,,0,,0.536,0.518463,1.288257,0.604263,0.542,0.525486,1.270813,0.603361,0.059655,0.248915,0.417617,1,5,,,,,0.5,0.50217,0.41919,0.18596,0.5,1.79426,,,,,,0.0582,,4225688,9f9bb01aee1b,flip=0.0130
M4_mrf_mlp-caefc39ceb,sbm,M4_mrf_mlp,tuned_grid,mf,1,0,,0.05,,0,,0.282,0.266366,1.832675,0.823366,0.276,0.255598,1.817174,0.818037,0.045049,0.154005,0.204056,1,5,,,,,0.5,0.50217,0.41919,0.18596,0.5,1.79426,,,,,,0.039,,4225688,9f9bb01aee1b,flip=0.0210
M4_mrf_gcn-55522c520d,sbm,M4_mrf_gcn,tuned_grid,mf,1,0,,0.1,,0,,0.534,0.514068,1.277364,0.598615,0.54,0.52242,1.262461,0.599282,0.052644,0.25803,0.424045,1,6,,,,,0.5,0.50217,0.41919,0.18596,0.5,1.79426,,,,,,0.0434,,4225688,9f9bb01aee1b,flip=0.0260
M4_mrf_mlp-eb6c977c52,sbm,M4_mrf_mlp,tuned_grid,mf,1,0,,0.1,,0,,0.28,0.262238,1.827914,0.821485,0.274,0.253744,1.812715,0.816342,0.046038,0.156346,0.218269,1,6,,,,,0.5,0.50217,0.41919,0.18596,0.5,1.79426,,,,,,0.0379,,4225688,9f9bb01aee1b,flip=0.0410
M4_mrf_gcn-8b50695342,sbm,M4_mrf_gcn,tuned_grid,mf,1,0,,0.25,,0,,0.534,0.509619,1.253362,0.58566,0.554,0.532722,1.247778,0.59148,0.043112,0.290656,0.446587,1,9,,,,,0.5,0.50217,0.41919,0.18596,0.5,1.79426,,,,,,0.0894,,4225688,9f9bb01aee1b,flip=0.0840
M4_mrf_mlp-b498cc98f4,sbm,M4_mrf_mlp,tuned_grid,mf,1,0,,0.25,,0,,0.298,0.271028,1.818174,0.816691,0.281,0.251766,1.804945,0.812876,0.065216,0.168187,0.285533,1,11,,,,,0.5,0.50217,0.41919,0.18596,0.5,1.79426,,,,,,0.0717,,4225688,9f9bb01aee1b,flip=0.1400
M4_mrf_gcn-487e8a0313,sbm,M4_mrf_gcn,tuned_grid,mf,1,0,,0.5,,0,,0.546,0.511669,1.306396,0.603609,0.551,0.522965,1.321616,0.617077,0.095464,0.363404,0.492848,1,29,,,,,0.5,0.50217,0.41919,0.18596,0.5,1.79426,,,,,,0.2588,,4225688,9f9bb01aee1b,flip=0.1740
M4_mrf_mlp-52fa91b1dd,sbm,M4_mrf_mlp,tuned_grid,mf,1,0,,0.5,,0,,0.166,0.066089,2.892178,1.254168,0.161,0.05231,2.895674,1.254037,0.579283,0.648736,0.970759,1,24,,,,,0.5,0.50217,0.41919,0.18596,0.5,1.79426,,,,,,0.1713,,4225688,9f9bb01aee1b,flip=0.6770
M4_mrf_gcn-a775e040e9,sbm,M4_mrf_gcn,tuned_grid,mf,1,0,,1.0,,0,,0.18,0.085388,5.339411,1.532996,0.191,0.108615,5.389344,1.517567,0.750914,0.920098,0.963607,1,116,,,,,0.5,0.50217,0.41919,0.18596,0.5,1.79426,,,,,,1.0254,,4225688,9f9bb01aee1b,flip=0.7220
M4_mrf_mlp-b248855122,sbm,M4_mrf_mlp,tuned_grid,mf,1,0,,1.0,,0,,0.152,0.037764,6.639152,1.640937,0.154,0.038194,6.627401,1.634115,0.81469,0.975416,0.999638,1,9,,,,,0.5,0.50217,0.41919,0.18596,0.5,1.79426,,,,,,0.0733,,4225688,9f9bb01aee1b,flip=0.7080
M4_mrf_gcn-c90bd57446,sbm,M4_mrf_gcn,tuned_grid,mf,1,0,,2.0,,0,,0.152,0.037764,12.314536,1.684378,0.16,0.050833,12.265249,1.668824,0.831472,0.99606,0.998008,1,18,,,,,0.5,0.50217,0.41919,0.18596,0.5,1.79426,,,,,,0.1216,,4225688,9f9bb01aee1b,flip=0.7610
M4_mrf_mlp-c6021dadd4,sbm,M4_mrf_mlp,tuned_grid,mf,1,0,,2.0,,0,,0.152,0.037698,13.319106,1.688828,0.154,0.038161,13.259416,1.683119,0.840899,0.998488,1.0,1,6,,,,,0.5,0.50217,0.41919,0.18596,0.5,1.79426,,,,,,0.0845,,4225688,9f9bb01aee1b,flip=0.7090
OF-7877549a7c,sbm,Oracle_F,oracle,closed_form,1,0,,,,,,0.758,,,,0.748,,,,,,,,,,,,,0.5,0.50217,0.41919,0.18596,0.5,1.79426,,,,,,,,4225688,9f9bb01aee1b,"feature-only Bayes rule, known generative parameters"
OG-a90053dc08,sbm,Oracle_G,oracle,mf,1,0,,1.79426,,,,0.944,0.943721,0.171267,0.085652,0.94,0.939974,0.178838,0.091544,0.015133,0.503888,0.511859,1,74,,,,,0.5,0.50217,0.41919,0.18596,0.5,1.79426,,,,,,,,4225688,9f9bb01aee1b,true Gaussian unaries + generator-implied coupling
M0_mlp-dd144673c4,sbm,M0_mlp,train,none,5,0,0.0,,,,136,0.47,0.467088,1.990303,0.829337,0.446,0.445446,2.095375,0.823091,0.311209,0.189409,0.199982,,,,,,,0.5,0.50217,0.41919,0.18596,0.5,1.79426,0.01,0.0005,64,0.5,0.835,,results/logits/M0_mlp-dd144673c4.npz,4225688,9f9bb01aee1b,
M1_gcn-2ec7174eb6,sbm,M1_gcn,train,none,5,0,0.0,,,,58,0.82,0.82055,0.770069,0.354769,0.805,0.805931,0.783491,0.360297,0.234118,0.29107,0.479269,,,,,,,0.5,0.50217,0.41919,0.18596,0.5,1.79426,0.005,0.001,64,0.5,2.636,,results/logits/M1_gcn-2ec7174eb6.npz,4225688,9f9bb01aee1b,
LP-e308201c26,sbm,LP,closed_form,label_prop,5,0,,,,,,0.174,0.133449,1.917404,0.84648,0.194,0.129322,1.935089,0.845242,0.093853,0.14931,0.793319,,,,,,,0.5,0.50217,0.41919,0.18596,0.5,1.79426,,,,,,,,4225688,9f9bb01aee1b,uses train labels as inference-time evidence
M2_lap-8ea3122b42,sbm,M2_lap,train,none,5,0,0.001,,,,58,0.82,0.82055,0.770194,0.354829,0.805,0.805931,0.783621,0.36036,0.234191,0.291029,0.479269,,,,,,,0.5,0.50217,0.41919,0.18596,0.5,1.79426,0.005,0.001,64,0.5,2.932,,,4225688,9f9bb01aee1b,
M2_lap-0dad26097b,sbm,M2_lap,train,none,5,0,0.01,,,,58,0.82,0.82055,0.771338,0.35538,0.805,0.805931,0.784821,0.360936,0.234865,0.290641,0.479269,,,,,,,0.5,0.50217,0.41919,0.18596,0.5,1.79426,0.005,0.001,64,0.5,2.954,,,4225688,9f9bb01aee1b,
M2_lap-0374ed5c08,sbm,M2_lap,train,none,5,0,0.1,,,,43,0.818,0.818246,0.988165,0.459737,0.806,0.806907,1.00194,0.467305,0.372474,0.219688,0.478906,,,,,,,0.5,0.50217,0.41919,0.18596,0.5,1.79426,0.005,0.001,64,0.5,2.642,,,4225688,9f9bb01aee1b,
M2_lap-68829a0340,sbm,M2_lap,train,none,5,0,0.5,,,,40,0.818,0.818923,1.068564,0.50014,0.8,0.801096,1.083337,0.508202,0.4064,0.202049,0.478273,,,,,,,0.5,0.50217,0.41919,0.18596,0.5,1.79426,0.005,0.001,64,0.5,2.599,,,4225688,9f9bb01aee1b,
M2_lap-4be0801f5d,sbm,M2_lap,train,none,5,0,1.0,,,,43,0.812,0.813318,1.041349,0.486676,0.798,0.798854,1.056496,0.494656,0.389211,0.208526,0.477911,,,,,,,0.5,0.50217,0.41919,0.18596,0.5,1.79426,0.005,0.001,64,0.5,2.549,,,4225688,9f9bb01aee1b,
M2_lap-ed0e25e7f2,sbm,M2_lap,train,none,5,0,5.0,,,,27,0.79,0.79058,1.438635,0.675112,0.779,0.780035,1.446454,0.678995,0.52393,0.156377,0.475014,,,,,,,0.5,0.50217,0.41919,0.18596,0.5,1.79426,0.005,0.001,64,0.5,2.046,,,4225688,9f9bb01aee1b,
M4_mrf_gcn-8ba359fc74,sbm,M4_mrf_gcn,tuned_grid,mf,5,0,,0.05,,0,,0.82,0.820601,0.744398,0.342288,0.809,0.809916,0.75729,0.347512,0.221238,0.302989,0.483433,1,4,,,,,0.5,0.50217,0.41919,0.18596,0.5,1.79426,,,,,,0.0383,,4225688,9f9bb01aee1b,flip=0.0070
M4_mrf_mlp-d354f95862,sbm,M4_mrf_mlp,tuned_grid,mf,5,0,,0.05,,0,,0.468,0.464842,1.961672,0.82152,0.455,0.454481,2.064557,0.813538,0.303376,0.19445,0.207224,1,4,,,,,0.5,0.50217,0.41919,0.18596,0.5,1.79426,,,,,,0.0331,,4225688,9f9bb01aee1b,flip=0.0140
M4_mrf_gcn-3adb7d7e21,sbm,M4_mrf_gcn,tuned_grid,mf,5,0,,0.1,,0,,0.812,0.812656,0.71846,0.329889,0.812,0.812826,0.730949,0.334886,0.206769,0.315488,0.487326,1,5,,,,,0.5,0.50217,0.41919,0.18596,0.5,1.79426,,,,,,0.0423,,4225688,9f9bb01aee1b,flip=0.0130
M4_mrf_mlp-ab9e7c633c,sbm,M4_mrf_mlp,tuned_grid,mf,5,0,,0.1,,0,,0.482,0.478321,1.933431,0.813587,0.464,0.463329,2.034019,0.803843,0.295927,0.199658,0.213924,1,5,,,,,0.5,0.50217,0.41919,0.18596,0.5,1.79426,,,,,,0.0401,,4225688,9f9bb01aee1b,flip=0.0260
M4_mrf_gcn-4288dce775,sbm,M4_mrf_gcn,tuned_grid,mf,5,0,,0.25,,0,,0.82,0.820525,0.642094,0.294785,0.824,0.824869,0.653926,0.299351,0.164245,0.35488,0.498914,1,9,,,,,0.5,0.50217,0.41919,0.18596,0.5,1.79426,,,,,,0.0712,,4225688,9f9bb01aee1b,flip=0.0440
M4_mrf_mlp-6dd23c4091,sbm,M4_mrf_mlp,tuned_grid,mf,5,0,,0.25,,0,,0.492,0.488001,1.850855,0.788868,0.483,0.482306,1.943759,0.77386,0.283607,0.216345,0.231305,1,7,,,,,0.5,0.50217,0.41919,0.18596,0.5,1.79426,,,,,,0.0564,,4225688,9f9bb01aee1b,flip=0.0600
M4_mrf_gcn-dd1f4fab5e,sbm,M4_mrf_gcn,tuned_grid,mf,5,0,,0.5,,0,,0.836,0.834959,0.537625,0.250198,0.842,0.842688,0.548324,0.253749,0.097251,0.415907,0.512493,1,16,,,,,0.5,0.50217,0.41919,0.18596,0.5,1.79426,,,,,,0.1005,,4225688,9f9bb01aee1b,flip=0.0750
M4_mrf_mlp-b8027ec34f,sbm,M4_mrf_mlp,tuned_grid,mf,5,0,,0.5,,0,,0.51,0.505348,1.719531,0.743568,0.514,0.513541,1.795931,0.719593,0.266719,0.248332,0.264621,1,13,,,,,0.5,0.50217,0.41919,0.18596,0.5,1.79426,,,,,,0.1576,,4225688,9f9bb01aee1b,flip=0.1030
M4_mrf_gcn-03c5e4e560,sbm,M4_mrf_gcn,tuned_grid,mf,5,0,,1.0,,0,,0.84,0.839951,0.466666,0.225198,0.844,0.843807,0.472306,0.223331,0.016715,0.487606,0.528427,1,38,,,,,0.5,0.50217,0.41919,0.18596,0.5,1.79426,,,,,,0.3373,,4225688,9f9bb01aee1b,flip=0.1270
M4_mrf_mlp-f08129bd07,sbm,M4_mrf_mlp,tuned_grid,mf,5,0,,1.0,,0,,0.576,0.569397,1.492756,0.651558,0.596,0.59244,1.542587,0.612355,0.241576,0.327404,0.347275,1,68,,,,,0.5,0.50217,0.41919,0.18596,0.5,1.79426,,,,,,0.6015,,4225688,9f9bb01aee1b,flip=0.2380
M4_mrf_gcn-75d58cdaf0,sbm,M4_mrf_gcn,tuned_grid,mf,5,0,,2.0,,0,,0.822,0.821619,0.698852,0.284484,0.828,0.827674,0.681264,0.278873,0.110795,0.529144,0.540105,1,88,,,,,0.5,0.50217,0.41919,0.18596,0.5,1.79426,,,,,,0.8025,,4225688,9f9bb01aee1b,flip=0.1590
M4_mrf_mlp-f797585b3a,sbm,M4_mrf_mlp,tuned_grid,mf,5,0,,2.0,,0,,0.716,0.710628,1.237914,0.474266,0.717,0.714454,1.391754,0.483067,0.208104,0.450792,0.460619,1,113,,,,,0.5,0.50217,0.41919,0.18596,0.5,1.79426,,,,,,1.1383,,4225688,9f9bb01aee1b,flip=0.3980
OF-d0fd7cdeab,sbm,Oracle_F,oracle,closed_form,5,0,,,,,,0.744,,,,0.74,,,,,,,,,,,,,0.5,0.50217,0.41919,0.18596,0.5,1.79426,,,,,,,,4225688,9f9bb01aee1b,"feature-only Bayes rule, known generative parameters"
OG-417ee158ca,sbm,Oracle_G,oracle,mf,5,0,,1.79426,,,,0.934,0.934818,0.217675,0.109142,0.943,0.943243,0.176801,0.086837,0.011677,0.503888,0.511859,1,74,,,,,0.5,0.50217,0.41919,0.18596,0.5,1.79426,,,,,,,,4225688,9f9bb01aee1b,true Gaussian unaries + generator-implied coupling
M0_mlp-ec852f7831,sbm,M0_mlp,train,none,20,0,0.0,,,,31,0.624,0.623889,1.059765,0.521975,0.656,0.655237,1.041533,0.490473,0.075812,0.22773,0.271501,,,,,,,0.5,0.50217,0.41919,0.18596,0.5,1.79426,0.01,0.0005,64,0.5,0.345,,results/logits/M0_mlp-ec852f7831.npz,4225688,9f9bb01aee1b,
M1_gcn-4fb3734996,sbm,M1_gcn,train,none,20,0,0.0,,,,44,0.852,0.851322,0.783578,0.354678,0.861,0.860129,0.768476,0.344753,0.321896,0.272162,0.498642,,,,,,,0.5,0.50217,0.41919,0.18596,0.5,1.79426,0.005,0.001,64,0.5,2.519,,results/logits/M1_gcn-4fb3734996.npz,4225688,9f9bb01aee1b,
LP-9dc3462c60,sbm,LP,closed_form,label_prop,20,0,,,,,,0.396,0.378203,1.782535,0.801531,0.414,0.409187,1.806056,0.799792,0.20473,0.159776,0.432555,,,,,,,0.5,0.50217,0.41919,0.18596,0.5,1.79426,,,,,,,,4225688,9f9bb01aee1b,uses train labels as inference-time evidence
M2_lap-ed0d2acf3b,sbm,M2_lap,train,none,20,0,0.001,,,,44,0.852,0.851322,0.783636,0.354707,0.861,0.860129,0.768536,0.344783,0.321932,0.272142,0.498642,,,,,,,0.5,0.50217,0.41919,0.18596,0.5,1.79426,0.005,0.001,64,0.5,2.549,,,4225688,9f9bb01aee1b,
M2_lap-67e5cf69b9,sbm,M2_lap,train,none,20,0,0.01,,,,44,0.852,0.851322,0.784253,0.355007,0.861,0.860129,0.769162,0.345091,0.322294,0.271941,0.498642,,,,,,,0.5,0.50217,0.41919,0.18596,0.5,1.79426,0.005,0.001,64,0.5,2.576,,,4225688,9f9bb01aee1b,
M2_lap-72d0f9f6dc,sbm,M2_lap,train,none,20,0,0.1,,,,44,0.852,0.851322,0.790483,0.358039,0.862,0.861035,0.775555,0.348252,0.327005,0.2699,0.49828,,,,,,,0.5,0.50217,0.41919,0.18596,0.5,1.79426,0.005,0.001,64,0.5,2.561,,,4225688,9f9bb01aee1b,
M2_lap-0ea52279aa,sbm,M2_lap,train,none,20,0,0.5,,,,47,0.852,0.851289,0.77537,0.351028,0.855,0.853967,0.760372,0.341009,0.309273,0.275925,0.498099,,,,,,,0.5,0.50217,0.41919,0.18596,0.5,1.79426,0.005,0.001,64,0.5,3.02,,,4225688,9f9bb01aee1b,
M2_lap-66e32934d1,sbm,M2_lap,train,none,20,0,1.0,,,,47,0.85,0.849305,0.826218,0.375888,0.847,0.845961,0.812327,0.36682,0.331117,0.259673,0.49656,,,,,,,0.5,0.50217,0.41919,0.18596,0.5,1.79426,0.005,0.001,64,0.5,2.666,,,4225688,9f9bb01aee1b,
M2_lap-4704659683,sbm,M2_lap,train,none,20,0,5.0,,,,23,0.824,0.82235,1.412489,0.663048,0.834,0.833481,1.407033,0.661104,0.574384,0.157064,0.493934,,,,,,,0.5,0.50217,0.41919,0.18596,0.5,1.79426,0.005,0.001,64,0.5,2.026,,,4225688,9f9bb01aee1b,
M4_mrf_gcn-2606d84e29,sbm,M4_mrf_gcn,tuned_grid,mf,20,0,,0.05,,0,,0.852,0.851049,0.754541,0.340324,0.862,0.860977,0.738216,0.329571,0.304372,0.284365,0.502173,1,5,,,,,0.5,0.50217,0.41919,0.18596,0.5,1.79426,,,,,,0.0291,,4225688,9f9bb01aee1b,flip=0.0050
M4_mrf_mlp-fbb64f894c,sbm,M4_mrf_mlp,tuned_grid,mf,20,0,,0.05,,0,,0.628,0.628007,1.025289,0.507293,0.661,0.660275,1.005832,0.475843,0.068443,0.236221,0.280916,1,4,,,,,0.5,0.50217,0.41919,0.18596,0.5,1.79426,,,,,,0.0219,,4225688,9f9bb01aee1b,flip=0.0110
M4_mrf_gcn-16694f200b,sbm,M4_mrf_gcn,tuned_grid,mf,20,0,,0.1,,0,,0.848,0.847317,0.724849,0.325928,0.86,0.859157,0.707529,0.314499,0.282913,0.297495,0.504164,1,5,,,,,0.5,0.50217,0.41919,0.18596,0.5,1.79426,,,,,,0.0404,,4225688,9f9bb01aee1b,flip=0.0120
M4_mrf_mlp-6e0143e5d0,sbm,M4_mrf_mlp,tuned_grid,mf,20,0,,0.1,,0,,0.638,0.637664,0.990469,0.492214,0.67,0.669339,0.969965,0.46083,0.066688,0.245181,0.293138,1,5,,,,,0.5,0.50217,0.41919,0.18596,0.5,1.79426,,,,,,0.0491,,4225688,9f9bb01aee1b,flip=0.0240
M4_mrf_gcn-5638d1a42c,sbm,M4_mrf_gcn,tuned_grid,mf,20,0,,0.25,,0,,0.85,0.849132,0.635702,0.284755,0.862,0.861271,0.616995,0.272345,0.223252,0.340675,0.512493,1,8,,,,,0.5,0.50217,0.41919,0.18596,0.5,1.79426,,,,,,0.0658,,4225688,9f9bb01aee1b,flip=0.0390
M4_mrf_mlp-3a18a54036,sbm,M4_mrf_mlp,tuned_grid,mf,20,0,,0.25,,0,,0.678,0.676763,0.883996,0.444521,0.708,0.707394,0.861535,0.413514,0.060584,0.274903,0.326181,1,7,,,,,0.5,0.50217,0.41919,0.18596,0.5,1.79426,,,,,,0.0525,,4225688,9f9bb01aee1b,flip=0.0700
M4_mrf_gcn-118552b595,sbm,M4_mrf_gcn,tuned_grid,mf,20,0,,0.5,,0,,0.854,0.853251,0.513213,0.234346,0.863,0.862233,0.496103,0.223199,0.128614,0.409675,0.520098,1,13,,,,,0.5,0.50217,0.41919,0.18596,0.5,1.79426,,,,,,0.1053,,4225688,9f9bb01aee1b,flip=0.0630
M4_mrf_mlp-a7e9108c00,sbm,M4_mrf_mlp,tuned_grid,mf,20,0,,0.5,,0,,0.736,0.73545,0.705111,0.359868,0.775,0.774752,0.682481,0.329152,0.040314,0.332106,0.38403,1,12,,,,,0.5,0.50217,0.41919,0.18596,0.5,1.79426,,,,,,0.1369,,4225688,9f9bb01aee1b,flip=0.1400
M4_mrf_gcn-6d62926bfa,sbm,M4_mrf_gcn,tuned_grid,mf,20,0,,1.0,,0,,0.858,0.856555,0.429528,0.207862,0.861,0.860107,0.413128,0.202438,0.028739,0.487196,0.530056,1,33,,,,,0.5,0.50217,0.41919,0.18596,0.5,1.79426,,,,,,0.348,,4225688,9f9bb01aee1b,flip=0.0950
M4_mrf_mlp-1708a60fa2,sbm,M4_mrf_mlp,tuned_grid,mf,20,0,,1.0,,0,,0.84,0.839263,0.436098,0.225333,0.869,0.869343,0.411637,0.195693,0.022082,0.433198,0.465327,1,35,,,,,0.5,0.50217,0.41919,0.18596,0.5,1.79426,,,,,,0.2882,,4225688,9f9bb01aee1b,flip=0.2440
M4_mrf_gcn-9935b7d61b,sbm,M4_mrf_gcn,tuned_grid,mf,20,0,,2.0,,0,,0.83,0.827703,0.631396,0.273468,0.844,0.843665,0.596037,0.259856,0.087123,0.530441,0.541553,1,203,,,,,0.5,0.50217,0.41919,0.18596,0.5,1.79426,,,,,,1.864,,4225688,9f9bb01aee1b,flip=0.1400
M4_mrf_mlp-cfc637f40a,sbm,M4_mrf_mlp,tuned_grid,mf,20,0,,2.0,,0,,0.898,0.898074,0.37867,0.168813,0.901,0.900985,0.323285,0.147364,0.039084,0.503449,0.511226,1,56,,,,,0.5,0.50217,0.41919,0.18596,0.5,1.79426,,,,,,0.5649,,4225688,9f9bb01aee1b,flip=0.3220
OF-1b8e4c479d,sbm,Oracle_F,oracle,closed_form,20,0,,,,,,0.742,,,,0.764,,,,,,,,,,,,,0.5,0.50217,0.41919,0.18596,0.5,1.79426,,,,,,,,4225688,9f9bb01aee1b,"feature-only Bayes rule, known generative parameters"
OG-33f419c5b7,sbm,Oracle_G,oracle,mf,20,0,,1.79426,,,,0.932,0.931053,0.195206,0.100576,0.945,0.944805,0.170464,0.081492,0.011799,0.503888,0.511859,1,74,,,,,0.5,0.50217,0.41919,0.18596,0.5,1.79426,,,,,,,,4225688,9f9bb01aee1b,true Gaussian unaries + generator-implied coupling
M0_mlp-f5018ce52d,sbm,M0_mlp,train,none,1,1,0.0,,,,26,0.324,0.311996,1.932261,0.859138,0.259,0.255475,2.02803,0.890752,0.192857,0.153933,0.16784,,,,,,,0.5,0.5004,0.41705,0.18405,0.5,1.79426,0.01,0.0005,64,0.5,0.236,,results/logits/M0_mlp-f5018ce52d.npz,4225688,9f9bb01aee1b,
M1_gcn-b8a1ce9de3,sbm,M1_gcn,train,none,1,1,0.0,,,,33,0.566,0.530403,1.570254,0.725254,0.518,0.487566,1.596291,0.737628,0.269686,0.158763,0.457996,,,,,,,0.5,0.5004,0.41705,0.18405,0.5,1.79426,0.005,0.001,64,0.5,2.328,,results/logits/M1_gcn-b8a1ce9de3.npz,4225688,9f9bb01aee1b,
LP-8d7e5ec625,sbm,LP,closed_form,label_prop,1,1,,,,,,0.172,0.052326,1.990256,0.866233,0.131,0.043537,2.046274,0.875617,0.090763,0.161858,0.97069,,,,,,,0.5,0.5004,0.41705,0.18405,0.5,1.79426,,,,,,,,4225688,9f9bb01aee1b,uses train labels as inference-time evidence
M2_lap-4cc26b2335,sbm,M2_lap,train,none,1,1,0.001,,,,33,0.566,0.530403,1.570262,0.725258,0.518,0.487566,1.596298,0.737631,0.269689,0.158762,0.457996,,,,,,,0.5,0.5004,0.41705,0.18405,0.5,1.79426,0.005,0.001,64,0.5,2.289,,,4225688,9f9bb01aee1b,
M2_lap-d359220322,sbm,M2_lap,train,none,1,1,0.01,,,,33,0.566,0.530403,1.570333,0.725291,0.518,0.487566,1.596359,0.737659,0.269719,0.158753,0.457996,,,,,,,0.5,0.5004,0.41705,0.18405,0.5,1.79426,0.005,0.001,64,0.5,2.316,,,4225688,9f9bb01aee1b,
M2_lap-bdd4478f67,sbm,M2_lap,train,none,1,1,0.1,,,,33,0.566,0.530202,1.570965,0.72559,0.517,0.486044,1.596942,0.737927,0.268959,0.158686,0.457728,,,,,,,0.5,0.5004,0.41705,0.18405,0.5,1.79426,0.005,0.001,64,0.5,2.199,,,4225688,9f9bb01aee1b,
M2_lap-f792164cfc,sbm,M2_lap,train,none,1,1,0.5,,,,34,0.564,0.526348,1.561857,0.72195,0.517,0.484981,1.587716,0.734475,0.265223,0.159644,0.455501,,,,,,,0.5,0.5004,0.41705,0.18405,0.5,1.79426,0.005,0.001,64,0.5,2.348,,,4225688,9f9bb01aee1b,
M2_lap-5de1f1629e,sbm,M2_lap,train,none,1,1,1.0,,,,33,0.566,0.530642,1.578276,0.728979,0.513,0.483067,1.60327,0.740826,0.267837,0.15788,0.454521,,,,,,,0.5,0.5004,0.41705,0.18405,0.5,1.79426,0.005,0.001,64,0.5,2.582,,,4225688,9f9bb01aee1b,
M2_lap-0d9b55e9f6,sbm,M2_lap,train,none,1,1,5.0,,,,31,0.554,0.52602,1.627985,0.74997,0.506,0.483153,1.649331,0.759525,0.279063,0.153409,0.449978,,,,,,,0.5,0.5004,0.41705,0.18405,0.5,1.79426,0.005,0.001,64,0.5,2.285,,,4225688,9f9bb01aee1b,
M4_mrf_gcn-389f414429,sbm,M4_mrf_gcn,tuned_grid,mf,1,1,,0.05,,0,,0.554,0.516507,1.557823,0.719706,0.516,0.485208,1.585717,0.733028,0.262102,0.160676,0.466459,1,5,,,,,0.5,0.5004,0.41705,0.18405,0.5,1.79426,,,,,,0.0757,,4225688,9f9bb01aee1b,flip=0.0180
M4_mrf_mlp-3aa43d1d70,sbm,M4_mrf_mlp,tuned_grid,mf,1,1,,0.05,,0,,0.32,0.308708,1.924394,0.856001,0.261,0.25719,2.020496,0.888082,0.194242,0.156625,0.175234,1,4,,,,,0.5,0.5004,0.41705,0.18405,0.5,1.79426,,,,,,0.0364,,4225688,9f9bb01aee1b,flip=0.0090
M4_mrf_gcn-860f0882f6,sbm,M4_mrf_gcn,tuned_grid,mf,1,1,,0.1,,0,,0.55,0.513287,1.54435,0.713548,0.513,0.482629,1.574398,0.72798,0.252577,0.163021,0.477684,1,6,,,,,0.5,0.5004,0.41705,0.18405,0.5,1.79426,,,,,,0.0801,,4225688,9f9bb01aee1b,flip=0.0310
M4_mrf_mlp-2be96465ca,sbm,M4_mrf_mlp,tuned_grid,mf,1,1,,0.1,,0,,0.324,0.311429,1.917061,0.85293,0.263,0.258429,2.013541,0.885464,0.191538,0.159523,0.182539,1,5,,,,,0.5,0.5004,0.41705,0.18405,0.5,1.79426,,,,,,0.0432,,4225688,9f9bb01aee1b,flip=0.0180
M4_mrf_gcn-acc77fdce7,sbm,M4_mrf_gcn,tuned_grid,mf,1,1,,0.25,,0,,0.552,0.511946,1.497101,0.690746,0.496,0.457613,1.536613,0.710068,0.205879,0.175217,0.516437,1,11,,,,,0.5,0.5004,0.41705,0.18405,0.5,1.79426,,,,,,0.0706,,4225688,9f9bb01aee1b,flip=0.0940
M4_mrf_mlp-1ae368f613,sbm,M4_mrf_mlp,tuned_grid,mf,1,1,,0.25,,0,,0.338,0.324327,1.89862,0.843995,0.28,0.272417,1.996363,0.877693,0.183734,0.170158,0.213007,1,8,,,,,0.5,0.5004,0.41705,0.18405,0.5,1.79426,,,,,,0.0658,,4225688,9f9bb01aee1b,flip=0.0690
M4_mrf_gcn-306408c985,sbm,M4_mrf_gcn,tuned_grid,mf,1,1,,0.5,,0,,0.178,0.065787,2.835203,1.294135,0.14,0.055131,2.882188,1.327888,0.638019,0.707061,0.988953,1,24,,,,,0.5,0.5004,0.41705,0.18405,0.5,1.79426,,,,,,0.2456,,4225688,9f9bb01aee1b,flip=0.6430
M4_mrf_mlp-0cab9cb2bc,sbm,M4_mrf_mlp,tuned_grid,mf,1,1,,0.5,,0,,0.35,0.329791,1.895019,0.833148,0.314,0.2961,1.994845,0.866614,0.189133,0.205391,0.285612,1,27,,,,,0.5,0.5004,0.41705,0.18405,0.5,1.79426,,,,,,0.2331,,4225688,9f9bb01aee1b,flip=0.1880
M4_mrf_gcn-5fd83ce6de,sbm,M4_mrf_gcn,tuned_grid,mf,1,1,,1.0,,0,,0.166,0.040676,6.634051,1.623641,0.13,0.036276,6.703991,1.695137,0.845633,0.978276,0.999555,1,13,,,,,0.5,0.5004,0.41705,0.18405,0.5,1.79426,,,,,,0.1401,,4225688,9f9bb01aee1b,flip=0.6580
M4_mrf_mlp-daa2e12f2c,sbm,M4_mrf_mlp,tuned_grid,mf,1,1,,1.0,,0,,0.136,0.047706,6.554382,1.646897,0.151,0.041619,6.313542,1.620697,0.803382,0.945481,0.988062,1,20,,,,,0.5,0.5004,0.41705,0.18405,0.5,1.79426,,,,,,0.1727,,4225688,9f9bb01aee1b,flip=0.7820
M4_mrf_gcn-27ae6f7bd5,sbm,M4_mrf_gcn,tuned_grid,mf,1,1,,2.0,,0,,0.166,0.040676,13.449857,1.66585,0.129,0.034342,13.6359,1.737975,0.867898,0.998739,1.0,1,8,,,,,0.5,0.5004,0.41705,0.18405,0.5,1.79426,,,,,,0.0939,,4225688,9f9bb01aee1b,flip=0.6590
M4_mrf_mlp-ab3b966666,sbm,M4_mrf_mlp,tuned_grid,mf,1,1,,2.0,,0,,0.128,0.032421,13.759614,1.738044,0.149,0.037083,13.183463,1.694051,0.846225,0.997331,0.999465,1,10,,,,,0.5,0.5004,0.41705,0.18405,0.5,1.79426,,,,,,0.0907,,4225688,9f9bb01aee1b,flip=0.7950
OF-04423b2a67,sbm,Oracle_F,oracle,closed_form,1,1,,,,,,0.746,,,,0.741,,,,,,,,,,,,,0.5,0.5004,0.41705,0.18405,0.5,1.79426,,,,,,,,4225688,9f9bb01aee1b,"feature-only Bayes rule, known generative parameters"
OG-b0da9271d6,sbm,Oracle_G,oracle,mf,1,1,,1.79426,,,,0.93,0.928094,0.209314,0.102637,0.93,0.92962,0.209555,0.100826,0.022143,0.499741,0.506459,1,85,,,,,0.5,0.5004,0.41705,0.18405,0.5,1.79426,,,,,,,,4225688,9f9bb01aee1b,true Gaussian unaries + generator-implied coupling
M0_mlp-d695a3d614,sbm,M0_mlp,train,none,5,1,0.0,,,,29,0.474,0.470873,1.463824,0.6863,0.494,0.492388,1.414307,0.666242,0.082151,0.186544,0.231715,,,,,,,0.5,0.5004,0.41705,0.18405,0.5,1.79426,0.01,0.0005,64,0.5,0.381,,results/logits/M0_mlp-d695a3d614.npz,4225688,9f9bb01aee1b,
M1_gcn-ed2c5ed5da,sbm,M1_gcn,train,none,5,1,0.0,,,,43,0.798,0.798747,1.067197,0.500074,0.802,0.802333,1.015736,0.474268,0.384958,0.211505,0.475635,,,,,,,0.5,0.5004,0.41705,0.18405,0.5,1.79426,0.005,0.001,64,0.5,2.211,,results/logits/M1_gcn-ed2c5ed5da.npz,4225688,9f9bb01aee1b,
LP-b81f9ea299,sbm,LP,closed_form,label_prop,5,1,,,,,,0.17,0.109819,1.921655,0.84876,0.187,0.1361,1.93837,0.845219,0.094051,0.148637,0.797951,,,,,,,0.5,0.5004,0.41705,0.18405,0.5,1.79426,,,,,,,,4225688,9f9bb01aee1b,uses train labels as inference-time evidence
M2_lap-c5303891d5,sbm,M2_lap,train,none,5,1,0.001,,,,43,0.798,0.798747,1.067243,0.500096,0.802,0.802333,1.015772,0.474286,0.384977,0.211495,0.475635,,,,,,,0.5,0.5004,0.41705,0.18405,0.5,1.79426,0.005,0.001,64,0.5,2.898,,,4225688,9f9bb01aee1b,
M2_lap-ff1d944cce,sbm,M2_lap,train,none,5,1,0.01,,,,43,0.798,0.798747,1.06765,0.500296,0.802,0.802333,1.016182,0.474494,0.385176,0.2114,0.475635,,,,,,,0.5,0.5004,0.41705,0.18405,0.5,1.79426,0.005,0.001,64,0.5,2.592,,,4225688,9f9bb01aee1b,
M2_lap-9c5108bc0a,sbm,M2_lap,train,none,5,1,0.1,,,,40,0.798,0.798691,1.133741,0.532349,0.802,0.80196,1.086362,0.508673,0.417837,0.197578,0.475457,,,,,,,0.5,0.5004,0.41705,0.18405,0.5,1.79426,0.005,0.001,64,0.5,2.409,,,4225688,9f9bb01aee1b,
M2_lap-6f69f3c5e5,sbm,M2_lap,train,none,5,1,0.5,,,,38,0.798,0.798416,1.190963,0.560027,0.803,0.802845,1.146238,0.537986,0.444935,0.187339,0.475991,,,,,,,0.5,0.5004,0.41705,0.18405,0.5,1.79426,0.005,0.001,64,0.5,2.489,,,4225688,9f9bb01aee1b,
M2_lap-9785b13437,sbm,M2_lap,train,none,5,1,1.0,,,,37,0.794,0.794566,1.227749,0.577736,0.8,0.799905,1.184216,0.556634,0.457818,0.181449,0.474744,,,,,,,0.5,0.5004,0.41705,0.18405,0.5,1.79426,0.005,0.001,64,0.5,2.399,,,4225688,9f9bb01aee1b,
M2_lap-274d0b8c82,sbm,M2_lap,train,none,5,1,5.0,,,,29,0.784,0.783798,1.459387,0.683363,0.797,0.795817,1.427822,0.669703,0.540212,0.156524,0.475546,,,,,,,0.5,0.5004,0.41705,0.18405,0.5,1.79426,0.005,0.001,64,0.5,2.574,,,4225688,9f9bb01aee1b,
M4_mrf_gcn-390ed55424,sbm,M4_mrf_gcn,tuned_grid,mf,5,1,,0.05,,0,,0.796,0.796943,1.037111,0.484677,0.809,0.809345,0.984634,0.458331,0.376931,0.219547,0.479198,1,5,,,,,0.5,0.5004,0.41705,0.18405,0.5,1.79426,,,,,,0.0329,,4225688,9f9bb01aee1b,flip=0.0080
M4_mrf_mlp-551261abaa,sbm,M4_mrf_mlp,tuned_grid,mf,5,1,,0.05,,0,,0.48,0.476239,1.440274,0.676698,0.5,0.498577,1.387502,0.656062,0.083305,0.193152,0.239733,1,5,,,,,0.5,0.5004,0.41705,0.18405,0.5,1.79426,,,,,,0.0379,,4225688,9f9bb01aee1b,flip=0.0130
M4_mrf_gcn-c14e3517ad,sbm,M4_mrf_gcn,tuned_grid,mf,5,1,,0.1,,0,,0.802,0.802975,1.004787,0.468147,0.814,0.814348,0.951322,0.441306,0.365204,0.228856,0.483207,1,6,,,,,0.5,0.5004,0.41705,0.18405,0.5,1.79426,,,,,,0.0584,,4225688,9f9bb01aee1b,flip=0.0190
M4_mrf_mlp-b5aa6da136,sbm,M4_mrf_mlp,tuned_grid,mf,5,1,,0.1,,0,,0.49,0.48733,1.417562,0.667224,0.513,0.511231,1.360852,0.645807,0.070041,0.200449,0.251047,1,6,,,,,0.5,0.5004,0.41705,0.18405,0.5,1.79426,,,,,,0.0669,,4225688,9f9bb01aee1b,flip=0.0290
M4_mrf_gcn-6dc59d3479,sbm,M4_mrf_gcn,tuned_grid,mf,5,1,,0.25,,0,,0.804,0.805016,0.894835,0.412575,0.824,0.823903,0.838707,0.384579,0.313975,0.265711,0.492027,1,9,,,,,0.5,0.5004,0.41705,0.18405,0.5,1.79426,,,,,,0.0702,,4225688,9f9bb01aee1b,flip=0.0420
M4_mrf_mlp-e744a56fac,sbm,M4_mrf_mlp,tuned_grid,mf,5,1,,0.25,,0,,0.522,0.521513,1.358935,0.641985,0.532,0.531565,1.28514,0.616482,0.076545,0.227967,0.287483,1,9,,,,,0.5,0.5004,0.41705,0.18405,0.5,1.79426,,,,,,0.0763,,4225688,9f9bb01aee1b,flip=0.0790
M4_mrf_gcn-bec7985b40,sbm,M4_mrf_gcn,tuned_grid,mf,5,1,,0.5,,0,,0.836,0.836907,0.697667,0.317345,0.845,0.844657,0.639,0.289975,0.208586,0.350424,0.509042,1,20,,,,,0.5,0.5004,0.41705,0.18405,0.5,1.79426,,,,,,0.2121,,4225688,9f9bb01aee1b,flip=0.0830
M4_mrf_mlp-12d90aad27,sbm,M4_mrf_mlp,tuned_grid,mf,5,1,,0.5,,0,,0.518,0.527427,1.416745,0.670279,0.515,0.520492,1.292724,0.635006,0.14281,0.308591,0.381114,1,36,,,,,0.5,0.5004,0.41705,0.18405,0.5,1.79426,,,,,,0.3679,,4225688,9f9bb01aee1b,flip=0.2240
M4_mrf_gcn-0cb9645c33,sbm,M4_mrf_gcn,tuned_grid,mf,5,1,,1.0,,0,,0.828,0.827521,0.513881,0.242139,0.837,0.835448,0.469162,0.227362,0.027284,0.470329,0.531314,1,52,,,,,0.5,0.5004,0.41705,0.18405,0.5,1.79426,,,,,,0.4864,,4225688,9f9bb01aee1b,flip=0.1520
M4_mrf_mlp-01a60b5f03,sbm,M4_mrf_mlp,tuned_grid,mf,5,1,,1.0,,0,,0.138,0.051651,6.139321,1.629992,0.16,0.056213,5.928505,1.596278,0.797725,0.948868,0.982004,1,21,,,,,0.5,0.5004,0.41705,0.18405,0.5,1.79426,,,,,,0.2282,,4225688,9f9bb01aee1b,flip=0.7270
M4_mrf_gcn-fd5023fb8b,sbm,M4_mrf_gcn,tuned_grid,mf,5,1,,2.0,,0,,0.818,0.818352,0.722043,0.29744,0.82,0.81821,0.700992,0.298264,0.107851,0.53042,0.543341,1,65,,,,,0.5,0.5004,0.41705,0.18405,0.5,1.79426,,,,,,0.652,,4225688,9f9bb01aee1b,flip=0.1940
M4_mrf_mlp-fceebeba56,sbm,M4_mrf_mlp,tuned_grid,mf,5,1,,2.0,,0,,0.13,0.03634,13.057296,1.728315,0.153,0.041707,12.833623,1.686268,0.842651,0.996944,0.999109,1,15,,,,,0.5,0.5004,0.41705,0.18405,0.5,1.79426,,,,,,0.1454,,4225688,9f9bb01aee1b,flip=0.7460
OF-ade4d985f3,sbm,Oracle_F,oracle,closed_form,5,1,,,,,,0.744,,,,0.726,,,,,,,,,,,,,0.5,0.5004,0.41705,0.18405,0.5,1.79426,,,,,,,,4225688,9f9bb01aee1b,"feature-only Bayes rule, known generative parameters"
OG-ab2d4ac81a,sbm,Oracle_G,oracle,mf,5,1,,1.79426,,,,0.924,0.924084,0.210692,0.106026,0.925,0.924983,0.226338,0.1083,0.023367,0.499741,0.506459,1,85,,,,,0.5,0.5004,0.41705,0.18405,0.5,1.79426,,,,,,,,4225688,9f9bb01aee1b,true Gaussian unaries + generator-implied coupling
M0_mlp-867aa7ce57,sbm,M0_mlp,train,none,20,1,0.0,,,,30,0.666,0.665103,1.086194,0.494177,0.592,0.593058,1.112793,0.536672,0.095878,0.228978,0.277773,,,,,,,0.5,0.5004,0.41705,0.18405,0.5,1.79426,0.01,0.0005,64,0.5,0.294,,results/logits/M0_mlp-867aa7ce57.npz,4225688,9f9bb01aee1b,
M1_gcn-0afd168569,sbm,M1_gcn,train,none,20,1,0.0,,,,54,0.868,0.868482,0.609923,0.272978,0.837,0.836244,0.649331,0.293489,0.209479,0.333223,0.498085,,,,,,,0.5,0.5004,0.41705,0.18405,0.5,1.79426,0.005,0.001,64,0.5,2.513,,results/logits/M1_gcn-0afd168569.npz,4225688,9f9bb01aee1b,
LP-046b5214ab,sbm,LP,closed_form,label_prop,20,1,,,,,,0.428,0.422917,1.768367,0.796078,0.417,0.411928,1.810104,0.802031,0.209521,0.159663,0.428419,,,,,,,0.5,0.5004,0.41705,0.18405,0.5,1.79426,,,,,,,,4225688,9f9bb01aee1b,uses train labels as inference-time evidence
M2_lap-2e5a01de5a,sbm,M2_lap,train,none,20,1,0.001,,,,54,0.868,0.868482,0.610007,0.273014,0.837,0.836244,0.649414,0.293525,0.209538,0.333187,0.498085,,,,,,,0.5,0.5004,0.41705,0.18405,0.5,1.79426,0.005,0.001,64,0.5,2.867,,,4225688,9f9bb01aee1b,
M2_lap-143928d2f3,sbm,M2_lap,train,none,20,1,0.01,,,,54,0.868,0.868482,0.61077,0.273346,0.837,0.836244,0.650179,0.293866,0.21007,0.332857,0.498085,,,,,,,0.5,0.5004,0.41705,0.18405,0.5,1.79426,0.005,0.001,64,0.5,3.268,,,4225688,9f9bb01aee1b,
M2_lap-74423d421c,sbm,M2_lap,train,none,20,1,0.1,,,,53,0.866,0.866426,0.628923,0.281217,0.837,0.836261,0.668683,0.302012,0.223327,0.324671,0.497105,,,,,,,0.5,0.5004,0.41705,0.18405,0.5,1.79426,0.005,0.001,64,0.5,2.977,,,4225688,9f9bb01aee1b,
M2_lap-ae4a328a80,sbm,M2_lap,train,none,20,1,0.5,,,,40,0.87,0.870608,0.870645,0.396219,0.842,0.841173,0.90971,0.416877,0.378178,0.237732,0.496392,,,,,,,0.5,0.5004,0.41705,0.18405,0.5,1.79426,0.005,0.001,64,0.5,2.558,,,4225688,9f9bb01aee1b,
M2_lap-a02c303453,sbm,M2_lap,train,none,20,1,1.0,,,,40,0.874,0.874535,0.897959,0.40996,0.836,0.835037,0.936305,0.430255,0.38626,0.230344,0.496659,,,,,,,0.5,0.5004,0.41705,0.18405,0.5,1.79426,0.005,0.001,64,0.5,2.596,,,4225688,9f9bb01aee1b,
M2_lap-4acd3812ce,sbm,M2_lap,train,none,20,1,5.0,,,,27,0.866,0.867263,1.315454,0.618724,0.838,0.836705,1.339335,0.629683,0.556616,0.162761,0.496125,,,,,,,0.5,0.5004,0.41705,0.18405,0.5,1.79426,0.005,0.001,64,0.5,2.235,,,4225688,9f9bb01aee1b,
M4_mrf_gcn-51fc793c8b,sbm,M4_mrf_gcn,tuned_grid,mf,20,1,,0.05,,0,,0.87,0.870426,0.587079,0.262681,0.837,0.836227,0.624609,0.282231,0.192425,0.345781,0.49951,1,4,,,,,0.5,0.5004,0.41705,0.18405,0.5,1.79426,,,,,,0.0307,,4225688,9f9bb01aee1b,flip=0.0020
M4_mrf_mlp-8a93ef9957,sbm,M4_mrf_mlp,tuned_grid,mf,20,1,,0.05,,0,,0.666,0.664782,1.051395,0.479363,0.604,0.604709,1.075199,0.52007,0.081877,0.237637,0.2849,1,4,,,,,0.5,0.5004,0.41705,0.18405,0.5,1.79426,,,,,,0.0331,,4225688,9f9bb01aee1b,flip=0.0150
M4_mrf_gcn-cf66eeb9a6,sbm,M4_mrf_gcn,tuned_grid,mf,20,1,,0.1,,0,,0.87,0.87042,0.565021,0.252987,0.84,0.83939,0.600635,0.271624,0.17837,0.358411,0.501737,1,5,,,,,0.5,0.5004,0.41705,0.18405,0.5,1.79426,,,,,,0.036,,4225688,9f9bb01aee1b,flip=0.0090
M4_mrf_mlp-77e6408c8e,sbm,M4_mrf_mlp,tuned_grid,mf,20,1,,0.1,,0,,0.678,0.67586,1.016281,0.464304,0.626,0.62677,1.037306,0.502952,0.078882,0.246843,0.299332,1,5,,,,,0.5,0.5004,0.41705,0.18405,0.5,1.79426,,,,,,0.0447,,4225688,9f9bb01aee1b,flip=0.0410
M4_mrf_gcn-6ed5f2a922,sbm,M4_mrf_gcn,tuned_grid,mf,20,1,,0.25,,0,,0.87,0.869909,0.506035,0.228388,0.847,0.846412,0.53592,0.24475,0.136064,0.395017,0.508062,1,7,,,,,0.5,0.5004,0.41705,0.18405,0.5,1.79426,,,,,,0.0468,,4225688,9f9bb01aee1b,flip=0.0270
M4_mrf_mlp-c0546620a3,sbm,M4_mrf_mlp,tuned_grid,mf,20,1,,0.25,,0,,0.708,0.704893,0.909133,0.418087,0.68,0.680262,0.922263,0.448944,0.047875,0.277926,0.33657,1,8,,,,,0.5,0.5004,0.41705,0.18405,0.5,1.79426,,,,,,0.0516,,4225688,9f9bb01aee1b,flip=0.1030
M4_mrf_gcn-7fe910ba6a,sbm,M4_mrf_gcn,tuned_grid,mf,20,1,,0.5,,0,,0.866,0.866039,0.440106,0.203914,0.854,0.853589,0.462465,0.218717,0.074315,0.444344,0.518307,1,12,,,,,0.5,0.5004,0.41705,0.18405,0.5,1.79426,,,,,,0.1301,,4225688,9f9bb01aee1b,flip=0.0610
M4_mrf_mlp-5ca0fc30f7,sbm,M4_mrf_mlp,tuned_grid,mf,20,1,,0.5,,0,,0.752,0.749664,0.731052,0.339698,0.742,0.743074,0.738598,0.359346,0.031142,0.337094,0.386993,1,15,,,,,0.5,0.5004,0.41705,0.18405,0.5,1.79426,,,,,,0.1443,,4225688,9f9bb01aee1b,flip=0.1770
M4_mrf_gcn-c322af60ff,sbm,M4_mrf_gcn,tuned_grid,mf,20,1,,1.0,,0,,0.856,0.855717,0.423669,0.203415,0.849,0.848501,0.438418,0.217024,0.025566,0.496794,0.528641,1,34,,,,,0.5,0.5004,0.41705,0.18405,0.5,1.79426,,,,,,0.3886,,4225688,9f9bb01aee1b,flip=0.1000
M4_mrf_mlp-42c448d7f0,sbm,M4_mrf_mlp,tuned_grid,mf,20,1,,1.0,,0,,0.85,0.849431,0.460937,0.211694,0.84,0.840776,0.492047,0.234968,0.025689,0.432617,0.462361,1,28,,,,,0.5,0.5004,0.41705,0.18405,0.5,1.79426,,,,,,0.2902,,4225688,9f9bb01aee1b,flip=0.3000
M4_mrf_gcn-8610840a94,sbm,M4_mrf_gcn,tuned_grid,mf,20,1,,2.0,,0,,0.842,0.841794,0.634647,0.258544,0.823,0.822334,0.667957,0.282372,0.106608,0.530407,0.539777,1,161,,,,,0.5,0.5004,0.41705,0.18405,0.5,1.79426,,,,,,1.8163,,4225688,9f9bb01aee1b,flip=0.1460
M4_mrf_mlp-76f3674fcc,sbm,M4_mrf_mlp,tuned_grid,mf,20,1,,2.0,,0,,0.896,0.897214,0.43089,0.165839,0.863,0.866563,0.513097,0.220602,0.068953,0.502772,0.512071,1,114,,,,,0.5,0.5004,0.41705,0.18405,0.5,1.79426,,,,,,1.2184,,4225688,9f9bb01aee1b,flip=0.3820
OF-fa1ae9e410,sbm,Oracle_F,oracle,closed_form,20,1,,,,,,0.762,,,,0.716,,,,,,,,,,,,,0.5,0.5004,0.41705,0.18405,0.5,1.79426,,,,,,,,4225688,9f9bb01aee1b,"feature-only Bayes rule, known generative parameters"
OG-4b3f8b32bb,sbm,Oracle_G,oracle,mf,20,1,,1.79426,,,,0.94,0.939781,0.169331,0.08377,0.917,0.916577,0.250315,0.118043,0.031836,0.499741,0.506459,1,85,,,,,0.5,0.5004,0.41705,0.18405,0.5,1.79426,,,,,,,,4225688,9f9bb01aee1b,true Gaussian unaries + generator-implied coupling
M0_mlp-e82d10492c,sbm,M0_mlp,train,none,1,2,0.0,,,,12,0.256,0.226566,1.869372,0.831336,0.284,0.263434,1.857035,0.827128,0.04387,0.147121,0.209076,,,,,,,0.5,0.4982,0.41454,0.18232,0.5,1.79426,0.01,0.0005,64,0.5,0.246,,results/logits/M0_mlp-e82d10492c.npz,4225688,9f9bb01aee1b,
M1_gcn-83cdae1880,sbm,M1_gcn,train,none,1,2,0.0,,,,32,0.578,0.547895,1.546826,0.717698,0.597,0.571415,1.54117,0.714543,0.348366,0.157863,0.419413,,,,,,,0.5,0.4982,0.41454,0.18232,0.5,1.79426,0.005,0.001,64,0.5,2.08,,results/logits/M1_gcn-83cdae1880.npz,4225688,9f9bb01aee1b,
LP-ede5468c62,sbm,LP,closed_form,label_prop,1,2,,,,,,0.198,0.12926,1.930639,0.851985,0.181,0.110459,1.94836,0.857558,0.038364,0.145992,0.857554,,,,,,,0.5,0.4982,0.41454,0.18232,0.5,1.79426,,,,,,,,4225688,9f9bb01aee1b,uses train labels as inference-time evidence
M2_lap-926cf7fe41,sbm,M2_lap,train,none,1,2,0.001,,,,32,0.578,0.547895,1.546837,0.717703,0.597,0.571415,1.541178,0.714548,0.34837,0.157862,0.419413,,,,,,,0.5,0.4982,0.41454,0.18232,0.5,1.79426,0.005,0.001,64,0.5,2.253,,,4225688,9f9bb01aee1b,
M2_lap-f9d39f80f1,sbm,M2_lap,train,none,1,2,0.01,,,,32,0.578,0.547895,1.546936,0.717754,0.597,0.571415,1.541246,0.714587,0.348406,0.157853,0.419413,,,,,,,0.5,0.4982,0.41454,0.18232,0.5,1.79426,0.005,0.001,64,0.5,2.682,,,4225688,9f9bb01aee1b,
M2_lap-8a04afb275,sbm,M2_lap,train,none,1,2,0.1,,,,32,0.58,0.550085,1.547877,0.718241,0.598,0.573487,1.541955,0.714986,0.349759,0.157773,0.419593,,,,,,,0.5,0.4982,0.41454,0.18232,0.5,1.79426,0.005,0.001,64,0.5,2.317,,,4225688,9f9bb01aee1b,
M2_lap-79bffe8baa,sbm,M2_lap,train,none,1,2,0.5,,,,34,0.582,0.560934,1.526411,0.710721,0.603,0.582931,1.517339,0.706035,0.347041,0.159906,0.418062,,,,,,,0.5,0.4982,0.41454,0.18232,0.5,1.79426,0.005,0.001,64,0.5,2.406,,,4225688,9f9bb01aee1b,
M2_lap-63d5ecb4fe,sbm,M2_lap,train,none,1,2,1.0,,,,33,0.574,0.555016,1.545867,0.718852,0.605,0.586201,1.53593,0.713965,0.355787,0.158188,0.419593,,,,,,,0.5,0.4982,0.41454,0.18232,0.5,1.79426,0.005,0.001,64,0.5,2.393,,,4225688,9f9bb01aee1b,
M2_lap-40ab8ca8f4,sbm,M2_lap,train,none,1,2,5.0,,,,22,0.552,0.524545,1.708493,0.780534,0.584,0.562177,1.703845,0.778577,0.386394,0.147455,0.411399,,,,,,,0.5,0.4982,0.41454,0.18232,0.5,1.79426,0.005,0.001,64,0.5,2.103,,,4225688,9f9bb01aee1b,
M4_mrf_gcn-bc61bcbb36,sbm,M4_mrf_gcn,tuned_grid,mf,1,2,,0.05,,0,,0.582,0.550115,1.532596,0.711518,0.601,0.575595,1.526693,0.708237,0.347216,0.159527,0.426886,1,5,,,,,0.5,0.4982,0.41454,0.18232,0.5,1.79426,,,,,,0.0608,,4225688,9f9bb01aee1b,flip=0.0130
M4_mrf_mlp-9b6c267931,sbm,M4_mrf_mlp,tuned_grid,mf,1,2,,0.05,,0,,0.256,0.22576,1.866126,0.830271,0.288,0.264677,1.853752,0.825996,0.042803,0.148085,0.221862,1,4,,,,,0.5,0.4982,0.41454,0.18232,0.5,1.79426,,,,,,0.0354,,4225688,9f9bb01aee1b,flip=0.0250
M4_mrf_gcn-c5d2056eb2,sbm,M4_mrf_gcn,tuned_grid,mf,1,2,,0.1,,0,,0.574,0.541655,1.516914,0.704591,0.605,0.579774,1.510736,0.701164,0.345269,0.16152,0.432559,1,6,,,,,0.5,0.4982,0.41454,0.18232,0.5,1.79426,,,,,,0.0474,,4225688,9f9bb01aee1b,flip=0.0240
M4_mrf_mlp-4f19bf1361,sbm,M4_mrf_mlp,tuned_grid,mf,1,2,,0.1,,0,,0.262,0.229803,1.862929,0.8292,0.284,0.25808,1.850587,0.82487,0.032089,0.149205,0.232577,1,5,,,,,0.5,0.4982,0.41454,0.18232,0.5,1.79426,,,,,,0.0301,,4225688,9f9bb01aee1b,flip=0.0450
M4_mrf_gcn-2da22f0241,sbm,M4_mrf_gcn,tuned_grid,mf,1,2,,0.25,,0,,0.59,0.550872,1.458077,0.67757,0.612,0.583125,1.450946,0.673609,0.327258,0.170858,0.449757,1,9,,,,,0.5,0.4982,0.41454,0.18232,0.5,1.79426,,,,,,0.0675,,4225688,9f9bb01aee1b,flip=0.0660
M4_mrf_mlp-a3289c84aa,sbm,M4_mrf_mlp,tuned_grid,mf,1,2,,0.25,,0,,0.268,0.228484,1.854356,0.826153,0.277,0.241234,1.84297,0.82192,0.040594,0.154455,0.288943,1,9,,,,,0.5,0.4982,0.41454,0.18232,0.5,1.79426,,,,,,0.1366,,4225688,9f9bb01aee1b,flip=0.1240
M4_mrf_gcn-1d03beb4d5,sbm,M4_mrf_gcn,tuned_grid,mf,1,2,,0.5,,0,,0.164,0.103307,2.437799,1.169001,0.197,0.100174,2.388088,1.145943,0.521165,0.609212,0.954619,1,80,,,,,0.5,0.4982,0.41454,0.18232,0.5,1.79426,,,,,,0.7307,,4225688,9f9bb01aee1b,flip=0.7090
M4_mrf_mlp-793c83c61c,sbm,M4_mrf_mlp,tuned_grid,mf,1,2,,0.5,,0,,0.156,0.050049,2.910967,1.283792,0.145,0.041414,3.051935,1.319818,0.609963,0.665409,0.987034,1,25,,,,,0.5,0.4982,0.41454,0.18232,0.5,1.79426,,,,,,0.4553,,4225688,9f9bb01aee1b,flip=0.6780
M4_mrf_gcn-c8426b79d0,sbm,M4_mrf_gcn,tuned_grid,mf,1,2,,1.0,,0,,0.124,0.03152,6.340988,1.6892,0.167,0.040921,6.23647,1.60916,0.804694,0.974182,0.99982,1,15,,,,,0.5,0.4982,0.41454,0.18232,0.5,1.79426,,,,,,0.1764,,4225688,9f9bb01aee1b,flip=0.7510
M4_mrf_mlp-0636e38b11,sbm,M4_mrf_mlp,tuned_grid,mf,1,2,,1.0,,0,,0.152,0.037764,6.5292,1.647063,0.143,0.035746,6.898428,1.665718,0.830104,0.975339,0.99973,1,12,,,,,0.5,0.4982,0.41454,0.18232,0.5,1.79426,,,,,,0.0927,,4225688,9f9bb01aee1b,flip=0.6900
M4_mrf_gcn-6605d58c71,sbm,M4_mrf_gcn,tuned_grid,mf,1,2,,2.0,,0,,0.124,0.03152,13.088439,1.745108,0.167,0.040886,12.875582,1.661682,0.830804,0.998752,0.99991,1,8,,,,,0.5,0.4982,0.41454,0.18232,0.5,1.79426,,,,,,0.0788,,4225688,9f9bb01aee1b,flip=0.7520
M4_mrf_mlp-d9fcbf5ea5,sbm,M4_mrf_mlp,tuned_grid,mf,1,2,,2.0,,0,,0.152,0.037698,13.080908,1.6921,0.143,0.035746,13.811724,1.710096,0.855016,0.998782,1.0,1,9,,,,,0.5,0.4982,0.41454,0.18232,0.5,1.79426,,,,,,0.0611,,4225688,9f9bb01aee1b,flip=0.6900
OF-14136dfed0,sbm,Oracle_F,oracle,closed_form,1,2,,,,,,0.714,,,,0.751,,,,,,,,,,,,,0.5,0.4982,0.41454,0.18232,0.5,1.79426,,,,,,,,4225688,9f9bb01aee1b,"feature-only Bayes rule, known generative parameters"
OG-4893dc5264,sbm,Oracle_G,oracle,mf,1,2,,1.79426,,,,0.932,0.931427,0.194663,0.097817,0.945,0.944794,0.17641,0.089124,0.01328,0.499318,0.506933,1,52,,,,,0.5,0.4982,0.41454,0.18232,0.5,1.79426,,,,,,,,4225688,9f9bb01aee1b,true Gaussian unaries + generator-implied coupling
M0_mlp-69f4f47278,sbm,M0_mlp,train,none,5,2,0.0,,,,73,0.434,0.429414,2.048586,0.843257,0.433,0.431864,2.225335,0.862314,0.30354,0.180973,0.196741,,,,,,,0.5,0.4982,0.41454,0.18232,0.5,1.79426,0.01,0.0005,64,0.5,0.403,,results/logits/M0_mlp-69f4f47278.npz,4225688,9f9bb01aee1b,
M1_gcn-649ec8d6bc,sbm,M1_gcn,train,none,5,2,0.0,,,,40,0.746,0.739313,1.228174,0.576334,0.762,0.76006,1.216035,0.570548,0.415847,0.187089,0.465424,,,,,,,0.5,0.4982,0.41454,0.18232,0.5,1.79426,0.005,0.001,64,0.5,2.199,,results/logits/M1_gcn-649ec8d6bc.npz,4225688,9f9bb01aee1b,
LP-70000adebf,sbm,LP,closed_form,label_prop,5,2,,,,,,0.138,0.069946,1.940381,0.855082,0.175,0.10621,1.955399,0.856246,0.116066,0.15667,0.865928,,,,,,,0.5,0.4982,0.41454,0.18232,0.5,1.79426,,,,,,,,4225688,9f9bb01aee1b,uses train labels as inference-time evidence
M2_lap-b96cd17855,sbm,M2_lap,train,none,5,2,0.001,,,,40,0.746,0.739313,1.22823,0.576372,0.762,0.76006,1.216059,0.570571,0.415873,0.187078,0.465424,,,,,,,0.5,0.4982,0.41454,0.18232,0.5,1.79426,0.005,0.001,64,0.5,2.675,,,4225688,9f9bb01aee1b,
M2_lap-c7462d9806,sbm,M2_lap,train,none,5,2,0.01,,,,40,0.746,0.739313,1.228587,0.576556,0.762,0.76006,1.216419,0.570751,0.416023,0.18702,0.465424,,,,,,,0.5,0.4982,0.41454,0.18232,0.5,1.79426,0.005,0.001,64,0.5,2.518,,,4225688,9f9bb01aee1b,
M2_lap-350fd105e5,sbm,M2_lap,train,none,5,2,0.1,,,,41,0.748,0.739538,1.214009,0.569689,0.759,0.757143,1.20176,0.563589,0.406038,0.189774,0.465694,,,,,,,0.5,0.4982,0.41454,0.18232,0.5,1.79426,0.005,0.001,64,0.5,3.077,,,4225688,9f9bb01aee1b,
M2_lap-7b580613a3,sbm,M2_lap,train,none,5,2,0.5,,,,39,0.744,0.737049,1.264782,0.594477,0.757,0.755364,1.253608,0.589104,0.426723,0.181376,0.464344,,,,,,,0.5,0.4982,0.41454,0.18232,0.5,1.79426,0.005,0.001,64,0.5,2.673,,,4225688,9f9bb01aee1b,
M2_lap-d99cfc10e0,sbm,M2_lap,train,none,5,2,1.0,,,,42,0.74,0.73381,1.234925,0.580987,0.745,0.743959,1.223505,0.574697,0.399052,0.187657,0.463623,,,,,,,0.5,0.4982,0.41454,0.18232,0.5,1.79426,0.005,0.001,64,0.5,2.799,,,4225688,9f9bb01aee1b,
M2_lap-c6bcff263b,sbm,M2_lap,train,none,5,2,5.0,,,,33,0.736,0.729264,1.464301,0.687146,0.735,0.735327,1.458052,0.683883,0.477614,0.160104,0.459121,,,,,,,0.5,0.4982,0.41454,0.18232,0.5,1.79426,0.005,0.001,64,0.5,2.486,,,4225688,9f9bb01aee1b,
M4_mrf_gcn-bc708f845a,sbm,M4_mrf_gcn,tuned_grid,mf,5,2,,0.05,,0,,0.75,0.743229,1.20361,0.563696,0.76,0.75798,1.191795,0.558143,0.403098,0.192067,0.469746,1,5,,,,,0.5,0.4982,0.41454,0.18232,0.5,1.79426,,,,,,0.05,,4225688,9f9bb01aee1b,flip=0.0140
M4_mrf_mlp-08db6f03a0,sbm,M4_mrf_mlp,tuned_grid,mf,5,2,,0.05,,0,,0.43,0.425993,2.02641,0.836935,0.439,0.438163,2.200541,0.854983,0.299753,0.185801,0.203043,1,4,,,,,0.5,0.4982,0.41454,0.18232,0.5,1.79426,,,,,,0.0392,,4225688,9f9bb01aee1b,flip=0.0100
M4_mrf_gcn-89900f1cb6,sbm,M4_mrf_gcn,tuned_grid,mf,5,2,,0.1,,0,,0.75,0.743001,1.176777,0.549781,0.76,0.757836,1.165315,0.544467,0.390829,0.197997,0.473258,1,6,,,,,0.5,0.4982,0.41454,0.18232,0.5,1.79426,,,,,,0.0543,,4225688,9f9bb01aee1b,flip=0.0200
M4_mrf_mlp-3ce2e0c7fc,sbm,M4_mrf_mlp,tuned_grid,mf,5,2,,0.1,,0,,0.432,0.428291,2.004823,0.83053,0.442,0.441105,2.176415,0.847676,0.29934,0.190809,0.207095,1,5,,,,,0.5,0.4982,0.41454,0.18232,0.5,1.79426,,,,,,0.0393,,4225688,9f9bb01aee1b,flip=0.0190
M4_mrf_gcn-b3d7a80d3a,sbm,M4_mrf_gcn,tuned_grid,mf,5,2,,0.25,,0,,0.744,0.734667,1.080401,0.499601,0.768,0.7654,1.070187,0.49489,0.350352,0.224221,0.486044,1,9,,,,,0.5,0.4982,0.41454,0.18232,0.5,1.79426,,,,,,0.0674,,4225688,9f9bb01aee1b,flip=0.0520
M4_mrf_mlp-d0cc418f29,sbm,M4_mrf_mlp,tuned_grid,mf,5,2,,0.25,,0,,0.452,0.447596,1.94352,0.810802,0.457,0.455125,2.107785,0.825959,0.293405,0.207128,0.224383,1,7,,,,,0.5,0.4982,0.41454,0.18232,0.5,1.79426,,,,,,0.0466,,4225688,9f9bb01aee1b,flip=0.0480
M4_mrf_gcn-7af81a45b2,sbm,M4_mrf_gcn,tuned_grid,mf,5,2,,0.5,,0,,0.766,0.755178,0.885975,0.404143,0.77,0.767769,0.876486,0.397415,0.227166,0.30492,0.504862,1,25,,,,,0.5,0.4982,0.41454,0.18232,0.5,1.79426,,,,,,0.269,,4225688,9f9bb01aee1b,flip=0.1150
M4_mrf_mlp-aa7435ec0b,sbm,M4_mrf_mlp,tuned_grid,mf,5,2,,0.5,,0,,0.486,0.479615,1.854995,0.778324,0.477,0.474193,2.005956,0.79047,0.292773,0.239692,0.26103,1,12,,,,,0.5,0.4982,0.41454,0.18232,0.5,1.79426,,,,,,0.0947,,4225688,9f9bb01aee1b,flip=0.1000
M4_mrf_gcn-fedd403874,sbm,M4_mrf_gcn,tuned_grid,mf,5,2,,1.0,,0,,0.132,0.036256,6.013107,1.664864,0.142,0.037519,5.836866,1.633918,0.821921,0.965348,0.998019,1,88,,,,,0.5,0.4982,0.41454,0.18232,0.5,1.79426,,,,,,0.9459,,4225688,9f9bb01aee1b,flip=0.8230
M4_mrf_mlp-c0eb62892a,sbm,M4_mrf_mlp,tuned_grid,mf,5,2,,1.0,,0,,0.53,0.522099,1.790402,0.738728,0.533,0.52888,1.893592,0.725896,0.287349,0.320505,0.343238,1,77,,,,,0.5,0.4982,0.41454,0.18232,0.5,1.79426,,,,,,0.8172,,4225688,9f9bb01aee1b,flip=0.2150
M4_mrf_gcn-f7d63be133,sbm,M4_mrf_gcn,tuned_grid,mf,5,2,,2.0,,0,,0.13,0.032928,12.993192,1.733727,0.141,0.035307,12.661372,1.712237,0.856716,0.998262,0.99982,1,42,,,,,0.5,0.4982,0.41454,0.18232,0.5,1.79426,,,,,,0.4611,,4225688,9f9bb01aee1b,flip=0.8240
M4_mrf_mlp-d702465cdb,sbm,M4_mrf_mlp,tuned_grid,mf,5,2,,2.0,,0,,0.164,0.070388,11.088303,1.637097,0.175,0.091268,10.772583,1.60732,0.798228,0.940169,0.949847,1,73,,,,,0.5,0.4982,0.41454,0.18232,0.5,1.79426,,,,,,1.043,,4225688,9f9bb01aee1b,flip=0.7570
OF-b5b7dae62f,sbm,Oracle_F,oracle,closed_form,5,2,,,,,,0.748,,,,0.743,,,,,,,,,,,,,0.5,0.4982,0.41454,0.18232,0.5,1.79426,,,,,,,,4225688,9f9bb01aee1b,"feature-only Bayes rule, known generative parameters"
OG-b1a5ca7744,sbm,Oracle_G,oracle,mf,5,2,,1.79426,,,,0.914,0.914299,0.265071,0.126858,0.939,0.939039,0.178261,0.089404,0.015749,0.499318,0.506933,1,52,,,,,0.5,0.4982,0.41454,0.18232,0.5,1.79426,,,,,,,,4225688,9f9bb01aee1b,true Gaussian unaries + generator-implied coupling
M0_mlp-3fa1d8a947,sbm,M0_mlp,train,none,20,2,0.0,,,,27,0.584,0.582487,1.173773,0.569995,0.604,0.603617,1.133291,0.530138,0.051787,0.207942,0.252836,,,,,,,0.5,0.4982,0.41454,0.18232,0.5,1.79426,0.01,0.0005,64,0.5,0.325,,results/logits/M0_mlp-3fa1d8a947.npz,4225688,9f9bb01aee1b,
M1_gcn-7601cfb2cb,sbm,M1_gcn,train,none,20,2,0.0,,,,38,0.858,0.858366,0.994516,0.461596,0.84,0.839512,0.98999,0.456788,0.411905,0.217717,0.491896,,,,,,,0.5,0.4982,0.41454,0.18232,0.5,1.79426,0.005,0.001,64,0.5,2.246,,results/logits/M1_gcn-7601cfb2cb.npz,4225688,9f9bb01aee1b,
LP-8f63c8fa4e,sbm,LP,closed_form,label_prop,20,2,,,,,,0.352,0.336373,1.817758,0.813244,0.4,0.385,1.776687,0.797828,0.193758,0.16079,0.449847,,,,,,,0.5,0.4982,0.41454,0.18232,0.5,1.79426,,,,,,,,4225688,9f9bb01aee1b,uses train labels as inference-time evidence
M2_lap-d3bb209ed7,sbm,M2_lap,train,none,20,2,0.001,,,,38,0.858,0.858366,0.994557,0.461617,0.84,0.839512,0.990033,0.45681,0.411926,0.217706,0.491896,,,,,,,0.5,0.4982,0.41454,0.18232,0.5,1.79426,0.005,0.001,64,0.5,2.543,,,4225688,9f9bb01aee1b,
M2_lap-78bac46a29,sbm,M2_lap,train,none,20,2,0.01,,,,38,0.858,0.858366,0.994904,0.461795,0.84,0.839512,0.990384,0.456986,0.412108,0.217613,0.491896,,,,,,,0.5,0.4982,0.41454,0.18232,0.5,1.79426,0.005,0.001,64,0.5,2.64,,,4225688,9f9bb01aee1b,
M2_lap-433340fc0d,sbm,M2_lap,train,none,20,2,0.1,,,,37,0.858,0.858366,1.024564,0.476899,0.839,0.838542,1.019772,0.472008,0.425545,0.211057,0.492166,,,,,,,0.5,0.4982,0.41454,0.18232,0.5,1.79426,0.005,0.001,64,0.5,2.514,,,4225688,9f9bb01aee1b,
M2_lap-a25d9bb0cd,sbm,M2_lap,train,none,20,2,0.5,,,,36,0.856,0.856296,1.065741,0.497941,0.838,0.837521,1.061043,0.493016,0.444276,0.202314,0.491896,,,,,,,0.5,0.4982,0.41454,0.18232,0.5,1.79426,0.005,0.001,64,0.5,2.899,,,4225688,9f9bb01aee1b,
M2_lap-29b52775c5,sbm,M2_lap,train,none,20,2,1.0,,,,30,0.846,0.846252,1.24297,0.585204,0.829,0.828245,1.237323,0.580672,0.508109,0.17511,0.488925,,,,,,,0.5,0.4982,0.41454,0.18232,0.5,1.79426,0.005,0.001,64,0.5,2.324,,,4225688,9f9bb01aee1b,
M2_lap-1b0e8d1ff4,sbm,M2_lap,train,none,20,2,5.0,,,,24,0.83,0.830001,1.455597,0.682873,0.81,0.808912,1.451719,0.679976,0.560402,0.155329,0.489465,,,,,,,0.5,0.4982,0.41454,0.18232,0.5,1.79426,0.005,0.001,64,0.5,2.295,,,4225688,9f9bb01aee1b,
M4_mrf_gcn-0d82615ccb,sbm,M4_mrf_gcn,tuned_grid,mf,20,2,,0.05,,0,,0.86,0.860338,0.963555,0.445316,0.839,0.838376,0.958973,0.440507,0.394987,0.226429,0.495048,1,5,,,,,0.5,0.4982,0.41454,0.18232,0.5,1.79426,,,,,,0.0479,,4225688,9f9bb01aee1b,flip=0.0060
M4_mrf_mlp-a1383b2405,sbm,M4_mrf_mlp,tuned_grid,mf,20,2,,0.05,,0,,0.588,0.586642,1.136729,0.554045,0.616,0.615634,1.099778,0.516088,0.045777,0.215552,0.265622,1,4,,,,,0.5,0.4982,0.41454,0.18232,0.5,1.79426,,,,,,0.0562,,4225688,9f9bb01aee1b,flip=0.0180
M4_mrf_gcn-2dc28e8056,sbm,M4_mrf_gcn,tuned_grid,mf,20,2,,0.1,,0,,0.864,0.864264,0.93055,0.428036,0.84,0.839185,0.92584,0.423207,0.378279,0.236512,0.497569,1,5,,,,,0.5,0.4982,0.41454,0.18232,0.5,1.79426,,,,,,0.0339,,4225688,9f9bb01aee1b,flip=0.0090
M4_mrf_mlp-5a8af88083,sbm,M4_mrf_mlp,tuned_grid,mf,20,2,,0.1,,0,,0.588,0.58659,1.09923,0.537482,0.626,0.625869,1.065779,0.501573,0.043803,0.223718,0.273276,1,5,,,,,0.5,0.4982,0.41454,0.18232,0.5,1.79426,,,,,,0.0339,,4225688,9f9bb01aee1b,flip=0.0360
M4_mrf_gcn-754f81c630,sbm,M4_mrf_gcn,tuned_grid,mf,20,2,,0.25,,0,,0.858,0.858236,0.82105,0.372019,0.839,0.837848,0.815875,0.367206,0.313155,0.276083,0.504682,1,8,,,,,0.5,0.4982,0.41454,0.18232,0.5,1.79426,,,,,,0.0844,,4225688,9f9bb01aee1b,flip=0.0280
M4_mrf_mlp-a45ddeef4d,sbm,M4_mrf_mlp,tuned_grid,mf,20,2,,0.25,,0,,0.63,0.628086,0.983739,0.48453,0.669,0.66871,0.960837,0.455497,0.038364,0.251992,0.310193,1,7,,,,,0.5,0.4982,0.41454,0.18232,0.5,1.79426,,,,,,0.0512,,4225688,9f9bb01aee1b,flip=0.0890
M4_mrf_gcn-ce20d81dc9,sbm,M4_mrf_gcn,tuned_grid,mf,20,2,,0.5,,0,,0.844,0.844347,0.641248,0.28873,0.847,0.845358,0.638303,0.284814,0.196616,0.361262,0.518008,1,15,,,,,0.5,0.4982,0.41454,0.18232,0.5,1.79426,,,,,,0.1364,,4225688,9f9bb01aee1b,flip=0.0680
M4_mrf_mlp-9966196496,sbm,M4_mrf_mlp,tuned_grid,mf,20,2,,0.5,,0,,0.712,0.711022,0.787739,0.39238,0.724,0.72393,0.782704,0.374967,0.03928,0.310354,0.37052,1,14,,,,,0.5,0.4982,0.41454,0.18232,0.5,1.79426,,,,,,0.149,,4225688,9f9bb01aee1b,flip=0.1670
M4_mrf_gcn-7a97d68f9b,sbm,M4_mrf_gcn,tuned_grid,mf,20,2,,1.0,,0,,0.834,0.834243,0.506395,0.241989,0.835,0.832005,0.521547,0.244809,0.037276,0.473811,0.532145,1,79,,,,,0.5,0.4982,0.41454,0.18232,0.5,1.79426,,,,,,0.7787,,4225688,9f9bb01aee1b,flip=0.1150
M4_mrf_mlp-1b3b71153f,sbm,M4_mrf_mlp,tuned_grid,mf,20,2,,1.0,,0,,0.824,0.823758,0.482503,0.242983,0.828,0.827565,0.516146,0.248345,0.021824,0.420245,0.459751,1,63,,,,,0.5,0.4982,0.41454,0.18232,0.5,1.79426,,,,,,0.6789,,4225688,9f9bb01aee1b,flip=0.2900
M4_mrf_gcn-ed0ca03451,sbm,M4_mrf_gcn,tuned_grid,mf,20,2,,2.0,,0,,0.8,0.799821,0.802627,0.327924,0.818,0.815043,0.819361,0.310472,0.114633,0.529629,0.54268,1,343,,,,,0.5,0.4982,0.41454,0.18232,0.5,1.79426,,,,,,3.9861,,4225688,9f9bb01aee1b,flip=0.1540
M4_mrf_mlp-0520acdcb7,sbm,M4_mrf_mlp,tuned_grid,mf,20,2,,2.0,,0,,0.882,0.881488,0.394022,0.18084,0.874,0.872655,0.488031,0.209356,0.059289,0.504388,0.516478,1,82,,,,,0.5,0.4982,0.41454,0.18232,0.5,1.79426,,,,,,0.8575,,4225688,9f9bb01aee1b,flip=0.3790
OF-a11026d863,sbm,Oracle_F,oracle,closed_form,20,2,,,,,,0.742,,,,0.753,,,,,,,,,,,,,0.5,0.4982,0.41454,0.18232,0.5,1.79426,,,,,,,,4225688,9f9bb01aee1b,"feature-only Bayes rule, known generative parameters"
OG-781902ef60,sbm,Oracle_G,oracle,mf,20,2,,1.79426,,,,0.944,0.94405,0.177918,0.086996,0.942,0.941951,0.196557,0.093361,0.017243,0.499318,0.506933,1,52,,,,,0.5,0.4982,0.41454,0.18232,0.5,1.79426,,,,,,,,4225688,9f9bb01aee1b,true Gaussian unaries + generator-implied coupling
M0_mlp-4255cf8b57,sbm,M0_mlp,train,none,1,3,0.0,,,,84,0.352,0.348027,2.052725,0.881246,0.344,0.34169,1.978904,0.86817,0.246905,0.168946,0.183339,,,,,,,0.5,0.49955,0.41611,0.18326,0.5,1.79426,0.01,0.0005,64,0.5,0.496,,results/logits/M0_mlp-4255cf8b57.npz,4225688,9f9bb01aee1b,
M1_gcn-5a09dc1710,sbm,M1_gcn,train,none,1,3,0.0,,,,88,0.464,0.447447,1.518904,0.695739,0.485,0.469821,1.423145,0.66056,0.048093,0.237658,0.400774,,,,,,,0.5,0.49955,0.41611,0.18326,0.5,1.79426,0.005,0.001,64,0.5,3.623,,results/logits/M1_gcn-5a09dc1710.npz,4225688,9f9bb01aee1b,
LP-34f0f08cc5,sbm,LP,closed_form,label_prop,1,3,,,,,,0.156,0.060988,1.992229,0.8701,0.144,0.052233,1.993156,0.870638,0.09223,0.158993,0.941256,,,,,,,0.5,0.49955,0.41611,0.18326,0.5,1.79426,,,,,,,,4225688,9f9bb01aee1b,uses train labels as inference-time evidence
M2_lap-7b59f1d995,sbm,M2_lap,train,none,1,3,0.001,,,,88,0.464,0.447447,1.518994,0.695783,0.484,0.469058,1.423246,0.660606,0.045884,0.237615,0.400774,,,,,,,0.5,0.49955,0.41611,0.18326,0.5,1.79426,0.005,0.001,64,0.5,3.939,,,4225688,9f9bb01aee1b,
M2_lap-3dd6368d58,sbm,M2_lap,train,none,1,3,0.01,,,,88,0.464,0.447447,1.519811,0.696101,0.484,0.469058,1.424147,0.660945,0.047989,0.237229,0.400774,,,,,,,0.5,0.49955,0.41611,0.18326,0.5,1.79426,0.005,0.001,64,0.5,4.417,,,4225688,9f9bb01aee1b,
M2_lap-dcc9a22e61,sbm,M2_lap,train,none,1,3,0.1,,,,45,0.462,0.441439,1.575932,0.723824,0.466,0.447868,1.532387,0.707404,0.156726,0.176091,0.407161,,,,,,,0.5,0.49955,0.41611,0.18326,0.5,1.79426,0.005,0.001,64,0.5,2.761,,,4225688,9f9bb01aee1b,
M2_lap-690f040197,sbm,M2_lap,train,none,1,3,0.5,,,,44,0.458,0.437312,1.587881,0.729356,0.465,0.447279,1.546276,0.713655,0.165103,0.172823,0.405092,,,,,,,0.5,0.49955,0.41611,0.18326,0.5,1.79426,0.005,0.001,64,0.5,2.671,,,4225688,9f9bb01aee1b,
M2_lap-119d428426,sbm,M2_lap,train,none,1,3,1.0,,,,44,0.458,0.439899,1.595821,0.733176,0.468,0.452097,1.554586,0.717626,0.172551,0.171218,0.404192,,,,,,,0.5,0.49955,0.41611,0.18326,0.5,1.79426,0.005,0.001,64,0.5,2.728,,,4225688,9f9bb01aee1b,
M2_lap-9573937cd2,sbm,M2_lap,train,none,1,3,5.0,,,,38,0.434,0.42434,1.670558,0.765713,0.453,0.443298,1.639719,0.753978,0.210247,0.157463,0.388359,,,,,,,0.5,0.49955,0.41611,0.18326,0.5,1.79426,0.005,0.001,64,0.5,2.949,,,4225688,9f9bb01aee1b,
M4_mrf_gcn-f661c1725e,sbm,M4_mrf_gcn,tuned_grid,mf,1,3,,0.05,,0,,0.464,0.446327,1.516159,0.693555,0.486,0.469576,1.418952,0.657991,0.059249,0.24596,0.411929,1,5,,,,,0.5,0.49955,0.41611,0.18326,0.5,1.79426,,,,,,0.0478,,4225688,9f9bb01aee1b,flip=0.0210
M4_mrf_mlp-54871c9628,sbm,M4_mrf_mlp,tuned_grid,mf,1,3,,0.05,,0,,0.352,0.348602,2.045092,0.878145,0.347,0.344844,1.967036,0.864072,0.245483,0.173925,0.191616,1,4,,,,,0.5,0.49955,0.41611,0.18326,0.5,1.79426,,,,,,0.0283,,4225688,9f9bb01aee1b,flip=0.0230
M4_mrf_gcn-6fca9529c2,sbm,M4_mrf_gcn,tuned_grid,mf,1,3,,0.1,,0,,0.46,0.440131,1.51517,0.691992,0.485,0.467567,1.416244,0.656025,0.059103,0.255065,0.420745,1,6,,,,,0.5,0.49955,0.41611,0.18326,0.5,1.79426,,,,,,0.0441,,4225688,9f9bb01aee1b,flip=0.0390
M4_mrf_mlp-a8fe966948,sbm,M4_mrf_mlp,tuned_grid,mf,1,3,,0.1,,0,,0.356,0.350483,2.038858,0.875351,0.35,0.347562,1.95647,0.860214,0.244596,0.179269,0.199082,1,5,,,,,0.5,0.49955,0.41611,0.18326,0.5,1.79426,,,,,,0.0371,,4225688,9f9bb01aee1b,flip=0.0370
M4_mrf_gcn-718163caa2,sbm,M4_mrf_gcn,tuned_grid,mf,1,3,,0.25,,0,,0.466,0.441299,1.528534,0.69302,0.475,0.449867,1.422583,0.655889,0.079088,0.287803,0.445844,1,9,,,,,0.5,0.49955,0.41611,0.18326,0.5,1.79426,,,,,,0.0462,,4225688,9f9bb01aee1b,flip=0.0880
M4_mrf_mlp-3317fbdb51,sbm,M4_mrf_mlp,tuned_grid,mf,1,3,,0.25,,0,,0.37,0.360182,2.030779,0.869355,0.362,0.35682,1.934709,0.850839,0.243016,0.198383,0.234617,1,9,,,,,0.5,0.49955,0.41611,0.18326,0.5,1.79426,,,,,,0.0541,,4225688,9f9bb01aee1b,flip=0.0920
M4_mrf_gcn-fc993099cf,sbm,M4_mrf_gcn,tuned_grid,mf,1,3,,0.5,,0,,0.462,0.42119,1.674158,0.737054,0.472,0.428683,1.546929,0.696198,0.162029,0.363861,0.497661,1,60,,,,,0.5,0.49955,0.41611,0.18326,0.5,1.79426,,,,,,0.586,,4225688,9f9bb01aee1b,flip=0.1770
M4_mrf_mlp-6f81d192db,sbm,M4_mrf_mlp,tuned_grid,mf,1,3,,0.5,,0,,0.366,0.351375,2.105951,0.881727,0.377,0.367583,1.983915,0.860295,0.266599,0.254484,0.312792,1,25,,,,,0.5,0.49955,0.41611,0.18326,0.5,1.79426,,,,,,0.2381,,4225688,9f9bb01aee1b,flip=0.1970
M4_mrf_gcn-8f9fc1184b,sbm,M4_mrf_gcn,tuned_grid,mf,1,3,,1.0,,0,,0.188,0.121758,5.537122,1.518365,0.21,0.136767,5.271165,1.483632,0.728592,0.893685,0.934869,1,186,,,,,0.5,0.49955,0.41611,0.18326,0.5,1.79426,,,,,,1.8838,,4225688,9f9bb01aee1b,flip=0.6990
M4_mrf_mlp-9178e7012a,sbm,M4_mrf_mlp,tuned_grid,mf,1,3,,1.0,,0,,0.166,0.084861,6.3114,1.574671,0.153,0.075379,6.032063,1.58967,0.784229,0.911311,0.957449,1,25,,,,,0.5,0.49955,0.41611,0.18326,0.5,1.79426,,,,,,0.2051,,4225688,9f9bb01aee1b,flip=0.7180
M4_mrf_gcn-83a644094a,sbm,M4_mrf_gcn,tuned_grid,mf,1,3,,2.0,,0,,0.138,0.034708,12.936336,1.712851,0.151,0.037581,12.377791,1.687277,0.843527,0.996648,0.99883,1,45,,,,,0.5,0.49955,0.41611,0.18326,0.5,1.79426,,,,,,0.4608,,4225688,9f9bb01aee1b,flip=0.7680
M4_mrf_mlp-196067bebd,sbm,M4_mrf_mlp,tuned_grid,mf,1,3,,2.0,,0,,0.144,0.035964,13.399484,1.699724,0.131,0.033152,12.996497,1.725764,0.863192,0.99544,0.998471,1,11,,,,,0.5,0.49955,0.41611,0.18326,0.5,1.79426,,,,,,0.1289,,4225688,9f9bb01aee1b,flip=0.7550
OF-3908bd3e77,sbm,Oracle_F,oracle,closed_form,1,3,,,,,,0.722,,,,0.722,,,,,,,,,,,,,0.5,0.49955,0.41611,0.18326,0.5,1.79426,,,,,,,,4225688,9f9bb01aee1b,"feature-only Bayes rule, known generative parameters"
OG-64c7dc3adc,sbm,Oracle_G,oracle,mf,1,3,,1.79426,,,,0.914,0.913978,0.210045,0.114848,0.936,0.935546,0.226127,0.10582,0.018042,0.496494,0.504498,1,223,,,,,0.5,0.49955,0.41611,0.18326,0.5,1.79426,,,,,,,,4225688,9f9bb01aee1b,true Gaussian unaries + generator-implied coupling
M0_mlp-546a8859f5,sbm,M0_mlp,train,none,5,3,0.0,,,,29,0.508,0.506132,1.453826,0.665572,0.473,0.475875,1.436483,0.673349,0.100896,0.176071,0.206639,,,,,,,0.5,0.49955,0.41611,0.18326,0.5,1.79426,0.01,0.0005,64,0.5,0.305,,results/logits/M0_mlp-546a8859f5.npz,4225688,9f9bb01aee1b,
M1_gcn-18ab4a3f6b,sbm,M1_gcn,train,none,5,3,0.0,,,,42,0.79,0.790612,1.045017,0.490225,0.795,0.794072,1.025761,0.47867,0.373633,0.214803,0.475801,,,,,,,0.5,0.49955,0.41611,0.18326,0.5,1.79426,0.005,0.001,64,0.5,2.407,,results/logits/M1_gcn-18ab4a3f6b.npz,4225688,9f9bb01aee1b,
LP-ba04e33278,sbm,LP,closed_form,label_prop,5,3,,,,,,0.284,0.233674,1.974348,0.847681,0.279,0.222442,1.911117,0.844604,0.116583,0.150401,0.502609,,,,,,,0.5,0.49955,0.41611,0.18326,0.5,1.79426,,,,,,,,4225688,9f9bb01aee1b,uses train labels as inference-time evidence
M2_lap-19f8d580d1,sbm,M2_lap,train,none,5,3,0.001,,,,42,0.79,0.790612,1.045062,0.490248,0.795,0.794072,1.025811,0.478696,0.373657,0.214792,0.475801,,,,,,,0.5,0.49955,0.41611,0.18326,0.5,1.79426,0.005,0.001,64,0.5,2.652,,,4225688,9f9bb01aee1b,
M2_lap-f4975f291a,sbm,M2_lap,train,none,5,3,0.01,,,,42,0.79,0.790612,1.045505,0.490468,0.795,0.794072,1.026276,0.478934,0.373868,0.214699,0.475801,,,,,,,0.5,0.49955,0.41611,0.18326,0.5,1.79426,0.005,0.001,64,0.5,2.574,,,4225688,9f9bb01aee1b,
M2_lap-60667a65cf,sbm,M2_lap,train,none,5,3,0.1,,,,41,0.788,0.788929,1.069501,0.502178,0.796,0.794854,1.05015,0.490687,0.386793,0.209315,0.47652,,,,,,,0.5,0.49955,0.41611,0.18326,0.5,1.79426,0.005,0.001,64,0.5,2.587,,,4225688,9f9bb01aee1b,
M2_lap-d280d37008,sbm,M2_lap,train,none,5,3,0.5,,,,42,0.782,0.782817,1.069632,0.50239,0.785,0.784311,1.052519,0.492299,0.376044,0.209404,0.471842,,,,,,,0.5,0.49955,0.41611,0.18326,0.5,1.79426,0.005,0.001,64,0.5,2.789,,,4225688,9f9bb01aee1b,
M2_lap-bcce02bde0,sbm,M2_lap,train,none,5,3,1.0,,,,47,0.782,0.783359,1.026972,0.482219,0.771,0.771281,1.013587,0.474157,0.337097,0.221049,0.467254,,,,,,,0.5,0.49955,0.41611,0.18326,0.5,1.79426,0.005,0.001,64,0.5,2.851,,,4225688,9f9bb01aee1b,
M2_lap-885b256f45,sbm,M2_lap,train,none,5,3,5.0,,,,30,0.76,0.760979,1.404538,0.661005,0.763,0.762656,1.392914,0.655295,0.490435,0.161582,0.467974,,,,,,,0.5,0.49955,0.41611,0.18326,0.5,1.79426,0.005,0.001,64,0.5,2.285,,,4225688,9f9bb01aee1b,
M4_mrf_gcn-5f393e0c79,sbm,M4_mrf_gcn,tuned_grid,mf,5,3,,0.05,,0,,0.79,0.790615,1.016344,0.47556,0.798,0.797103,0.995729,0.463174,0.361581,0.223004,0.480119,1,5,,,,,0.5,0.49955,0.41611,0.18326,0.5,1.79426,,,,,,0.0399,,4225688,9f9bb01aee1b,flip=0.0050
M4_mrf_mlp-ce0227f971,sbm,M4_mrf_mlp,tuned_grid,mf,5,3,,0.05,,0,,0.51,0.508055,1.425942,0.655004,0.479,0.481866,1.408374,0.662237,0.098094,0.18131,0.214915,1,4,,,,,0.5,0.49955,0.41611,0.18326,0.5,1.79426,,,,,,0.0314,,4225688,9f9bb01aee1b,flip=0.0110
M4_mrf_gcn-1e6c6db021,sbm,M4_mrf_gcn,tuned_grid,mf,5,3,,0.1,,0,,0.786,0.785619,0.985763,0.459985,0.802,0.801129,0.963666,0.446698,0.348857,0.23246,0.483627,1,6,,,,,0.5,0.49955,0.41611,0.18326,0.5,1.79426,,,,,,0.0523,,4225688,9f9bb01aee1b,flip=0.0130
M4_mrf_mlp-abb2821e3f,sbm,M4_mrf_mlp,tuned_grid,mf,5,3,,0.1,,0,,0.512,0.509989,1.397427,0.643879,0.491,0.494126,1.379764,0.650733,0.089991,0.186954,0.223282,1,5,,,,,0.5,0.49955,0.41611,0.18326,0.5,1.79426,,,,,,0.0347,,4225688,9f9bb01aee1b,flip=0.0340
M4_mrf_gcn-842b738ea5,sbm,M4_mrf_gcn,tuned_grid,mf,5,3,,0.25,,0,,0.798,0.797646,0.883942,0.409275,0.81,0.809193,0.856785,0.392932,0.296077,0.269492,0.493343,1,9,,,,,0.5,0.49955,0.41611,0.18326,0.5,1.79426,,,,,,0.0886,,4225688,9f9bb01aee1b,flip=0.0470
M4_mrf_mlp-a8cb7da835,sbm,M4_mrf_mlp,tuned_grid,mf,5,3,,0.25,,0,,0.546,0.54473,1.306567,0.606428,0.523,0.52591,1.28966,0.613378,0.074536,0.2071,0.254948,1,8,,,,,0.5,0.49955,0.41611,0.18326,0.5,1.79426,,,,,,0.0431,,4225688,9f9bb01aee1b,flip=0.0860
M4_mrf_gcn-2e189f60c5,sbm,M4_mrf_gcn,tuned_grid,mf,5,3,,0.5,,0,,0.802,0.802039,0.713332,0.331186,0.821,0.820922,0.678408,0.310519,0.185767,0.352076,0.506027,1,16,,,,,0.5,0.49955,0.41611,0.18326,0.5,1.79426,,,,,,0.1364,,4225688,9f9bb01aee1b,flip=0.0890
M4_mrf_mlp-a2447911b1,sbm,M4_mrf_mlp,tuned_grid,mf,5,3,,0.5,,0,,0.612,0.611774,1.134285,0.529435,0.586,0.589272,1.125183,0.542064,0.070164,0.256604,0.316841,1,17,,,,,0.5,0.49955,0.41611,0.18326,0.5,1.79426,,,,,,0.1507,,4225688,9f9bb01aee1b,flip=0.1740
M4_mrf_gcn-d5ffba2dee,sbm,M4_mrf_gcn,tuned_grid,mf,5,3,,1.0,,0,,0.802,0.802138,0.565032,0.274562,0.815,0.814279,0.533792,0.260406,0.031275,0.46743,0.527708,1,63,,,,,0.5,0.49955,0.41611,0.18326,0.5,1.79426,,,,,,0.5876,,4225688,9f9bb01aee1b,flip=0.1540
M4_mrf_mlp-605532896e,sbm,M4_mrf_mlp,tuned_grid,mf,5,3,,1.0,,0,,0.176,0.117336,5.145405,1.529188,0.193,0.116323,5.182747,1.495588,0.733103,0.881847,0.928571,1,48,,,,,0.5,0.49955,0.41611,0.18326,0.5,1.79426,,,,,,0.4763,,4225688,9f9bb01aee1b,flip=0.7430
M4_mrf_gcn-c3948d1238,sbm,M4_mrf_gcn,tuned_grid,mf,5,3,,2.0,,0,,0.792,0.791531,0.816116,0.34287,0.799,0.798451,0.8286,0.338248,0.126681,0.526972,0.541022,1,212,,,,,0.5,0.49955,0.41611,0.18326,0.5,1.79426,,,,,,2.0478,,4225688,9f9bb01aee1b,flip=0.1930
M4_mrf_mlp-1cc1e8183d,sbm,M4_mrf_mlp,tuned_grid,mf,5,3,,2.0,,0,,0.136,0.041212,12.320874,1.719746,0.154,0.040079,12.329472,1.678459,0.839874,0.994217,0.997211,1,38,,,,,0.5,0.49955,0.41611,0.18326,0.5,1.79426,,,,,,0.3642,,4225688,9f9bb01aee1b,flip=0.8040
OF-6485afff7e,sbm,Oracle_F,oracle,closed_form,5,3,,,,,,0.702,,,,0.719,,,,,,,,,,,,,0.5,0.49955,0.41611,0.18326,0.5,1.79426,,,,,,,,4225688,9f9bb01aee1b,"feature-only Bayes rule, known generative parameters"
OG-50e04e9a7e,sbm,Oracle_G,oracle,mf,5,3,,1.79426,,,,0.932,0.931482,0.221427,0.108091,0.923,0.922609,0.230817,0.113327,0.021422,0.496494,0.504498,1,223,,,,,0.5,0.49955,0.41611,0.18326,0.5,1.79426,,,,,,,,4225688,9f9bb01aee1b,true Gaussian unaries + generator-implied coupling
M0_mlp-0dba118f6f,sbm,M0_mlp,train,none,20,3,0.0,,,,67,0.604,0.603052,1.447101,0.607956,0.573,0.573376,1.50165,0.619729,0.205592,0.229201,0.25072,,,,,,,0.5,0.49955,0.41611,0.18326,0.5,1.79426,0.01,0.0005,64,0.5,0.449,,results/logits/M0_mlp-0dba118f6f.npz,4225688,9f9bb01aee1b,
M1_gcn-91a6ed1430,sbm,M1_gcn,train,none,20,3,0.0,,,,38,0.842,0.840208,0.9241,0.425049,0.834,0.833696,0.910884,0.418376,0.365737,0.237455,0.491454,,,,,,,0.5,0.49955,0.41611,0.18326,0.5,1.79426,0.005,0.001,64,0.5,2.593,,results/logits/M1_gcn-91a6ed1430.npz,4225688,9f9bb01aee1b,
LP-fae230d9fe,sbm,LP,closed_form,label_prop,20,3,,,,,,0.434,0.427857,1.757263,0.790623,0.407,0.404498,1.848867,0.799214,0.197609,0.159814,0.461047,,,,,,,0.5,0.49955,0.41611,0.18326,0.5,1.79426,,,,,,,,4225688,9f9bb01aee1b,uses train labels as inference-time evidence
M2_lap-c24f81a0d9,sbm,M2_lap,train,none,20,3,0.001,,,,38,0.842,0.840208,0.924143,0.425071,0.834,0.833696,0.910925,0.418396,0.365759,0.237443,0.491454,,,,,,,0.5,0.49955,0.41611,0.18326,0.5,1.79426,0.005,0.001,64,0.5,2.613,,,4225688,9f9bb01aee1b,
M2_lap-791957d36c,sbm,M2_lap,train,none,20,3,0.01,,,,73,0.842,0.840935,0.580102,0.266554,0.831,0.830281,0.573224,0.264345,0.106792,0.387155,0.489385,,,,,,,0.5,0.49955,0.41611,0.18326,0.5,1.79426,0.005,0.001,64,0.5,3.45,,,4225688,9f9bb01aee1b,
M2_lap-d27f9d86ee,sbm,M2_lap,train,none,20,3,0.1,,,,86,0.842,0.840928,0.579239,0.265414,0.827,0.82618,0.570974,0.264307,0.084897,0.397645,0.489025,,,,,,,0.5,0.49955,0.41611,0.18326,0.5,1.79426,0.005,0.001,64,0.5,3.919,,,4225688,9f9bb01aee1b,
M2_lap-a0d5af4859,sbm,M2_lap,train,none,20,3,0.5,,,,47,0.842,0.840866,0.796896,0.363219,0.832,0.831381,0.782905,0.35599,0.284372,0.281041,0.490734,,,,,,,0.5,0.49955,0.41611,0.18326,0.5,1.79426,0.005,0.001,64,0.5,3.29,,,4225688,9f9bb01aee1b,
M2_lap-d20b35532b,sbm,M2_lap,train,none,20,3,1.0,,,,49,0.842,0.840192,0.82692,0.378053,0.829,0.828482,0.811557,0.370161,0.297715,0.271824,0.488485,,,,,,,0.5,0.49955,0.41611,0.18326,0.5,1.79426,0.005,0.001,64,0.5,3.443,,,4225688,9f9bb01aee1b,
M2_lap-6e6723c25f,sbm,M2_lap,train,none,20,3,5.0,,,,27,0.832,0.830034,1.331178,0.625984,0.824,0.823218,1.318209,0.621062,0.533673,0.165279,0.487855,,,,,,,0.5,0.49955,0.41611,0.18326,0.5,1.79426,0.005,0.001,64,0.5,3.207,,,4225688,9f9bb01aee1b,
M4_mrf_gcn-838c7b802d,sbm,M4_mrf_gcn,tuned_grid,mf,20,3,,0.05,,0,,0.836,0.834296,0.893275,0.409139,0.841,0.840501,0.879129,0.401992,0.355434,0.247903,0.494692,1,5,,,,,0.5,0.49955,0.41611,0.18326,0.5,1.79426,,,,,,0.0683,,4225688,9f9bb01aee1b,flip=0.0140
M4_mrf_mlp-df81b46f5c,sbm,M4_mrf_mlp,tuned_grid,mf,20,3,,0.05,,0,,0.608,0.606654,1.413427,0.59587,0.581,0.581203,1.464493,0.607258,0.199855,0.236111,0.254768,1,4,,,,,0.5,0.49955,0.41611,0.18326,0.5,1.79426,,,,,,0.079,,4225688,9f9bb01aee1b,flip=0.0080
M4_mrf_gcn-b3e67bb39a,sbm,M4_mrf_gcn,tuned_grid,mf,20,3,,0.1,,0,,0.838,0.836276,0.860923,0.392583,0.846,0.845556,0.845916,0.385069,0.34157,0.259626,0.498561,1,5,,,,,0.5,0.49955,0.41611,0.18326,0.5,1.79426,,,,,,0.061,,4225688,9f9bb01aee1b,flip=0.0200
M4_mrf_mlp-5be0cc4d34,sbm,M4_mrf_mlp,tuned_grid,mf,20,3,,0.1,,0,,0.616,0.614138,1.379804,0.583592,0.59,0.590147,1.427658,0.594692,0.19328,0.243228,0.264933,1,5,,,,,0.5,0.49955,0.41611,0.18326,0.5,1.79426,,,,,,0.0352,,4225688,9f9bb01aee1b,flip=0.0180
M4_mrf_gcn-5bae3e594d,sbm,M4_mrf_gcn,tuned_grid,mf,20,3,,0.25,,0,,0.844,0.842274,0.758255,0.341583,0.845,0.844714,0.741083,0.333606,0.276416,0.302021,0.505308,1,8,,,,,0.5,0.49955,0.41611,0.18326,0.5,1.79426,,,,,,0.151,,4225688,9f9bb01aee1b,flip=0.0320
M4_mrf_mlp-b872a91878,sbm,M4_mrf_mlp,tuned_grid,mf,20,3,,0.25,,0,,0.642,0.641253,1.279194,0.545858,0.617,0.616337,1.318967,0.556436,0.175693,0.265871,0.289852,1,7,,,,,0.5,0.49955,0.41611,0.18326,0.5,1.79426,,,,,,0.0474,,4225688,9f9bb01aee1b,flip=0.0640
M4_mrf_gcn-6caff8aad0,sbm,M4_mrf_gcn,tuned_grid,mf,20,3,,0.5,,0,,0.842,0.840589,0.606127,0.274012,0.851,0.850643,0.584839,0.264463,0.17149,0.380906,0.514574,1,15,,,,,0.5,0.49955,0.41611,0.18326,0.5,1.79426,,,,,,0.1881,,4225688,9f9bb01aee1b,flip=0.0650
M4_mrf_mlp-d7ad50696b,sbm,M4_mrf_mlp,tuned_grid,mf,20,3,,0.5,,0,,0.688,0.686207,1.117335,0.483544,0.661,0.659722,1.145299,0.492428,0.153745,0.307467,0.333753,1,11,,,,,0.5,0.49955,0.41611,0.18326,0.5,1.79426,,,,,,0.2061,,4225688,9f9bb01aee1b,flip=0.1200
M4_mrf_gcn-7e94b74dab,sbm,M4_mrf_gcn,tuned_grid,mf,20,3,,1.0,,0,,0.824,0.823669,0.511493,0.249906,0.851,0.850911,0.465944,0.224637,0.031809,0.47654,0.528158,1,163,,,,,0.5,0.49955,0.41611,0.18326,0.5,1.79426,,,,,,2.2963,,4225688,9f9bb01aee1b,flip=0.1070
M4_mrf_mlp-b92da822e1,sbm,M4_mrf_mlp,tuned_grid,mf,20,3,,1.0,,0,,0.764,0.760917,0.870063,0.381987,0.756,0.754557,0.846683,0.370052,0.107372,0.386453,0.40815,1,47,,,,,0.5,0.49955,0.41611,0.18326,0.5,1.79426,,,,,,0.6569,,4225688,9f9bb01aee1b,flip=0.2300
M4_mrf_gcn-fe1dde986a,sbm,M4_mrf_gcn,tuned_grid,mf,20,3,,2.0,,0,,0.788,0.785555,0.827106,0.354631,0.813,0.812723,0.69294,0.296912,0.11003,0.528274,0.540392,1,134,,,,,0.5,0.49955,0.41611,0.18326,0.5,1.79426,,,,,,2.0891,,4225688,9f9bb01aee1b,flip=0.1480
M4_mrf_mlp-50235e6ca7,sbm,M4_mrf_mlp,tuned_grid,mf,20,3,,2.0,,0,,0.842,0.841287,0.663629,0.258983,0.834,0.832556,0.618396,0.265494,0.098947,0.472701,0.479399,1,79,,,,,0.5,0.49955,0.41611,0.18326,0.5,1.79426,,,,,,1.124,,4225688,9f9bb01aee1b,flip=0.3410
OF-71b74f3864,sbm,Oracle_F,oracle,closed_form,20,3,,,,,,0.734,,,,0.719,,,,,,,,,,,,,0.5,0.49955,0.41611,0.18326,0.5,1.79426,,,,,,,,4225688,9f9bb01aee1b,"feature-only Bayes rule, known generative parameters"
OG-4fabd866dd,sbm,Oracle_G,oracle,mf,20,3,,1.79426,,,,0.932,0.931715,0.207283,0.101987,0.923,0.922673,0.229401,0.118089,0.019584,0.496494,0.504498,1,223,,,,,0.5,0.49955,0.41611,0.18326,0.5,1.79426,,,,,,,,4225688,9f9bb01aee1b,true Gaussian unaries + generator-implied coupling
M0_mlp-30e655fd43,sbm,M0_mlp,train,none,1,4,0.0,,,,134,0.364,0.351671,1.992352,0.859019,0.363,0.353529,2.039961,0.870547,0.24947,0.165852,0.177302,,,,,,,0.5,0.5013,0.41816,0.18499,0.5,1.79426,0.01,0.0005,64,0.5,0.934,,results/logits/M0_mlp-30e655fd43.npz,4225688,9f9bb01aee1b,
M1_gcn-182e0da2bb,sbm,M1_gcn,train,none,1,4,0.0,,,,79,0.718,0.714667,1.012246,0.483112,0.686,0.682835,1.043182,0.497606,0.198503,0.245151,0.444464,,,,,,,0.5,0.5013,0.41816,0.18499,0.5,1.79426,0.005,0.001,64,0.5,5.137,,results/logits/M1_gcn-182e0da2bb.npz,4225688,9f9bb01aee1b,
LP-5d5ca2d4ef,sbm,LP,closed_form,label_prop,1,4,,,,,,0.122,0.060967,2.071089,0.863189,0.169,0.061302,1.965331,0.861359,0.070177,0.150355,0.959724,,,,,,,0.5,0.5013,0.41816,0.18499,0.5,1.79426,,,,,,,,4225688,9f9bb01aee1b,uses train labels as inference-time evidence
M2_lap-72ac12ed3a,sbm,M2_lap,train,none,1,4,0.001,,,,79,0.718,0.714667,1.012456,0.483213,0.686,0.682835,1.043366,0.497692,0.198613,0.245091,0.444464,,,,,,,0.5,0.5013,0.41816,0.18499,0.5,1.79426,0.005,0.001,64,0.5,5.668,,,4225688,9f9bb01aee1b,
M2_lap-a59d7e8010,sbm,M2_lap,train,none,1,4,0.01,,,,79,0.718,0.714667,1.014216,0.484048,0.686,0.682835,1.044931,0.498412,0.199583,0.244563,0.444017,,,,,,,0.5,0.5013,0.41816,0.18499,0.5,1.79426,0.005,0.001,64,0.5,5.682,,,4225688,9f9bb01aee1b,
M2_lap-de77930c23,sbm,M2_lap,train,none,1,4,0.1,,,,69,0.712,0.705993,1.064657,0.507263,0.68,0.675598,1.095665,0.521205,0.223964,0.230918,0.447149,,,,,,,0.5,0.5013,0.41816,0.18499,0.5,1.79426,0.005,0.001,64,0.5,5.596,,,4225688,9f9bb01aee1b,
M2_lap-42a669d805,sbm,M2_lap,train,none,1,4,0.5,,,,70,0.686,0.680613,1.119749,0.53389,0.673,0.669682,1.145441,0.54501,0.242987,0.218247,0.436588,,,,,,,0.5,0.5013,0.41816,0.18499,0.5,1.79426,0.005,0.001,64,0.5,5.323,,,4225688,9f9bb01aee1b,
M2_lap-e1bc90430a,sbm,M2_lap,train,none,1,4,1.0,,,,38,0.668,0.66126,1.387089,0.653484,0.656,0.647012,1.401183,0.659175,0.362427,0.169609,0.441958,,,,,,,0.5,0.5013,0.41816,0.18499,0.5,1.79426,0.005,0.001,64,0.5,3.911,,,4225688,9f9bb01aee1b,
M2_lap-4fe57b8bb6,sbm,M2_lap,train,none,1,4,5.0,,,,31,0.632,0.623407,1.533364,0.714936,0.618,0.606282,1.540468,0.717921,0.373625,0.157629,0.436499,,,,,,,0.5,0.5013,0.41816,0.18499,0.5,1.79426,0.005,0.001,64,0.5,3.802,,,4225688,9f9bb01aee1b,
M4_mrf_gcn-b9f80b1951,sbm,M4_mrf_gcn,tuned_grid,mf,1,4,,0.05,,0,,0.72,0.715691,0.988229,0.471177,0.685,0.681705,1.020213,0.486593,0.182156,0.254872,0.450371,1,5,,,,,0.5,0.5013,0.41816,0.18499,0.5,1.79426,,,,,,0.108,,4225688,9f9bb01aee1b,flip=0.0110
M4_mrf_mlp-0cc0edbd66,sbm,M4_mrf_mlp,tuned_grid,mf,1,4,,0.05,,0,,0.364,0.351652,1.975832,0.852731,0.368,0.358753,2.021757,0.864223,0.245672,0.170331,0.182941,1,4,,,,,0.5,0.5013,0.41816,0.18499,0.5,1.79426,,,,,,0.0618,,4225688,9f9bb01aee1b,flip=0.0100
M4_mrf_gcn-ec2507b05c,sbm,M4_mrf_gcn,tuned_grid,mf,1,4,,0.1,,0,,0.72,0.715654,0.963407,0.458877,0.689,0.685342,0.996859,0.47554,0.169478,0.265618,0.457084,1,5,,,,,0.5,0.5013,0.41816,0.18499,0.5,1.79426,,,,,,0.0709,,4225688,9f9bb01aee1b,flip=0.0260
M4_mrf_mlp-a667419fa3,sbm,M4_mrf_mlp,tuned_grid,mf,1,4,,0.1,,0,,0.362,0.348279,1.960009,0.846353,0.373,0.363435,2.004152,0.857846,0.245458,0.17509,0.191265,1,5,,,,,0.5,0.5013,0.41816,0.18499,0.5,1.79426,,,,,,0.0377,,4225688,9f9bb01aee1b,flip=0.0220
M4_mrf_gcn-5a9d910ac2,sbm,M4_mrf_gcn,tuned_grid,mf,1,4,,0.25,,0,,0.742,0.736337,0.886626,0.421219,0.694,0.690021,0.928454,0.444425,0.118047,0.303971,0.472299,1,9,,,,,0.5,0.5013,0.41816,0.18499,0.5,1.79426,,,,,,0.1631,,4225688,9f9bb01aee1b,flip=0.0540
M4_mrf_mlp-8391101872,sbm,M4_mrf_mlp,tuned_grid,mf,1,4,,0.25,,0,,0.386,0.368736,1.916887,0.826627,0.394,0.382695,1.955022,0.838224,0.230646,0.191631,0.219726,1,8,,,,,0.5,0.5013,0.41816,0.18499,0.5,1.79426,,,,,,0.0576,,4225688,9f9bb01aee1b,flip=0.0720
M4_mrf_gcn-c89ad62f08,sbm,M4_mrf_gcn,tuned_grid,mf,1,4,,0.5,,0,,0.762,0.755646,0.787491,0.373166,0.699,0.692082,0.86425,0.418429,0.053587,0.378537,0.500045,1,28,,,,,0.5,0.5013,0.41816,0.18499,0.5,1.79426,,,,,,0.5243,,4225688,9f9bb01aee1b,flip=0.1240
M4_mrf_mlp-ad471d8d34,sbm,M4_mrf_mlp,tuned_grid,mf,1,4,,0.5,,0,,0.43,0.406392,1.872318,0.794657,0.416,0.393279,1.897218,0.805641,0.23809,0.233001,0.277992,1,18,,,,,0.5,0.5013,0.41816,0.18499,0.5,1.79426,,,,,,0.1383,,4225688,9f9bb01aee1b,flip=0.1570
M4_mrf_gcn-d3eb526987,sbm,M4_mrf_gcn,tuned_grid,mf,1,4,,1.0,,0,,0.692,0.651783,1.16027,0.485894,0.644,0.618948,1.353875,0.551909,0.187575,0.508841,0.561353,1,72,,,,,0.5,0.5013,0.41816,0.18499,0.5,1.79426,,,,,,1.177,,4225688,9f9bb01aee1b,flip=0.2590
M4_mrf_mlp-218f7e28a5,sbm,M4_mrf_mlp,tuned_grid,mf,1,4,,1.0,,0,,0.192,0.102794,5.577104,1.494772,0.178,0.084607,5.79867,1.532766,0.754578,0.897588,0.948447,1,36,,,,,0.5,0.5013,0.41816,0.18499,0.5,1.79426,,,,,,0.4892,,4225688,9f9bb01aee1b,flip=0.7520
M4_mrf_gcn-b07df3c30d,sbm,M4_mrf_gcn,tuned_grid,mf,1,4,,2.0,,0,,0.162,0.054983,11.645871,1.659685,0.124,0.03693,12.517632,1.737614,0.869028,0.994983,0.997852,1,41,,,,,0.5,0.5013,0.41816,0.18499,0.5,1.79426,,,,,,0.668,,4225688,9f9bb01aee1b,flip=0.8330
M4_mrf_mlp-27b69d8fa3,sbm,M4_mrf_mlp,tuned_grid,mf,1,4,,2.0,,0,,0.164,0.048501,12.306202,1.655041,0.16,0.044642,12.769065,1.6654,0.829924,0.992536,0.995972,1,18,,,,,0.5,0.5013,0.41816,0.18499,0.5,1.79426,,,,,,0.2428,,4225688,9f9bb01aee1b,flip=0.8010
OF-726b33bda6,sbm,Oracle_F,oracle,closed_form,1,4,,,,,,0.738,,,,0.723,,,,,,,,,,,,,0.5,0.5013,0.41816,0.18499,0.5,1.79426,,,,,,,,4225688,9f9bb01aee1b,"feature-only Bayes rule, known generative parameters"
OG-814e5aab2c,sbm,Oracle_G,oracle,mf,1,4,,1.79426,,,,0.916,0.913777,0.214502,0.10704,0.918,0.918004,0.232299,0.114762,0.021368,0.500882,0.509621,1,34,,,,,0.5,0.5013,0.41816,0.18499,0.5,1.79426,,,,,,,,4225688,9f9bb01aee1b,true Gaussian unaries + generator-implied coupling
M0_mlp-81920b2c5e,sbm,M0_mlp,train,none,5,4,0.0,,,,38,0.452,0.455648,1.701747,0.741834,0.445,0.446206,1.69486,0.761987,0.203603,0.189436,0.21364,,,,,,,0.5,0.5013,0.41816,0.18499,0.5,1.79426,0.01,0.0005,64,0.5,0.516,,results/logits/M0_mlp-81920b2c5e.npz,4225688,9f9bb01aee1b,
M1_gcn-f6de53aebc,sbm,M1_gcn,train,none,5,4,0.0,,,,79,0.816,0.816421,0.688513,0.315735,0.791,0.790149,0.672802,0.315047,0.13275,0.35226,0.479638,,,,,,,0.5,0.5013,0.41816,0.18499,0.5,1.79426,0.005,0.001,64,0.5,4.841,,results/logits/M1_gcn-f6de53aebc.npz,4225688,9f9bb01aee1b,
LP-b1ba67fcd3,sbm,LP,closed_form,label_prop,5,4,,,,,,0.236,0.211735,1.89559,0.839849,0.239,0.213458,1.928442,0.842405,0.115755,0.148215,0.649781,,,,,,,0.5,0.5013,0.41816,0.18499,0.5,1.79426,,,,,,,,4225688,9f9bb01aee1b,uses train labels as inference-time evidence
M2_lap-0e4c6896ab,sbm,M2_lap,train,none,5,4,0.001,,,,79,0.816,0.816421,0.688685,0.315815,0.791,0.790149,0.672978,0.315129,0.132863,0.352189,0.479638,,,,,,,0.5,0.5013,0.41816,0.18499,0.5,1.79426,0.005,0.001,64,0.5,5.93,,,4225688,9f9bb01aee1b,
M2_lap-a7833d22e3,sbm,M2_lap,train,none,5,4,0.01,,,,79,0.816,0.816421,0.690313,0.316587,0.791,0.79026,0.674701,0.315938,0.131913,0.351532,0.479817,,,,,,,0.5,0.5013,0.41816,0.18499,0.5,1.79426,0.005,0.001,64,0.5,5.625,,,4225688,9f9bb01aee1b,
M2_lap-d3f3b26798,sbm,M2_lap,train,none,5,4,0.1,,,,58,0.812,0.811393,0.795357,0.362819,0.798,0.797508,0.782489,0.360484,0.227522,0.296523,0.479459,,,,,,,0.5,0.5013,0.41816,0.18499,0.5,1.79426,0.005,0.001,64,0.5,5.261,,,4225688,9f9bb01aee1b,
M2_lap-01a15eeda9,sbm,M2_lap,train,none,5,4,0.5,,,,47,0.8,0.799093,0.944676,0.434351,0.798,0.797472,0.93532,0.432402,0.327323,0.240705,0.477938,,,,,,,0.5,0.5013,0.41816,0.18499,0.5,1.79426,0.005,0.001,64,0.5,4.118,,,4225688,9f9bb01aee1b,
M2_lap-f40366bfba,sbm,M2_lap,train,none,5,4,1.0,,,,45,0.798,0.796957,1.002372,0.463223,0.791,0.79033,0.994083,0.461655,0.352277,0.224607,0.477311,,,,,,,0.5,0.5013,0.41816,0.18499,0.5,1.79426,0.005,0.001,64,0.5,4.099,,,4225688,9f9bb01aee1b,
M2_lap-5b8b713174,sbm,M2_lap,train,none,5,4,5.0,,,,33,0.78,0.779129,1.3179,0.618961,0.787,0.785797,1.314603,0.618925,0.489804,0.168632,0.477848,,,,,,,0.5,0.5013,0.41816,0.18499,0.5,1.79426,0.005,0.001,64,0.5,3.742,,,4225688,9f9bb01aee1b,
M4_mrf_gcn-0393f56e43,sbm,M4_mrf_gcn,tuned_grid,mf,5,4,,0.05,,0,,0.814,0.814586,0.669799,0.307233,0.793,0.792228,0.654892,0.306607,0.115056,0.363615,0.48286,1,4,,,,,0.5,0.5013,0.41816,0.18499,0.5,1.79426,,,,,,0.1614,,4225688,9f9bb01aee1b,flip=0.0060
M4_mrf_mlp-3c87711c00,sbm,M4_mrf_mlp,tuned_grid,mf,5,4,,0.05,,0,,0.45,0.454211,1.671747,0.730919,0.453,0.454204,1.667797,0.752802,0.198548,0.195291,0.222053,1,4,,,,,0.5,0.5013,0.41816,0.18499,0.5,1.79426,,,,,,0.0311,,4225688,9f9bb01aee1b,flip=0.0130
M4_mrf_gcn-305fc4c317,sbm,M4_mrf_gcn,tuned_grid,mf,5,4,,0.1,,0,,0.816,0.816516,0.652068,0.299373,0.794,0.793237,0.637917,0.298768,0.10662,0.374795,0.485814,1,5,,,,,0.5,0.5013,0.41816,0.18499,0.5,1.79426,,,,,,0.0331,,4225688,9f9bb01aee1b,flip=0.0150
M4_mrf_mlp-3bcbdf92be,sbm,M4_mrf_mlp,tuned_grid,mf,5,4,,0.1,,0,,0.454,0.458358,1.641887,0.719773,0.46,0.46075,1.640901,0.743386,0.195014,0.201489,0.230824,1,5,,,,,0.5,0.5013,0.41816,0.18499,0.5,1.79426,,,,,,0.0445,,4225688,9f9bb01aee1b,flip=0.0260
M4_mrf_gcn-1bdbc36165,sbm,M4_mrf_gcn,tuned_grid,mf,5,4,,0.25,,0,,0.82,0.820331,0.606282,0.280123,0.806,0.804818,0.593806,0.279153,0.072049,0.406202,0.495659,1,7,,,,,0.5,0.5013,0.41816,0.18499,0.5,1.79426,,,,,,0.059,,4225688,9f9bb01aee1b,flip=0.0340
M4_mrf_mlp-89c0e68bed,sbm,M4_mrf_mlp,tuned_grid,mf,5,4,,0.25,,0,,0.482,0.484887,1.553215,0.685009,0.482,0.482936,1.561318,0.71377,0.186681,0.222609,0.259644,1,8,,,,,0.5,0.5013,0.41816,0.18499,0.5,1.79426,,,,,,0.1097,,4225688,9f9bb01aee1b,flip=0.0660
M4_mrf_gcn-d907ebc06f,sbm,M4_mrf_gcn,tuned_grid,mf,5,4,,0.5,,0,,0.804,0.803548,0.560136,0.26362,0.82,0.819375,0.54682,0.259277,0.043716,0.447686,0.50989,1,12,,,,,0.5,0.5013,0.41816,0.18499,0.5,1.79426,,,,,,0.1017,,4225688,9f9bb01aee1b,flip=0.0680
M4_mrf_mlp-1d2a06ca5e,sbm,M4_mrf_mlp,tuned_grid,mf,5,4,,0.5,,0,,0.53,0.527977,1.41897,0.627676,0.521,0.52065,1.440463,0.662007,0.18081,0.268825,0.314598,1,19,,,,,0.5,0.5013,0.41816,0.18499,0.5,1.79426,,,,,,0.2378,,4225688,9f9bb01aee1b,flip=0.1360
M4_mrf_gcn-5cf6f06576,sbm,M4_mrf_gcn,tuned_grid,mf,5,4,,1.0,,0,,0.806,0.805269,0.572033,0.270556,0.823,0.822645,0.544392,0.252413,0.04864,0.495019,0.525374,1,31,,,,,0.5,0.5013,0.41816,0.18499,0.5,1.79426,,,,,,0.5206,,4225688,9f9bb01aee1b,flip=0.1130
M4_mrf_mlp-4204f55974,sbm,M4_mrf_mlp,tuned_grid,mf,5,4,,1.0,,0,,0.224,0.172713,5.089491,1.437623,0.189,0.120111,5.174954,1.486339,0.738154,0.843529,0.894299,1,68,,,,,0.5,0.5013,0.41816,0.18499,0.5,1.79426,,,,,,0.9571,,4225688,9f9bb01aee1b,flip=0.7170
M4_mrf_gcn-ce98633dd1,sbm,M4_mrf_gcn,tuned_grid,mf,5,4,,2.0,,0,,0.81,0.810266,0.803976,0.310721,0.814,0.813539,0.798526,0.297041,0.121436,0.527704,0.537098,1,107,,,,,0.5,0.5013,0.41816,0.18499,0.5,1.79426,,,,,,1.5753,,4225688,9f9bb01aee1b,flip=0.1410
M4_mrf_mlp-7c84719a8c,sbm,M4_mrf_mlp,tuned_grid,mf,5,4,,2.0,,0,,0.158,0.046285,12.274161,1.671937,0.15,0.04454,12.622077,1.684635,0.842555,0.991701,0.995525,1,29,,,,,0.5,0.5013,0.41816,0.18499,0.5,1.79426,,,,,,0.4379,,4225688,9f9bb01aee1b,flip=0.7860
OF-4f6595f44c,sbm,Oracle_F,oracle,closed_form,5,4,,,,,,0.72,,,,0.733,,,,,,,,,,,,,0.5,0.5013,0.41816,0.18499,0.5,1.79426,,,,,,,,4225688,9f9bb01aee1b,"feature-only Bayes rule, known generative parameters"
OG-9b257077bc,sbm,Oracle_G,oracle,mf,5,4,,1.79426,,,,0.926,0.925794,0.217781,0.102384,0.934,0.933759,0.207309,0.098896,0.009793,0.500882,0.509621,1,34,,,,,0.5,0.5013,0.41816,0.18499,0.5,1.79426,,,,,,,,4225688,9f9bb01aee1b,true Gaussian unaries + generator-implied coupling
M0_mlp-ecdfa243f9,sbm,M0_mlp,train,none,20,4,0.0,,,,28,0.646,0.64654,1.02194,0.493937,0.628,0.627619,1.042977,0.502708,0.070407,0.222399,0.266356,,,,,,,0.5,0.5013,0.41816,0.18499,0.5,1.79426,0.01,0.0005,64,0.5,0.378,,results/logits/M0_mlp-ecdfa243f9.npz,4225688,9f9bb01aee1b,
M1_gcn-7ae62547df,sbm,M1_gcn,train,none,20,4,0.0,,,,65,0.836,0.834946,0.59104,0.271794,0.848,0.847727,0.584701,0.265894,0.148333,0.377193,0.497091,,,,,,,0.5,0.5013,0.41816,0.18499,0.5,1.79426,0.005,0.001,64,0.5,4.483,,results/logits/M1_gcn-7ae62547df.npz,4225688,9f9bb01aee1b,
LP-6ee82d61bf,sbm,LP,closed_form,label_prop,20,4,,,,,,0.444,0.439099,1.763128,0.794676,0.443,0.434015,1.818413,0.796182,0.230836,0.159881,0.435872,,,,,,,0.5,0.5013,0.41816,0.18499,0.5,1.79426,,,,,,,,4225688,9f9bb01aee1b,uses train labels as inference-time evidence
M2_lap-b78aef9eec,sbm,M2_lap,train,none,20,4,0.001,,,,65,0.836,0.834946,0.591138,0.271835,0.848,0.847727,0.584795,0.265934,0.148413,0.377142,0.497091,,,,,,,0.5,0.5013,0.41816,0.18499,0.5,1.79426,0.005,0.001,64,0.5,5.272,,,4225688,9f9bb01aee1b,
M2_lap-368b305472,sbm,M2_lap,train,none,20,4,0.01,,,,65,0.836,0.834946,0.591964,0.272184,0.849,0.848721,0.585631,0.266296,0.150133,0.376693,0.497091,,,,,,,0.5,0.5013,0.41816,0.18499,0.5,1.79426,0.005,0.001,64,0.5,5.532,,,4225688,9f9bb01aee1b,
M2_lap-f1cb112a93,sbm,M2_lap,train,none,20,4,0.1,,,,67,0.834,0.833107,0.593886,0.273642,0.846,0.845733,0.588204,0.268085,0.146719,0.377111,0.49727,,,,,,,0.5,0.5013,0.41816,0.18499,0.5,1.79426,0.005,0.001,64,0.5,5.351,,,4225688,9f9bb01aee1b,
M2_lap-a17de1aab1,sbm,M2_lap,train,none,20,4,0.5,,,,38,0.83,0.82979,0.947115,0.437652,0.849,0.848657,0.945722,0.436415,0.40035,0.229883,0.496375,,,,,,,0.5,0.5013,0.41816,0.18499,0.5,1.79426,0.005,0.001,64,0.5,4.277,,,4225688,9f9bb01aee1b,
M2_lap-651e4ab002,sbm,M2_lap,train,none,20,4,1.0,,,,37,0.824,0.824315,0.992184,0.460535,0.846,0.845726,0.989958,0.458966,0.420123,0.218741,0.497002,,,,,,,0.5,0.5013,0.41816,0.18499,0.5,1.79426,0.005,0.001,64,0.5,3.528,,,4225688,9f9bb01aee1b,
M2_lap-ee35cd2f03,sbm,M2_lap,train,none,20,4,5.0,,,,28,0.828,0.828523,1.309176,0.617493,0.825,0.825349,1.305324,0.615466,0.530905,0.167411,0.489752,,,,,,,0.5,0.5013,0.41816,0.18499,0.5,1.79426,0.005,0.001,64,0.5,3.218,,,4225688,9f9bb01aee1b,
M4_mrf_gcn-108e6e288f,sbm,M4_mrf_gcn,tuned_grid,mf,20,4,,0.05,,0,,0.836,0.835122,0.573922,0.264431,0.853,0.852629,0.567726,0.258481,0.139637,0.388215,0.500671,1,4,,,,,0.5,0.5013,0.41816,0.18499,0.5,1.79426,,,,,,0.0324,,4225688,9f9bb01aee1b,flip=0.0080
M4_mrf_mlp-af746e5db6,sbm,M4_mrf_mlp,tuned_grid,mf,20,4,,0.05,,0,,0.656,0.656787,0.9889,0.480174,0.639,0.638946,1.007488,0.486698,0.0592,0.231029,0.277007,1,4,,,,,0.5,0.5013,0.41816,0.18499,0.5,1.79426,,,,,,0.0915,,4225688,9f9bb01aee1b,flip=0.0150
M4_mrf_gcn-4d111f5ab2,sbm,M4_mrf_gcn,tuned_grid,mf,20,4,,0.1,,0,,0.84,0.839412,0.557898,0.257707,0.852,0.851609,0.551833,0.251703,0.125344,0.398846,0.502998,1,5,,,,,0.5,0.5013,0.41816,0.18499,0.5,1.79426,,,,,,0.0347,,4225688,9f9bb01aee1b,flip=0.0140
M4_mrf_mlp-758583ea9c,sbm,M4_mrf_mlp,tuned_grid,mf,20,4,,0.1,,0,,0.662,0.662449,0.955545,0.465974,0.657,0.656563,0.971809,0.470325,0.048401,0.24021,0.292759,1,5,,,,,0.5,0.5013,0.41816,0.18499,0.5,1.79426,,,,,,0.066,,4225688,9f9bb01aee1b,flip=0.0350
M4_mrf_gcn-5fa2e25bcc,sbm,M4_mrf_gcn,tuned_grid,mf,20,4,,0.25,,0,,0.84,0.839512,0.517455,0.241675,0.852,0.851551,0.51143,0.23519,0.0884,0.42757,0.509442,1,7,,,,,0.5,0.5013,0.41816,0.18499,0.5,1.79426,,,,,,0.0817,,4225688,9f9bb01aee1b,flip=0.0300
M4_mrf_mlp-2b51c9ad3a,sbm,M4_mrf_mlp,tuned_grid,mf,20,4,,0.25,,0,,0.704,0.703686,0.853911,0.420794,0.696,0.694803,0.863807,0.419565,0.052671,0.271263,0.332498,1,8,,,,,0.5,0.5013,0.41816,0.18499,0.5,1.79426,,,,,,0.1263,,4225688,9f9bb01aee1b,flip=0.0840
M4_mrf_gcn-56567ab0ec,sbm,M4_mrf_gcn,tuned_grid,mf,20,4,,0.5,,0,,0.842,0.842021,0.477587,0.228607,0.848,0.847536,0.469456,0.219206,0.0382,0.463217,0.514902,1,11,,,,,0.5,0.5013,0.41816,0.18499,0.5,1.79426,,,,,,0.216,,4225688,9f9bb01aee1b,flip=0.0530
M4_mrf_mlp-5be403ef86,sbm,M4_mrf_mlp,tuned_grid,mf,20,4,,0.5,,0,,0.75,0.749795,0.688878,0.342411,0.754,0.752862,0.6881,0.335354,0.040366,0.331882,0.385572,1,12,,,,,0.5,0.5013,0.41816,0.18499,0.5,1.79426,,,,,,0.081,,4225688,9f9bb01aee1b,flip=0.1580
M4_mrf_gcn-4638c71cb1,sbm,M4_mrf_gcn,tuned_grid,mf,20,4,,1.0,,0,,0.838,0.838102,0.484228,0.235759,0.843,0.842477,0.468801,0.220828,0.030631,0.500825,0.524568,1,32,,,,,0.5,0.5013,0.41816,0.18499,0.5,1.79426,,,,,,0.4535,,4225688,9f9bb01aee1b,flip=0.0870
M4_mrf_mlp-2fa6b1f8dd,sbm,M4_mrf_mlp,tuned_grid,mf,20,4,,1.0,,0,,0.828,0.828147,0.467349,0.234895,0.853,0.851662,0.441144,0.208989,0.022588,0.436024,0.46863,1,34,,,,,0.5,0.5013,0.41816,0.18499,0.5,1.79426,,,,,,0.4763,,4225688,9f9bb01aee1b,flip=0.2640
M4_mrf_gcn-37a00b9b27,sbm,M4_mrf_gcn,tuned_grid,mf,20,4,,2.0,,0,,0.808,0.808771,0.718293,0.29028,0.824,0.823969,0.678661,0.272328,0.10562,0.527861,0.536293,1,150,,,,,0.5,0.5013,0.41816,0.18499,0.5,1.79426,,,,,,2.4237,,4225688,9f9bb01aee1b,flip=0.1370
M4_mrf_mlp-dab0d2c05b,sbm,M4_mrf_mlp,tuned_grid,mf,20,4,,2.0,,0,,0.866,0.86638,0.468696,0.210108,0.884,0.88374,0.378488,0.169199,0.048699,0.503484,0.512754,1,138,,,,,0.5,0.5013,0.41816,0.18499,0.5,1.79426,,,,,,2.0513,,4225688,9f9bb01aee1b,flip=0.3540
OF-da390d9c9b,sbm,Oracle_F,oracle,closed_form,20,4,,,,,,0.76,,,,0.74,,,,,,,,,,,,,0.5,0.5013,0.41816,0.18499,0.5,1.79426,,,,,,,,4225688,9f9bb01aee1b,"feature-only Bayes rule, known generative parameters"
OG-9d8ada875c,sbm,Oracle_G,oracle,mf,20,4,,1.79426,,,,0.9,0.898321,0.280993,0.138747,0.926,0.925563,0.21168,0.100136,0.014989,0.500882,0.509621,1,34,,,,,0.5,0.5013,0.41816,0.18499,0.5,1.79426,,,,,,,,4225688,9f9bb01aee1b,true Gaussian unaries + generator-implied coupling
M0_mlp-1f5a7e9cc7,sbm,M0_mlp,train,none,1,5,0.0,,,,21,0.302,0.298164,1.835628,0.822449,0.313,0.308454,1.751645,0.799305,0.086164,0.153765,0.182647,,,,,,,0.5,0.50757,0.42548,0.19121,0.5,1.79426,0.01,0.0005,64,0.5,0.44,,results/logits/M0_mlp-1f5a7e9cc7.npz,4225688,9f9bb01aee1b,
M1_gcn-c1fad92319,sbm,M1_gcn,train,none,1,5,0.0,,,,111,0.536,0.526563,1.261961,0.611553,0.512,0.505125,1.277067,0.625637,0.045441,0.25527,0.421602,,,,,,,0.5,0.50757,0.42548,0.19121,0.5,1.79426,0.005,0.001,64,0.5,6.04,,results/logits/M1_gcn-c1fad92319.npz,4225688,9f9bb01aee1b,
LP-79d56b213f,sbm,LP,closed_form,label_prop,1,5,,,,,,0.152,0.045437,1.957827,0.860466,0.149,0.053102,1.988412,0.862327,0.059663,0.151962,0.968482,,,,,,,0.5,0.50757,0.42548,0.19121,0.5,1.79426,,,,,,,,4225688,9f9bb01aee1b,uses train labels as inference-time evidence
M2_lap-e38ca47408,sbm,M2_lap,train,none,1,5,0.001,,,,111,0.536,0.526563,1.262419,0.611772,0.513,0.50599,1.277542,0.625859,0.046524,0.255215,0.422045,,,,,,,0.5,0.50757,0.42548,0.19121,0.5,1.79426,0.005,0.001,64,0.5,7.343,,,4225688,9f9bb01aee1b,
M2_lap-bf52453643,sbm,M2_lap,train,none,1,5,0.01,,,,111,0.536,0.526563,1.26584,0.613375,0.513,0.506236,1.280978,0.627419,0.049814,0.254589,0.422134,,,,,,,0.5,0.50757,0.42548,0.19121,0.5,1.79426,0.005,0.001,64,0.5,6.535,,,4225688,9f9bb01aee1b,
M2_lap-ca098d9d66,sbm,M2_lap,train,none,1,5,0.1,,,,65,0.528,0.526556,1.316778,0.634595,0.523,0.515509,1.323059,0.64142,0.113504,0.217955,0.41629,,,,,,,0.5,0.50757,0.42548,0.19121,0.5,1.79426,0.005,0.001,64,0.5,5.034,,,4225688,9f9bb01aee1b,
M2_lap-42555d7a5e,sbm,M2_lap,train,none,1,5,0.5,,,,64,0.498,0.499375,1.353336,0.652175,0.495,0.489028,1.359992,0.658283,0.101286,0.212576,0.416645,,,,,,,0.5,0.50757,0.42548,0.19121,0.5,1.79426,0.005,0.001,64,0.5,4.746,,,4225688,9f9bb01aee1b,
M2_lap-4ec9f77943,sbm,M2_lap,train,none,1,5,1.0,,,,64,0.478,0.479839,1.391073,0.669297,0.474,0.470007,1.398202,0.674915,0.09394,0.208259,0.419743,,,,,,,0.5,0.50757,0.42548,0.19121,0.5,1.79426,0.005,0.001,64,0.5,4.274,,,4225688,9f9bb01aee1b,
M2_lap-4745e434a5,sbm,M2_lap,train,none,1,5,5.0,,,,34,0.462,0.443935,1.604295,0.748692,0.431,0.416518,1.61307,0.75282,0.193704,0.162172,0.436122,,,,,,,0.5,0.50757,0.42548,0.19121,0.5,1.79426,0.005,0.001,64,0.5,3.768,,,4225688,9f9bb01aee1b,
M4_mrf_gcn-efb453373c,sbm,M4_mrf_gcn,tuned_grid,mf,1,5,,0.05,,0,,0.532,0.519175,1.254178,0.607851,0.517,0.509053,1.273001,0.624254,0.039078,0.26433,0.431253,1,5,,,,,0.5,0.50757,0.42548,0.19121,0.5,1.79426,,,,,,0.096,,4225688,9f9bb01aee1b,flip=0.0160
M4_mrf_mlp-d90a540a6e,sbm,M4_mrf_mlp,tuned_grid,mf,1,5,,0.05,,0,,0.302,0.296809,1.825551,0.818732,0.323,0.318101,1.741073,0.795664,0.082586,0.156219,0.192032,1,4,,,,,0.5,0.50757,0.42548,0.19121,0.5,1.79426,,,,,,0.0395,,4225688,9f9bb01aee1b,flip=0.0180
M4_mrf_gcn-54f70cdbdc,sbm,M4_mrf_gcn,tuned_grid,mf,1,5,,0.1,,0,,0.534,0.521904,1.24812,0.605032,0.514,0.504345,1.271056,0.623881,0.031327,0.274348,0.438513,1,6,,,,,0.5,0.50757,0.42548,0.19121,0.5,1.79426,,,,,,0.0578,,4225688,9f9bb01aee1b,flip=0.0290
M4_mrf_mlp-e365ab0f67,sbm,M4_mrf_mlp,tuned_grid,mf,1,5,,0.1,,0,,0.308,0.301798,1.815479,0.814879,0.328,0.322858,1.730522,0.791943,0.084807,0.158955,0.201948,1,5,,,,,0.5,0.50757,0.42548,0.19121,0.5,1.79426,,,,,,0.0473,,4225688,9f9bb01aee1b,flip=0.0400
M4_mrf_gcn-9e9857607d,sbm,M4_mrf_gcn,tuned_grid,mf,1,5,,0.25,,0,,0.54,0.520702,1.248694,0.6056,0.498,0.480811,1.287335,0.632841,0.077352,0.311556,0.472953,1,11,,,,,0.5,0.50757,0.42548,0.19121,0.5,1.79426,,,,,,0.1104,,4225688,9f9bb01aee1b,flip=0.0930
M4_mrf_mlp-637e2b5395,sbm,M4_mrf_mlp,tuned_grid,mf,1,5,,0.25,,0,,0.304,0.296272,1.785556,0.802202,0.349,0.342465,1.699318,0.780232,0.078919,0.170265,0.233909,1,10,,,,,0.5,0.50757,0.42548,0.19121,0.5,1.79426,,,,,,0.1312,,4225688,9f9bb01aee1b,flip=0.0950
M4_mrf_gcn-ce6fcb967f,sbm,M4_mrf_gcn,tuned_grid,mf,1,5,,0.5,,0,,0.482,0.435475,1.462072,0.698588,0.46,0.418251,1.547674,0.740371,0.226164,0.410125,0.537494,1,48,,,,,0.5,0.50757,0.42548,0.19121,0.5,1.79426,,,,,,0.6947,,4225688,9f9bb01aee1b,flip=0.2040
M4_mrf_mlp-ae1185a2e8,sbm,M4_mrf_mlp,tuned_grid,mf,1,5,,0.5,,0,,0.22,0.182777,2.412251,1.071049,0.249,0.201176,2.287241,1.033342,0.386978,0.457769,0.750509,1,74,,,,,0.5,0.50757,0.42548,0.19121,0.5,1.79426,,,,,,0.9551,,4225688,9f9bb01aee1b,flip=0.5800
M4_mrf_gcn-9b268103f0,sbm,M4_mrf_gcn,tuned_grid,mf,1,5,,1.0,,0,,0.164,0.059871,6.002606,1.597724,0.156,0.061354,6.169267,1.616491,0.806484,0.956334,0.985038,1,28,,,,,0.5,0.50757,0.42548,0.19121,0.5,1.79426,,,,,,0.3586,,4225688,9f9bb01aee1b,flip=0.7050
M4_mrf_mlp-5a8428088d,sbm,M4_mrf_mlp,tuned_grid,mf,1,5,,1.0,,0,,0.136,0.034266,6.618405,1.656815,0.165,0.047833,6.449574,1.610387,0.802032,0.967051,0.996901,1,13,,,,,0.5,0.50757,0.42548,0.19121,0.5,1.79426,,,,,,0.1889,,4225688,9f9bb01aee1b,flip=0.7690
M4_mrf_gcn-91196c8bd2,sbm,M4_mrf_gcn,tuned_grid,mf,1,5,,2.0,,0,,0.152,0.037698,12.884524,1.686888,0.146,0.03982,13.162456,1.697563,0.848939,0.997432,0.999734,1,15,,,,,0.5,0.50757,0.42548,0.19121,0.5,1.79426,,,,,,0.1222,,4225688,9f9bb01aee1b,flip=0.7240
M4_mrf_mlp-c85f0f3a1d,sbm,M4_mrf_mlp,tuned_grid,mf,1,5,,2.0,,0,,0.136,0.034205,13.49951,1.721321,0.162,0.041687,13.267509,1.670569,0.834538,0.998335,0.999911,1,8,,,,,0.5,0.50757,0.42548,0.19121,0.5,1.79426,,,,,,0.1301,,4225688,9f9bb01aee1b,flip=0.7730
OF-37935eab8d,sbm,Oracle_F,oracle,closed_form,1,5,,,,,,0.734,,,,0.729,,,,,,,,,,,,,0.5,0.50757,0.42548,0.19121,0.5,1.79426,,,,,,,,4225688,9f9bb01aee1b,"feature-only Bayes rule, known generative parameters"
OG-7d1ae8c330,sbm,Oracle_G,oracle,mf,1,5,,1.79426,,,,0.958,0.957582,0.128598,0.065229,0.937,0.937136,0.189561,0.092558,0.011155,0.50775,0.515626,1,78,,,,,0.5,0.50757,0.42548,0.19121,0.5,1.79426,,,,,,,,4225688,9f9bb01aee1b,true Gaussian unaries + generator-implied coupling
M0_mlp-7e58c4daad,sbm,M0_mlp,train,none,5,5,0.0,,,,26,0.46,0.454861,1.475155,0.694604,0.433,0.434611,1.585061,0.7236,0.081291,0.167103,0.200089,,,,,,,0.5,0.50757,0.42548,0.19121,0.5,1.79426,0.01,0.0005,64,0.5,0.381,,results/logits/M0_mlp-7e58c4daad.npz,4225688,9f9bb01aee1b,
M1_gcn-addf071202,sbm,M1_gcn,train,none,5,5,0.0,,,,35,0.846,0.837212,1.171574,0.552664,0.788,0.786064,1.225689,0.576669,0.452853,0.184394,0.487738,,,,,,,0.5,0.50757,0.42548,0.19121,0.5,1.79426,0.005,0.001,64,0.5,3.239,,results/logits/M1_gcn-addf071202.npz,4225688,9f9bb01aee1b,
LP-36b25e6b94,sbm,LP,closed_form,label_prop,5,5,,,,,,0.212,0.141724,1.900944,0.84176,0.183,0.129944,1.9494,0.847727,0.129339,0.15104,0.812218,,,,,,,0.5,0.50757,0.42548,0.19121,0.5,1.79426,,,,,,,,4225688,9f9bb01aee1b,uses train labels as inference-time evidence
M2_lap-bd163ce643,sbm,M2_lap,train,none,5,5,0.001,,,,35,0.846,0.837212,1.171599,0.552677,0.788,0.786064,1.225711,0.57668,0.452863,0.18439,0.487738,,,,,,,0.5,0.50757,0.42548,0.19121,0.5,1.79426,0.005,0.001,64,0.5,3.744,,,4225688,9f9bb01aee1b,
M2_lap-36f0c816b9,sbm,M2_lap,train,none,5,5,0.01,,,,35,0.846,0.837212,1.171883,0.552823,0.787,0.784931,1.225979,0.576814,0.451975,0.184351,0.487915,,,,,,,0.5,0.50757,0.42548,0.19121,0.5,1.79426,0.005,0.001,64,0.5,3.122,,,4225688,9f9bb01aee1b,
M2_lap-a0723336a8,sbm,M2_lap,train,none,5,5,0.1,,,,35,0.848,0.839112,1.174272,0.554071,0.787,0.784953,1.228169,0.577928,0.452958,0.183984,0.487207,,,,,,,0.5,0.50757,0.42548,0.19121,0.5,1.79426,0.005,0.001,64,0.5,3.156,,,4225688,9f9bb01aee1b,
M2_lap-83134ba3c9,sbm,M2_lap,train,none,5,5,0.5,,,,37,0.846,0.837492,1.141699,0.538764,0.783,0.781021,1.197744,0.563729,0.436388,0.189098,0.485702,,,,,,,0.5,0.50757,0.42548,0.19121,0.5,1.79426,0.005,0.001,64,0.5,3.134,,,4225688,9f9bb01aee1b,
M2_lap-2856776d9d,sbm,M2_lap,train,none,5,5,1.0,,,,33,0.844,0.834463,1.244384,0.588275,0.785,0.783155,1.29314,0.609065,0.476673,0.174764,0.48703,,,,,,,0.5,0.50757,0.42548,0.19121,0.5,1.79426,0.005,0.001,64,0.5,3.644,,,4225688,9f9bb01aee1b,
M2_lap-df69bd7efc,sbm,M2_lap,train,none,5,5,5.0,,,,27,0.828,0.814311,1.440403,0.677345,0.768,0.763572,1.477252,0.691231,0.520035,0.157465,0.484374,,,,,,,0.5,0.50757,0.42548,0.19121,0.5,1.79426,0.005,0.001,64,0.5,3.074,,,4225688,9f9bb01aee1b,
M4_mrf_gcn-5897068288,sbm,M4_mrf_gcn,tuned_grid,mf,5,5,,0.05,,0,,0.842,0.833412,1.143196,0.538081,0.788,0.786075,1.199851,0.563517,0.441918,0.189482,0.491899,1,5,,,,,0.5,0.50757,0.42548,0.19121,0.5,1.79426,,,,,,0.0832,,4225688,9f9bb01aee1b,flip=0.0100
M4_mrf_mlp-ff3f94659a,sbm,M4_mrf_mlp,tuned_grid,mf,5,5,,0.05,,0,,0.46,0.454817,1.449388,0.683917,0.436,0.437475,1.561795,0.715066,0.087234,0.171296,0.206817,1,4,,,,,0.5,0.50757,0.42548,0.19121,0.5,1.79426,,,,,,0.0245,,4225688,9f9bb01aee1b,flip=0.0070
M4_mrf_gcn-66fbc1bb36,sbm,M4_mrf_gcn,tuned_grid,mf,5,5,,0.1,,0,,0.844,0.835402,1.111903,0.521817,0.786,0.78419,1.171395,0.548863,0.427322,0.195619,0.493581,1,6,,,,,0.5,0.50757,0.42548,0.19121,0.5,1.79426,,,,,,0.044,,4225688,9f9bb01aee1b,flip=0.0170
M4_mrf_mlp-f862da8a36,sbm,M4_mrf_mlp,tuned_grid,mf,5,5,,0.1,,0,,0.472,0.467031,1.42271,0.672586,0.441,0.442745,1.537802,0.706005,0.071279,0.175859,0.219035,1,5,,,,,0.5,0.50757,0.42548,0.19121,0.5,1.79426,,,,,,0.0502,,4225688,9f9bb01aee1b,flip=0.0280
M4_mrf_gcn-d568bbb8b8,sbm,M4_mrf_gcn,tuned_grid,mf,5,5,,0.25,,0,,0.846,0.835656,0.996876,0.461233,0.784,0.781809,1.067188,0.494369,0.374154,0.223541,0.500753,1,9,,,,,0.5,0.50757,0.42548,0.19121,0.5,1.79426,,,,,,0.1446,,4225688,9f9bb01aee1b,flip=0.0400
M4_mrf_mlp-3511438f91,sbm,M4_mrf_mlp,tuned_grid,mf,5,5,,0.25,,0,,0.508,0.500964,1.33472,0.633509,0.481,0.482076,1.45926,0.674511,0.060634,0.192795,0.253298,1,8,,,,,0.5,0.50757,0.42548,0.19121,0.5,1.79426,,,,,,0.0901,,4225688,9f9bb01aee1b,flip=0.0850
M4_mrf_gcn-31e5ab85ed,sbm,M4_mrf_gcn,tuned_grid,mf,5,5,,0.5,,0,,0.824,0.798751,0.756719,0.339422,0.786,0.781501,0.852895,0.385476,0.239219,0.314549,0.514652,1,22,,,,,0.5,0.50757,0.42548,0.19121,0.5,1.79426,,,,,,0.2866,,4225688,9f9bb01aee1b,flip=0.1080
M4_mrf_mlp-2b1280b2fa,sbm,M4_mrf_mlp,tuned_grid,mf,5,5,,0.5,,0,,0.584,0.570428,1.147315,0.544643,0.55,0.548154,1.29413,0.600135,0.034363,0.242698,0.328818,1,27,,,,,0.5,0.50757,0.42548,0.19121,0.5,1.79426,,,,,,0.3791,,4225688,9f9bb01aee1b,flip=0.2100
M4_mrf_gcn-707557b3f9,sbm,M4_mrf_gcn,tuned_grid,mf,5,5,,1.0,,0,,0.142,0.035527,5.958102,1.642937,0.151,0.046543,5.932439,1.631899,0.816105,0.968086,0.996813,1,40,,,,,0.5,0.50757,0.42548,0.19121,0.5,1.79426,,,,,,0.4196,,4225688,9f9bb01aee1b,flip=0.8180
M4_mrf_mlp-e2fe4e4d57,sbm,M4_mrf_mlp,tuned_grid,mf,5,5,,1.0,,0,,0.156,0.058331,5.83814,1.600762,0.152,0.057258,6.064354,1.607548,0.800254,0.944419,0.984329,1,32,,,,,0.5,0.50757,0.42548,0.19121,0.5,1.79426,,,,,,0.4563,,4225688,9f9bb01aee1b,flip=0.7860
M4_mrf_gcn-0efab4092b,sbm,M4_mrf_gcn,tuned_grid,mf,5,5,,2.0,,0,,0.142,0.035527,12.983395,1.709871,0.148,0.040604,12.863199,1.697423,0.848245,0.99827,0.999823,1,24,,,,,0.5,0.50757,0.42548,0.19121,0.5,1.79426,,,,,,0.2568,,4225688,9f9bb01aee1b,flip=0.8210
M4_mrf_mlp-7d0081d155,sbm,M4_mrf_mlp,tuned_grid,mf,5,5,,2.0,,0,,0.144,0.035964,12.927995,1.70008,0.144,0.041392,13.106957,1.702332,0.849902,0.996843,0.999115,1,13,,,,,0.5,0.50757,0.42548,0.19121,0.5,1.79426,,,,,,0.176,,4225688,9f9bb01aee1b,flip=0.7990
OF-9958c851bd,sbm,Oracle_F,oracle,closed_form,5,5,,,,,,0.758,,,,0.726,,,,,,,,,,,,,0.5,0.50757,0.42548,0.19121,0.5,1.79426,,,,,,,,4225688,9f9bb01aee1b,"feature-only Bayes rule, known generative parameters"
OG-f4f2191682,sbm,Oracle_G,oracle,mf,5,5,,1.79426,,,,0.964,0.962999,0.123466,0.06397,0.926,0.925998,0.214425,0.103753,0.017471,0.50775,0.515626,1,78,,,,,0.5,0.50757,0.42548,0.19121,0.5,1.79426,,,,,,,,4225688,9f9bb01aee1b,true Gaussian unaries + generator-implied coupling
M0_mlp-50e8bc2f4a,sbm,M0_mlp,train,none,20,5,0.0,,,,21,0.614,0.616212,1.133943,0.55324,0.598,0.597948,1.11213,0.540623,0.054783,0.189202,0.253564,,,,,,,0.5,0.50757,0.42548,0.19121,0.5,1.79426,0.01,0.0005,64,0.5,0.356,,results/logits/M0_mlp-50e8bc2f4a.npz,4225688,9f9bb01aee1b,
M1_gcn-7e0d950cda,sbm,M1_gcn,train,none,20,5,0.0,,,,58,0.866,0.862233,0.584124,0.260564,0.891,0.890711,0.545233,0.242277,0.216291,0.355263,0.508101,,,,,,,0.5,0.50757,0.42548,0.19121,0.5,1.79426,0.005,0.001,64,0.5,4.144,,results/logits/M1_gcn-7e0d950cda.npz,4225688,9f9bb01aee1b,
LP-169f817e27,sbm,LP,closed_form,label_prop,20,5,,,,,,0.382,0.367548,1.807511,0.810265,0.396,0.396248,1.805007,0.798905,0.188188,0.159381,0.464542,,,,,,,0.5,0.50757,0.42548,0.19121,0.5,1.79426,,,,,,,,4225688,9f9bb01aee1b,uses train labels as inference-time evidence
M2_lap-19b6f981ce,sbm,M2_lap,train,none,20,5,0.001,,,,58,0.866,0.862233,0.584226,0.260608,0.891,0.890711,0.545346,0.242328,0.216368,0.355216,0.507835,,,,,,,0.5,0.50757,0.42548,0.19121,0.5,1.79426,0.005,0.001,64,0.5,3.97,,,4225688,9f9bb01aee1b,
M2_lap-1d35b97f91,sbm,M2_lap,train,none,20,5,0.01,,,,58,0.866,0.862233,0.585169,0.261024,0.891,0.890711,0.546347,0.24278,0.217069,0.354786,0.507835,,,,,,,0.5,0.50757,0.42548,0.19121,0.5,1.79426,0.005,0.001,64,0.5,4.131,,,4225688,9f9bb01aee1b,
M2_lap-7baf5298c0,sbm,M2_lap,train,none,20,5,0.1,,,,58,0.866,0.862233,0.59464,0.265208,0.891,0.890742,0.556564,0.247384,0.224181,0.350437,0.507835,,,,,,,0.5,0.50757,0.42548,0.19121,0.5,1.79426,0.005,0.001,64,0.5,4.169,,,4225688,9f9bb01aee1b,
M2_lap-1c98dad2d3,sbm,M2_lap,train,none,20,5,0.5,,,,55,0.864,0.860475,0.66488,0.296631,0.891,0.890628,0.631299,0.28129,0.275788,0.319151,0.507747,,,,,,,0.5,0.50757,0.42548,0.19121,0.5,1.79426,0.005,0.001,64,0.5,4.514,,,4225688,9f9bb01aee1b,
M2_lap-2631d5eb5c,sbm,M2_lap,train,none,20,5,1.0,,,,57,0.862,0.858076,0.726632,0.326497,0.882,0.881812,0.697039,0.31331,0.306466,0.296124,0.504737,,,,,,,0.5,0.50757,0.42548,0.19121,0.5,1.79426,0.005,0.001,64,0.5,4.553,,,4225688,9f9bb01aee1b,
M2_lap-cde7faa792,sbm,M2_lap,train,none,20,5,5.0,,,,29,0.848,0.846589,1.266093,0.596206,0.878,0.877781,1.248197,0.58938,0.570526,0.170487,0.50332,,,,,,,0.5,0.50757,0.42548,0.19121,0.5,1.79426,0.005,0.001,64,0.5,3.412,,,4225688,9f9bb01aee1b,
M4_mrf_gcn-ce9683d6df,sbm,M4_mrf_gcn,tuned_grid,mf,20,5,,0.05,,0,,0.866,0.862361,0.561477,0.250229,0.892,0.891628,0.521827,0.231601,0.200622,0.36799,0.510491,1,4,,,,,0.5,0.50757,0.42548,0.19121,0.5,1.79426,,,,,,0.0622,,4225688,9f9bb01aee1b,flip=0.0050
M4_mrf_mlp-938ff713fb,sbm,M4_mrf_mlp,tuned_grid,mf,20,5,,0.05,,0,,0.634,0.635895,1.100231,0.537901,0.615,0.615155,1.077827,0.52544,0.070408,0.195877,0.266224,1,5,,,,,0.5,0.50757,0.42548,0.19121,0.5,1.79426,,,,,,0.0566,,4225688,9f9bb01aee1b,flip=0.0190
M4_mrf_gcn-aa63137cbb,sbm,M4_mrf_gcn,tuned_grid,mf,20,5,,0.1,,0,,0.868,0.864292,0.539813,0.2406,0.894,0.893768,0.499393,0.22158,0.186165,0.38054,0.512793,1,5,,,,,0.5,0.50757,0.42548,0.19121,0.5,1.79426,,,,,,0.0304,,4225688,9f9bb01aee1b,flip=0.0090
M4_mrf_mlp-6d6aac4785,sbm,M4_mrf_mlp,tuned_grid,mf,20,5,,0.1,,0,,0.652,0.653658,1.064943,0.521517,0.635,0.635344,1.041837,0.509103,0.080885,0.203304,0.282869,1,5,,,,,0.5,0.50757,0.42548,0.19121,0.5,1.79426,,,,,,0.0393,,4225688,9f9bb01aee1b,flip=0.0420
M4_mrf_gcn-14b91600f9,sbm,M4_mrf_gcn,tuned_grid,mf,20,5,,0.25,,0,,0.872,0.868192,0.482738,0.216705,0.897,0.896844,0.440011,0.196201,0.142824,0.415608,0.517309,1,7,,,,,0.5,0.50757,0.42548,0.19121,0.5,1.79426,,,,,,0.0902,,4225688,9f9bb01aee1b,flip=0.0220
M4_mrf_mlp-91918d90e9,sbm,M4_mrf_mlp,tuned_grid,mf,20,5,,0.25,,0,,0.704,0.705257,0.946873,0.464739,0.69,0.690118,0.9213,0.451872,0.100143,0.231735,0.332625,1,9,,,,,0.5,0.50757,0.42548,0.19121,0.5,1.79426,,,,,,0.0748,,4225688,9f9bb01aee1b,flip=0.1080
M4_mrf_gcn-ede5597597,sbm,M4_mrf_gcn,tuned_grid,mf,20,5,,0.5,,0,,0.87,0.866105,0.419287,0.193881,0.902,0.901986,0.373365,0.170588,0.086318,0.460453,0.524303,1,11,,,,,0.5,0.50757,0.42548,0.19121,0.5,1.79426,,,,,,0.0834,,4225688,9f9bb01aee1b,flip=0.0410
M4_mrf_mlp-3fb8187023,sbm,M4_mrf_mlp,tuned_grid,mf,20,5,,0.5,,0,,0.774,0.774471,0.708262,0.34525,0.767,0.76649,0.679573,0.330953,0.093985,0.307838,0.412306,1,15,,,,,0.5,0.50757,0.42548,0.19121,0.5,1.79426,,,,,,0.292,,4225688,9f9bb01aee1b,flip=0.1950
M4_mrf_gcn-39984731fa,sbm,M4_mrf_gcn,tuned_grid,mf,20,5,,1.0,,0,,0.868,0.864322,0.390808,0.189,0.894,0.893951,0.339889,0.161813,0.020558,0.505672,0.532625,1,27,,,,,0.5,0.50757,0.42548,0.19121,0.5,1.79426,,,,,,0.3379,,4225688,9f9bb01aee1b,flip=0.0660
M4_mrf_mlp-3a9247131e,sbm,M4_mrf_mlp,tuned_grid,mf,20,5,,1.0,,0,,0.882,0.881277,0.379846,0.181332,0.893,0.893473,0.350961,0.168456,0.061108,0.44963,0.502258,1,30,,,,,0.5,0.50757,0.42548,0.19121,0.5,1.79426,,,,,,0.4239,,4225688,9f9bb01aee1b,flip=0.3350
M4_mrf_gcn-1990dd91e4,sbm,M4_mrf_gcn,tuned_grid,mf,20,5,,2.0,,0,,0.856,0.853225,0.526941,0.226208,0.878,0.877557,0.458392,0.194121,0.063034,0.532545,0.541479,1,120,,,,,0.5,0.50757,0.42548,0.19121,0.5,1.79426,,,,,,1.7034,,4225688,9f9bb01aee1b,flip=0.0940
M4_mrf_mlp-0529b1b81a,sbm,M4_mrf_mlp,tuned_grid,mf,20,5,,2.0,,0,,0.882,0.880796,0.360086,0.175409,0.897,0.896966,0.336666,0.159903,0.036719,0.51825,0.528995,1,143,,,,,0.5,0.50757,0.42548,0.19121,0.5,1.79426,,,,,,2.0091,,4225688,9f9bb01aee1b,flip=0.3940
OF-5aaad59c82,sbm,Oracle_F,oracle,closed_form,20,5,,,,,,0.754,,,,0.746,,,,,,,,,,,,,0.5,0.50757,0.42548,0.19121,0.5,1.79426,,,,,,,,4225688,9f9bb01aee1b,"feature-only Bayes rule, known generative parameters"
OG-ab0f1f62a2,sbm,Oracle_G,oracle,mf,20,5,,1.79426,,,,0.946,0.944603,0.174808,0.080716,0.937,0.936487,0.176158,0.090586,0.016508,0.50775,0.515626,1,78,,,,,0.5,0.50757,0.42548,0.19121,0.5,1.79426,,,,,,,,4225688,9f9bb01aee1b,true Gaussian unaries + generator-implied coupling
M0_mlp-3e52eb74b1,sbm,M0_mlp,train,none,1,6,0.0,,,,104,0.326,0.321575,2.070576,0.902464,0.352,0.34745,1.989479,0.86962,0.250957,0.166888,0.179026,,,,,,,0.5,0.50022,0.41689,0.18395,0.5,1.79426,0.01,0.0005,64,0.5,0.733,,results/logits/M0_mlp-3e52eb74b1.npz,4225688,9f9bb01aee1b,
M1_gcn-386a8ccb73,sbm,M1_gcn,train,none,1,6,0.0,,,,124,0.584,0.585819,1.214304,0.581092,0.573,0.569909,1.20146,0.574305,0.077676,0.244488,0.404914,,,,,,,0.5,0.50022,0.41689,0.18395,0.5,1.79426,0.005,0.001,64,0.5,6.113,,results/logits/M1_gcn-386a8ccb73.npz,4225688,9f9bb01aee1b,
LP-e0cdef3ca1,sbm,LP,closed_form,label_prop,1,6,,,,,,0.126,0.04213,2.002842,0.874407,0.145,0.043193,1.994709,0.865205,0.093901,0.15576,0.982887,,,,,,,0.5,0.50022,0.41689,0.18395,0.5,1.79426,,,,,,,,4225688,9f9bb01aee1b,uses train labels as inference-time evidence
M2_lap-e2bfb4c6e3,sbm,M2_lap,train,none,1,6,0.001,,,,124,0.584,0.585819,1.214816,0.581336,0.573,0.569909,1.201954,0.574539,0.077899,0.244394,0.4043,,,,,,,0.5,0.50022,0.41689,0.18395,0.5,1.79426,0.005,0.001,64,0.5,7.029,,,4225688,9f9bb01aee1b,
M2_lap-241a4dc065,sbm,M2_lap,train,none,1,6,0.01,,,,121,0.582,0.58379,1.220272,0.583667,0.575,0.571641,1.207443,0.576784,0.083101,0.243043,0.403686,,,,,,,0.5,0.50022,0.41689,0.18395,0.5,1.79426,0.005,0.001,64,0.5,7.233,,,4225688,9f9bb01aee1b,
M2_lap-e0da860834,sbm,M2_lap,train,none,1,6,0.1,,,,62,0.552,0.555271,1.341792,0.635007,0.563,0.55786,1.322999,0.625061,0.169803,0.20523,0.40667,,,,,,,0.5,0.50022,0.41689,0.18395,0.5,1.79426,0.005,0.001,64,0.5,4.758,,,4225688,9f9bb01aee1b,
M2_lap-0a5d8c1740,sbm,M2_lap,train,none,1,6,0.5,,,,62,0.536,0.537404,1.373832,0.64908,0.544,0.540468,1.353744,0.638908,0.162,0.201474,0.404914,,,,,,,0.5,0.50022,0.41689,0.18395,0.5,1.79426,0.005,0.001,64,0.5,4.792,,,4225688,9f9bb01aee1b,
M2_lap-3867531691,sbm,M2_lap,train,none,1,6,1.0,,,,54,0.522,0.526002,1.433619,0.674742,0.532,0.530428,1.414233,0.665254,0.186888,0.188378,0.405792,,,,,,,0.5,0.50022,0.41689,0.18395,0.5,1.79426,0.005,0.001,64,0.5,4.586,,,4225688,9f9bb01aee1b,
M2_lap-c9aee13dd3,sbm,M2_lap,train,none,1,6,5.0,,,,29,0.472,0.466869,1.686971,0.774972,0.489,0.480005,1.673065,0.769464,0.273887,0.152073,0.405353,,,,,,,0.5,0.50022,0.41689,0.18395,0.5,1.79426,0.005,0.001,64,0.5,3.481,,,4225688,9f9bb01aee1b,
M4_mrf_gcn-9a2d7bdb01,sbm,M4_mrf_gcn,tuned_grid,mf,1,6,,0.05,,0,,0.588,0.588977,1.202068,0.575413,0.575,0.5723,1.186749,0.567373,0.067274,0.252914,0.413164,1,5,,,,,0.5,0.50022,0.41689,0.18395,0.5,1.79426,,,,,,0.0494,,4225688,9f9bb01aee1b,flip=0.0190
M4_mrf_mlp-dab3f11704,sbm,M4_mrf_mlp,tuned_grid,mf,1,6,,0.05,,0,,0.326,0.321089,2.058201,0.897832,0.354,0.349328,1.975304,0.864981,0.250662,0.171469,0.187275,1,4,,,,,0.5,0.50022,0.41689,0.18395,0.5,1.79426,,,,,,0.0295,,4225688,9f9bb01aee1b,flip=0.0170
M4_mrf_gcn-f4d83a7c74,sbm,M4_mrf_gcn,tuned_grid,mf,1,6,,0.1,,0,,0.592,0.592674,1.190354,0.569993,0.583,0.579009,1.172417,0.560663,0.061691,0.262114,0.422729,1,6,,,,,0.5,0.50022,0.41689,0.18395,0.5,1.79426,,,,,,0.0445,,4225688,9f9bb01aee1b,flip=0.0400
M4_mrf_mlp-f50ebb5fac,sbm,M4_mrf_mlp,tuned_grid,mf,1,6,,0.1,,0,,0.326,0.31912,2.047063,0.893394,0.358,0.352967,1.962175,0.860457,0.248923,0.176348,0.196753,1,5,,,,,0.5,0.50022,0.41689,0.18395,0.5,1.79426,,,,,,0.079,,4225688,9f9bb01aee1b,flip=0.0330
M4_mrf_gcn-cc51d4ce14,sbm,M4_mrf_gcn,tuned_grid,mf,1,6,,0.25,,0,,0.594,0.59637,1.162737,0.55745,0.589,0.583648,1.135681,0.543886,0.047049,0.294844,0.444054,1,10,,,,,0.5,0.50022,0.41689,0.18395,0.5,1.79426,,,,,,0.1289,,4225688,9f9bb01aee1b,flip=0.0790
M4_mrf_mlp-13ebb3f5eb,sbm,M4_mrf_mlp,tuned_grid,mf,1,6,,0.25,,0,,0.34,0.331065,2.022188,0.881253,0.372,0.366311,1.930033,0.847705,0.245309,0.193433,0.224046,1,8,,,,,0.5,0.50022,0.41689,0.18395,0.5,1.79426,,,,,,0.1121,,4225688,9f9bb01aee1b,flip=0.0710
M4_mrf_gcn-b5b61261df,sbm,M4_mrf_gcn,tuned_grid,mf,1,6,,0.5,,0,,0.558,0.559003,1.22893,0.589394,0.582,0.571238,1.169884,0.559594,0.087897,0.369484,0.488548,1,33,,,,,0.5,0.50022,0.41689,0.18395,0.5,1.79426,,,,,,0.478,,4225688,9f9bb01aee1b,flip=0.1730
M4_mrf_mlp-bf56564820,sbm,M4_mrf_mlp,tuned_grid,mf,1,6,,0.5,,0,,0.376,0.361256,2.031384,0.867529,0.393,0.381242,1.921721,0.834203,0.258178,0.236182,0.279596,1,17,,,,,0.5,0.50022,0.41689,0.18395,0.5,1.79426,,,,,,0.1023,,4225688,9f9bb01aee1b,flip=0.1530
M4_mrf_gcn-4d6ee57ea6,sbm,M4_mrf_gcn,tuned_grid,mf,1,6,,1.0,,0,,0.126,0.042796,6.286592,1.677027,0.159,0.068733,6.005814,1.603651,0.797831,0.954048,0.983238,1,37,,,,,0.5,0.50022,0.41689,0.18395,0.5,1.79426,,,,,,0.5317,,4225688,9f9bb01aee1b,flip=0.7520
M4_mrf_mlp-4148b27d1f,sbm,M4_mrf_mlp,tuned_grid,mf,1,6,,1.0,,0,,0.168,0.082879,5.844184,1.539427,0.172,0.095562,5.795835,1.536182,0.757189,0.879258,0.927073,1,41,,,,,0.5,0.50022,0.41689,0.18395,0.5,1.79426,,,,,,0.6672,,4225688,9f9bb01aee1b,flip=0.7270
M4_mrf_gcn-0e050dd2c2,sbm,M4_mrf_gcn,tuned_grid,mf,1,6,,2.0,,0,,0.122,0.031122,13.625511,1.74857,0.143,0.037881,13.150706,1.70424,0.852274,0.997694,0.999561,1,15,,,,,0.5,0.50022,0.41689,0.18395,0.5,1.79426,,,,,,0.2347,,4225688,9f9bb01aee1b,flip=0.7790
M4_mrf_mlp-308bcba506,sbm,M4_mrf_mlp,tuned_grid,mf,1,6,,2.0,,0,,0.15,0.049306,13.233162,1.692285,0.149,0.046615,13.10931,1.688304,0.84352,0.993368,0.996665,1,21,,,,,0.5,0.50022,0.41689,0.18395,0.5,1.79426,,,,,,0.2978,,4225688,9f9bb01aee1b,flip=0.7870
OF-fc0f457823,sbm,Oracle_F,oracle,closed_form,1,6,,,,,,0.768,,,,0.723,,,,,,,,,,,,,0.5,0.50022,0.41689,0.18395,0.5,1.79426,,,,,,,,4225688,9f9bb01aee1b,"feature-only Bayes rule, known generative parameters"
OG-d60b66cf20,sbm,Oracle_G,oracle,mf,1,6,,1.79426,,,,0.964,0.963587,0.118687,0.057643,0.933,0.932755,0.20728,0.100495,0.017749,0.498337,0.50452,1,48,,,,,0.5,0.50022,0.41689,0.18395,0.5,1.79426,,,,,,,,4225688,9f9bb01aee1b,true Gaussian unaries + generator-implied coupling
M0_mlp-436ef216be,sbm,M0_mlp,train,none,5,6,0.0,,,,18,0.472,0.470836,1.417948,0.665855,0.49,0.488857,1.413846,0.661482,0.080502,0.159018,0.205617,,,,,,,0.5,0.50022,0.41689,0.18395,0.5,1.79426,0.01,0.0005,64,0.5,0.344,,results/logits/M0_mlp-436ef216be.npz,4225688,9f9bb01aee1b,
M1_gcn-09122fc16d,sbm,M1_gcn,train,none,5,6,0.0,,,,80,0.804,0.804431,0.697401,0.320477,0.79,0.789783,0.683148,0.324758,0.126763,0.346553,0.471435,,,,,,,0.5,0.50022,0.41689,0.18395,0.5,1.79426,0.005,0.001,64,0.5,5.112,,results/logits/M1_gcn-09122fc16d.npz,4225688,9f9bb01aee1b,
LP-700f4d62ba,sbm,LP,closed_form,label_prop,5,6,,,,,,0.198,0.140431,1.922497,0.849782,0.213,0.158947,1.917728,0.847189,0.097803,0.148632,0.715577,,,,,,,0.5,0.50022,0.41689,0.18395,0.5,1.79426,,,,,,,,4225688,9f9bb01aee1b,uses train labels as inference-time evidence
M2_lap-daee0e623a,sbm,M2_lap,train,none,5,6,0.001,,,,80,0.804,0.804431,0.697598,0.320566,0.789,0.788759,0.68336,0.324855,0.125887,0.346483,0.471347,,,,,,,0.5,0.50022,0.41689,0.18395,0.5,1.79426,0.005,0.001,64,0.5,5.426,,,4225688,9f9bb01aee1b,
M2_lap-75db3dc609,sbm,M2_lap,train,none,5,6,0.01,,,,35,0.802,0.803715,1.195622,0.560317,0.782,0.780499,1.195514,0.563405,0.438404,0.184941,0.474068,,,,,,,0.5,0.50022,0.41689,0.18395,0.5,1.79426,0.005,0.001,64,0.5,3.688,,,4225688,9f9bb01aee1b,
M2_lap-81ef57a432,sbm,M2_lap,train,none,5,6,0.1,,,,43,0.806,0.807312,1.015482,0.469932,0.788,0.787258,1.015961,0.474995,0.361752,0.21998,0.473629,,,,,,,0.5,0.50022,0.41689,0.18395,0.5,1.79426,0.005,0.001,64,0.5,4.55,,,4225688,9f9bb01aee1b,
M2_lap-a6595bd7c6,sbm,M2_lap,train,none,5,6,0.5,,,,45,0.806,0.807196,0.999451,0.461678,0.78,0.779419,1.001078,0.467644,0.344301,0.22476,0.472839,,,,,,,0.5,0.50022,0.41689,0.18395,0.5,1.79426,0.005,0.001,64,0.5,4.35,,,4225688,9f9bb01aee1b,
M2_lap-4306040256,sbm,M2_lap,train,none,5,6,1.0,,,,35,0.802,0.80371,1.218547,0.571612,0.78,0.778677,1.220179,0.575481,0.446979,0.181265,0.47161,,,,,,,0.5,0.50022,0.41689,0.18395,0.5,1.79426,0.005,0.001,64,0.5,3.897,,,4225688,9f9bb01aee1b,
M2_lap-e0a8fd9669,sbm,M2_lap,train,none,5,6,5.0,,,,28,0.796,0.79912,1.434884,0.672997,0.754,0.752693,1.438479,0.676102,0.496739,0.158739,0.469943,,,,,,,0.5,0.50022,0.41689,0.18395,0.5,1.79426,0.005,0.001,64,0.5,3.622,,,4225688,9f9bb01aee1b,
M4_mrf_gcn-e3a5106941,sbm,M4_mrf_gcn,tuned_grid,mf,5,6,,0.05,,0,,0.806,0.806466,0.678356,0.311564,0.794,0.793772,0.663769,0.316362,0.116718,0.357329,0.476525,1,4,,,,,0.5,0.50022,0.41689,0.18395,0.5,1.79426,,,,,,0.0929,,4225688,9f9bb01aee1b,flip=0.0060
M4_mrf_mlp-0727c97f2e,sbm,M4_mrf_mlp,tuned_grid,mf,5,6,,0.05,,0,,0.484,0.482653,1.395215,0.65612,0.497,0.495674,1.391283,0.652152,0.08631,0.162056,0.216762,1,4,,,,,0.5,0.50022,0.41689,0.18395,0.5,1.79426,,,,,,0.0335,,4225688,9f9bb01aee1b,flip=0.0130
M4_mrf_gcn-95b1fa5c7e,sbm,M4_mrf_gcn,tuned_grid,mf,5,6,,0.1,,0,,0.81,0.810268,0.660105,0.303188,0.796,0.795595,0.645122,0.308412,0.105693,0.368002,0.479684,1,5,,,,,0.5,0.50022,0.41689,0.18395,0.5,1.79426,,,,,,0.045,,4225688,9f9bb01aee1b,flip=0.0150
M4_mrf_mlp-b74d3d39e8,sbm,M4_mrf_mlp,tuned_grid,mf,5,6,,0.1,,0,,0.494,0.493521,1.371065,0.645546,0.508,0.50655,1.367186,0.641989,0.088412,0.16545,0.228346,1,5,,,,,0.5,0.50022,0.41689,0.18395,0.5,1.79426,,,,,,0.0754,,4225688,9f9bb01aee1b,flip=0.0310
M4_mrf_gcn-237f869b52,sbm,M4_mrf_gcn,tuned_grid,mf,5,6,,0.25,,0,,0.82,0.820031,0.611697,0.281792,0.801,0.800614,0.594692,0.287442,0.068604,0.398474,0.488548,1,8,,,,,0.5,0.50022,0.41689,0.18395,0.5,1.79426,,,,,,0.0887,,4225688,9f9bb01aee1b,flip=0.0360
M4_mrf_mlp-f223bd31c4,sbm,M4_mrf_mlp,tuned_grid,mf,5,6,,0.25,,0,,0.546,0.541987,1.286111,0.606717,0.548,0.546259,1.281613,0.604449,0.11514,0.179064,0.272225,1,8,,,,,0.5,0.50022,0.41689,0.18395,0.5,1.79426,,,,,,0.1931,,4225688,9f9bb01aee1b,flip=0.1070
M4_mrf_gcn-bbca8b88f6,sbm,M4_mrf_gcn,tuned_grid,mf,5,6,,0.5,,0,,0.822,0.822082,0.558969,0.259685,0.814,0.813769,0.533527,0.262702,0.038809,0.440406,0.50452,1,13,,,,,0.5,0.50022,0.41689,0.18395,0.5,1.79426,,,,,,0.0694,,4225688,9f9bb01aee1b,flip=0.0780
M4_mrf_mlp-bcff1b33b8,sbm,M4_mrf_mlp,tuned_grid,mf,5,6,,0.5,,0,,0.636,0.630463,1.072776,0.504713,0.641,0.636228,1.063323,0.501992,0.131916,0.229795,0.356472,1,22,,,,,0.5,0.50022,0.41689,0.18395,0.5,1.79426,,,,,,0.3388,,4225688,9f9bb01aee1b,flip=0.2470
M4_mrf_gcn-f9a929911b,sbm,M4_mrf_gcn,tuned_grid,mf,5,6,,1.0,,0,,0.828,0.828383,0.558154,0.256421,0.827,0.826815,0.505843,0.249775,0.047416,0.489785,0.520842,1,76,,,,,0.5,0.50022,0.41689,0.18395,0.5,1.79426,,,,,,0.9917,,4225688,9f9bb01aee1b,flip=0.1200
M4_mrf_mlp-dd84a6ed4a,sbm,M4_mrf_mlp,tuned_grid,mf,5,6,,1.0,,0,,0.13,0.042913,5.743686,1.632544,0.142,0.046123,5.839842,1.625625,0.812275,0.952017,0.994208,1,41,,,,,0.5,0.50022,0.41689,0.18395,0.5,1.79426,,,,,,0.6478,,4225688,9f9bb01aee1b,flip=0.8400
M4_mrf_gcn-33ed8749b0,sbm,M4_mrf_gcn,tuned_grid,mf,5,6,,2.0,,0,,0.822,0.821573,0.810896,0.301731,0.821,0.820866,0.704155,0.287912,0.122071,0.522068,0.531373,1,81,,,,,0.5,0.50022,0.41689,0.18395,0.5,1.79426,,,,,,1.2011,,4225688,9f9bb01aee1b,flip=0.1630
M4_mrf_mlp-c7c946dd81,sbm,M4_mrf_mlp,tuned_grid,mf,5,6,,2.0,,0,,0.15,0.037267,12.76135,1.694383,0.141,0.03722,13.250652,1.710875,0.854435,0.998245,0.999824,1,24,,,,,0.5,0.50022,0.41689,0.18395,0.5,1.79426,,,,,,0.245,,4225688,9f9bb01aee1b,flip=0.8530
OF-f00b06e13d,sbm,Oracle_F,oracle,closed_form,5,6,,,,,,0.736,,,,0.743,,,,,,,,,,,,,0.5,0.50022,0.41689,0.18395,0.5,1.79426,,,,,,,,4225688,9f9bb01aee1b,"feature-only Bayes rule, known generative parameters"
OG-75edfa87db,sbm,Oracle_G,oracle,mf,5,6,,1.79426,,,,0.92,0.919531,0.229611,0.113349,0.941,0.940767,0.173802,0.088506,0.010792,0.498337,0.50452,1,48,,,,,0.5,0.50022,0.41689,0.18395,0.5,1.79426,,,,,,,,4225688,9f9bb01aee1b,true Gaussian unaries + generator-implied coupling
M0_mlp-3d9e05cea2,sbm,M0_mlp,train,none,20,6,0.0,,,,15,0.602,0.598671,1.232358,0.581348,0.589,0.584144,1.245997,0.593759,0.180715,0.165279,0.252304,,,,,,,0.5,0.50022,0.41689,0.18395,0.5,1.79426,0.01,0.0005,64,0.5,0.406,,results/logits/M0_mlp-3d9e05cea2.npz,4225688,9f9bb01aee1b,
M1_gcn-f625dc27b1,sbm,M1_gcn,train,none,20,6,0.0,,,,40,0.884,0.884139,0.835126,0.379347,0.832,0.831149,0.894975,0.410202,0.355754,0.240648,0.494252,,,,,,,0.5,0.50022,0.41689,0.18395,0.5,1.79426,0.005,0.001,64,0.5,3.425,,results/logits/M1_gcn-f625dc27b1.npz,4225688,9f9bb01aee1b,
LP-472b663075,sbm,LP,closed_form,label_prop,20,6,,,,,,0.402,0.397359,1.779743,0.800554,0.395,0.387771,1.800973,0.808154,0.188801,0.158789,0.459851,,,,,,,0.5,0.50022,0.41689,0.18395,0.5,1.79426,,,,,,,,4225688,9f9bb01aee1b,uses train labels as inference-time evidence
M2_lap-cc1e76407d,sbm,M2_lap,train,none,20,6,0.001,,,,40,0.884,0.884139,0.835172,0.379369,0.832,0.831149,0.895018,0.410223,0.355778,0.240635,0.494252,,,,,,,0.5,0.50022,0.41689,0.18395,0.5,1.79426,0.005,0.001,64,0.5,3.811,,,4225688,9f9bb01aee1b,
M2_lap-b0136632c1,sbm,M2_lap,train,none,20,6,0.01,,,,40,0.884,0.884139,0.835594,0.379579,0.832,0.831149,0.89542,0.410422,0.356008,0.240513,0.494252,,,,,,,0.5,0.50022,0.41689,0.18395,0.5,1.79426,0.005,0.001,64,0.5,4.435,,,4225688,9f9bb01aee1b,
M2_lap-f4d4656893,sbm,M2_lap,train,none,20,6,0.1,,,,39,0.884,0.88434,0.86508,0.394353,0.833,0.832136,0.922958,0.424154,0.372232,0.232738,0.49434,,,,,,,0.5,0.50022,0.41689,0.18395,0.5,1.79426,0.005,0.001,64,0.5,3.757,,,4225688,9f9bb01aee1b,
M2_lap-01e4521db3,sbm,M2_lap,train,none,20,6,0.5,,,,39,0.884,0.88434,0.883769,0.403743,0.834,0.833121,0.940419,0.432913,0.382884,0.227811,0.494427,,,,,,,0.5,0.50022,0.41689,0.18395,0.5,1.79426,0.005,0.001,64,0.5,3.651,,,4225688,9f9bb01aee1b,
M2_lap-17672c2bf9,sbm,M2_lap,train,none,20,6,1.0,,,,43,0.884,0.883993,0.830934,0.377191,0.831,0.830102,0.891106,0.408431,0.352931,0.241316,0.494603,,,,,,,0.5,0.50022,0.41689,0.18395,0.5,1.79426,0.005,0.001,64,0.5,4.176,,,4225688,9f9bb01aee1b,
M2_lap-695fbd03c2,sbm,M2_lap,train,none,20,6,5.0,,,,27,0.872,0.872725,1.312359,0.618231,0.826,0.825784,1.346314,0.63361,0.545652,0.162591,0.49118,,,,,,,0.5,0.50022,0.41689,0.18395,0.5,1.79426,0.005,0.001,64,0.5,3.68,,,4225688,9f9bb01aee1b,
M4_mrf_gcn-26063cfbdf,sbm,M4_mrf_gcn,tuned_grid,mf,20,6,,0.05,,0,,0.882,0.882318,0.801838,0.362264,0.83,0.829172,0.863254,0.393897,0.336072,0.251523,0.49548,1,5,,,,,0.5,0.50022,0.41689,0.18395,0.5,1.79426,,,,,,0.0568,,4225688,9f9bb01aee1b,flip=0.0020
M4_mrf_mlp-603991b958,sbm,M4_mrf_mlp,tuned_grid,mf,20,6,,0.05,,0,,0.612,0.608376,1.20541,0.568986,0.609,0.604256,1.219548,0.581685,0.195684,0.168999,0.267925,1,5,,,,,0.5,0.50022,0.41689,0.18395,0.5,1.79426,,,,,,0.0658,,4225688,9f9bb01aee1b,flip=0.0260
M4_mrf_gcn-f1dd6f17cb,sbm,M4_mrf_gcn,tuned_grid,mf,20,6,,0.1,,0,,0.882,0.882273,0.767198,0.344724,0.834,0.833162,0.830009,0.377033,0.320835,0.263724,0.497411,1,5,,,,,0.5,0.50022,0.41689,0.18395,0.5,1.79426,,,,,,0.0634,,4225688,9f9bb01aee1b,flip=0.0070
M4_mrf_mlp-d86c70f0bc,sbm,M4_mrf_mlp,tuned_grid,mf,20,6,,0.1,,0,,0.62,0.615992,1.176479,0.55548,0.622,0.617562,1.191033,0.568375,0.202486,0.173247,0.278982,1,6,,,,,0.5,0.50022,0.41689,0.18395,0.5,1.79426,,,,,,0.0881,,4225688,9f9bb01aee1b,flip=0.0500
M4_mrf_gcn-cc8b3207de,sbm,M4_mrf_gcn,tuned_grid,mf,20,6,,0.25,,0,,0.876,0.876004,0.659219,0.292132,0.836,0.835262,0.725062,0.325868,0.257199,0.307625,0.504783,1,8,,,,,0.5,0.50022,0.41689,0.18395,0.5,1.79426,,,,,,0.1408,,4225688,9f9bb01aee1b,flip=0.0350
M4_mrf_mlp-e82766f587,sbm,M4_mrf_mlp,tuned_grid,mf,20,6,,0.25,,0,,0.67,0.666102,1.073466,0.505904,0.682,0.677419,1.088421,0.518387,0.234295,0.19106,0.325055,1,9,,,,,0.5,0.50022,0.41689,0.18395,0.5,1.79426,,,,,,0.1469,,4225688,9f9bb01aee1b,flip=0.1210
M4_mrf_gcn-0fee20c593,sbm,M4_mrf_gcn,tuned_grid,mf,20,6,,0.5,,0,,0.866,0.865984,0.502965,0.224022,0.838,0.837485,0.571074,0.258803,0.146959,0.387131,0.514963,1,12,,,,,0.5,0.50022,0.41689,0.18395,0.5,1.79426,,,,,,0.2027,,4225688,9f9bb01aee1b,flip=0.0690
M4_mrf_mlp-1e64cff65b,sbm,M4_mrf_mlp,tuned_grid,mf,20,6,,0.5,,0,,0.77,0.766236,0.822751,0.382009,0.778,0.773163,0.835681,0.389326,0.22883,0.258137,0.413251,1,24,,,,,0.5,0.50022,0.41689,0.18395,0.5,1.79426,,,,,,0.417,,4225688,9f9bb01aee1b,flip=0.2480
M4_mrf_gcn-7263f6e095,sbm,M4_mrf_gcn,tuned_grid,mf,20,6,,1.0,,0,,0.87,0.870218,0.39455,0.190569,0.838,0.837256,0.459302,0.224265,0.019181,0.479283,0.528126,1,40,,,,,0.5,0.50022,0.41689,0.18395,0.5,1.79426,,,,,,0.5775,,4225688,9f9bb01aee1b,flip=0.1060
M4_mrf_mlp-1ff9c0306c,sbm,M4_mrf_mlp,tuned_grid,mf,20,6,,1.0,,0,,0.896,0.896,0.389277,0.179708,0.889,0.888283,0.406696,0.185697,0.09791,0.434444,0.505222,1,103,,,,,0.5,0.50022,0.41689,0.18395,0.5,1.79426,,,,,,1.711,,4225688,9f9bb01aee1b,flip=0.3960
M4_mrf_gcn-4c21849284,sbm,M4_mrf_gcn,tuned_grid,mf,20,6,,2.0,,0,,0.842,0.841543,0.573539,0.246009,0.823,0.821486,0.646135,0.279004,0.099495,0.524742,0.536639,1,106,,,,,0.5,0.50022,0.41689,0.18395,0.5,1.79426,,,,,,1.7645,,4225688,9f9bb01aee1b,flip=0.1480
M4_mrf_mlp-ad6c731769,sbm,M4_mrf_mlp,tuned_grid,mf,20,6,,2.0,,0,,0.86,0.859353,0.5112,0.221421,0.844,0.845127,0.571709,0.248412,0.076376,0.514894,0.528653,1,130,,,,,0.5,0.50022,0.41689,0.18395,0.5,1.79426,,,,,,2.2402,,4225688,9f9bb01aee1b,flip=0.4520
OF-242fbcca19,sbm,Oracle_F,oracle,closed_form,20,6,,,,,,0.754,,,,0.73,,,,,,,,,,,,,0.5,0.50022,0.41689,0.18395,0.5,1.79426,,,,,,,,4225688,9f9bb01aee1b,"feature-only Bayes rule, known generative parameters"
OG-d31a93dfb2,sbm,Oracle_G,oracle,mf,20,6,,1.79426,,,,0.954,0.954224,0.137315,0.066167,0.936,0.93558,0.184364,0.091561,0.015099,0.498337,0.50452,1,48,,,,,0.5,0.50022,0.41689,0.18395,0.5,1.79426,,,,,,,,4225688,9f9bb01aee1b,true Gaussian unaries + generator-implied coupling
M0_mlp-8ebbc6609b,sbm,M0_mlp,train,none,1,7,0.0,,,,157,0.286,0.284431,2.28359,0.972894,0.239,0.240767,2.299781,0.995395,0.342377,0.15602,0.162431,,,,,,,0.5,0.50053,0.41724,0.18429,0.5,1.79426,0.01,0.0005,64,0.5,1.18,,results/logits/M0_mlp-8ebbc6609b.npz,4225688,9f9bb01aee1b,
M1_gcn-39cb91c5e8,sbm,M1_gcn,train,none,1,7,0.0,,,,148,0.464,0.468551,1.451504,0.685942,0.461,0.455494,1.44606,0.687023,0.054612,0.240281,0.396126,,,,,,,0.5,0.50053,0.41724,0.18429,0.5,1.79426,0.005,0.001,64,0.5,8.77,,results/logits/M1_gcn-39cb91c5e8.npz,4225688,9f9bb01aee1b,
LP-37908c047e,sbm,LP,closed_form,label_prop,1,7,,,,,,0.154,0.049214,1.949824,0.858302,0.149,0.044221,1.976882,0.859019,0.090664,0.148565,0.978674,,,,,,,0.5,0.50053,0.41724,0.18429,0.5,1.79426,,,,,,,,4225688,9f9bb01aee1b,uses train labels as inference-time evidence
M2_lap-51f1b63c45,sbm,M2_lap,train,none,1,7,0.001,,,,148,0.464,0.468551,1.451609,0.686006,0.461,0.455433,1.446158,0.687063,0.05506,0.240126,0.396037,,,,,,,0.5,0.50053,0.41724,0.18429,0.5,1.79426,0.005,0.001,64,0.5,8.554,,,4225688,9f9bb01aee1b,
M2_lap-2e38237ce5,sbm,M2_lap,train,none,1,7,0.01,,,,148,0.464,0.468773,1.454003,0.687071,0.455,0.450403,1.448574,0.68814,0.055074,0.238907,0.39506,,,,,,,0.5,0.50053,0.41724,0.18429,0.5,1.79426,0.005,0.001,64,0.5,8.268,,,4225688,9f9bb01aee1b,
M2_lap-c5e7379f2f,sbm,M2_lap,train,none,1,7,0.1,,,,79,0.45,0.45612,1.454686,0.691064,0.44,0.444068,1.450325,0.692662,0.056273,0.214592,0.386263,,,,,,,0.5,0.50053,0.41724,0.18429,0.5,1.79426,0.005,0.001,64,0.5,5.668,,,4225688,9f9bb01aee1b,
M2_lap-eaf2c2c805,sbm,M2_lap,train,none,1,7,0.5,,,,70,0.438,0.448077,1.490316,0.706456,0.411,0.417976,1.488072,0.708142,0.051686,0.201674,0.382442,,,,,,,0.5,0.50053,0.41724,0.18429,0.5,1.79426,0.005,0.001,64,0.5,4.949,,,4225688,9f9bb01aee1b,
M2_lap-5512336197,sbm,M2_lap,train,none,1,7,1.0,,,,52,0.424,0.432431,1.532014,0.721954,0.402,0.410382,1.535509,0.726044,0.076238,0.181713,0.393194,,,,,,,0.5,0.50053,0.41724,0.18429,0.5,1.79426,0.005,0.001,64,0.5,4.383,,,4225688,9f9bb01aee1b,
M2_lap-1033e14936,sbm,M2_lap,train,none,1,7,5.0,,,,36,0.404,0.399851,1.659561,0.765986,0.379,0.369542,1.657167,0.766109,0.129134,0.15882,0.435223,,,,,,,0.5,0.50053,0.41724,0.18429,0.5,1.79426,0.005,0.001,64,0.5,3.715,,,4225688,9f9bb01aee1b,
M4_mrf_gcn-08a3e1fc9b,sbm,M4_mrf_gcn,tuned_grid,mf,1,7,,0.05,,0,,0.462,0.462958,1.447687,0.684168,0.459,0.45213,1.444449,0.686279,0.074565,0.248501,0.408388,1,5,,,,,0.5,0.50053,0.41724,0.18429,0.5,1.79426,,,,,,0.1579,,4225688,9f9bb01aee1b,flip=0.0190
M4_mrf_mlp-26440f9ac2,sbm,M4_mrf_mlp,tuned_grid,mf,1,7,,0.05,,0,,0.286,0.28426,2.274859,0.970522,0.241,0.242989,2.290907,0.993558,0.340928,0.159682,0.167496,1,4,,,,,0.5,0.50053,0.41724,0.18429,0.5,1.79426,,,,,,0.0449,,4225688,9f9bb01aee1b,flip=0.0090
M4_mrf_gcn-b70eb78bff,sbm,M4_mrf_gcn,tuned_grid,mf,1,7,,0.1,,0,,0.462,0.460783,1.445538,0.683056,0.454,0.448271,1.444922,0.686334,0.068166,0.2576,0.420028,1,6,,,,,0.5,0.50053,0.41724,0.18429,0.5,1.79426,,,,,,0.105,,4225688,9f9bb01aee1b,flip=0.0350
M4_mrf_mlp-1878e6f907,sbm,M4_mrf_mlp,tuned_grid,mf,1,7,,0.1,,0,,0.284,0.282819,2.267452,0.968472,0.243,0.244927,2.283495,0.992105,0.340089,0.16354,0.175937,1,5,,,,,0.5,0.50053,0.41724,0.18429,0.5,1.79426,,,,,,0.0719,,4225688,9f9bb01aee1b,flip=0.0330
M4_mrf_gcn-9c81b5ea31,sbm,M4_mrf_gcn,tuned_grid,mf,1,7,,0.25,,0,,0.478,0.469768,1.454896,0.685693,0.464,0.452168,1.466585,0.693942,0.101431,0.291548,0.452017,1,10,,,,,0.5,0.50053,0.41724,0.18429,0.5,1.79426,,,,,,0.0596,,4225688,9f9bb01aee1b,flip=0.1030
M4_mrf_mlp-b4500f5e8f,sbm,M4_mrf_mlp,tuned_grid,mf,1,7,,0.25,,0,,0.29,0.28867,2.254392,0.964512,0.244,0.245166,2.271557,0.99048,0.345781,0.176799,0.197441,1,8,,,,,0.5,0.50053,0.41724,0.18429,0.5,1.79426,,,,,,0.1299,,4225688,9f9bb01aee1b,flip=0.0720
M4_mrf_gcn-b3f12659e7,sbm,M4_mrf_gcn,tuned_grid,mf,1,7,,0.5,,0,,0.482,0.45051,1.597706,0.731978,0.452,0.424008,1.66426,0.760057,0.21804,0.378283,0.513773,1,41,,,,,0.5,0.50053,0.41724,0.18429,0.5,1.79426,,,,,,0.4488,,4225688,9f9bb01aee1b,flip=0.2150
M4_mrf_mlp-ac582e3a7c,sbm,M4_mrf_mlp,tuned_grid,mf,1,7,,0.5,,0,,0.292,0.288781,2.285913,0.969831,0.257,0.257836,2.312586,1.004411,0.359446,0.210842,0.249511,1,21,,,,,0.5,0.50053,0.41724,0.18429,0.5,1.79426,,,,,,0.3948,,4225688,9f9bb01aee1b,flip=0.1670
M4_mrf_gcn-66ae26fb96,sbm,M4_mrf_gcn,tuned_grid,mf,1,7,,1.0,,0,,0.176,0.060663,5.680458,1.553927,0.156,0.062756,6.152284,1.613081,0.802957,0.948313,0.98214,1,39,,,,,0.5,0.50053,0.41724,0.18429,0.5,1.79426,,,,,,0.5091,,4225688,9f9bb01aee1b,flip=0.7500
M4_mrf_mlp-0dde29f5bf,sbm,M4_mrf_mlp,tuned_grid,mf,1,7,,1.0,,0,,0.146,0.068609,6.105615,1.576242,0.138,0.061945,6.435198,1.61662,0.800107,0.909355,0.957171,1,29,,,,,0.5,0.50053,0.41724,0.18429,0.5,1.79426,,,,,,0.4424,,4225688,9f9bb01aee1b,flip=0.7590
M4_mrf_gcn-4e7f31624b,sbm,M4_mrf_gcn,tuned_grid,mf,1,7,,2.0,,0,,0.166,0.040676,12.337689,1.656687,0.143,0.037591,13.154978,1.700852,0.85148,0.996535,0.998312,1,18,,,,,0.5,0.50053,0.41724,0.18429,0.5,1.79426,,,,,,0.1769,,4225688,9f9bb01aee1b,flip=0.7700
M4_mrf_mlp-ba904e4e16,sbm,M4_mrf_mlp,tuned_grid,mf,1,7,,2.0,,0,,0.142,0.035589,12.923589,1.700724,0.126,0.033788,13.652734,1.734421,0.867108,0.994026,0.997423,1,14,,,,,0.5,0.50053,0.41724,0.18429,0.5,1.79426,,,,,,0.1991,,4225688,9f9bb01aee1b,flip=0.7940
OF-f57643658c,sbm,Oracle_F,oracle,closed_form,1,7,,,,,,0.684,,,,0.73,,,,,,,,,,,,,0.5,0.50053,0.41724,0.18429,0.5,1.79426,,,,,,,,4225688,9f9bb01aee1b,"feature-only Bayes rule, known generative parameters"
OG-f3efc05fa6,sbm,Oracle_G,oracle,mf,1,7,,1.79426,,,,0.916,0.915716,0.251007,0.126202,0.923,0.9228,0.232797,0.114469,0.021568,0.501769,0.510485,1,74,,,,,0.5,0.50053,0.41724,0.18429,0.5,1.79426,,,,,,,,4225688,9f9bb01aee1b,true Gaussian unaries + generator-implied coupling
M0_mlp-90e080848f,sbm,M0_mlp,train,none,5,7,0.0,,,,14,0.464,0.450343,1.496651,0.700193,0.443,0.438958,1.544853,0.717609,0.107954,0.15246,0.211214,,,,,,,0.5,0.50053,0.41724,0.18429,0.5,1.79426,0.01,0.0005,64,0.5,0.38,,results/logits/M0_mlp-90e080848f.npz,4225688,9f9bb01aee1b,
M1_gcn-0a38aa8403,sbm,M1_gcn,train,none,5,7,0.0,,,,46,0.804,0.80501,1.001661,0.467629,0.819,0.819685,0.98467,0.458038,0.378521,0.223628,0.481695,,,,,,,0.5,0.50053,0.41724,0.18429,0.5,1.79426,0.005,0.001,64,0.5,2.975,,results/logits/M1_gcn-0a38aa8403.npz,4225688,9f9bb01aee1b,
LP-b86598098c,sbm,LP,closed_form,label_prop,5,7,,,,,,0.248,0.215199,1.903779,0.84317,0.241,0.214104,1.927677,0.84266,0.101288,0.146936,0.543895,,,,,,,0.5,0.50053,0.41724,0.18429,0.5,1.79426,,,,,,,,4225688,9f9bb01aee1b,uses train labels as inference-time evidence
M2_lap-b3e9269efb,sbm,M2_lap,train,none,5,7,0.001,,,,46,0.804,0.80501,1.001718,0.467658,0.82,0.820682,0.984731,0.458069,0.379551,0.223614,0.482051,,,,,,,0.5,0.50053,0.41724,0.18429,0.5,1.79426,0.005,0.001,64,0.5,3.744,,,4225688,9f9bb01aee1b,
M2_lap-711ad8ff46,sbm,M2_lap,train,none,5,7,0.01,,,,46,0.804,0.80501,1.002188,0.467899,0.82,0.820695,0.98523,0.45832,0.379796,0.223502,0.482051,,,,,,,0.5,0.50053,0.41724,0.18429,0.5,1.79426,0.005,0.001,64,0.5,3.434,,,4225688,9f9bb01aee1b,
M2_lap-c1008a2b61,sbm,M2_lap,train,none,5,7,0.1,,,,45,0.806,0.807001,1.024686,0.479064,0.815,0.815334,1.008597,0.470063,0.386975,0.21794,0.481518,,,,,,,0.5,0.50053,0.41724,0.18429,0.5,1.79426,0.005,0.001,64,0.5,3.438,,,4225688,9f9bb01aee1b,
M2_lap-442257ae6d,sbm,M2_lap,train,none,5,7,0.5,,,,42,0.808,0.808851,1.098578,0.515891,0.813,0.813287,1.086028,0.508947,0.422681,0.201764,0.48054,,,,,,,0.5,0.50053,0.41724,0.18429,0.5,1.79426,0.005,0.001,64,0.5,3.278,,,4225688,9f9bb01aee1b,
M2_lap-fe0f64853d,sbm,M2_lap,train,none,5,7,1.0,,,,40,0.806,0.806814,1.15586,0.544472,0.812,0.812424,1.14653,0.539178,0.449026,0.190998,0.481429,,,,,,,0.5,0.50053,0.41724,0.18429,0.5,1.79426,0.005,0.001,64,0.5,3.69,,,4225688,9f9bb01aee1b,
M2_lap-da9c9b1bd8,sbm,M2_lap,train,none,5,7,5.0,,,,26,0.776,0.771972,1.495829,0.699739,0.782,0.780175,1.498514,0.700637,0.542205,0.154425,0.470588,,,,,,,0.5,0.50053,0.41724,0.18429,0.5,1.79426,0.005,0.001,64,0.5,2.939,,,4225688,9f9bb01aee1b,
M4_mrf_gcn-c2d6847135,sbm,M4_mrf_gcn,tuned_grid,mf,5,7,,0.05,,0,,0.804,0.805081,0.972556,0.452434,0.821,0.821647,0.954562,0.442168,0.364961,0.232271,0.485961,1,5,,,,,0.5,0.50053,0.41724,0.18429,0.5,1.79426,,,,,,0.0408,,4225688,9f9bb01aee1b,flip=0.0040
M4_mrf_mlp-89d3a3856c,sbm,M4_mrf_mlp,tuned_grid,mf,5,7,,0.05,,0,,0.482,0.46719,1.481219,0.694015,0.446,0.441906,1.528606,0.711218,0.108564,0.154311,0.223476,1,4,,,,,0.5,0.50053,0.41724,0.18429,0.5,1.79426,,,,,,0.0402,,4225688,9f9bb01aee1b,flip=0.0160
M4_mrf_gcn-d3c29a1003,sbm,M4_mrf_gcn,tuned_grid,mf,5,7,,0.1,,0,,0.812,0.812935,0.941364,0.436166,0.823,0.823702,0.922414,0.425269,0.349709,0.242202,0.48987,1,5,,,,,0.5,0.50053,0.41724,0.18429,0.5,1.79426,,,,,,0.0749,,4225688,9f9bb01aee1b,flip=0.0100
M4_mrf_mlp-7f0fbc474e,sbm,M4_mrf_mlp,tuned_grid,mf,5,7,,0.1,,0,,0.482,0.46706,1.46461,0.687203,0.451,0.446893,1.511261,0.704248,0.11026,0.156386,0.23174,1,5,,,,,0.5,0.50053,0.41724,0.18429,0.5,1.79426,,,,,,0.0355,,4225688,9f9bb01aee1b,flip=0.0280
M4_mrf_gcn-49912cbe3b,sbm,M4_mrf_gcn,tuned_grid,mf,5,7,,0.25,,0,,0.814,0.815074,0.835924,0.381819,0.828,0.828548,0.815008,0.369835,0.291738,0.280985,0.500977,1,9,,,,,0.5,0.50053,0.41724,0.18429,0.5,1.79426,,,,,,0.0895,,4225688,9f9bb01aee1b,flip=0.0370
M4_mrf_mlp-b0046ba60e,sbm,M4_mrf_mlp,tuned_grid,mf,5,7,,0.25,,0,,0.522,0.501993,1.404979,0.661396,0.483,0.479155,1.44988,0.678411,0.12828,0.16486,0.26595,1,9,,,,,0.5,0.50053,0.41724,0.18429,0.5,1.79426,,,,,,0.0964,,4225688,9f9bb01aee1b,flip=0.0880
M4_mrf_gcn-333a13e6ac,sbm,M4_mrf_gcn,tuned_grid,mf,5,7,,0.5,,0,,0.816,0.816998,0.653726,0.29381,0.836,0.83643,0.634537,0.283901,0.174978,0.366506,0.514661,1,17,,,,,0.5,0.50053,0.41724,0.18429,0.5,1.79426,,,,,,0.1495,,4225688,9f9bb01aee1b,flip=0.0710
M4_mrf_mlp-70c1131f29,sbm,M4_mrf_mlp,tuned_grid,mf,5,7,,0.5,,0,,0.57,0.539323,1.266222,0.594005,0.542,0.52362,1.308431,0.611927,0.115603,0.210212,0.37951,1,50,,,,,0.5,0.50053,0.41724,0.18429,0.5,1.79426,,,,,,0.6064,,4225688,9f9bb01aee1b,flip=0.2790
M4_mrf_gcn-487e3b95ae,sbm,M4_mrf_gcn,tuned_grid,mf,5,7,,1.0,,0,,0.846,0.846591,0.494737,0.225713,0.834,0.83407,0.488847,0.23113,0.020287,0.476935,0.531811,1,69,,,,,0.5,0.50053,0.41724,0.18429,0.5,1.79426,,,,,,0.8303,,4225688,9f9bb01aee1b,flip=0.1300
M4_mrf_mlp-179303f6df,sbm,M4_mrf_mlp,tuned_grid,mf,5,7,,1.0,,0,,0.168,0.051882,6.24041,1.615142,0.146,0.039938,6.432663,1.646297,0.822774,0.970619,0.998045,1,14,,,,,0.5,0.50053,0.41724,0.18429,0.5,1.79426,,,,,,0.1955,,4225688,9f9bb01aee1b,flip=0.8140
M4_mrf_gcn-f41d4548bd,sbm,M4_mrf_gcn,tuned_grid,mf,5,7,,2.0,,0,,0.844,0.844071,0.6479,0.258216,0.821,0.821115,0.687154,0.288208,0.102269,0.528696,0.541408,1,75,,,,,0.5,0.50053,0.41724,0.18429,0.5,1.79426,,,,,,0.984,,4225688,9f9bb01aee1b,flip=0.1540
M4_mrf_mlp-aaa909123d,sbm,M4_mrf_mlp,tuned_grid,mf,5,7,,2.0,,0,,0.162,0.039833,13.067498,1.666883,0.145,0.036182,13.436062,1.702256,0.851237,0.998484,1.0,1,10,,,,,0.5,0.50053,0.41724,0.18429,0.5,1.79426,,,,,,0.0674,,4225688,9f9bb01aee1b,flip=0.8170
OF-fc12047521,sbm,Oracle_F,oracle,closed_form,5,7,,,,,,0.716,,,,0.723,,,,,,,,,,,,,0.5,0.50053,0.41724,0.18429,0.5,1.79426,,,,,,,,4225688,9f9bb01aee1b,"feature-only Bayes rule, known generative parameters"
OG-e593e7dd81,sbm,Oracle_G,oracle,mf,5,7,,1.79426,,,,0.928,0.929109,0.232879,0.113921,0.923,0.922792,0.236053,0.117308,0.020483,0.501769,0.510485,1,74,,,,,0.5,0.50053,0.41724,0.18429,0.5,1.79426,,,,,,,,4225688,9f9bb01aee1b,true Gaussian unaries + generator-implied coupling
M0_mlp-4c44433a2b,sbm,M0_mlp,train,none,20,7,0.0,,,,21,0.602,0.598341,1.136972,0.542559,0.597,0.59879,1.122623,0.537128,0.046962,0.191377,0.257864,,,,,,,0.5,0.50053,0.41724,0.18429,0.5,1.79426,0.01,0.0005,64,0.5,0.26,,results/logits/M0_mlp-4c44433a2b.npz,4225688,9f9bb01aee1b,
M1_gcn-81d4656587,sbm,M1_gcn,train,none,20,7,0.0,,,,95,0.85,0.849783,0.51555,0.235864,0.862,0.861227,0.460611,0.215347,0.069614,0.426125,0.502932,,,,,,,0.5,0.50053,0.41724,0.18429,0.5,1.79426,0.005,0.001,64,0.5,5.238,,results/logits/M1_gcn-81d4656587.npz,4225688,9f9bb01aee1b,
LP-5816720ae3,sbm,LP,closed_form,label_prop,20,7,,,,,,0.378,0.377173,1.800531,0.807193,0.392,0.37941,1.805247,0.800087,0.18065,0.160248,0.451306,,,,,,,0.5,0.50053,0.41724,0.18429,0.5,1.79426,,,,,,,,4225688,9f9bb01aee1b,uses train labels as inference-time evidence
M2_lap-fe2f57e5f3,sbm,M2_lap,train,none,20,7,0.001,,,,95,0.85,0.849783,0.515656,0.235911,0.862,0.861227,0.460696,0.215379,0.069723,0.426062,0.502932,,,,,,,0.5,0.50053,0.41724,0.18429,0.5,1.79426,0.005,0.001,64,0.5,5.466,,,4225688,9f9bb01aee1b,
M2_lap-9b0aadfdc8,sbm,M2_lap,train,none,20,7,0.01,,,,95,0.85,0.849783,0.516556,0.236285,0.862,0.861227,0.461537,0.215683,0.070707,0.425477,0.502932,,,,,,,0.5,0.50053,0.41724,0.18429,0.5,1.79426,0.005,0.001,64,0.5,5.547,,,4225688,9f9bb01aee1b,
M2_lap-9764aa992a,sbm,M2_lap,train,none,20,7,0.1,,,,93,0.85,0.849628,0.529824,0.241937,0.861,0.860294,0.472576,0.219648,0.082524,0.417748,0.502666,,,,,,,0.5,0.50053,0.41724,0.18429,0.5,1.79426,0.005,0.001,64,0.5,5.558,,,4225688,9f9bb01aee1b,
M2_lap-be275f222c,sbm,M2_lap,train,none,20,7,0.5,,,,79,0.844,0.843689,0.600229,0.270311,0.86,0.859242,0.545835,0.246749,0.156391,0.371182,0.501244,,,,,,,0.5,0.50053,0.41724,0.18429,0.5,1.79426,0.005,0.001,64,0.5,4.651,,,4225688,9f9bb01aee1b,
M2_lap-293c576af3,sbm,M2_lap,train,none,20,7,1.0,,,,80,0.836,0.835198,0.719979,0.32539,0.851,0.850845,0.664263,0.298862,0.235973,0.316325,0.495824,,,,,,,0.5,0.50053,0.41724,0.18429,0.5,1.79426,0.005,0.001,64,0.5,5.194,,,4225688,9f9bb01aee1b,
M2_lap-fad8358138,sbm,M2_lap,train,none,20,7,5.0,,,,33,0.822,0.82156,1.266956,0.596616,0.854,0.853309,1.237806,0.583751,0.539556,0.171651,0.498845,,,,,,,0.5,0.50053,0.41724,0.18429,0.5,1.79426,0.005,0.001,64,0.5,3.132,,,4225688,9f9bb01aee1b,
M4_mrf_gcn-49e84f6126,sbm,M4_mrf_gcn,tuned_grid,mf,20,7,,0.05,,0,,0.85,0.850017,0.505254,0.231926,0.863,0.862269,0.450393,0.211173,0.060369,0.434142,0.504798,1,4,,,,,0.5,0.50053,0.41724,0.18429,0.5,1.79426,,,,,,0.0482,,4225688,9f9bb01aee1b,flip=0.0050
M4_mrf_mlp-f9531d3972,sbm,M4_mrf_mlp,tuned_grid,mf,20,7,,0.05,,0,,0.614,0.610084,1.101504,0.526489,0.607,0.608597,1.088461,0.522257,0.062966,0.198176,0.269504,1,4,,,,,0.5,0.50053,0.41724,0.18429,0.5,1.79426,,,,,,0.0288,,4225688,9f9bb01aee1b,flip=0.0160
M4_mrf_gcn-226c6159b3,sbm,M4_mrf_gcn,tuned_grid,mf,20,7,,0.1,,0,,0.85,0.850017,0.495923,0.228463,0.86,0.859077,0.441349,0.20756,0.048268,0.441641,0.506753,1,5,,,,,0.5,0.50053,0.41724,0.18429,0.5,1.79426,,,,,,0.0602,,4225688,9f9bb01aee1b,flip=0.0110
M4_mrf_mlp-a3103a6aaf,sbm,M4_mrf_mlp,tuned_grid,mf,20,7,,0.1,,0,,0.622,0.618094,1.064731,0.509517,0.621,0.622327,1.05291,0.50647,0.067948,0.205698,0.280345,1,5,,,,,0.5,0.50053,0.41724,0.18429,0.5,1.79426,,,,,,0.0531,,4225688,9f9bb01aee1b,flip=0.0350
M4_mrf_gcn-96f07e3e5f,sbm,M4_mrf_gcn,tuned_grid,mf,20,7,,0.25,,0,,0.852,0.851416,0.473595,0.220628,0.86,0.859176,0.421056,0.199765,0.034325,0.461026,0.51013,1,7,,,,,0.5,0.50053,0.41724,0.18429,0.5,1.79426,,,,,,0.0563,,4225688,9f9bb01aee1b,flip=0.0210
M4_mrf_mlp-b55b736df1,sbm,M4_mrf_mlp,tuned_grid,mf,20,7,,0.25,,0,,0.672,0.668115,0.944789,0.452273,0.672,0.672984,0.936221,0.452864,0.077616,0.233958,0.326017,1,8,,,,,0.5,0.50053,0.41724,0.18429,0.5,1.79426,,,,,,0.0577,,4225688,9f9bb01aee1b,flip=0.1030
M4_mrf_gcn-0a14beb413,sbm,M4_mrf_gcn,tuned_grid,mf,20,7,,0.5,,0,,0.85,0.849411,0.453374,0.214327,0.868,0.866955,0.407614,0.194829,0.022918,0.48419,0.516439,1,11,,,,,0.5,0.50053,0.41724,0.18429,0.5,1.79426,,,,,,0.1222,,4225688,9f9bb01aee1b,flip=0.0340
M4_mrf_mlp-58fd10b092,sbm,M4_mrf_mlp,tuned_grid,mf,20,7,,0.5,,0,,0.768,0.765631,0.716832,0.339058,0.764,0.764864,0.713544,0.345816,0.085479,0.305183,0.405278,1,15,,,,,0.5,0.50053,0.41724,0.18429,0.5,1.79426,,,,,,0.1993,,4225688,9f9bb01aee1b,flip=0.2100
M4_mrf_gcn-3900d16f19,sbm,M4_mrf_gcn,tuned_grid,mf,20,7,,1.0,,0,,0.856,0.85535,0.461994,0.218767,0.861,0.859932,0.437963,0.204102,0.049573,0.509,0.525324,1,25,,,,,0.5,0.50053,0.41724,0.18429,0.5,1.79426,,,,,,0.3044,,4225688,9f9bb01aee1b,flip=0.0610
M4_mrf_mlp-3a1bfb5a3b,sbm,M4_mrf_mlp,tuned_grid,mf,20,7,,1.0,,0,,0.876,0.875581,0.390974,0.182533,0.868,0.86822,0.402049,0.195455,0.037312,0.443535,0.491559,1,45,,,,,0.5,0.50053,0.41724,0.18429,0.5,1.79426,,,,,,0.6007,,4225688,9f9bb01aee1b,flip=0.3260
M4_mrf_gcn-9bdb76f3c2,sbm,M4_mrf_gcn,tuned_grid,mf,20,7,,2.0,,0,,0.838,0.836335,0.612521,0.259053,0.853,0.852,0.636783,0.243576,0.098009,0.528514,0.535276,1,38,,,,,0.5,0.50053,0.41724,0.18429,0.5,1.79426,,,,,,0.4802,,4225688,9f9bb01aee1b,flip=0.0950
M4_mrf_mlp-c64acb216a,sbm,M4_mrf_mlp,tuned_grid,mf,20,7,,2.0,,0,,0.886,0.88537,0.365511,0.173738,0.88,0.879923,0.399428,0.181947,0.049088,0.514052,0.525324,1,109,,,,,0.5,0.50053,0.41724,0.18429,0.5,1.79426,,,,,,1.294,,4225688,9f9bb01aee1b,flip=0.3920
OF-d47e7cff5f,sbm,Oracle_F,oracle,closed_form,20,7,,,,,,0.726,,,,0.708,,,,,,,,,,,,,0.5,0.50053,0.41724,0.18429,0.5,1.79426,,,,,,,,4225688,9f9bb01aee1b,"feature-only Bayes rule, known generative parameters"
OG-859907c63b,sbm,Oracle_G,oracle,mf,20,7,,1.79426,,,,0.926,0.924715,0.23336,0.107585,0.918,0.91787,0.255367,0.126022,0.029866,0.501769,0.510485,1,74,,,,,0.5,0.50053,0.41724,0.18429,0.5,1.79426,,,,,,,,4225688,9f9bb01aee1b,true Gaussian unaries + generator-implied coupling
M0_mlp-ae866e68fc,sbm,M0_mlp,train,none,1,8,0.0,,,,46,0.334,0.327252,1.912624,0.853457,0.321,0.315012,1.905324,0.859592,0.209805,0.158163,0.173804,,,,,,,0.5,0.49459,0.41033,0.17886,0.5,1.79426,0.01,0.0005,64,0.5,0.445,,results/logits/M0_mlp-ae866e68fc.npz,4225688,9f9bb01aee1b,
M1_gcn-3b723447b3,sbm,M1_gcn,train,none,1,8,0.0,,,,136,0.606,0.560055,1.152173,0.538624,0.598,0.578504,1.114127,0.526559,0.0967,0.276954,0.443451,,,,,,,0.5,0.49459,0.41033,0.17886,0.5,1.79426,0.005,0.001,64,0.5,6.35,,results/logits/M1_gcn-3b723447b3.npz,4225688,9f9bb01aee1b,
LP-d47a8dacb6,sbm,LP,closed_form,label_prop,1,8,,,,,,0.162,0.053716,2.045976,0.876453,0.151,0.048421,2.113985,0.885819,0.089753,0.172398,0.963523,,,,,,,0.5,0.49459,0.41033,0.17886,0.5,1.79426,,,,,,,,4225688,9f9bb01aee1b,uses train labels as inference-time evidence
M2_lap-3f967e34e8,sbm,M2_lap,train,none,1,8,0.001,,,,136,0.606,0.560055,1.152809,0.53892,0.597,0.577615,1.11474,0.526849,0.097454,0.276801,0.443362,,,,,,,0.5,0.49459,0.41033,0.17886,0.5,1.79426,0.005,0.001,64,0.5,6.982,,,4225688,9f9bb01aee1b,
M2_lap-dde98534ff,sbm,M2_lap,train,none,1,8,0.01,,,,135,0.602,0.555583,1.158264,0.541479,0.596,0.57758,1.12011,0.529375,0.096743,0.275227,0.442289,,,,,,,0.5,0.49459,0.41033,0.17886,0.5,1.79426,0.005,0.001,64,0.5,7.206,,,4225688,9f9bb01aee1b,
M2_lap-51556aec59,sbm,M2_lap,train,none,1,8,0.1,,,,83,0.582,0.538231,1.246824,0.577771,0.568,0.54286,1.212651,0.566881,0.118955,0.255621,0.442378,,,,,,,0.5,0.49459,0.41033,0.17886,0.5,1.79426,0.005,0.001,64,0.5,4.947,,,4225688,9f9bb01aee1b,
M2_lap-ef3609dcd5,sbm,M2_lap,train,none,1,8,0.5,,,,45,0.572,0.523778,1.396127,0.649553,0.561,0.537326,1.386153,0.647233,0.220684,0.19705,0.440948,,,,,,,0.5,0.49459,0.41033,0.17886,0.5,1.79426,0.005,0.001,64,0.5,3.668,,,4225688,9f9bb01aee1b,
M2_lap-48e2a3a551,sbm,M2_lap,train,none,1,8,1.0,,,,43,0.568,0.519549,1.42521,0.663818,0.555,0.531491,1.415241,0.661328,0.231903,0.190819,0.438444,,,,,,,0.5,0.49459,0.41033,0.17886,0.5,1.79426,0.005,0.001,64,0.5,3.792,,,4225688,9f9bb01aee1b,
M2_lap-938510acc6,sbm,M2_lap,train,none,1,8,5.0,,,,31,0.544,0.497328,1.57877,0.733064,0.529,0.511744,1.577252,0.733338,0.279183,0.164316,0.439428,,,,,,,0.5,0.49459,0.41033,0.17886,0.5,1.79426,0.005,0.001,64,0.5,3.011,,,4225688,9f9bb01aee1b,
M4_mrf_gcn-e692e065d3,sbm,M4_mrf_gcn,tuned_grid,mf,1,8,,0.05,,0,,0.606,0.558414,1.143468,0.533728,0.599,0.57812,1.105368,0.521884,0.099027,0.287583,0.449978,1,5,,,,,0.5,0.49459,0.41033,0.17886,0.5,1.79426,,,,,,0.0574,,4225688,9f9bb01aee1b,flip=0.0100
M4_mrf_mlp-a6b3686504,sbm,M4_mrf_mlp,tuned_grid,mf,1,8,,0.05,,0,,0.338,0.331024,1.8999,0.849224,0.327,0.320826,1.890728,0.854459,0.205436,0.16185,0.180331,1,4,,,,,0.5,0.49459,0.41033,0.17886,0.5,1.79426,,,,,,0.0373,,4225688,9f9bb01aee1b,flip=0.0110
M4_mrf_gcn-9980e1aba5,sbm,M4_mrf_gcn,tuned_grid,mf,1,8,,0.1,,0,,0.608,0.559548,1.136474,0.529589,0.598,0.575248,1.098197,0.51801,0.092886,0.298878,0.457667,1,5,,,,,0.5,0.49459,0.41033,0.17886,0.5,1.79426,,,,,,0.0764,,4225688,9f9bb01aee1b,flip=0.0280
M4_mrf_mlp-1deda1d007,sbm,M4_mrf_mlp,tuned_grid,mf,1,8,,0.1,,0,,0.338,0.330915,1.887817,0.845046,0.333,0.325627,1.876786,0.849358,0.201718,0.165785,0.189093,1,5,,,,,0.5,0.49459,0.41033,0.17886,0.5,1.79426,,,,,,0.029,,4225688,9f9bb01aee1b,flip=0.0260
M4_mrf_gcn-14a3984edb,sbm,M4_mrf_gcn,tuned_grid,mf,1,8,,0.25,,0,,0.614,0.561213,1.130712,0.523479,0.603,0.57529,1.091418,0.513407,0.053135,0.336102,0.48118,1,9,,,,,0.5,0.49459,0.41033,0.17886,0.5,1.79426,,,,,,0.0537,,4225688,9f9bb01aee1b,flip=0.0700
M4_mrf_mlp-a29267b3ee,sbm,M4_mrf_mlp,tuned_grid,mf,1,8,,0.25,,0,,0.338,0.328162,1.855427,0.83267,0.348,0.339079,1.838861,0.834059,0.197392,0.179709,0.21511,1,8,,,,,0.5,0.49459,0.41033,0.17886,0.5,1.79426,,,,,,0.0857,,4225688,9f9bb01aee1b,flip=0.0640
M4_mrf_gcn-9e41c5a197,sbm,M4_mrf_gcn,tuned_grid,mf,1,8,,0.5,,0,,0.604,0.546965,1.218628,0.548023,0.59,0.549632,1.180059,0.547282,0.099548,0.404039,0.51435,1,23,,,,,0.5,0.49459,0.41033,0.17886,0.5,1.79426,,,,,,0.2746,,4225688,9f9bb01aee1b,flip=0.1470
M4_mrf_mlp-cf40e96550,sbm,M4_mrf_mlp,tuned_grid,mf,1,8,,0.5,,0,,0.368,0.347784,1.821592,0.81329,0.386,0.368994,1.795176,0.807576,0.197233,0.217401,0.271435,1,22,,,,,0.5,0.49459,0.41033,0.17886,0.5,1.79426,,,,,,0.2503,,4225688,9f9bb01aee1b,flip=0.1760
M4_mrf_gcn-b4a2e1bd7c,sbm,M4_mrf_gcn,tuned_grid,mf,1,8,,1.0,,0,,0.158,0.065148,5.691345,1.598733,0.151,0.07524,5.705368,1.604937,0.801979,0.944467,0.977202,1,56,,,,,0.5,0.49459,0.41033,0.17886,0.5,1.79426,,,,,,0.7324,,4225688,9f9bb01aee1b,flip=0.7240
M4_mrf_mlp-261fc8bbeb,sbm,M4_mrf_mlp,tuned_grid,mf,1,8,,1.0,,0,,0.13,0.04933,6.181699,1.634245,0.185,0.083671,5.782927,1.53674,0.755286,0.917687,0.966294,1,31,,,,,0.5,0.49459,0.41033,0.17886,0.5,1.79426,,,,,,0.4225,,4225688,9f9bb01aee1b,flip=0.7670
M4_mrf_gcn-8a99992309,sbm,M4_mrf_gcn,tuned_grid,mf,1,8,,2.0,,0,,0.146,0.042794,12.760226,1.705923,0.13,0.034688,12.773902,1.725722,0.864238,0.996787,0.999106,1,21,,,,,0.5,0.49459,0.41033,0.17886,0.5,1.79426,,,,,,0.1114,,4225688,9f9bb01aee1b,flip=0.7480
M4_mrf_mlp-91d7f439ff,sbm,M4_mrf_mlp,tuned_grid,mf,1,8,,2.0,,0,,0.226,0.104721,8.433379,1.484183,0.258,0.120174,7.997762,1.418866,0.699651,0.723082,0.732678,1,101,,,,,0.5,0.49459,0.41033,0.17886,0.5,1.79426,,,,,,1.4244,,4225688,9f9bb01aee1b,flip=0.7160
OF-a217deba8a,sbm,Oracle_F,oracle,closed_form,1,8,,,,,,0.728,,,,0.715,,,,,,,,,,,,,0.5,0.49459,0.41033,0.17886,0.5,1.79426,,,,,,,,4225688,9f9bb01aee1b,"feature-only Bayes rule, known generative parameters"
OG-91f990cde0,sbm,Oracle_G,oracle,mf,1,8,,1.79426,,,,0.936,0.936359,0.181538,0.092969,0.935,0.935468,0.19211,0.092688,0.015883,0.494796,0.502727,1,58,,,,,0.5,0.49459,0.41033,0.17886,0.5,1.79426,,,,,,,,4225688,9f9bb01aee1b,true Gaussian unaries + generator-implied coupling
M0_mlp-f0db6f4b3d,sbm,M0_mlp,train,none,5,8,0.0,,,,39,0.452,0.450637,1.80358,0.770198,0.414,0.409819,1.84777,0.797384,0.230799,0.173682,0.188377,,,,,,,0.5,0.49459,0.41033,0.17886,0.5,1.79426,0.01,0.0005,64,0.5,0.496,,results/logits/M0_mlp-f0db6f4b3d.npz,4225688,9f9bb01aee1b,
M1_gcn-bf99719732,sbm,M1_gcn,train,none,5,8,0.0,,,,40,0.762,0.762024,1.150755,0.538803,0.778,0.776836,1.129541,0.530816,0.400522,0.19517,0.465892,,,,,,,0.5,0.49459,0.41033,0.17886,0.5,1.79426,0.005,0.001,64,0.5,3.285,,results/logits/M1_gcn-bf99719732.npz,4225688,9f9bb01aee1b,
LP-e4e7fee00c,sbm,LP,closed_form,label_prop,5,8,,,,,,0.164,0.09822,1.98311,0.853758,0.184,0.13651,1.939718,0.845535,0.084794,0.152024,0.837103,,,,,,,0.5,0.49459,0.41033,0.17886,0.5,1.79426,,,,,,,,4225688,9f9bb01aee1b,uses train labels as inference-time evidence
M2_lap-6706fc8164,sbm,M2_lap,train,none,5,8,0.001,,,,40,0.762,0.762024,1.150792,0.538822,0.778,0.776836,1.129578,0.530834,0.400538,0.195164,0.465892,,,,,,,0.5,0.49459,0.41033,0.17886,0.5,1.79426,0.005,0.001,64,0.5,3.7,,,4225688,9f9bb01aee1b,
M2_lap-47f2a36836,sbm,M2_lap,train,none,5,8,0.01,,,,40,0.762,0.762024,1.151143,0.539,0.778,0.776836,1.12993,0.531011,0.400687,0.195107,0.465892,,,,,,,0.5,0.49459,0.41033,0.17886,0.5,1.79426,0.005,0.001,64,0.5,3.497,,,4225688,9f9bb01aee1b,
M2_lap-131d23180d,sbm,M2_lap,train,none,5,8,0.1,,,,29,0.76,0.761649,1.404636,0.659641,0.769,0.769004,1.389306,0.654333,0.495483,0.161437,0.462941,,,,,,,0.5,0.49459,0.41033,0.17886,0.5,1.79426,0.005,0.001,64,0.5,2.994,,,4225688,9f9bb01aee1b,
M2_lap-31592215e7,sbm,M2_lap,train,none,5,8,0.5,,,,42,0.758,0.758457,1.132121,0.529969,0.774,0.771919,1.110517,0.521569,0.386266,0.199268,0.464819,,,,,,,0.5,0.49459,0.41033,0.17886,0.5,1.79426,0.005,0.001,64,0.5,3.931,,,4225688,9f9bb01aee1b,
M2_lap-4f31731619,sbm,M2_lap,train,none,5,8,1.0,,,,31,0.754,0.755595,1.370475,0.644102,0.767,0.766594,1.354429,0.638472,0.481287,0.164585,0.461243,,,,,,,0.5,0.49459,0.41033,0.17886,0.5,1.79426,0.005,0.001,64,0.5,3.048,,,4225688,9f9bb01aee1b,
M2_lap-958ece6217,sbm,M2_lap,train,none,5,8,5.0,,,,27,0.74,0.743508,1.49953,0.700858,0.764,0.764702,1.487214,0.696826,0.520399,0.154559,0.461153,,,,,,,0.5,0.49459,0.41033,0.17886,0.5,1.79426,0.005,0.001,64,0.5,2.744,,,4225688,9f9bb01aee1b,
M4_mrf_gcn-aaf3653247,sbm,M4_mrf_gcn,tuned_grid,mf,5,8,,0.05,,0,,0.758,0.758193,1.123804,0.524905,0.778,0.776752,1.102123,0.516685,0.387808,0.201273,0.470094,1,5,,,,,0.5,0.49459,0.41033,0.17886,0.5,1.79426,,,,,,0.0508,,4225688,9f9bb01aee1b,flip=0.0050
M4_mrf_mlp-7ceba2ed10,sbm,M4_mrf_mlp,tuned_grid,mf,5,8,,0.05,,0,,0.456,0.45467,1.778499,0.761862,0.415,0.41017,1.823503,0.789154,0.231812,0.178691,0.195351,1,4,,,,,0.5,0.49459,0.41033,0.17886,0.5,1.79426,,,,,,0.0541,,4225688,9f9bb01aee1b,flip=0.0090
M4_mrf_gcn-9c4f15b755,sbm,M4_mrf_gcn,tuned_grid,mf,5,8,,0.1,,0,,0.76,0.760456,1.094592,0.509735,0.779,0.777656,1.072298,0.501248,0.374357,0.208489,0.474654,1,6,,,,,0.5,0.49459,0.41033,0.17886,0.5,1.79426,,,,,,0.0802,,4225688,9f9bb01aee1b,flip=0.0150
M4_mrf_mlp-60b1d4fa5c,sbm,M4_mrf_mlp,tuned_grid,mf,5,8,,0.1,,0,,0.46,0.457731,1.75362,0.753358,0.422,0.416559,1.799476,0.780839,0.227273,0.183966,0.205633,1,5,,,,,0.5,0.49459,0.41033,0.17886,0.5,1.79426,,,,,,0.0352,,4225688,9f9bb01aee1b,flip=0.0210
M4_mrf_gcn-68453c71b6,sbm,M4_mrf_gcn,tuned_grid,mf,5,8,,0.25,,0,,0.766,0.765528,0.992416,0.456669,0.786,0.784474,0.96702,0.446954,0.325435,0.239266,0.486097,1,9,,,,,0.5,0.49459,0.41033,0.17886,0.5,1.79426,,,,,,0.0577,,4225688,9f9bb01aee1b,flip=0.0400
M4_mrf_mlp-0c91067d5f,sbm,M4_mrf_mlp,tuned_grid,mf,5,8,,0.25,,0,,0.478,0.475686,1.679617,0.726449,0.441,0.434806,1.728311,0.755068,0.218232,0.201753,0.23013,1,7,,,,,0.5,0.49459,0.41033,0.17886,0.5,1.79426,,,,,,0.1255,,4225688,9f9bb01aee1b,flip=0.0570
M4_mrf_gcn-00747b9f91,sbm,M4_mrf_gcn,tuned_grid,mf,5,8,,0.5,,0,,0.78,0.778673,0.802395,0.365093,0.79,0.788185,0.76368,0.349036,0.198908,0.323746,0.502369,1,19,,,,,0.5,0.49459,0.41033,0.17886,0.5,1.79426,,,,,,0.1812,,4225688,9f9bb01aee1b,flip=0.0920
M4_mrf_mlp-82da94670c,sbm,M4_mrf_mlp,tuned_grid,mf,5,8,,0.5,,0,,0.514,0.510601,1.559197,0.675969,0.489,0.480126,1.611775,0.707028,0.199872,0.241124,0.27975,1,14,,,,,0.5,0.49459,0.41033,0.17886,0.5,1.79426,,,,,,0.1915,,4225688,9f9bb01aee1b,flip=0.1400
M4_mrf_gcn-988574ead4,sbm,M4_mrf_gcn,tuned_grid,mf,5,8,,1.0,,0,,0.792,0.791655,0.667495,0.312066,0.803,0.802208,0.56826,0.276984,0.034252,0.457846,0.523916,1,100,,,,,0.5,0.49459,0.41033,0.17886,0.5,1.79426,,,,,,1.1207,,4225688,9f9bb01aee1b,flip=0.1510
M4_mrf_mlp-2d580f8300,sbm,M4_mrf_mlp,tuned_grid,mf,5,8,,1.0,,0,,0.574,0.567706,1.543045,0.635952,0.579,0.565728,1.55987,0.636847,0.214875,0.362303,0.402772,1,172,,,,,0.5,0.49459,0.41033,0.17886,0.5,1.79426,,,,,,2.0567,,4225688,9f9bb01aee1b,flip=0.3190
M4_mrf_gcn-d08d00b938,sbm,M4_mrf_gcn,tuned_grid,mf,5,8,,2.0,,0,,0.754,0.754665,1.218164,0.422726,0.769,0.768419,0.932917,0.379204,0.145354,0.524711,0.539115,1,91,,,,,0.5,0.49459,0.41033,0.17886,0.5,1.79426,,,,,,1.1701,,4225688,9f9bb01aee1b,flip=0.2100
M4_mrf_mlp-c89456de86,sbm,M4_mrf_mlp,tuned_grid,mf,5,8,,2.0,,0,,0.176,0.066903,12.289944,1.633977,0.153,0.045296,12.072056,1.675488,0.837513,0.988143,0.99392,1,31,,,,,0.5,0.49459,0.41033,0.17886,0.5,1.79426,,,,,,0.3099,,4225688,9f9bb01aee1b,flip=0.8050
OF-727b390313,sbm,Oracle_F,oracle,closed_form,5,8,,,,,,0.74,,,,0.734,,,,,,,,,,,,,0.5,0.49459,0.41033,0.17886,0.5,1.79426,,,,,,,,4225688,9f9bb01aee1b,"feature-only Bayes rule, known generative parameters"
OG-f5949334f1,sbm,Oracle_G,oracle,mf,5,8,,1.79426,,,,0.918,0.918412,0.213468,0.108792,0.935,0.934939,0.213998,0.102756,0.010094,0.494796,0.502727,1,58,,,,,0.5,0.49459,0.41033,0.17886,0.5,1.79426,,,,,,,,4225688,9f9bb01aee1b,true Gaussian unaries + generator-implied coupling
M0_mlp-55c9f63a4a,sbm,M0_mlp,train,none,20,8,0.0,,,,18,0.618,0.617933,1.156405,0.552441,0.614,0.614398,1.157345,0.549006,0.134287,0.174415,0.253554,,,,,,,0.5,0.49459,0.41033,0.17886,0.5,1.79426,0.01,0.0005,64,0.5,0.501,,results/logits/M0_mlp-55c9f63a4a.npz,4225688,9f9bb01aee1b,
M1_gcn-034f9dc071,sbm,M1_gcn,train,none,20,8,0.0,,,,50,0.83,0.830525,0.727025,0.331233,0.851,0.850623,0.720137,0.324611,0.276133,0.297926,0.490478,,,,,,,0.5,0.49459,0.41033,0.17886,0.5,1.79426,0.005,0.001,64,0.5,3.105,,results/logits/M1_gcn-034f9dc071.npz,4225688,9f9bb01aee1b,
LP-b685b7f77a,sbm,LP,closed_form,label_prop,20,8,,,,,,0.39,0.380244,1.802978,0.807646,0.406,0.393422,1.848288,0.808359,0.196309,0.15994,0.43451,,,,,,,0.5,0.49459,0.41033,0.17886,0.5,1.79426,,,,,,,,4225688,9f9bb01aee1b,uses train labels as inference-time evidence
M2_lap-4e6ae0d53e,sbm,M2_lap,train,none,20,8,0.001,,,,50,0.83,0.830525,0.727107,0.331271,0.851,0.850623,0.720221,0.324652,0.276189,0.297894,0.490478,,,,,,,0.5,0.49459,0.41033,0.17886,0.5,1.79426,0.005,0.001,64,0.5,3.403,,,4225688,9f9bb01aee1b,
M2_lap-a709c9d011,sbm,M2_lap,train,none,20,8,0.01,,,,52,0.83,0.83022,0.704668,0.32149,0.851,0.850457,0.694564,0.312659,0.258603,0.308242,0.490568,,,,,,,0.5,0.49459,0.41033,0.17886,0.5,1.79426,0.005,0.001,64,0.5,3.077,,,4225688,9f9bb01aee1b,
M2_lap-397c797224,sbm,M2_lap,train,none,20,8,0.1,,,,54,0.83,0.830257,0.693706,0.316981,0.848,0.847465,0.681283,0.306688,0.245389,0.314257,0.490389,,,,,,,0.5,0.49459,0.41033,0.17886,0.5,1.79426,0.005,0.001,64,0.5,3.229,,,4225688,9f9bb01aee1b,
M2_lap-026f265104,sbm,M2_lap,train,none,20,8,0.5,,,,48,0.826,0.826572,0.797871,0.364041,0.851,0.85046,0.793948,0.36046,0.322727,0.271082,0.490478,,,,,,,0.5,0.49459,0.41033,0.17886,0.5,1.79426,0.005,0.001,64,0.5,3.007,,,4225688,9f9bb01aee1b,
M2_lap-a339a55d06,sbm,M2_lap,train,none,20,8,1.0,,,,49,0.83,0.830351,0.838913,0.383979,0.849,0.848615,0.835601,0.381418,0.344411,0.257986,0.49021,,,,,,,0.5,0.49459,0.41033,0.17886,0.5,1.79426,0.005,0.001,64,0.5,2.835,,,4225688,9f9bb01aee1b,
M2_lap-9ed6c98015,sbm,M2_lap,train,none,20,8,5.0,,,,22,0.81,0.809823,1.460663,0.684704,0.843,0.842705,1.466191,0.687524,0.599919,0.153833,0.485114,,,,,,,0.5,0.49459,0.41033,0.17886,0.5,1.79426,0.005,0.001,64,0.5,2.052,,,4225688,9f9bb01aee1b,
M4_mrf_gcn-6d6aab5cc7,sbm,M4_mrf_gcn,tuned_grid,mf,20,8,,0.05,,0,,0.828,0.828743,0.701333,0.319279,0.852,0.851683,0.693495,0.311692,0.259656,0.310639,0.492892,1,4,,,,,0.5,0.49459,0.41033,0.17886,0.5,1.79426,,,,,,0.0306,,4225688,9f9bb01aee1b,flip=0.0080
M4_mrf_mlp-d116ba1f47,sbm,M4_mrf_mlp,tuned_grid,mf,20,8,,0.05,,0,,0.624,0.623943,1.126142,0.538458,0.626,0.626189,1.128318,0.535717,0.140693,0.179666,0.265713,1,4,,,,,0.5,0.49459,0.41033,0.17886,0.5,1.79426,,,,,,0.0305,,4225688,9f9bb01aee1b,flip=0.0150
M4_mrf_gcn-758e081585,sbm,M4_mrf_gcn,tuned_grid,mf,20,8,,0.1,,0,,0.83,0.831157,0.675829,0.307757,0.855,0.854747,0.667011,0.299149,0.244603,0.323899,0.496468,1,5,,,,,0.5,0.49459,0.41033,0.17886,0.5,1.79426,,,,,,0.0335,,4225688,9f9bb01aee1b,flip=0.0140
M4_mrf_mlp-3582aa40c3,sbm,M4_mrf_mlp,tuned_grid,mf,20,8,,0.1,,0,,0.634,0.634338,1.093795,0.523222,0.639,0.63914,1.09742,0.521342,0.147017,0.185612,0.279571,1,5,,,,,0.5,0.49459,0.41033,0.17886,0.5,1.79426,,,,,,0.0384,,4225688,9f9bb01aee1b,flip=0.0310
M4_mrf_gcn-7946eac8af,sbm,M4_mrf_gcn,tuned_grid,mf,20,8,,0.25,,0,,0.836,0.836896,0.604253,0.277507,0.859,0.858796,0.592261,0.265639,0.19301,0.364849,0.504694,1,8,,,,,0.5,0.49459,0.41033,0.17886,0.5,1.79426,,,,,,0.0693,,4225688,9f9bb01aee1b,flip=0.0400
M4_mrf_mlp-b0316cff7b,sbm,M4_mrf_mlp,tuned_grid,mf,20,8,,0.25,,0,,0.676,0.676532,0.980693,0.468044,0.679,0.679055,0.990296,0.470099,0.158993,0.209494,0.318194,1,8,,,,,0.5,0.49459,0.41033,0.17886,0.5,1.79426,,,,,,0.0592,,4225688,9f9bb01aee1b,flip=0.0860
M4_mrf_gcn-6596fec823,sbm,M4_mrf_gcn,tuned_grid,mf,20,8,,0.5,,0,,0.836,0.836901,0.519346,0.246969,0.859,0.858849,0.501593,0.22951,0.110172,0.424127,0.512293,1,13,,,,,0.5,0.49459,0.41033,0.17886,0.5,1.79426,,,,,,0.1058,,4225688,9f9bb01aee1b,flip=0.0740
M4_mrf_mlp-f0f0517585,sbm,M4_mrf_mlp,tuned_grid,mf,20,8,,0.5,,0,,0.776,0.777886,0.732987,0.342998,0.78,0.780498,0.757692,0.355215,0.174509,0.281373,0.411533,1,16,,,,,0.5,0.49459,0.41033,0.17886,0.5,1.79426,,,,,,0.1309,,4225688,9f9bb01aee1b,flip=0.2100
M4_mrf_gcn-128a4a5902,sbm,M4_mrf_gcn,tuned_grid,mf,20,8,,1.0,,0,,0.832,0.831825,0.489895,0.243423,0.85,0.849576,0.463134,0.220019,0.022794,0.487154,0.52329,1,40,,,,,0.5,0.49459,0.41033,0.17886,0.5,1.79426,,,,,,0.359,,4225688,9f9bb01aee1b,flip=0.1100
M4_mrf_mlp-2aa81f98e7,sbm,M4_mrf_mlp,tuned_grid,mf,20,8,,1.0,,0,,0.886,0.886914,0.385116,0.179681,0.868,0.867905,0.419271,0.194459,0.068362,0.436495,0.495843,1,57,,,,,0.5,0.49459,0.41033,0.17886,0.5,1.79426,,,,,,0.5803,,4225688,9f9bb01aee1b,flip=0.3400
M4_mrf_gcn-1b3bbd6292,sbm,M4_mrf_gcn,tuned_grid,mf,20,8,,2.0,,0,,0.82,0.820506,0.733641,0.300266,0.828,0.827813,0.71714,0.285619,0.099396,0.52375,0.534376,1,53,,,,,0.5,0.49459,0.41033,0.17886,0.5,1.79426,,,,,,0.5773,,4225688,9f9bb01aee1b,flip=0.1420
M4_mrf_mlp-79012269e4,sbm,M4_mrf_mlp,tuned_grid,mf,20,8,,2.0,,0,,0.854,0.856765,0.465513,0.220544,0.858,0.858109,0.516187,0.22239,0.062648,0.511791,0.524631,1,95,,,,,0.5,0.49459,0.41033,0.17886,0.5,1.79426,,,,,,0.8751,,4225688,9f9bb01aee1b,flip=0.3980
OF-b873472633,sbm,Oracle_F,oracle,closed_form,20,8,,,,,,0.758,,,,0.738,,,,,,,,,,,,,0.5,0.49459,0.41033,0.17886,0.5,1.79426,,,,,,,,4225688,9f9bb01aee1b,"feature-only Bayes rule, known generative parameters"
OG-0d9f8a2cdd,sbm,Oracle_G,oracle,mf,20,8,,1.79426,,,,0.924,0.924786,0.2139,0.115034,0.936,0.935645,0.215362,0.09867,0.015041,0.494796,0.502727,1,58,,,,,0.5,0.49459,0.41033,0.17886,0.5,1.79426,,,,,,,,4225688,9f9bb01aee1b,true Gaussian unaries + generator-implied coupling
M0_mlp-3b34df4794,sbm,M0_mlp,train,none,1,9,0.0,,,,30,0.27,0.264788,2.107485,0.913714,0.267,0.249563,2.200222,0.927358,0.215669,0.154121,0.182545,,,,,,,0.5,0.5013,0.41815,0.18501,0.5,1.79426,0.01,0.0005,64,0.5,0.324,,results/logits/M0_mlp-3b34df4794.npz,4225688,9f9bb01aee1b,
M1_gcn-4fb6aff363,sbm,M1_gcn,train,none,1,9,0.0,,,,119,0.604,0.583,1.132616,0.545004,0.587,0.567746,1.152523,0.546493,0.085996,0.268504,0.432343,,,,,,,0.5,0.5013,0.41815,0.18501,0.5,1.79426,0.005,0.001,64,0.5,4.384,,results/logits/M1_gcn-4fb6aff363.npz,4225688,9f9bb01aee1b,
LP-39397b55f5,sbm,LP,closed_form,label_prop,1,9,,,,,,0.138,0.044665,2.012935,0.879069,0.14,0.044049,2.029272,0.877162,0.161683,0.166455,0.986172,,,,,,,0.5,0.5013,0.41815,0.18501,0.5,1.79426,,,,,,,,4225688,9f9bb01aee1b,uses train labels as inference-time evidence
M2_lap-52d6de281d,sbm,M2_lap,train,none,1,9,0.001,,,,118,0.602,0.581204,1.135147,0.546022,0.587,0.567746,1.154598,0.54732,0.085354,0.268262,0.432073,,,,,,,0.5,0.5013,0.41815,0.18501,0.5,1.79426,0.005,0.001,64,0.5,4.646,,,4225688,9f9bb01aee1b,
M2_lap-50a6f2a3d7,sbm,M2_lap,train,none,1,9,0.01,,,,118,0.6,0.579278,1.138976,0.547937,0.585,0.565929,1.15873,0.549334,0.08827,0.267299,0.430996,,,,,,,0.5,0.5013,0.41815,0.18501,0.5,1.79426,0.005,0.001,64,0.5,4.645,,,4225688,9f9bb01aee1b,
M2_lap-c1806cb667,sbm,M2_lap,train,none,1,9,0.1,,,,119,0.574,0.555982,1.176347,0.566485,0.572,0.556243,1.199435,0.568986,0.090191,0.258588,0.42498,,,,,,,0.5,0.5013,0.41815,0.18501,0.5,1.79426,0.005,0.001,64,0.5,4.965,,,4225688,9f9bb01aee1b,
M2_lap-c94dd85c4f,sbm,M2_lap,train,none,1,9,0.5,,,,41,0.548,0.508735,1.471064,0.684821,0.544,0.508221,1.467109,0.681269,0.234262,0.181866,0.444464,,,,,,,0.5,0.5013,0.41815,0.18501,0.5,1.79426,0.005,0.001,64,0.5,2.194,,,4225688,9f9bb01aee1b,
M2_lap-52ea8a57c1,sbm,M2_lap,train,none,1,9,1.0,,,,40,0.54,0.501367,1.489411,0.693013,0.538,0.50308,1.48561,0.689636,0.237568,0.178528,0.446619,,,,,,,0.5,0.5013,0.41815,0.18501,0.5,1.79426,0.005,0.001,64,0.5,2.283,,,4225688,9f9bb01aee1b,
M2_lap-37801b20cd,sbm,M2_lap,train,none,1,9,5.0,,,,35,0.526,0.489639,1.584159,0.733265,0.524,0.490146,1.58084,0.730769,0.26601,0.164652,0.445901,,,,,,,0.5,0.5013,0.41815,0.18501,0.5,1.79426,0.005,0.001,64,0.5,1.927,,,4225688,9f9bb01aee1b,
M4_mrf_gcn-0762540a31,sbm,M4_mrf_gcn,tuned_grid,mf,1,9,,0.05,,0,,0.602,0.581046,1.120321,0.538633,0.588,0.567574,1.142019,0.541066,0.075771,0.278253,0.438628,1,5,,,,,0.5,0.5013,0.41815,0.18501,0.5,1.79426,,,,,,0.0568,,4225688,9f9bb01aee1b,flip=0.0090
M4_mrf_mlp-94cea88239,sbm,M4_mrf_mlp,tuned_grid,mf,1,9,,0.05,,0,,0.268,0.262639,2.101863,0.911934,0.266,0.24837,2.195085,0.925376,0.216785,0.157345,0.188201,1,4,,,,,0.5,0.5013,0.41815,0.18501,0.5,1.79426,,,,,,0.0345,,4225688,9f9bb01aee1b,flip=0.0110
M4_mrf_gcn-a9e16cc2fb,sbm,M4_mrf_gcn,tuned_grid,mf,1,9,,0.1,,0,,0.598,0.572824,1.108802,0.532632,0.591,0.567913,1.132452,0.536128,0.062571,0.288676,0.444734,1,6,,,,,0.5,0.5013,0.41815,0.18501,0.5,1.79426,,,,,,0.0547,,4225688,9f9bb01aee1b,flip=0.0220
M4_mrf_mlp-3622123010,sbm,M4_mrf_mlp,tuned_grid,mf,1,9,,0.1,,0,,0.264,0.25763,2.097179,0.910367,0.266,0.247028,2.190934,0.923612,0.215538,0.160883,0.196283,1,5,,,,,0.5,0.5013,0.41815,0.18501,0.5,1.79426,,,,,,0.0495,,4225688,9f9bb01aee1b,flip=0.0260
M4_mrf_gcn-4fd9dfa838,sbm,M4_mrf_gcn,tuned_grid,mf,1,9,,0.25,,0,,0.612,0.582372,1.082129,0.518122,0.594,0.565653,1.11319,0.525896,0.04416,0.323575,0.465835,1,9,,,,,0.5,0.5013,0.41815,0.18501,0.5,1.79426,,,,,,0.073,,4225688,9f9bb01aee1b,flip=0.0640
M4_mrf_mlp-5572ba5f52,sbm,M4_mrf_mlp,tuned_grid,mf,1,9,,0.25,,0,,0.264,0.250926,2.090059,0.907119,0.276,0.253319,2.186059,0.920035,0.219208,0.174589,0.228607,1,8,,,,,0.5,0.5013,0.41815,0.18501,0.5,1.79426,,,,,,0.0648,,4225688,9f9bb01aee1b,flip=0.0820
M4_mrf_gcn-f6a0ac77fb,sbm,M4_mrf_gcn,tuned_grid,mf,1,9,,0.5,,0,,0.62,0.583052,1.096437,0.518026,0.6,0.56375,1.146278,0.534167,0.092579,0.38757,0.498339,1,22,,,,,0.5,0.5013,0.41815,0.18501,0.5,1.79426,,,,,,0.193,,4225688,9f9bb01aee1b,flip=0.1290
M4_mrf_mlp-066b89891c,sbm,M4_mrf_mlp,tuned_grid,mf,1,9,,0.5,,0,,0.286,0.249236,2.159614,0.92328,0.286,0.250071,2.26351,0.93609,0.267912,0.234263,0.325851,1,32,,,,,0.5,0.5013,0.41815,0.18501,0.5,1.79426,,,,,,0.273,,4225688,9f9bb01aee1b,flip=0.2000
M4_mrf_gcn-53abf46200,sbm,M4_mrf_gcn,tuned_grid,mf,1,9,,1.0,,0,,0.162,0.0691,5.414408,1.594929,0.167,0.078609,5.619388,1.574346,0.787143,0.937276,0.973063,1,73,,,,,0.5,0.5013,0.41815,0.18501,0.5,1.79426,,,,,,0.6462,,4225688,9f9bb01aee1b,flip=0.7470
M4_mrf_mlp-e917e070b7,sbm,M4_mrf_mlp,tuned_grid,mf,1,9,,1.0,,0,,0.158,0.046385,6.355936,1.610799,0.149,0.046406,6.657955,1.621854,0.803797,0.945864,0.986082,1,16,,,,,0.5,0.5013,0.41815,0.18501,0.5,1.79426,,,,,,0.147,,4225688,9f9bb01aee1b,flip=0.7350
M4_mrf_gcn-82c58ed93f,sbm,M4_mrf_gcn,tuned_grid,mf,1,9,,2.0,,0,,0.144,0.035964,12.365804,1.705176,0.148,0.04239,12.724243,1.693185,0.846747,0.996589,0.999012,1,43,,,,,0.5,0.5013,0.41815,0.18501,0.5,1.79426,,,,,,0.4216,,4225688,9f9bb01aee1b,flip=0.7700
M4_mrf_mlp-eb5d6bbffc,sbm,M4_mrf_mlp,tuned_grid,mf,1,9,,2.0,,0,,0.156,0.042523,13.04701,1.682068,0.145,0.036245,13.591288,1.699476,0.849558,0.996318,0.999192,1,9,,,,,0.5,0.5013,0.41815,0.18501,0.5,1.79426,,,,,,0.0665,,4225688,9f9bb01aee1b,flip=0.7480
OF-eeb515bced,sbm,Oracle_F,oracle,closed_form,1,9,,,,,,0.736,,,,0.738,,,,,,,,,,,,,0.5,0.5013,0.41815,0.18501,0.5,1.79426,,,,,,,,4225688,9f9bb01aee1b,"feature-only Bayes rule, known generative parameters"
OG-7ef094af4d,sbm,Oracle_G,oracle,mf,1,9,,1.79426,,,,0.914,0.914181,0.242581,0.119498,0.933,0.932948,0.194445,0.101306,0.013825,0.502028,0.510101,0,500,,,,,0.5,0.5013,0.41815,0.18501,0.5,1.79426,,,,,,,,4225688,9f9bb01aee1b,true Gaussian unaries + generator-implied coupling
M0_mlp-e89a8908d2,sbm,M0_mlp,train,none,5,9,0.0,,,,23,0.41,0.406251,1.618843,0.75059,0.401,0.395227,1.572024,0.726989,0.059409,0.158903,0.185687,,,,,,,0.5,0.5013,0.41815,0.18501,0.5,1.79426,0.01,0.0005,64,0.5,0.281,,results/logits/M0_mlp-e89a8908d2.npz,4225688,9f9bb01aee1b,
M1_gcn-04150c1b93,sbm,M1_gcn,train,none,5,9,0.0,,,,50,0.754,0.751352,1.013981,0.479061,0.77,0.767611,0.992889,0.466152,0.322374,0.2287,0.466733,,,,,,,0.5,0.5013,0.41815,0.18501,0.5,1.79426,0.005,0.001,64,0.5,1.986,,results/logits/M1_gcn-04150c1b93.npz,4225688,9f9bb01aee1b,
LP-d7a4483923,sbm,LP,closed_form,label_prop,5,9,,,,,,0.172,0.108509,1.917156,0.847253,0.188,0.121569,1.93974,0.846742,0.111737,0.150918,0.843225,,,,,,,0.5,0.5013,0.41815,0.18501,0.5,1.79426,,,,,,,,4225688,9f9bb01aee1b,uses train labels as inference-time evidence
M2_lap-810b0e305d,sbm,M2_lap,train,none,5,9,0.001,,,,50,0.754,0.751352,1.014041,0.479091,0.77,0.767611,0.992945,0.466179,0.322405,0.228684,0.466733,,,,,,,0.5,0.5013,0.41815,0.18501,0.5,1.79426,0.005,0.001,64,0.5,2.296,,,4225688,9f9bb01aee1b,
M2_lap-c6d79a814f,sbm,M2_lap,train,none,5,9,0.01,,,,50,0.754,0.751352,1.014578,0.479357,0.77,0.767611,0.993468,0.466431,0.322711,0.228527,0.466463,,,,,,,0.5,0.5013,0.41815,0.18501,0.5,1.79426,0.005,0.001,64,0.5,2.281,,,4225688,9f9bb01aee1b,
M2_lap-58e0f26c7c,sbm,M2_lap,train,none,5,9,0.1,,,,52,0.754,0.751804,0.991526,0.468557,0.768,0.765649,0.970067,0.455234,0.306953,0.235112,0.464847,,,,,,,0.5,0.5013,0.41815,0.18501,0.5,1.79426,0.005,0.001,64,0.5,2.505,,,4225688,9f9bb01aee1b,
M2_lap-0b6f4c3848,sbm,M2_lap,train,none,5,9,0.5,,,,47,0.748,0.745081,1.08936,0.51534,0.765,0.762602,1.069429,0.503003,0.358365,0.209377,0.461614,,,,,,,0.5,0.5013,0.41815,0.18501,0.5,1.79426,0.005,0.001,64,0.5,2.259,,,4225688,9f9bb01aee1b,
M2_lap-c93ea053db,sbm,M2_lap,train,none,5,9,1.0,,,,46,0.75,0.747201,1.1311,0.535558,0.761,0.75929,1.111424,0.523402,0.375007,0.200424,0.460986,,,,,,,0.5,0.5013,0.41815,0.18501,0.5,1.79426,0.005,0.001,64,0.5,2.207,,,4225688,9f9bb01aee1b,
M2_lap-6b9ba7d4b4,sbm,M2_lap,train,none,5,9,5.0,,,,33,0.724,0.719004,1.444896,0.679178,0.747,0.746601,1.432006,0.672584,0.486073,0.159367,0.455598,,,,,,,0.5,0.5013,0.41815,0.18501,0.5,1.79426,0.005,0.001,64,0.5,1.991,,,4225688,9f9bb01aee1b,
M4_mrf_gcn-33b73f5161,sbm,M4_mrf_gcn,tuned_grid,mf,5,9,,0.05,,0,,0.754,0.751787,0.986986,0.465263,0.772,0.76965,0.9646,0.451841,0.30934,0.23758,0.469965,1,5,,,,,0.5,0.5013,0.41815,0.18501,0.5,1.79426,,,,,,0.0404,,4225688,9f9bb01aee1b,flip=0.0060
M4_mrf_mlp-b12676805c,sbm,M4_mrf_mlp,tuned_grid,mf,5,9,,0.05,,0,,0.418,0.413977,1.600758,0.743612,0.406,0.398838,1.553028,0.719738,0.055178,0.16227,0.198527,1,4,,,,,0.5,0.5013,0.41815,0.18501,0.5,1.79426,,,,,,0.0345,,4225688,9f9bb01aee1b,flip=0.0190
M4_mrf_gcn-07b1c285ee,sbm,M4_mrf_gcn,tuned_grid,mf,5,9,,0.1,,0,,0.752,0.749131,0.958475,0.450781,0.774,0.771829,0.934834,0.436828,0.294824,0.247627,0.473736,1,6,,,,,0.5,0.5013,0.41815,0.18501,0.5,1.79426,,,,,,0.0481,,4225688,9f9bb01aee1b,flip=0.0180
M4_mrf_mlp-849260bfe7,sbm,M4_mrf_mlp,tuned_grid,mf,5,9,,0.1,,0,,0.424,0.41876,1.582162,0.736227,0.411,0.403717,1.5334,0.712063,0.058402,0.165983,0.207417,1,5,,,,,0.5,0.5013,0.41815,0.18501,0.5,1.79426,,,,,,0.0419,,4225688,9f9bb01aee1b,flip=0.0370
M4_mrf_gcn-9c5d151a2d,sbm,M4_mrf_gcn,tuned_grid,mf,5,9,,0.25,,0,,0.766,0.762763,0.86596,0.405114,0.782,0.779614,0.838275,0.38896,0.244082,0.2855,0.485409,1,9,,,,,0.5,0.5013,0.41815,0.18501,0.5,1.79426,,,,,,0.068,,4225688,9f9bb01aee1b,flip=0.0520
M4_mrf_mlp-83310de8e5,sbm,M4_mrf_mlp,tuned_grid,mf,5,9,,0.25,,0,,0.442,0.434932,1.521687,0.710732,0.434,0.426858,1.46924,0.685753,0.053621,0.180463,0.237317,1,9,,,,,0.5,0.5013,0.41815,0.18501,0.5,1.79426,,,,,,0.0695,,4225688,9f9bb01aee1b,flip=0.0900
M4_mrf_gcn-847fe7564e,sbm,M4_mrf_gcn,tuned_grid,mf,5,9,,0.5,,0,,0.78,0.775779,0.718637,0.338006,0.786,0.783416,0.684668,0.318503,0.138106,0.364232,0.504534,1,37,,,,,0.5,0.5013,0.41815,0.18501,0.5,1.79426,,,,,,0.328,,4225688,9f9bb01aee1b,flip=0.1060
M4_mrf_mlp-cfbe599c80,sbm,M4_mrf_mlp,tuned_grid,mf,5,9,,0.5,,0,,0.494,0.476343,1.42891,0.66772,0.495,0.478293,1.369618,0.643235,0.052206,0.234628,0.339319,1,40,,,,,0.5,0.5013,0.41815,0.18501,0.5,1.79426,,,,,,0.3681,,4225688,9f9bb01aee1b,flip=0.2400
M4_mrf_gcn-e2e7b95106,sbm,M4_mrf_gcn,tuned_grid,mf,5,9,,1.0,,0,,0.808,0.805321,0.559739,0.268631,0.814,0.813186,0.543226,0.262576,0.031363,0.472501,0.530933,1,131,,,,,0.5,0.5013,0.41815,0.18501,0.5,1.79426,,,,,,1.1996,,4225688,9f9bb01aee1b,flip=0.1740
M4_mrf_mlp-4098117a24,sbm,M4_mrf_mlp,tuned_grid,mf,5,9,,1.0,,0,,0.172,0.059694,5.903032,1.577136,0.141,0.052237,5.946789,1.63736,0.817814,0.948361,0.986801,1,34,,,,,0.5,0.5013,0.41815,0.18501,0.5,1.79426,,,,,,0.2891,,4225688,9f9bb01aee1b,flip=0.8070
M4_mrf_gcn-4cec1b834b,sbm,M4_mrf_gcn,tuned_grid,mf,5,9,,2.0,,0,,0.798,0.79942,0.934925,0.344175,0.785,0.783431,0.922548,0.355857,0.135353,0.529405,0.542875,1,124,,,,,0.5,0.5013,0.41815,0.18501,0.5,1.79426,,,,,,1.1293,,4225688,9f9bb01aee1b,flip=0.2170
M4_mrf_mlp-64ea3a4461,sbm,M4_mrf_mlp,tuned_grid,mf,5,9,,2.0,,0,,0.166,0.044596,12.709497,1.664457,0.132,0.035044,12.914234,1.72764,0.863338,0.997609,0.999371,1,12,,,,,0.5,0.5013,0.41815,0.18501,0.5,1.79426,,,,,,0.0992,,4225688,9f9bb01aee1b,flip=0.8190
OF-118ba963c7,sbm,Oracle_F,oracle,closed_form,5,9,,,,,,0.72,,,,0.755,,,,,,,,,,,,,0.5,0.5013,0.41815,0.18501,0.5,1.79426,,,,,,,,4225688,9f9bb01aee1b,"feature-only Bayes rule, known generative parameters"
OG-aa6638c0ac,sbm,Oracle_G,oracle,mf,5,9,,1.79426,,,,0.914,0.913764,0.267175,0.125528,0.934,0.933766,0.202491,0.101758,0.019049,0.502028,0.510101,0,500,,,,,0.5,0.5013,0.41815,0.18501,0.5,1.79426,,,,,,,,4225688,9f9bb01aee1b,true Gaussian unaries + generator-implied coupling
M0_mlp-6b18ced465,sbm,M0_mlp,train,none,20,9,0.0,,,,50,0.586,0.586834,1.381692,0.600015,0.608,0.607258,1.326739,0.574669,0.163756,0.230492,0.25743,,,,,,,0.5,0.5013,0.41815,0.18501,0.5,1.79426,0.01,0.0005,64,0.5,0.394,,results/logits/M0_mlp-6b18ced465.npz,4225688,9f9bb01aee1b,
M1_gcn-0f9855820f,sbm,M1_gcn,train,none,20,9,0.0,,,,57,0.834,0.834168,0.684259,0.310119,0.854,0.85242,0.630548,0.283985,0.221386,0.328252,0.501122,,,,,,,0.5,0.5013,0.41815,0.18501,0.5,1.79426,0.005,0.001,64,0.5,2.138,,results/logits/M1_gcn-0f9855820f.npz,4225688,9f9bb01aee1b,
LP-16d9806d7d,sbm,LP,closed_form,label_prop,20,9,,,,,,0.454,0.439867,1.776324,0.798667,0.428,0.412185,1.827833,0.80821,0.224354,0.158756,0.430277,,,,,,,0.5,0.5013,0.41815,0.18501,0.5,1.79426,,,,,,,,4225688,9f9bb01aee1b,uses train labels as inference-time evidence
M2_lap-52de4dd995,sbm,M2_lap,train,none,20,9,0.001,,,,57,0.834,0.834168,0.684338,0.310154,0.854,0.85242,0.630635,0.284023,0.221448,0.328214,0.501122,,,,,,,0.5,0.5013,0.41815,0.18501,0.5,1.79426,0.005,0.001,64,0.5,2.541,,,4225688,9f9bb01aee1b,
M2_lap-5d1c97aa1c,sbm,M2_lap,train,none,20,9,0.01,,,,57,0.834,0.834168,0.685132,0.310505,0.854,0.85242,0.631465,0.284387,0.222036,0.327851,0.501122,,,,,,,0.5,0.5013,0.41815,0.18501,0.5,1.79426,0.005,0.001,64,0.5,2.465,,,4225688,9f9bb01aee1b,
M2_lap-295149d7bd,sbm,M2_lap,train,none,20,9,0.1,,,,57,0.834,0.834168,0.693365,0.314185,0.854,0.85246,0.640001,0.288145,0.22805,0.324138,0.501033,,,,,,,0.5,0.5013,0.41815,0.18501,0.5,1.79426,0.005,0.001,64,0.5,2.553,,,4225688,9f9bb01aee1b,
M2_lap-eab72b630d,sbm,M2_lap,train,none,20,9,0.5,,,,41,0.83,0.829853,0.981791,0.453329,0.84,0.83857,0.939945,0.433259,0.394889,0.223198,0.498788,,,,,,,0.5,0.5013,0.41815,0.18501,0.5,1.79426,0.005,0.001,64,0.5,2.119,,,4225688,9f9bb01aee1b,
M2_lap-631396a5b0,sbm,M2_lap,train,none,20,9,1.0,,,,36,0.826,0.825286,1.120655,0.523446,0.831,0.829553,1.08401,0.506867,0.453363,0.194009,0.496543,,,,,,,0.5,0.5013,0.41815,0.18501,0.5,1.79426,0.005,0.001,64,0.5,2.04,,,4225688,9f9bb01aee1b,
M2_lap-2d9a3be279,sbm,M2_lap,train,none,20,9,5.0,,,,40,0.82,0.819984,1.237841,0.581707,0.83,0.829142,1.209422,0.569414,0.502813,0.176558,0.493221,,,,,,,0.5,0.5013,0.41815,0.18501,0.5,1.79426,0.005,0.001,64,0.5,2.102,,,4225688,9f9bb01aee1b,
M4_mrf_gcn-f71b360db1,sbm,M4_mrf_gcn,tuned_grid,mf,20,9,,0.05,,0,,0.834,0.834168,0.659242,0.298454,0.857,0.855448,0.605757,0.272636,0.206722,0.341472,0.504534,1,4,,,,,0.5,0.5013,0.41815,0.18501,0.5,1.79426,,,,,,0.041,,4225688,9f9bb01aee1b,flip=0.0070
M4_mrf_mlp-36e0ead0d8,sbm,M4_mrf_mlp,tuned_grid,mf,20,9,,0.05,,0,,0.602,0.602275,1.344413,0.586745,0.615,0.614423,1.289465,0.562131,0.161088,0.237882,0.266589,1,4,,,,,0.5,0.5013,0.41815,0.18501,0.5,1.79426,,,,,,0.0371,,4225688,9f9bb01aee1b,flip=0.0120
M4_mrf_gcn-2cf4cd356f,sbm,M4_mrf_gcn,tuned_grid,mf,20,9,,0.1,,0,,0.838,0.83827,0.634817,0.287324,0.856,0.854266,0.581725,0.261899,0.187956,0.35483,0.506151,1,5,,,,,0.5,0.5013,0.41815,0.18501,0.5,1.79426,,,,,,0.0386,,4225688,9f9bb01aee1b,flip=0.0120
M4_mrf_mlp-182f36ae6e,sbm,M4_mrf_mlp,tuned_grid,mf,20,9,,0.1,,0,,0.608,0.607901,1.307227,0.573192,0.621,0.620362,1.252472,0.549463,0.15933,0.245557,0.274041,1,5,,,,,0.5,0.5013,0.41815,0.18501,0.5,1.79426,,,,,,0.0442,,4225688,9f9bb01aee1b,flip=0.0200
M4_mrf_gcn-6914958ddd,sbm,M4_mrf_gcn,tuned_grid,mf,20,9,,0.25,,0,,0.846,0.846822,0.568206,0.258305,0.861,0.85943,0.517161,0.234362,0.14126,0.393557,0.514232,1,7,,,,,0.5,0.5013,0.41815,0.18501,0.5,1.79426,,,,,,0.0559,,4225688,9f9bb01aee1b,flip=0.0320
M4_mrf_mlp-3f7c7b1120,sbm,M4_mrf_mlp,tuned_grid,mf,20,9,,0.25,,0,,0.638,0.638644,1.196473,0.531514,0.654,0.653298,1.143242,0.510631,0.140573,0.270221,0.298554,1,7,,,,,0.5,0.5013,0.41815,0.18501,0.5,1.79426,,,,,,0.0569,,4225688,9f9bb01aee1b,flip=0.0520
M4_mrf_gcn-af8219470d,sbm,M4_mrf_gcn,tuned_grid,mf,20,9,,0.5,,0,,0.858,0.85904,0.491233,0.22784,0.868,0.866349,0.445004,0.206428,0.076609,0.444862,0.520338,1,11,,,,,0.5,0.5013,0.41815,0.18501,0.5,1.79426,,,,,,0.186,,4225688,9f9bb01aee1b,flip=0.0540
M4_mrf_mlp-ed4bcdb2e3,sbm,M4_mrf_mlp,tuned_grid,mf,20,9,,0.5,,0,,0.698,0.697417,1.016324,0.461898,0.694,0.69377,0.969059,0.443723,0.126211,0.315483,0.347311,1,11,,,,,0.5,0.5013,0.41815,0.18501,0.5,1.79426,,,,,,0.0694,,4225688,9f9bb01aee1b,flip=0.1020
M4_mrf_gcn-af86d0c91a,sbm,M4_mrf_gcn,tuned_grid,mf,20,9,,1.0,,0,,0.866,0.86745,0.460115,0.219251,0.858,0.856558,0.424231,0.202038,0.022079,0.497591,0.530035,1,25,,,,,0.5,0.5013,0.41815,0.18501,0.5,1.79426,,,,,,0.1814,,4225688,9f9bb01aee1b,flip=0.0840
M4_mrf_mlp-44d885ffd4,sbm,M4_mrf_mlp,tuned_grid,mf,20,9,,1.0,,0,,0.776,0.775805,0.698633,0.329232,0.784,0.783008,0.671919,0.313669,0.088511,0.405105,0.427674,1,58,,,,,0.5,0.5013,0.41815,0.18501,0.5,1.79426,,,,,,0.5327,,4225688,9f9bb01aee1b,flip=0.2090
M4_mrf_gcn-42054080d9,sbm,M4_mrf_gcn,tuned_grid,mf,20,9,,2.0,,0,,0.838,0.84023,0.658178,0.268025,0.846,0.844135,0.623255,0.247864,0.091757,0.529159,0.539373,1,59,,,,,0.5,0.5013,0.41815,0.18501,0.5,1.79426,,,,,,0.5305,,4225688,9f9bb01aee1b,flip=0.1110
M4_mrf_mlp-2ec9cf409a,sbm,M4_mrf_mlp,tuned_grid,mf,20,9,,2.0,,0,,0.864,0.863131,0.492607,0.218559,0.859,0.85817,0.507118,0.218012,0.080688,0.489105,0.4978,1,47,,,,,0.5,0.5013,0.41815,0.18501,0.5,1.79426,,,,,,0.429,,4225688,9f9bb01aee1b,flip=0.3270
OF-f3238505a1,sbm,Oracle_F,oracle,closed_form,20,9,,,,,,0.732,,,,0.73,,,,,,,,,,,,,0.5,0.5013,0.41815,0.18501,0.5,1.79426,,,,,,,,4225688,9f9bb01aee1b,"feature-only Bayes rule, known generative parameters"
OG-3773ed03b3,sbm,Oracle_G,oracle,mf,20,9,,1.79426,,,,0.914,0.913311,0.250354,0.129256,0.922,0.920996,0.22741,0.114949,0.023908,0.502028,0.510101,0,500,,,,,0.5,0.5013,0.41815,0.18501,0.5,1.79426,,,,,,,,4225688,9f9bb01aee1b,true Gaussian unaries + generator-implied coupling
